23:50:31:763 [27364] | INFO  | Initializing crosire's ReShade version '6.8.0.2155' (64-bit) loaded from 'C:\Games\Cyberpunk 2077\bin\x64\dxgi.dll' into 'C:\Games\Cyberpunk 2077\bin\x64\Cyberpunk2077.exe' (0x491EA19E) ...
23:50:31:764 [27364] | INFO  | Registering hooks for 'user32.dll' ...
23:50:31:764 [27364] | INFO  | > Libraries loaded.
23:50:31:765 [27364] | INFO  | > Found 21 match(es). Installing ...
23:50:31:791 [27364] | INFO  | Registering hooks for 'C:\WINDOWS\system32\dinput.dll' ...
23:50:31:792 [27364] | INFO  | > Delayed.
23:50:31:792 [27364] | INFO  | Registering hooks for 'C:\WINDOWS\system32\dinput8.dll' ...
23:50:31:792 [27364] | INFO  | > Delayed.
23:50:31:792 [27364] | INFO  | Registering hooks for 'C:\WINDOWS\system32\d2d1.dll' ...
23:50:31:792 [27364] | INFO  | > Delayed.
23:50:31:792 [27364] | INFO  | Registering hooks for 'C:\WINDOWS\system32\d3d9.dll' ...
23:50:31:792 [27364] | INFO  | > Delayed.
23:50:31:792 [27364] | INFO  | Registering hooks for 'C:\WINDOWS\system32\d3d10.dll' ...
23:50:31:792 [27364] | INFO  | > Delayed.
23:50:31:792 [27364] | INFO  | Registering hooks for 'C:\WINDOWS\system32\d3d10_1.dll' ...
23:50:31:792 [27364] | INFO  | > Delayed.
23:50:31:792 [27364] | INFO  | Registering hooks for 'C:\WINDOWS\system32\d3d11.dll' ...
23:50:31:793 [27364] | INFO  | > Delayed.
23:50:31:793 [27364] | INFO  | Registering hooks for 'C:\WINDOWS\system32\d3d12.dll' ...
23:50:31:793 [27364] | INFO  | > Delayed.
23:50:31:793 [27364] | INFO  | Registering hooks for 'C:\WINDOWS\system32\dxgi.dll' ...
23:50:31:793 [27364] | INFO  | > Delayed until first call to an exported function.
23:50:31:793 [27364] | INFO  | Registering hooks for 'openvr_api.dll' ...
23:50:31:793 [27364] | INFO  | > Delayed.
23:50:31:793 [27364] | INFO  | Initialized.
23:50:32:309 [27364] | INFO  | Redirecting CreateDXGIFactory1(riid = {7B7166EC-21C7-44AE-B21A-C9AE321AE369}, ppFactory = 00000022219FEC18) ...
23:50:32:309 [27364] | INFO  | Installing export hooks for 'C:\WINDOWS\system32\dxgi.dll' ...
23:50:32:309 [27364] | INFO  | > Found 5 match(es). Installing ...
23:50:32:843 [27364] | INFO  | Installing delayed hooks for 'C:\WINDOWS\system32\d3d12.dll' (Just loaded via LoadLibrary('C:\WINDOWS\SYSTEM32\d3d12.dll')) ...
23:50:32:844 [27364] | INFO  | > Found 8 match(es). Installing ...
23:50:32:869 [27364] | INFO  | Redirecting CreateDXGIFactory1(riid = {7B7166EC-21C7-44AE-B21A-C9AE321AE369}, ppFactory = 00000022219FDE30) ...
23:50:33:823 [27364] | INFO  | Redirecting CreateDXGIFactory1(riid = {7B7166EC-21C7-44AE-B21A-C9AE321AE369}, ppFactory = 00000022219FDE30) ...
23:50:33:833 [27364] | INFO  | Redirecting CreateDXGIFactory1(riid = {7B7166EC-21C7-44AE-B21A-C9AE321AE369}, ppFactory = 00000022219FDE30) ...
23:50:33:904 [27364] | INFO  | Redirecting CreateDXGIFactory1(riid = {7B7166EC-21C7-44AE-B21A-C9AE321AE369}, ppFactory = 00000022219FDE30) ...
23:50:33:946 [27364] | INFO  | Redirecting CreateDXGIFactory1(riid = {7B7166EC-21C7-44AE-B21A-C9AE321AE369}, ppFactory = 00000022219FDE30) ...
23:50:33:954 [27364] | INFO  | Redirecting CreateDXGIFactory1(riid = {7B7166EC-21C7-44AE-B21A-C9AE321AE369}, ppFactory = 00000022219FDE30) ...
23:50:34:026 [27364] | INFO  | Redirecting CreateDXGIFactory2(Flags = 0, riid = {50C83A1C-E072-4C48-87B0-3630FA36A6D0}, ppFactory = 00000222E24BC4C0) ...
23:50:34:028 [27364] | INFO  | Redirecting D3D12CreateDevice(pAdapter = 0000022FA78E8210, MinimumFeatureLevel = b000, riid = {189819F1-1DB6-4B57-BE54-1821339B85F7}, ppDevice = 0000000000000000) ...
23:50:34:030 [27364] | INFO  | Redirecting CreateDXGIFactory2(Flags = 0x80000000, riid = {1BC6EA02-EF36-464F-BF0C-21CA39E5168A}, ppFactory = 00000022219FD1C8) ...
23:50:34:123 [27364] | INFO  | Redirecting D3D12CreateDevice(pAdapter = 0000020ED85EEF80, MinimumFeatureLevel = b000, riid = {189819F1-1DB6-4B57-BE54-1821339B85F7}, ppDevice = 0000000000000000) ...
23:50:34:124 [27364] | INFO  | Redirecting CreateDXGIFactory2(Flags = 0x80000000, riid = {1BC6EA02-EF36-464F-BF0C-21CA39E5168A}, ppFactory = 00000022219FD1C8) ...
23:50:34:214 [27364] | INFO  | Redirecting D3D12CreateDevice(pAdapter = 0000022FA78EA1F0, MinimumFeatureLevel = b000, riid = {189819F1-1DB6-4B57-BE54-1821339B85F7}, ppDevice = 0000000000000000) ...
23:50:34:214 [27364] | INFO  | Redirecting CreateDXGIFactory2(Flags = 0x80000000, riid = {1BC6EA02-EF36-464F-BF0C-21CA39E5168A}, ppFactory = 00000022219FD1C8) ...
23:50:34:219 [27364] | INFO  | Redirecting D3D12CreateDevice(pAdapter = 0000022FA78E8210, MinimumFeatureLevel = b000, riid = {189819F1-1DB6-4B57-BE54-1821339B85F7}, ppDevice = 00000022219FD8C0) ...
23:50:34:219 [27364] | INFO  | Searching for add-ons (*.addon, *.addon64) in 'C:\Games\Cyberpunk 2077\bin\x64' ...
23:50:34:220 [27364] | INFO  | Loading add-on from 'C:\Games\Cyberpunk 2077\bin\x64\nvngx.dll_mgpu_bridge.addon64' ...
23:50:34:221 [27364] | INFO  | Registered add-on "MGPU Bridge" v0.0.0.0 using ReShade API version 20.
23:50:34:222 [27364] | INFO  | [MGPU Bridge] [MGPU][T1] MGPU Bridge add-on registered - stock ReShade, add-on API version 20
23:50:34:222 [27364] | INFO  | [MGPU Bridge] [MGPU][P6.4] overlay panel registered - open the ReShade overlay (Home) over the BRIDGE window to get passes, the neural on/off and the intensity sliders. The CTRL+ALT+F8/F9/F11 hotkeys still work and drive the same values.
23:50:34:222 [27364] | INFO  | Redirecting CreateDXGIFactory2(Flags = 0x80000000, riid = {1BC6EA02-EF36-464F-BF0C-21CA39E5168A}, ppFactory = 00000022219FD1C8) ...
23:50:35:033 [27364] | INFO  | [MGPU Bridge] [MGPU][T2] init_device luid=0x00000000-0x00013FE8 captured as PROVISIONAL game luid (init_device is not trusted - a UE5 probe device is not the game's renderer; the swapchain-derived luid overrides it)
23:50:35:033 [27364] | INFO  | Redirecting CreateDXGIFactory2(Flags = 0, riid = {1BC6EA02-EF36-464F-BF0C-21CA39E5168A}, ppFactory = 00000022219FD108) ...
23:50:35:034 [27364] | INFO  | [MGPU Bridge] [MGPU][T2] adapter[0] luid=0x00000000-0x00013FE8 flags=0x0 vendor=0x10DE device=0x2D04 dedicated_vram=16050MB outputs=2 desc="NVIDIA GeForce RTX 5060 Ti"
23:50:35:034 [27364] | INFO  | [MGPU Bridge] [MGPU][T2] adapter[0] vmem(local) budget=15282MB current_usage=10MB avail_reservation=7769MB current_reservation=0MB (diagnostic only - this process's usage on this adapter)
23:50:35:034 [27364] | INFO  | [MGPU Bridge] [MGPU][T2] adapter[1] luid=0x00000000-0x00015621 flags=0x0 vendor=0x10DE device=0x2D04 dedicated_vram=16050MB outputs=0 desc="NVIDIA GeForce RTX 5060 Ti"
23:50:35:034 [27364] | INFO  | [MGPU Bridge] [MGPU][T2] adapter[1] vmem(local) budget=15282MB current_usage=0MB avail_reservation=7769MB current_reservation=0MB (diagnostic only - this process's usage on this adapter)
23:50:35:034 [27364] | INFO  | [MGPU Bridge] [MGPU][T2] adapter[2] luid=0x00000000-0x000155EE flags=0x2 vendor=0x1414 device=0x008C dedicated_vram=0MB outputs=0 desc="Microsoft Basic Render Driver"
23:50:35:034 [27364] | INFO  | [MGPU Bridge] [MGPU][T2] adapter[2] vmem(local) budget=15114MB current_usage=0MB avail_reservation=7685MB current_reservation=0MB (diagnostic only - this process's usage on this adapter)
23:50:35:035 [27364] | INFO  | Redirecting CreateDXGIFactory1(riid = {7B7166EC-21C7-44AE-B21A-C9AE321AE369}, ppFactory = 00000022219FD5B0) ...
23:50:35:134 [27364] | INFO  | Redirecting ID3D12Device::CreateCommandQueue(this = 0000022FA75ABA50, pDesc = 00000022219FD900, riid = {0EC870A6-5D7E-4C22-8CFC-5BAAE07616ED}, ppCommandQueue = 00000222E24BC4D0) ...
23:50:35:134 [27364] | INFO  | > Dumping command queue description:
23:50:35:134 [27364] | INFO  |   +-----------------------------------------+-----------------------------------------+
23:50:35:134 [27364] | INFO  |   | Parameter                               | Value                                   |
23:50:35:134 [27364] | INFO  |   +-----------------------------------------+-----------------------------------------+
23:50:35:134 [27364] | INFO  |   | Type                                    | 0                                       |
23:50:35:134 [27364] | INFO  |   | Priority                                | 0                                       |
23:50:35:134 [27364] | INFO  |   | Flags                                   | 0                                       |
23:50:35:134 [27364] | INFO  |   | NodeMask                                | 0                                       |
23:50:35:135 [27364] | INFO  |   +-----------------------------------------+-----------------------------------------+
23:50:35:175 [27364] | INFO  | Redirecting ID3D12Device::CreateCommandQueue(this = 0000022FA75ABA50, pDesc = 00000022219FD900, riid = {0EC870A6-5D7E-4C22-8CFC-5BAAE07616ED}, ppCommandQueue = 00000222E24BC4D8) ...
23:50:35:175 [27364] | INFO  | > Dumping command queue description:
23:50:35:175 [27364] | INFO  |   +-----------------------------------------+-----------------------------------------+
23:50:35:175 [27364] | INFO  |   | Parameter                               | Value                                   |
23:50:35:175 [27364] | INFO  |   +-----------------------------------------+-----------------------------------------+
23:50:35:175 [27364] | INFO  |   | Type                                    | 2                                       |
23:50:35:175 [27364] | INFO  |   | Priority                                | 0                                       |
23:50:35:175 [27364] | INFO  |   | Flags                                   | 0                                       |
23:50:35:175 [27364] | INFO  |   | NodeMask                                | 0                                       |
23:50:35:175 [27364] | INFO  |   +-----------------------------------------+-----------------------------------------+
23:50:35:186 [27364] | INFO  | Redirecting ID3D12Device::CreateCommandQueue(this = 0000022FA75ABA50, pDesc = 00000022219FD900, riid = {0EC870A6-5D7E-4C22-8CFC-5BAAE07616ED}, ppCommandQueue = 00000222E24BC630) ...
23:50:35:186 [27364] | INFO  | > Dumping command queue description:
23:50:35:187 [27364] | INFO  |   +-----------------------------------------+-----------------------------------------+
23:50:35:187 [27364] | INFO  |   | Parameter                               | Value                                   |
23:50:35:187 [27364] | INFO  |   +-----------------------------------------+-----------------------------------------+
23:50:35:187 [27364] | INFO  |   | Type                                    | 3                                       |
23:50:35:187 [27364] | INFO  |   | Priority                                | 0                                       |
23:50:35:187 [27364] | INFO  |   | Flags                                   | 0                                       |
23:50:35:187 [27364] | INFO  |   | NodeMask                                | 0                                       |
23:50:35:187 [27364] | INFO  |   +-----------------------------------------+-----------------------------------------+
23:50:36:604 [27364] | INFO  | Redirecting ID3D12Device::CreateCommandQueue(this = 0000022FA75ABA50, pDesc = 00000022219FEB88, riid = {0EC870A6-5D7E-4C22-8CFC-5BAAE07616ED}, ppCommandQueue = 0000022FA73CD390) ...
23:50:36:604 [27364] | INFO  | > Dumping command queue description:
23:50:36:604 [27364] | INFO  |   +-----------------------------------------+-----------------------------------------+
23:50:36:604 [27364] | INFO  |   | Parameter                               | Value                                   |
23:50:36:605 [27364] | INFO  |   +-----------------------------------------+-----------------------------------------+
23:50:36:605 [27364] | INFO  |   | Type                                    | 0                                       |
23:50:36:605 [27364] | INFO  |   | Priority                                | 0                                       |
23:50:36:605 [27364] | INFO  |   | Flags                                   | 0                                       |
23:50:36:605 [27364] | INFO  |   | NodeMask                                | 0                                       |
23:50:36:605 [27364] | INFO  |   +-----------------------------------------+-----------------------------------------+
23:50:36:630 [27364] | INFO  | Redirecting CreateDXGIFactory1(riid = {1BC6EA02-EF36-464F-BF0C-21CA39E5168A}, ppFactory = 00000022219FE428) ...
23:50:36:631 [27364] | INFO  | Redirecting CreateDXGIFactory1(riid = {1BC6EA02-EF36-464F-BF0C-21CA39E5168A}, ppFactory = 00000022219FE6D8) ...
23:50:36:631 [27364] | INFO  | Redirecting CreateDXGIFactory1(riid = {1BC6EA02-EF36-464F-BF0C-21CA39E5168A}, ppFactory = 00000022219FE5B8) ...
23:50:36:634 [27364] | INFO  | Redirecting CreateDXGIFactory1(riid = {1BC6EA02-EF36-464F-BF0C-21CA39E5168A}, ppFactory = 00000022219FE958) ...
23:50:36:634 [27364] | INFO  | Redirecting CreateDXGIFactory1(riid = {1BC6EA02-EF36-464F-BF0C-21CA39E5168A}, ppFactory = 00000022219FE958) ...
23:50:36:635 [27364] | INFO  | Redirecting CreateDXGIFactory1(riid = {1BC6EA02-EF36-464F-BF0C-21CA39E5168A}, ppFactory = 00000022219FE928) ...
23:50:36:635 [27364] | INFO  | Redirecting CreateDXGIFactory1(riid = {1BC6EA02-EF36-464F-BF0C-21CA39E5168A}, ppFactory = 00000022219FE928) ...
23:50:36:636 [27364] | INFO  | Redirecting ID3D12Device::CreateCommandQueue(this = 0000022FA75ABA50, pDesc = 00000022219FEB58, riid = {0EC870A6-5D7E-4C22-8CFC-5BAAE07616ED}, ppCommandQueue = 0000022FA73CC310) ...
23:50:36:637 [27364] | INFO  | > Dumping command queue description:
23:50:36:637 [27364] | INFO  |   +-----------------------------------------+-----------------------------------------+
23:50:36:637 [27364] | INFO  |   | Parameter                               | Value                                   |
23:50:36:637 [27364] | INFO  |   +-----------------------------------------+-----------------------------------------+
23:50:36:637 [27364] | INFO  |   | Type                                    | 0                                       |
23:50:36:637 [27364] | INFO  |   | Priority                                | 0                                       |
23:50:36:637 [27364] | INFO  |   | Flags                                   | 0                                       |
23:50:36:637 [27364] | INFO  |   | NodeMask                                | 0                                       |
23:50:36:637 [27364] | INFO  |   +-----------------------------------------+-----------------------------------------+
23:50:36:659 [27364] | INFO  | Redirecting CreateDXGIFactory1(riid = {1BC6EA02-EF36-464F-BF0C-21CA39E5168A}, ppFactory = 00000022219FE3F8) ...
23:50:36:660 [27364] | INFO  | Redirecting CreateDXGIFactory1(riid = {1BC6EA02-EF36-464F-BF0C-21CA39E5168A}, ppFactory = 00000022219FE6A8) ...
23:50:36:661 [27364] | INFO  | Redirecting CreateDXGIFactory1(riid = {1BC6EA02-EF36-464F-BF0C-21CA39E5168A}, ppFactory = 00000022219FE7C8) ...
23:50:36:675 [27364] | INFO  | Redirecting CreateDXGIFactory1(riid = {7B7166EC-21C7-44AE-B21A-C9AE321AE369}, ppFactory = 00000022219FEF58) ...
23:50:37:031 [27364] | INFO  | Redirecting CreateDXGIFactory1(riid = {7B7166EC-21C7-44AE-B21A-C9AE321AE369}, ppFactory = 00000022219FECB8) ...
23:50:37:031 [27364] | INFO  | Redirecting CreateDXGIFactory1(riid = {7B7166EC-21C7-44AE-B21A-C9AE321AE369}, ppFactory = 00000022219FEB00) ...
23:50:37:032 [27364] | INFO  | Redirecting CreateDXGIFactory1(riid = {7B7166EC-21C7-44AE-B21A-C9AE321AE369}, ppFactory = 00000022219FEB00) ...
23:50:37:034 [27364] | INFO  | Redirecting RegisterClassExW(lpWndClassEx = 00000022219FEAA0 { "W2ViewportClass", style = 0xb }) ...
23:50:37:337 [27364] | INFO  | Redirecting IDXGIFactory2::CreateSwapChainForHwnd(this = 0000022FA6B55500, pDevice = 0000020ED6F4F5C0, hWnd = 00000000000F06DA, pDesc = 00000022219FE990, pFullscreenDesc = 00000022219FEA28, pRestrictToOutput = 0000000000000000, ppSwapChain = ) ...
23:50:37:338 [27364] | INFO  | > Dumping swap chain description:
23:50:37:338 [27364] | INFO  |   +-----------------------------------------+-----------------------------------------+
23:50:37:338 [27364] | INFO  |   | Parameter                               | Value                                   |
23:50:37:338 [27364] | INFO  |   +-----------------------------------------+-----------------------------------------+
23:50:37:338 [27364] | INFO  |   | Width                                   | 3840                                    |
23:50:37:338 [27364] | INFO  |   | Height                                  | 2160                                    |
23:50:37:338 [27364] | INFO  |   | RefreshRate                             | 0                   0                   |
23:50:37:338 [27364] | INFO  |   | Format                                  | DXGI_FORMAT_R8G8B8A8_UNORM              |
23:50:37:338 [27364] | INFO  |   | Stereo                                  | FALSE                                   |
23:50:37:338 [27364] | INFO  |   | ScanlineOrdering                        | 0                                       |
23:50:37:339 [27364] | INFO  |   | Scaling                                 | 0                                       |
23:50:37:339 [27364] | INFO  |   | SampleCount                             | 1                                       |
23:50:37:339 [27364] | INFO  |   | SampleQuality                           | 0                                       |
23:50:37:339 [27364] | INFO  |   | BufferUsage                             | 0x20                                    |
23:50:37:339 [27364] | INFO  |   | BufferCount                             | 3                                       |
23:50:37:339 [27364] | INFO  |   | Windowed                                | TRUE                                    |
23:50:37:339 [27364] | INFO  |   | SwapEffect                              | 4                                       |
23:50:37:339 [27364] | INFO  |   | AlphaMode                               | 0                                       |
23:50:37:339 [27364] | INFO  |   | Flags                                   | 0x840                                   |
23:50:37:339 [27364] | INFO  |   +-----------------------------------------+-----------------------------------------+
23:50:37:341 [27364] | INFO  | Installing delayed hooks for 'C:\WINDOWS\system32\d3d11.dll' (Just loaded via LoadLibrary('C:\WINDOWS\SYSTEM32\d3d11.dll')) ...
23:50:37:341 [27364] | INFO  | > Found 3 match(es). Installing ...
23:50:37:594 [27364] | INFO  | Redirecting CreateDXGIFactory2(Flags = 0, riid = {1BC6EA02-EF36-464F-BF0C-21CA39E5168A}, ppFactory = 00000022219FE120) ...
23:50:37:595 [27364] | INFO  | Redirecting CreateDXGIFactory2(Flags = 0, riid = {1BC6EA02-EF36-464F-BF0C-21CA39E5168A}, ppFactory = 00000022219FE120) ...
23:50:37:595 [27364] | INFO  | Redirecting CreateDXGIFactory2(Flags = 0, riid = {1BC6EA02-EF36-464F-BF0C-21CA39E5168A}, ppFactory = 00000022219FE120) ...
23:50:37:596 [27364] | INFO  | Redirecting CreateDXGIFactory2(Flags = 0, riid = {1BC6EA02-EF36-464F-BF0C-21CA39E5168A}, ppFactory = 00000022219FE120) ...
23:50:37:597 [27364] | INFO  | Running on NVIDIA GeForce RTX 5060 Ti Driver 616.64.
23:50:37:831 [27364] | INFO  | [MGPU Bridge] [MGPU][T3] bridge thread spawned (thread id 0x1D98)
23:50:37:831 [27364] | INFO  | [MGPU Bridge] [MGPU][T2] init_swapchain: swapchain-derived game luid=0x00000000-0x00013FE8 established (the device CreateSwapChainForHwnd was called on) - overrides the provisional init_device value
23:50:37:832 [27364] | INFO  | [MGPU Bridge] [MGPU][T2] adapter[2] rejected as software (flags=0x2 vendor=0x1414) - enumerated and logged, never selectable
23:50:37:832 [27364] | INFO  | [MGPU Bridge] [MGPU][T2] SELECTED adapter[1] luid=0x00000000-0x00015621 desc="NVIDIA GeForce RTX 5060 Ti" outputs=0 rule="exclusion (luid != swapchain game luid) + software filter" | game luid=0x00000000-0x00013FE8 (source: swapchain)
23:50:37:832 [27364] | INFO  | [MGPU Bridge] [MGPU][P9.1] SIZE BAND set from the GAME swapchain: 3840x2160 (was 0x0). Candidates are accepted between 20% and 105% of that area, so at this setting a 3840x2160 scene depth is inside the band by construction. If a lateral reports zero for a whole run, check this line first.
23:50:37:833 [27364] | INFO  | [MGPU Bridge] [MGPU][P9.1] PROBE CODE IS PRESENT IN THIS BUILD, probe P14.2 (R98: a UNIFORM FRACTION of the scene, and the largest one wins); MetaProbe = off. This line is printed even when the answer is off, so that a log with no other P9.1 line means the probe was OFF rather than ABSENT - those were indistinguishable once and cost a run. The key is MetaProbe, NOT Probes: Probes is the older P1.3 one-shot probe chain and reads only the literal 1. OFF MEANS UNREGISTERED, not a callback that returns early: with the probe off ReShade installs no interception on our account and the add-on is byte-identical to a build without this file. The depth lane subscribes to OMSetRenderTargets and ClearDepthStencilVie
23:50:37:833 [ 7576] | INFO  | [MGPU Bridge] [MGPU][T3] bridge thread started - owns all GPU 1 objects (window + message pump arrive with T4)
23:50:37:834 [ 7576] | INFO  | [MGPU Bridge] [MGPU][T3] D3D12CreateDevice begin: selected luid=0x00000000-0x00015621 desc="NVIDIA GeForce RTX 5060 Ti" (game luid=known, see [MGPU][T2] final line)
23:50:37:834 [ 7576] | INFO  | Redirecting D3D12CreateDevice(pAdapter = 0000022FA83396E0, MinimumFeatureLevel = b000, riid = {189819F1-1DB6-4B57-BE54-1821339B85F7}, ppDevice = 000000222A70EF98) ...
23:50:37:834 [ 7576] | INFO  | Redirecting CreateDXGIFactory2(Flags = 0x80000000, riid = {1BC6EA02-EF36-464F-BF0C-21CA39E5168A}, ppFactory = 000000222A70E928) ...
23:50:37:884 [ 7576] | INFO  | [MGPU Bridge] [MGPU][T3] init_device (subsequent) luid=0x00000000-0x00015621
23:50:37:885 [ 7576] | INFO  | [MGPU Bridge] [MGPU][T3] CrossAdapterRowMajorTextureSupported hr=0x00000000 supported=0 (record only)
23:50:37:885 [ 7576] | INFO  | [MGPU Bridge] [MGPU][T3] D3D12CreateDevice hr=0x00000000 luid=0x00000000-0x00015621 - device live on the second adapter; game rendering unaffected
23:50:37:885 [ 7576] | INFO  | [MGPU Bridge] [MGPU][P7.2] mgpu.ini read from beside the add-on: "C:\Games\Cyberpunk 2077\bin\x64\mgpu.ini". This is the file whose values appear on the arm line.
23:50:37:885 [ 7576] | INFO  | [MGPU Bridge] [MGPU][P7.10] window placement - auto, from the DESKTOP monitor list because the bridge adapter reported no outputs of its own: the first non-primary monitor - monitor 0 of 2, rect (-3200,-218)-(0,1582). CHECK THIS ONE: it is placed away from the primary display, not proven to be on the second card, because DXGI would not say. Set Monitor=<n> if it p
23:50:37:886 [ 7576] | INFO  | [MGPU Bridge] [MGPU][T4] display topology: 2 active path(s) -> extended or single
23:50:37:889 [ 7576] | INFO  | [MGPU Bridge] [MGPU][T4] window created: class="MGPU_Bridge_Wnd_00007FFDC9040000" hwnd=0x00000000000307C0 client=1280x720 (0,0,1280,720) thread id 0x1D98 (client area is the T4-fixed 1280x720)
23:50:37:893 [ 7576] | INFO  | [MGPU Bridge] [MGPU][P7.5] seam hotkeys: CTRL+ALT+LEFT/RIGHT move the split seam = OK/OK | add SHIFT for a coarse step = OK/OK. They repeat when held and need NO overlay open, so the seam can be dragged across a face while the game is the only thing on screen - which is the point of having them at all.
23:50:37:893 [ 7576] | INFO  | [MGPU Bridge] [MGPU][P7.4] view hotkey: CTRL+ALT+F7 cycles output -> input -> split = OK. Split shows the frame handed TO the model on the left and what it produced on the right, THE SAME FRAME, so the two halves cannot disagree about time, camera or lighting. The neural stage is unchanged in all three.
23:50:37:893 [ 7576] | INFO  | [MGPU Bridge] [MGPU][P6.3] intensity hotkeys: CTRL+ALT+F8 cycle target (all/p1/p2/...) = OK | CTRL+ALT+F9 down = OK | CTRL+ALT+F11 up = OK. Steps of 0.05, clamped 0.00-2.00, live from the next frame - NGX parameters are set per evaluate, so no re-arm and no relaunch. DOWN and UP repeat when held; the target key does not.
23:50:37:893 [ 7576] | INFO  | [MGPU Bridge] [MGPU][P1.3g] hotkey registered: CTRL+ALT+F10 runs the transit probe on demand, from any foreground window. Press it once the game has settled - in gameplay, not the menu - and again with a different window focused; each run labels itself and records which window held the foreground.
23:50:37:893 [ 7576] | INFO  | Redirecting ID3D12Device::CreateCommandQueue(this = 000002307E767560, pDesc = 000000222A70EF30, riid = {0EC870A6-5D7E-4C22-8CFC-5BAAE07616ED}, ppCommandQueue = 000000222A70EEA0) ...
23:50:37:893 [ 7576] | INFO  | > Dumping command queue description:
23:50:37:894 [ 7576] | INFO  |   +-----------------------------------------+-----------------------------------------+
23:50:37:894 [ 7576] | INFO  |   | Parameter                               | Value                                   |
23:50:37:894 [ 7576] | INFO  |   +-----------------------------------------+-----------------------------------------+
23:50:37:894 [ 7576] | INFO  |   | Type                                    | 0                                       |
23:50:37:894 [ 7576] | INFO  |   | Priority                                | 0                                       |
23:50:37:894 [ 7576] | INFO  |   | Flags                                   | 0                                       |
23:50:37:895 [ 7576] | INFO  |   | NodeMask                                | 0                                       |
23:50:37:895 [ 7576] | INFO  |   +-----------------------------------------+-----------------------------------------+
23:50:37:934 [27364] | INFO  | [MGPU Bridge] [MGPU][R101] CALIBRATOR INSTALLED mode=2 | 57 import slot(s) patched across 174 module(s). This is a POINTER SWAP, not a code patch - no instruction anywhere in this process was modified, and Calib=0 puts every slot back. Our own module is skipped so the bridge's own DLSS-NR evaluates are never mistaken for the game's.
23:50:37:941 [27364] | INFO  | Recreated runtime environment on runtime 00000232BC941D10 ('C:\Games\Cyberpunk 2077\bin\x64\ReShade.ini').
23:50:37:941 [ 7576] | INFO  | Redirecting CreateDXGIFactory2(Flags = 0, riid = {50C83A1C-E072-4C48-87B0-3630FA36A6D0}, ppFactory = 000000222A70EE90) ...
23:50:37:941 [27364] | INFO  | Redirecting IDXGISwapChain::SetFullscreenState(this = 00000232BC93FD50, Fullscreen = FALSE, pTarget = 0000000000000000) ...
23:50:37:941 [ 7576] | INFO  | Redirecting IDXGIFactory2::CreateSwapChainForHwnd(this = 00000232BCC6CBD0, pDevice = 0000023287EB83A0, hWnd = 00000000000307C0, pDesc = 000000222A70EF50, pFullscreenDesc = 0000000000000000, pRestrictToOutput = 0000000000000000, ppSwapChain = ) ...
23:50:37:941 [ 7576] | INFO  | > Dumping swap chain description:
23:50:37:941 [ 7576] | INFO  |   +-----------------------------------------+-----------------------------------------+
23:50:37:941 [ 7576] | INFO  |   | Parameter                               | Value                                   |
23:50:37:942 [27364] | INFO  | Redirecting IDXGISwapChain::SetFullscreenState(this = 00000232BC93FD50, Fullscreen = FALSE, pTarget = 0000000000000000) ...
23:50:37:942 [ 7576] | INFO  |   +-----------------------------------------+-----------------------------------------+
23:50:37:942 [27364] | INFO  | Redirecting IDXGISwapChain::ResizeBuffers(this = 00000232BC93FD50, BufferCount = 3, Width = 3840, Height = 2160, NewFormat = 28, SwapChainFlags = 0x840) ...
23:50:37:942 [ 7576] | INFO  |   | Width                                   | 1280                                    |
23:50:37:942 [ 7576] | INFO  |   | Height                                  | 720                                     |
23:50:37:942 [ 7576] | INFO  |   | RefreshRate                             | 0                   0                   |
23:50:37:943 [ 7576] | INFO  |   | Format                                  | DXGI_FORMAT_R10G10B10A2_UNORM           |
23:50:37:943 [ 7576] | INFO  |   | Stereo                                  | FALSE                                   |
23:50:37:943 [ 7576] | INFO  |   | ScanlineOrdering                        | 0                                       |
23:50:37:943 [ 7576] | INFO  |   | Scaling                                 | 0                                       |
23:50:37:943 [ 7576] | INFO  |   | SampleCount                             | 1                                       |
23:50:37:943 [ 7576] | INFO  |   | SampleQuality                           | 0                                       |
23:50:37:943 [ 7576] | INFO  |   | BufferUsage                             | 0x20                                    |
23:50:37:943 [ 7576] | INFO  |   | BufferCount                             | 2                                       |
23:50:37:944 [ 7576] | INFO  |   | Windowed                                | TRUE                                    |
23:50:37:944 [ 7576] | INFO  |   | SwapEffect                              | 4                                       |
23:50:37:944 [ 7576] | INFO  |   | AlphaMode                               | 0                                       |
23:50:37:944 [ 7576] | INFO  |   | Flags                                   | 0                                       |
23:50:37:944 [ 7576] | INFO  |   +-----------------------------------------+-----------------------------------------+
23:50:37:946 [27364] | INFO  | Destroyed runtime environment on runtime 00000232BC941D10 ('C:\Games\Cyberpunk 2077\bin\x64\ReShade.ini').
23:50:37:999 [27364] | INFO  | [MGPU Bridge] [MGPU][T2] init_swapchain (resize) luid=0x00000000-0x00013FE8 - swapchain-derived game luid 0x00000000-0x00013FE8 already established; not re-selecting
23:50:38:004 [ 7576] | INFO  | Redirecting CreateDXGIFactory2(Flags = 0, riid = {1BC6EA02-EF36-464F-BF0C-21CA39E5168A}, ppFactory = 000000222A70E750) ...
23:50:38:004 [27364] | INFO  | Recreated runtime environment on runtime 00000232BC941D10 ('C:\Games\Cyberpunk 2077\bin\x64\ReShade.ini').
23:50:38:004 [27364] | INFO  | Redirecting IDXGISwapChain3::SetColorSpace1(ColorSpace = 0) ...
23:50:38:004 [ 7576] | INFO  | Redirecting CreateDXGIFactory2(Flags = 0, riid = {1BC6EA02-EF36-464F-BF0C-21CA39E5168A}, ppFactory = 000000222A70E750) ...
23:50:38:007 [ 7576] | INFO  | Redirecting CreateDXGIFactory2(Flags = 0, riid = {1BC6EA02-EF36-464F-BF0C-21CA39E5168A}, ppFactory = 000000222A70E750) ...
23:50:38:008 [27364] | INFO  | Redirecting CreateDXGIFactory1(riid = {7B7166EC-21C7-44AE-B21A-C9AE321AE369}, ppFactory = 00000022219FEB30) ...
23:50:38:008 [ 7576] | INFO  | Redirecting CreateDXGIFactory2(Flags = 0, riid = {1BC6EA02-EF36-464F-BF0C-21CA39E5168A}, ppFactory = 000000222A70E750) ...
23:50:38:009 [ 7576] | INFO  | Running on NVIDIA GeForce RTX 5060 Ti Driver 616.64.
23:50:38:010 [27364] | INFO  | Redirecting CreateDXGIFactory1(riid = {7B7166EC-21C7-44AE-B21A-C9AE321AE369}, ppFactory = 00000022219FEB30) ...
23:50:38:010 [ 7576] | INFO  | [MGPU Bridge] [MGPU][T2] init_swapchain luid=0x00000000-0x00015621 - swapchain-derived game luid 0x00000000-0x00013FE8 already established; not re-selecting
23:50:38:021 [ 7576] | INFO  | Recreated runtime environment on runtime 00000232CD67E380 ('C:\Games\Cyberpunk 2077\bin\x64\ReShade2.ini').
23:50:38:022 [ 7576] | INFO  | [MGPU Bridge] [MGPU][T5] present chain created: format=DXGI_FORMAT_R10G10B10A2_UNORM buffers=2 swapeffect=FLIP_DISCARD queue=DIRECT client=1280x720 CreateSwapChainForHwnd hr=0x00000000 hwnd=0x00000000000307C0 (vsync present, non-resizable window - no ResizeBuffers at P0)
23:50:38:024 [27364] | INFO  | Redirecting IDXGISwapChain::SetFullscreenState(this = 00000232BC93FD50, Fullscreen = FALSE, pTarget = 0000000000000000) ...
23:50:38:024 [27364] | INFO  | Redirecting IDXGISwapChain::ResizeBuffers(this = 00000232BC93FD50, BufferCount = 3, Width = 3840, Height = 2160, NewFormat = 28, SwapChainFlags = 0x840) ...
23:50:38:028 [27364] | INFO  | Destroyed runtime environment on runtime 00000232BC941D10 ('C:\Games\Cyberpunk 2077\bin\x64\ReShade.ini').
23:50:38:037 [ 7576] | INFO  | [MGPU Bridge] [MGPU][P1.0c] ngx modules: _nvngx.dll=0x00007FFDD9300000 (already resident) nvngx_dlssnr.dll=0x00007FFD8C540000 (PRIVATE INSTANCE from mgpu\ - nothing else in this process has it) path=C:\Games\Cyberpunk 2077\bin\x64\mgpu\nvngx_dlssnr.dll
23:50:38:038 [ 7576] | INFO  | [MGPU Bridge] [MGPU][P1.0c] no copy of nvngx_dlssnr.dll beside the executable - the title cannot load it, so this add-on holds the only instance and NGX binds to the adapter WE pass. This is the correct layout.
23:50:38:038 [ 7576] | INFO  | [MGPU Bridge] [MGPU][P1.0c] ngx exports: Init=core+snippet(used:core) Init_Ext=core+snippet(used:core) GetCapabilityParameters=core+-(used:core) DestroyParameters=core+-(used:core) Shutdown1=core+snippet(used:core) CreateFeature=core+snippet(used:snippet) ReleaseFeature=core+snippet(used:snippet) EvaluateFeature=core+snippet(used:snippet)
23:50:38:038 [ 7576] | INFO  | [MGPU Bridge] [MGPU][P1.0c] snippet-only exports: Init=yes Init_Ext=yes Init_Ext2=no PopulateParameters_Impl=yes
23:50:38:039 [ 7576] | INFO  | [MGPU Bridge] [MGPU][P1.0c] Init: result=0xBAD0000C (FAIL_OutOfDate) device=0x000002307E767560 luid=00000000-00015621 app_id=0 sdk_version=0x00000015 log_callback=installed(VERBOSE) data_path="C:\Games\Cyberpunk 2077\bin\x64\"
23:50:38:039 [ 7576] | WARN  | [MGPU Bridge] [MGPU][P1.0c] FAIL_OutOfDate at init is an ENVIRONMENT fault, not a defect in this add-on - the same call succeeded repeatedly on this rig with this binary. Confirm in nvngx.log: its first line will be "NGXInitValidateSnippets: installed NGX API is older than the one used by client application" with NO telemetry blocks after it. FIX, reproduced on the rig 2026-09-03: OPEN THE NVIDIA APP, then relaunch the game. Every earlier clearing event was an instance of this - an app update, a reboot, a settings change - each of which restarted or refreshed that app. Relaunching the game ALONE does not reliably clear it. The OTA model store is NOT the cause and is exonerated: failing runs still parse C:\ProgramData\NVIDIA\NGX\models and MapProjectId succeeds in them. THIS RUN ANSWERS NOTHING ABOUT NGX and no NGX result from it may be recorded - but it does NOT void probes that never touch NGX. P1.3 builds its own devices and produced a valid cross-adapter transit result on a launch that failed here. Void the NGX portion, not the launch.
23:50:38:039 [ 7576] | INFO  | [MGPU Bridge] [MGPU][P1.0c] teardown: complete - D3D12 objects released, NGX session intentionally retained
23:50:38:039 [ 7576] | WARN  | [MGPU Bridge] [MGPU][P1.0c] PROBE FAILED at Init - see the result code above. Bridge continues.
23:50:38:040 [ 7576] | INFO  | [MGPU Bridge] [MGPU][P1.3] ===== RUN "startup" ===== foreground hwnd=0x00000000000F06DA owner=this process class="W2ViewportClass" uptime=15360921 ms. A "startup" run is contaminated by construction (menu, shaders compiling) and its timings are an upper bound only. A manual run is quieter but is STILL not a performance figure: no shared fence, no pipelining, CPU-serialised round trip. What manual runs buy is repetition and a controlled foreground - n>1 in one launch, and a named focus condition per sample.
23:50:38:040 [ 7576] | INFO  | [MGPU Bridge] [MGPU][P1.3] no debug layer (see comment above transit_drain_info_queue) - the split per-call HRESULTs below are the instrument.
23:50:38:040 [ 7576] | INFO  | Redirecting CreateDXGIFactory2(Flags = 0, riid = {50C83A1C-E072-4C48-87B0-3630FA36A6D0}, ppFactory = 000000222A70E068) ...
23:50:38:041 [ 7576] | INFO  | Redirecting D3D12CreateDevice(pAdapter = 00000232CD9F7830, MinimumFeatureLevel = b000, riid = {189819F1-1DB6-4B57-BE54-1821339B85F7}, ppDevice = 000000222A70E2F0) ...
23:50:38:041 [ 7576] | INFO  | Redirecting CreateDXGIFactory2(Flags = 0x80000000, riid = {1BC6EA02-EF36-464F-BF0C-21CA39E5168A}, ppFactory = 000000222A70DA18) ...
23:50:38:041 [ 7576] | INFO  | Redirecting CreateDXGIFactory2(Flags = 0, riid = {50C83A1C-E072-4C48-87B0-3630FA36A6D0}, ppFactory = 000000222A70E068) ...
23:50:38:042 [ 7576] | INFO  | Redirecting D3D12CreateDevice(pAdapter = 00000232CD9F8220, MinimumFeatureLevel = b000, riid = {189819F1-1DB6-4B57-BE54-1821339B85F7}, ppDevice = 000000222A70E360) ...
23:50:38:042 [ 7576] | INFO  | Redirecting CreateDXGIFactory2(Flags = 0x80000000, riid = {1BC6EA02-EF36-464F-BF0C-21CA39E5168A}, ppFactory = 000000222A70DA18) ...
23:50:38:042 [ 7576] | INFO  | [MGPU Bridge] [MGPU][P1.3] own devices: gpu0(game adapter) hr=0x00000000 luid=00000000-00013FE8 | gpu1 hr=0x00000000 luid=00000000-00015621 (the game's own device is NOT touched)
23:50:38:043 [ 7576] | INFO  | Redirecting ID3D12Device::CreateCommandQueue(this = 0000022FA75ABA50, pDesc = 000000222A70E190, riid = {0EC870A6-5D7E-4C22-8CFC-5BAAE07616ED}, ppCommandQueue = 000000222A70E2F8) ...
23:50:38:043 [ 7576] | INFO  | > Dumping command queue description:
23:50:38:043 [ 7576] | INFO  |   +-----------------------------------------+-----------------------------------------+
23:50:38:043 [ 7576] | INFO  |   | Parameter                               | Value                                   |
23:50:38:044 [ 7576] | INFO  |   +-----------------------------------------+-----------------------------------------+
23:50:38:044 [ 7576] | INFO  |   | Type                                    | 0                                       |
23:50:38:044 [ 7576] | INFO  |   | Priority                                | 0                                       |
23:50:38:044 [ 7576] | INFO  |   | Flags                                   | 0                                       |
23:50:38:044 [ 7576] | INFO  |   | NodeMask                                | 0                                       |
23:50:38:044 [ 7576] | INFO  |   +-----------------------------------------+-----------------------------------------+
23:50:38:086 [27364] | INFO  | [MGPU Bridge] [MGPU][T2] init_swapchain (resize) luid=0x00000000-0x00013FE8 - swapchain-derived game luid 0x00000000-0x00013FE8 already established; not re-selecting
23:50:38:092 [27364] | INFO  | Recreated runtime environment on runtime 00000232BC941D10 ('C:\Games\Cyberpunk 2077\bin\x64\ReShade.ini').
23:50:38:092 [27364] | INFO  | Redirecting IDXGISwapChain3::SetColorSpace1(ColorSpace = 0) ...
23:50:38:132 [ 7576] | INFO  | Redirecting ID3D12Device::CreateCommandQueue(this = 000002307E767560, pDesc = 000000222A70E190, riid = {0EC870A6-5D7E-4C22-8CFC-5BAAE07616ED}, ppCommandQueue = 000000222A70E368) ...
23:50:38:134 [ 7576] | INFO  | > Dumping command queue description:
23:50:38:135 [ 7576] | INFO  |   +-----------------------------------------+-----------------------------------------+
23:50:38:135 [ 7576] | INFO  |   | Parameter                               | Value                                   |
23:50:38:135 [ 7576] | INFO  |   +-----------------------------------------+-----------------------------------------+
23:50:38:135 [ 7576] | INFO  |   | Type                                    | 0                                       |
23:50:38:135 [ 7576] | INFO  |   | Priority                                | 0                                       |
23:50:38:135 [ 7576] | INFO  |   | Flags                                   | 0                                       |
23:50:38:135 [ 7576] | INFO  |   | NodeMask                                | 0                                       |
23:50:38:135 [ 7576] | INFO  |   +-----------------------------------------+-----------------------------------------+
23:50:38:170 [21568] | INFO  | Successfully compiled 'C:\Games\Cyberpunk 2077\bin\x64\reshade-shaders\Shaders\mgpu_depth_tap.fx' in 0.014000 s.
23:50:38:170 [ 7860] | INFO  | Successfully compiled 'C:\Games\Cyberpunk 2077\bin\x64\reshade-shaders\Shaders\Deband.fx' in 0.013000 s.
23:50:38:170 [12976] | INFO  | Successfully compiled 'C:\Games\Cyberpunk 2077\bin\x64\reshade-shaders\Shaders\LUT.fx' in 0.013000 s.
23:50:38:170 [11148] | INFO  | Successfully compiled 'C:\Games\Cyberpunk 2077\bin\x64\reshade-shaders\Shaders\Daltonize.fx' in 0.013000 s.
23:50:38:171 [25232] | INFO  | Successfully compiled 'C:\Games\Cyberpunk 2077\bin\x64\reshade-shaders\Shaders\DisplayDepth.fx' in 0.014000 s.
23:50:38:171 [15840] | INFO  | Successfully compiled 'C:\Games\Cyberpunk 2077\bin\x64\reshade-shaders\Shaders\UIMask.fx' in 0.014000 s.
23:50:38:183 [ 7576] | INFO  | [MGPU Bridge] [MGPU][P1.3] ExistingHeaps support: gpu0=1 gpu1=1 (path A' needs both)
23:50:38:193 [11876] | INFO  | Successfully compiled 'C:\Games\Cyberpunk 2077\bin\x64\reshade-shaders\Shaders\mgpu_post_P0.5.fx' in 0.036000 s.
23:50:38:193 [ 7576] | INFO  | [MGPU Bridge] [MGPU][P1.3] 1280x720 A'.0 VirtualAlloc: addr=0x00000232DF660000 bytes=3735552 (payload 3686400, rounded to 64 KB)
23:50:38:194 [ 7576] | INFO  | [MGPU Bridge] [MGPU][P1.3] 1280x720 A'.1 QueryInterface(ID3D12Device3): hr=0x00000000
23:50:38:195 [ 7576] | INFO  | [MGPU Bridge] [MGPU][P1.3] 1280x720 A'.2 OpenExistingHeapFromAddress on GPU 0: hr=0x00000000
23:50:38:196 [ 7576] | INFO  | [MGPU Bridge] [MGPU][P1.3] 1280x720 A'.3 OpenExistingHeapFromAddress on GPU 1: hr=0x00000000 <- same host pages, second adapter
23:50:38:198 [ 7576] | INFO  | [MGPU Bridge] [MGPU][P1.3] 1280x720 A'.3b heap desc: gpu0 size=3735552 align=65536 type=4(DEFAULT=1,UPLOAD=2,READBACK=3,CUSTOM=4) cpuPage=3 pool=1(L0=1,L1=2) flags=0x421 | gpu1 size=3735552 align=65536 type=4 cpuPage=3 pool=1 flags=0x421
23:50:38:201 [ 7576] | INFO  | [MGPU Bridge] [MGPU][P1.3] 1280x720 A'.4 CreatePlacedResource on GPU 0, flags=NONE state=COMMON: hr=0x80070057
23:50:38:201 [ 7576] | INFO  | [MGPU Bridge] [MGPU][P1.3] 1280x720 A'.4 CreatePlacedResource on GPU 0, flags=ALLOW_CROSS_ADAPTER state=COMMON: hr=0x00000000  <- ACCEPTED
23:50:38:202 [ 7576] | INFO  | [MGPU Bridge] [MGPU][P1.3] 1280x720 A'.5 CreatePlacedResource on GPU 1, flags=NONE state=COMMON: hr=0x80070057
23:50:38:202 [ 7576] | INFO  | [MGPU Bridge] [MGPU][P1.3] 1280x720 A'.5 CreatePlacedResource on GPU 1, flags=ALLOW_CROSS_ADAPTER state=COMMON: hr=0x00000000  <- ACCEPTED
23:50:38:210 [25140] | INFO  | [MGPU Bridge] [MGPU][P1.6] GAME runtime preset="C:\Games\Cyberpunk 2077\bin\x64\ReShadePreset.ini" | 0 of 8 techniques ENABLED. This line exists because a stale gpu1.ini once drew a motion-flow debug view over the neural output and three code hypotheses were spent on it. If anything unexpected is listed here, what is on screen is not what this add-on produced.
23:50:38:212 [ 7576] | INFO  | [MGPU Bridge] [MGPU][P1.4b] 1280x720 SAME-ADAPTER CONTROL (GPU 0, identical two copies, destination LOCAL to GPU 0): hr=0x00000000 sub=1.20 wait=0.00 total=1.20 ms for 3.52 MiB. Compare against wait0 in the breakdown below: the DIFFERENCE is what crossing the adapter costs on this link; what is left is GPU 0 being busy with the game.
23:50:38:225 [ 7576] | INFO  | [MGPU Bridge] [MGPU][P1.3] 1280x720 via A'(host-pinned): 3.52 MiB round trip in 3.68 ms (955 MiB/s apparent) differing=0 of 921600 sentinel=0
23:50:38:225 [ 7576] | INFO  | [MGPU Bridge] [MGPU][P1.4a] 1280x720 path=A'(host-pinned) forced=A-prime breakdown: rec0=0.04 sub0=0.06 wait0=0.45 | rec1=0.76 sub1=2.41 wait1=0.00 | cpu(rec+sub)=3.28 waits=0.45 (12% of the trip) round_trip=3.68 verify=8.94 ms. LINK: these absolute numbers are a property of WHATEVER INTERCONNECT THIS MACHINE HAS, which this line does not know and does not guess - check the slot topology against your board's manual before quoting them. They do not decide whether the architecture is viable. What they do decide is A versus A-prime, because both are measured over the same link.
23:50:38:226 [ 7576] | INFO  | [MGPU Bridge] [MGPU][P1.3] PAYLOAD INTACT - every pixel crossed the bus unchanged.
23:50:38:226 [ 7576] | INFO  | Redirecting ID3D12Device::CreateCommandQueue(this = 0000022FA75ABA50, pDesc = 000000222A70E550, riid = {0EC870A6-5D7E-4C22-8CFC-5BAAE07616ED}, ppCommandQueue = 000000222A70E348) ...
23:50:38:226 [ 7576] | INFO  | > Dumping command queue description:
23:50:38:226 [ 7576] | INFO  |   +-----------------------------------------+-----------------------------------------+
23:50:38:226 [ 7576] | INFO  |   | Parameter                               | Value                                   |
23:50:38:226 [ 7576] | INFO  |   +-----------------------------------------+-----------------------------------------+
23:50:38:226 [ 7576] | INFO  |   | Type                                    | 3                                       |
23:50:38:226 [ 7576] | INFO  |   | Priority                                | 0                                       |
23:50:38:226 [ 7576] | INFO  |   | Flags                                   | 0                                       |
23:50:38:226 [ 7576] | INFO  |   | NodeMask                                | 0                                       |
23:50:38:226 [ 7576] | INFO  |   +-----------------------------------------+-----------------------------------------+
23:50:38:241 [ 7576] | INFO  | Redirecting ID3D12Device::CreateCommandQueue(this = 000002307E767560, pDesc = 000000222A70E550, riid = {0EC870A6-5D7E-4C22-8CFC-5BAAE07616ED}, ppCommandQueue = 000000222A70E3A8) ...
23:50:38:242 [ 7576] | INFO  | > Dumping command queue description:
23:50:38:242 [ 7576] | INFO  |   +-----------------------------------------+-----------------------------------------+
23:50:38:242 [ 7576] | INFO  |   | Parameter                               | Value                                   |
23:50:38:242 [ 7576] | INFO  |   +-----------------------------------------+-----------------------------------------+
23:50:38:242 [ 7576] | INFO  |   | Type                                    | 3                                       |
23:50:38:242 [ 7576] | INFO  |   | Priority                                | 0                                       |
23:50:38:242 [ 7576] | INFO  |   | Flags                                   | 0                                       |
23:50:38:242 [ 7576] | INFO  |   | NodeMask                                | 0                                       |
23:50:38:243 [ 7576] | INFO  |   +-----------------------------------------+-----------------------------------------+
23:50:38:267 [ 7576] | INFO  | [MGPU Bridge] [MGPU][P2.1] 1280x720 setup: COPY queues on both adapters, 4-deep ring, cross-adapter producer fence (CreateFence(SHARED|SHARED_CROSS_ADAPTER) on GPU 0 -> OpenSharedHandle on GPU 1): hr=0x00000000
23:50:38:292 [ 7576] | INFO  | [MGPU Bridge] [MGPU][P2.1] 1280x720 bands=4 rows_per_band=180 pitch=5120
23:50:38:293 [ 7576] | INFO  | [MGPU Bridge] [MGPU][P2.1] 1280x720 path=A'(host-pinned) buffer-to-buffer over the shared heap, 3.52 MiB | SERIAL(1 band, CPU wait between sides): ok=yes 1.90 ms (1846 MiB/s) differing=0 sentinel=0 | PIPELINED(4 bands, COPY queues, GPU-side fence wait): ok=yes 1.94 ms (1813 MiB/s) differing=0 sentinel=0
23:50:38:293 [ 7576] | INFO  | [MGPU Bridge] [MGPU][P2.1] PROBE PASSED (CORRECTNESS ONLY) - both arms delivered the payload byte-exact with no sentinel survivors, so the 4-band ring transports correctly and the GPU-side fence ordering between the two adapters holds at every band boundary. NO SPEED CLAIM IS MADE OR IMPLIED. The two durations above are single noisy wall-clock samples of a NARROWER path than P1.3's (shared-heap traversal only, no texture stages), neither is a GPU timestamp, and on this rig the pipelined arm has been the SLOWER of the two - both halves cross the same link, so overlapping them adds contention, not bandwidth. The overlap that could pay is transfer against neural execution, which this block does not test.
23:50:38:309 [ 7576] | INFO  | [MGPU Bridge] [MGPU][P1.3] 2560x1440 A'.0 VirtualAlloc: addr=0x00000232B2A40000 bytes=14745600 (payload 14745600, rounded to 64 KB)
23:50:38:309 [ 7576] | INFO  | [MGPU Bridge] [MGPU][P1.3] 2560x1440 A'.1 QueryInterface(ID3D12Device3): hr=0x00000000
23:50:38:313 [ 7576] | INFO  | [MGPU Bridge] [MGPU][P1.3] 2560x1440 A'.2 OpenExistingHeapFromAddress on GPU 0: hr=0x00000000
23:50:38:334 [ 7576] | INFO  | [MGPU Bridge] [MGPU][P1.3] 2560x1440 A'.3 OpenExistingHeapFromAddress on GPU 1: hr=0x00000000 <- same host pages, second adapter
23:50:38:334 [ 7576] | INFO  | [MGPU Bridge] [MGPU][P1.3] 2560x1440 A'.3b heap desc: gpu0 size=14745600 align=65536 type=4(DEFAULT=1,UPLOAD=2,READBACK=3,CUSTOM=4) cpuPage=3 pool=1(L0=1,L1=2) flags=0x421 | gpu1 size=14745600 align=65536 type=4 cpuPage=3 pool=1 flags=0x421
23:50:38:335 [ 7576] | INFO  | [MGPU Bridge] [MGPU][P1.3] 2560x1440 A'.4 CreatePlacedResource on GPU 0, flags=NONE state=COMMON: hr=0x80070057
23:50:38:335 [ 7576] | INFO  | [MGPU Bridge] [MGPU][P1.3] 2560x1440 A'.4 CreatePlacedResource on GPU 0, flags=ALLOW_CROSS_ADAPTER state=COMMON: hr=0x00000000  <- ACCEPTED
23:50:38:335 [ 7576] | INFO  | [MGPU Bridge] [MGPU][P1.3] 2560x1440 A'.5 CreatePlacedResource on GPU 1, flags=NONE state=COMMON: hr=0x80070057
23:50:38:335 [ 7576] | INFO  | [MGPU Bridge] [MGPU][P1.3] 2560x1440 A'.5 CreatePlacedResource on GPU 1, flags=ALLOW_CROSS_ADAPTER state=COMMON: hr=0x00000000  <- ACCEPTED
23:50:38:373 [ 7576] | INFO  | [MGPU Bridge] [MGPU][P1.4b] 2560x1440 SAME-ADAPTER CONTROL (GPU 0, identical two copies, destination LOCAL to GPU 0): hr=0x00000000 sub=0.15 wait=0.48 total=0.63 ms for 14.06 MiB. Compare against wait0 in the breakdown below: the DIFFERENCE is what crossing the adapter costs on this link; what is left is GPU 0 being busy with the game.
23:50:38:409 [ 7576] | INFO  | [MGPU Bridge] [MGPU][P1.3] 2560x1440 via A'(host-pinned): 14.06 MiB round trip in 2.91 ms (4841 MiB/s apparent) differing=0 of 3686400 sentinel=0
23:50:38:410 [ 7576] | INFO  | [MGPU Bridge] [MGPU][P1.4a] 2560x1440 path=A'(host-pinned) forced=A-prime breakdown: rec0=0.03 sub0=0.05 wait0=0.82 | rec1=0.05 sub1=0.10 wait1=1.89 | cpu(rec+sub)=0.23 waits=2.71 (93% of the trip) round_trip=2.91 verify=32.10 ms. LINK: these absolute numbers are a property of WHATEVER INTERCONNECT THIS MACHINE HAS, which this line does not know and does not guess - check the slot topology against your board's manual before quoting them. They do not decide whether the architecture is viable. What they do decide is A versus A-prime, because both are measured over the same link.
23:50:38:410 [ 7576] | INFO  | [MGPU Bridge] [MGPU][P1.3] PAYLOAD INTACT - every pixel crossed the bus unchanged.
23:50:38:410 [ 7576] | INFO  | Redirecting ID3D12Device::CreateCommandQueue(this = 0000022FA75ABA50, pDesc = 000000222A70E550, riid = {0EC870A6-5D7E-4C22-8CFC-5BAAE07616ED}, ppCommandQueue = 000000222A70E348) ...
23:50:38:410 [ 7576] | INFO  | > Dumping command queue description:
23:50:38:410 [ 7576] | INFO  |   +-----------------------------------------+-----------------------------------------+
23:50:38:410 [ 7576] | INFO  |   | Parameter                               | Value                                   |
23:50:38:411 [ 7576] | INFO  |   +-----------------------------------------+-----------------------------------------+
23:50:38:411 [ 7576] | INFO  |   | Type                                    | 3                                       |
23:50:38:411 [ 7576] | INFO  |   | Priority                                | 0                                       |
23:50:38:411 [ 7576] | INFO  |   | Flags                                   | 0                                       |
23:50:38:411 [ 7576] | INFO  |   | NodeMask                                | 0                                       |
23:50:38:411 [ 7576] | INFO  |   +-----------------------------------------+-----------------------------------------+
23:50:38:430 [ 7576] | INFO  | Redirecting ID3D12Device::CreateCommandQueue(this = 000002307E767560, pDesc = 000000222A70E550, riid = {0EC870A6-5D7E-4C22-8CFC-5BAAE07616ED}, ppCommandQueue = 000000222A70E3A8) ...
23:50:38:430 [ 7576] | INFO  | > Dumping command queue description:
23:50:38:431 [ 7576] | INFO  |   +-----------------------------------------+-----------------------------------------+
23:50:38:431 [ 7576] | INFO  |   | Parameter                               | Value                                   |
23:50:38:431 [ 7576] | INFO  |   +-----------------------------------------+-----------------------------------------+
23:50:38:431 [ 7576] | INFO  |   | Type                                    | 3                                       |
23:50:38:431 [ 7576] | INFO  |   | Priority                                | 0                                       |
23:50:38:431 [ 7576] | INFO  |   | Flags                                   | 0                                       |
23:50:38:431 [ 7576] | INFO  |   | NodeMask                                | 0                                       |
23:50:38:431 [ 7576] | INFO  |   +-----------------------------------------+-----------------------------------------+
23:50:38:444 [ 7576] | INFO  | [MGPU Bridge] [MGPU][P2.1] 2560x1440 setup: COPY queues on both adapters, 4-deep ring, cross-adapter producer fence (CreateFence(SHARED|SHARED_CROSS_ADAPTER) on GPU 0 -> OpenSharedHandle on GPU 1): hr=0x00000000
23:50:38:515 [ 7576] | INFO  | [MGPU Bridge] [MGPU][P2.1] 2560x1440 bands=4 rows_per_band=360 pitch=10240
23:50:38:515 [ 7576] | INFO  | [MGPU Bridge] [MGPU][P2.1] 2560x1440 path=A'(host-pinned) buffer-to-buffer over the shared heap, 14.06 MiB | SERIAL(1 band, CPU wait between sides): ok=yes 5.12 ms (2746 MiB/s) differing=0 sentinel=0 | PIPELINED(4 bands, COPY queues, GPU-side fence wait): ok=yes 2.24 ms (6280 MiB/s) differing=0 sentinel=0
23:50:38:517 [ 7576] | INFO  | [MGPU Bridge] [MGPU][P2.1] PROBE PASSED (CORRECTNESS ONLY) - both arms delivered the payload byte-exact with no sentinel survivors, so the 4-band ring transports correctly and the GPU-side fence ordering between the two adapters holds at every band boundary. NO SPEED CLAIM IS MADE OR IMPLIED. The two durations above are single noisy wall-clock samples of a NARROWER path than P1.3's (shared-heap traversal only, no texture stages), neither is a GPU timestamp, and on this rig the pipelined arm has been the SLOWER of the two - both halves cross the same link, so overlapping them adds contention, not bandwidth. The overlap that could pay is transfer against neural execution, which this block does not test.
23:50:38:530 [ 7576] | INFO  | [MGPU Bridge] [MGPU][P1.3] NOTE: the timings above are a CPU-serialised round trip measured during game startup, with no shared fence and no pipelining. Treat the RATIO between the two sizes as the signal and the absolute numbers as an upper bound; a real figure needs cross-adapter GPU clock calibration and a settled scene (P2).
23:50:38:582 [ 7576] | INFO  | [MGPU Bridge] [MGPU][P1.3] transit probe torn down - both probe-owned devices released
23:50:38:583 [ 7576] | INFO  | [MGPU Bridge] [MGPU][P7.10] AutoArm is ON: the stream will arm itself after 600 presented frames AND 3000 ms with no swapchain event. For a MEASUREMENT leave it off and arm by hand in gameplay - that is what every published figure ran under.
23:50:38:591 [16880] | INFO  | Successfully compiled 'C:\Games\Cyberpunk 2077\bin\x64\reshade-shaders\Shaders\LUT.fx' in 0.003000 s.
23:50:38:592 [ 4536] | INFO  | Successfully compiled 'C:\Games\Cyberpunk 2077\bin\x64\reshade-shaders\Shaders\mgpu_depth_tap.fx' in 0.004000 s.
23:50:38:593 [ 2972] | INFO  | Successfully compiled 'C:\Games\Cyberpunk 2077\bin\x64\reshade-shaders\Shaders\Daltonize.fx' in 0.005000 s.
23:50:38:593 [ 6564] | INFO  | Successfully compiled 'C:\Games\Cyberpunk 2077\bin\x64\reshade-shaders\Shaders\UIMask.fx' in 0.004000 s.
23:50:38:593 [27744] | INFO  | Successfully compiled 'C:\Games\Cyberpunk 2077\bin\x64\reshade-shaders\Shaders\Deband.fx' in 0.005000 s.
23:50:38:595 [14552] | INFO  | Successfully compiled 'C:\Games\Cyberpunk 2077\bin\x64\reshade-shaders\Shaders\DisplayDepth.fx' in 0.007000 s.
23:50:38:602 [ 7576] | INFO  | [MGPU Bridge] [MGPU][T5] first successful present (frame 1) - the vsync-paced present loop is alive
23:50:38:604 [ 8228] | INFO  | Successfully compiled 'C:\Games\Cyberpunk 2077\bin\x64\reshade-shaders\Shaders\mgpu_post_P0.5.fx' in 0.015000 s.
23:50:38:613 [ 7576] | INFO  | [MGPU Bridge] [MGPU][P1.6] BRIDGE runtime preset="C:\Games\Cyberpunk 2077\bin\x64\gpu1.ini" | 0 of 8 techniques ENABLED. This line exists because a stale gpu1.ini once drew a motion-flow debug view over the neural output and three code hypotheses were spent on it. If anything unexpected is listed here, what is on screen is not what this add-on produced.
23:50:40:283 [ 7964] | INFO  | [MGPU Bridge] [MGPU][R101] CALIBRATOR mode=2 site=data-scan | slots=57 data-slots=2 modules=174 gpa-calls=109 | resolved=1 creates=0 sr-handle=UNFILTERED | evaluates=0 captured=0 | cost 0 ns/frame | eval-copies=0 eval-skips=0. || HOW TO READ IT. resolved=0 with evaluates=0 means no module asked for the entry point after we installed - either the title does not use DLSS, or it resolved before the addon loaded; the barrier path is untouched either way and is still what drives. sr-handle=UNFILTERED means we were not present for CreateFeature, so the table may be from frame generation rather than super sampling - check that render/display extents look like a supersampling pair before trusting it. MVEC here is the GAME'S answer to the question every round from R70 to R100 tried to infer; if it does not equal the handle the barrier probe armed on Dragon Sword, the probe was wrong on a title we believed, and THAT is the finding. have=0 bits name the keys this producer does not populate - Streamline and the raw SDK do not set the same subset, and the difference is a fact about the route, not a bug. MVLowRes IS DEFERRED OPTION 11 ANSWERED: 1 means the game's motion vectors are at RENDER resolution, 0 means display resolution, and we have been inferring that from buffer sizes since R83. Read it together with MVecScale - a low-res field with a display-sized scale is the shape that makes reprojection look almost right.
23:50:40:836 [25140] | INFO  | [MGPU Bridge] [MGPU][P9.1] META SRC mvec lane: 0 candidate(s), 218 ns/frame over 381 frames. R72: RANKED AND SORTED BY RTV BINDS - how often each is RENDERED INTO, which is a per-frame usage signal. srvs is kept alongside as the old created over the resource. THIS DOES NOT IDENTIFY MOTION VECTORS - nothing in ReShade says which one they are - it says whether an MVec-shaped resource is visible from a subscriber at all. An empty list with a non-zero examined count is the result that says the NGX hook has to be earned or abandoned. root-descriptor SRV pushes=0 (zero here with a non-zero SRV count above means this engine binds through descriptor TABLES and push_descriptors is blind in it - a fact about the engine, not a fault).
23:50:40:837 [25140] | INFO  | [MGPU Bridge] [MGPU][R71] MVEC SIZES over ALL 0 candidate(s): || TRANSPORT SOURCE res=0x0 (0 means not identified yet - it needs a display-extent candidate with render-target binds), handed to the transport 0 times, 0 second-binds-in-a-frame skipped. || EVICTIONS: 0 resources destroyed and removed from the tables (R76 - a resolution change destroys every render target, and a stale entry is a copy from freed memory). RTV BINDS SEEN IN TOTAL: 0. THE RANK ABOVE IS NOW RENDER TARGET BINDS, NOT SRV CREATIONS. R25 ranked by SRVs created, got 6/5/3/3, and called it "a candidate, not an identification" - that flatness was the SIGNAL being wrong, not the game. An SRV creation count is a LIFETIME number; a velocity buffer is RENDERED INTO once per frame, and RTVBINDS is that. THE EXTENT TO MATCH IS THE DISPLAY EXTENT 3840x2160, not the render extent: the game's own DLSS telemetry says ColorExtentHeight=936 with MVExtentWidth=2560 MVExtentHeight=1440, so this title feeds HIGH-RESOLUTION motion vectors. A single candidate marked <-DISPLAY-EXTENT with RTVBINDS close to the frame count is the velocity buffer. RTV BINDS SEEN = 0 with candidates present means THIS EVENT did not see it, and says nothing whatever about the other two. R81 retracted the sentence that used to sit here - it named optical flow and NGX hooking as the routes left, before anyone had read the event list. READ THE [R82] LINE BELOW INS
23:50:40:837 [25140] | INFO  | [MGPU Bridge] [MGPU][R82] ACQUISITION SIGNALS - three of them, one run. || RTV VIEW TABLE: 0 of 128 entries. THAT IS THE DENOMINATOR R80 COULD NOT SEE - a bind count of zero against an empty table means nothing at all. || OMSetRenderTargets: fired=0 rtvs=0 | matched via OUR TABLE=0 | matched via get_resource_from_view=0 || BeginRenderPass: fired=0 targets=0 matched=0 || Barrier: fired=0 resources=0 matched=0, costing 0 ns/frame || NO CANDIDATE SEEN BY ANY OF THE THREE. | || HOW TO READ IT. via TABLE=0 while via get_resource_from_view is non-zero: the table was the whole bug and R76 through R81 were spent on a cache we never needed. BeginRenderPass fired while OMSetRenderTargets did not: this engine uses render passes and we were subscribed to the wrong event. Barrier matched with a per-frame count near the frame count: use THAT permanently - it needs no view, no table and no binding-path assumption, and 0x4->0xC0 (render_target -> shader_resource) is the moment AFTER the pass wrote, which is the correct moment to copy and is one the bind events cannot offer. NOTE THE STALENESS R78 DID NOT STATE: both bind events fire BEFORE the pass runs, so a copy taken there carries the PREVIOUS frame's vectors. All three silent with candidates present is the only reading that makes optical flow or NGX hooking the honest next step. Two of the barriers per frame on the published source are OURS.
23:50:41:674 [ 7576] | INFO  | [MGPU Bridge] [MGPU][T5] present loop alive: frame 600 thread id 0x1D98
23:50:41:675 [ 7576] | INFO  | [MGPU Bridge] [MGPU][P7.10] AutoArm firing at frame 600 (3578 ms since the last swapchain event), from the same point in the loop the hotkey arms from. If the game is still in a menu the stream is armed against menu frames, which is correct but measures nothing.
23:50:41:676 [ 7576] | INFO  | [MGPU Bridge] [MGPU][P8.1] PassReset=0 - every pass keeps its history (the shipped behaviour)
23:50:41:676 [ 7576] | WARN  | [MGPU Bridge] [MGPU][R28] CopyQueue=2 - GPU-GATED. The unpack is on a dedicated COPY queue AND that queue waits on the GAME's fence ON THE GPU for a frame that has not arrived yet, so the copy fires the instant the payload lands rather than when the bridge thread next wakes and asks. This is the overlap P2.1 named and did not test: transfer against neural execution on GPU 1. NOTHING ABOUT PRESENTATION CHANGES - the evaluate is still CPU-gated, one frame at a time, presented on completion, so R25a's single clock is untouched. NOT THE CONTROL: every published figure was measured at CopyQueue=0. Watch cq_spec (frames armed before arrival - should be most of them) and OVERRUN, which has a one-frame-wider window in this mode.
23:50:41:676 [ 7576] | INFO  | [MGPU Bridge] [MGPU][P8.0] MVec=SYNTHETIC. THIS IS A CONTROL, NOT A FEATURE: mode 1 binds a CONSTANT field so two runs differ in exactly one thing - whether a NON-ZERO DLSSNR.MVec is bound. Identical output means NR does not read MVec on this path and no flow estimator is worth writing. Different output means it reads it, and the sign and scale can then be walked live instead of guessed. Compare the P2.2 mark 2->3 across the two runs for what it costs.
23:50:41:676 [ 7576] | INFO  | [MGPU Bridge] [MGPU][P8.0] synthetic flow dx=0.000 dy=0.000 scaleX=1.000 scaleY=1.000 (R32G32_FLOAT, full frame). A field of exactly 0,0 carries the same information as no field at all, so MVec=1 with dx=dy=0 is a wasted run.
23:50:41:677 [ 7576] | INFO  | [MGPU Bridge] [MGPU][P6.2] knobs | intensity p1=2.000 (0 per-pass overrides, * marks them). Set.* keys are passed to NGX VERBATIM and this add-on does not know whether the snippet reads them - a key listed here was SENT, not necessarily HONOURED. Intensity is the only one proven live (P1.2: 0.00 vs 1.60 changed 98.03% of pixels).
23:50:41:677 [ 7576] | INFO  | [MGPU Bridge] [MGPU][P4.0] stream REQUESTED - ring depth 6, bound 6000 frames, fault="none", neural=ON (P4.1 - DLSS-NR runs on every consumed frame), profile=off, present=nr (the neural output), passes=1, window=fit (borderless full screen). Every game frame from the next one is sealed and transited until the bound is reached, then a summary is printed. Stay in gameplay: a stream of menu frames measures identity and ordering correctly and tells you nothing about anything else.
23:50:41:677 [13220] | INFO  | [MGPU Bridge] [MGPU][R78] stream arm HELD: MVec=3 (REAL) and the probe has not published a velocity buffer yet, so the slot cannot be sized. This clears on the first frame of gameplay. If it NEVER clears, the probe found nothing: check the [R71] line for a MVEC SOURCE with a non-zero handle, and check that its width and height match the scene extents - the probe refuses to publish a candidate that does not.
23:50:41:678 [ 7576] | INFO  | [MGPU Bridge] [MGPU][P4.0] ignoring events from the bridge's own runtime (correct - said once)
23:50:43:841 [22864] | INFO  | [MGPU Bridge] [MGPU][P9.1] META SRC mvec lane: 20 candidate(s), 433 ns/frame over 574 frames. R72: RANKED AND SORTED BY RTV BINDS - how often each is RENDERED INTO, which is a per-frame usage signal. srvs is kept alongside as the old created over the resource. THIS DOES NOT IDENTIFY MOTION VECTORS - nothing in ReShade says which one they are - it says whether an MVec-shaped resource is visible from a subscriber at all. An empty list with a non-zero examined count is the result that says the NGX hook has to be earned or abandoned. root-descriptor SRV pushes=0 (zero here with a non-zero SRV count above means this engine binds through descriptor TABLES and push_descriptors is blind in it - a fact about the engine, not a fault). | #0 1920x1080 R16G16_FLOAT srvs=1 RTVBINDS=0 (0.00/frame) | #1 1920x1080 R16G16_FLOAT srvs=1 RTVBINDS=0 (0.00/frame) | #2 1920x1080 R16G16_FLOAT srvs=1 RTVBINDS=0 (0.00/frame) | #3 3840x2160 R16G16_SNORM srvs=1 RTVBINDS=0 (0.00/frame) <-DISPLAY-EXTENT | #4 3840x2160 R16G16_SNORM srvs=1 RTVBINDS=0 (0.00/frame) <-DISPLAY-EXTENT | #5 1920x1080 R16G16_FLOAT srvs=1 RTVBINDS=0 (0.00/frame) | #6 1920x1080 R16G16_FLOAT srvs=1 RTVBINDS=0 (0.00/frame) | #7 1920x1080 R16G16_FLOAT srvs=1 RTVBINDS=0 (0.00/frame)
23:50:43:841 [22864] | INFO  | [MGPU Bridge] [MGPU][R71] MVEC SIZES over ALL 20 candidate(s): 1920x1080 x8 | 3840x2160 x4 | 2560x1440 x8 | || TRANSPORT SOURCE res=0x232d78da520 (0 means not identified yet - it needs a display-extent candidate with render-target binds), handed to the transport 0 times, 0 second-binds-in-a-frame skipped. || EVICTIONS: 7 resources destroyed and removed from the tables (R76 - a resolution change destroys every render target, and a stale entry is a copy from freed memory). RTV BINDS SEEN IN TOTAL: 0. THE RANK ABOVE IS NOW RENDER TARGET BINDS, NOT SRV CREATIONS. R25 ranked by SRVs created, got 6/5/3/3, and called it "a candidate, not an identification" - that flatness was the SIGNAL being wrong, not the game. An SRV creation count is a LIFETIME number; a velocity buffer is RENDERED INTO once per frame, and RTVBINDS is that. THE EXTENT TO MATCH IS THE DISPLAY EXTENT 3840x2160, not the render extent: the game's own DLSS telemetry says ColorExtentHeight=936 with MVExtentWidth=2560 MVExtentHeight=1440, so this title feeds HIGH-RESOLUTION motion vectors. A single candidate marked <-DISPLAY-EXTENT with RTVBINDS close to the frame count is the velocity buffer. RTV BINDS SEEN = 0 with candidates present means THIS EVENT did not see it, and says nothing whatever about the other two. R81 retracted the sentence that used to sit here - it named optical flow and NGX hooking as the routes left, before anyon
23:50:43:841 [22864] | INFO  | [MGPU Bridge] [MGPU][R82] ACQUISITION SIGNALS - three of them, one run. || RTV VIEW TABLE: 28 of 128 entries. THAT IS THE DENOMINATOR R80 COULD NOT SEE - a bind count of zero against an empty table means nothing at all. || OMSetRenderTargets: fired=0 rtvs=0 | matched via OUR TABLE=0 | matched via get_resource_from_view=0 || BeginRenderPass: fired=0 targets=0 matched=0 || Barrier: fired=46075 resources=136406 matched=2606, costing 5734 ns/frame || #2 1920x1080 rtv=0 rp=0 bar=3(0x80000000->0x8) | #4 3840x2160 rtv=0 rp=0 bar=4(0xC0->0x40) | #5 1920x1080 rtv=0 rp=0 bar=4(0xC0->0x40) | #6 1920x1080 rtv=0 rp=0 bar=4(0xC0->0x40) | #7 1920x1080 rtv=0 rp=0 bar=5(0xC0->0x40) | #8 2560x1440 rtv=0 rp=0 bar=272(0xC0->0x8) | || HOW TO READ IT. via TABLE=0 while via get_resource_from_view is non-zero: the table was the whole bug and R76 through R81 were spent on a cache we never needed. BeginRenderPass fired while OMSetRenderTargets did not: this engine uses render passes and we were subscribed to the wrong event. Barrier matched with a per-frame count near the frame count: use THAT permanently - it needs no view, no table and no binding-path assumption, and 0x4->0xC0 (render_target -> shader_resource) is the moment AFTER the pass wrote, which is the correct moment to copy and is one the bind events cannot offer. NOTE THE STALENESS R78 DID NOT STATE: both bind events fire BEFORE the pass runs, so a copy taken there carries the PREVIOUS frame's vectors. All three silent with candidates present is the only reading that makes optical flow or NGX hooking the honest next step. Two of the barriers per frame on the published source are OURS.
23:50:44:303 [26880] | INFO  | [MGPU Bridge] [MGPU][R101] CALIBRATOR mode=2 site=data-scan | slots=57 data-slots=2 modules=174 gpa-calls=158 | resolved=1 creates=1 sr-handle=known | evaluates=162 captured=162 | cost 1736 ns/frame | eval-copies=162 eval-skips=0. || THE GAME'S OWN TABLE: color=0x232d7f29140 depth=0x232be307340 MVEC=0x232d7823060 output=0x232d77c3980 | MVecScale 2560.0000,1440.0000 | jitter 0.2902,-0.3141 | Reset=0 | CreateFlags=0x4b -> DepthInverted=1 MVLowRes=1 MVJittered=0 IsHDR=1 AutoExposure=1 | quality=2 | render 2560x1440 -> display 3840x2160 | dynamic 1920x1080..3840x2160 | subrect 2560x1440 at color(0,0) depth(0,0) MV(0,0) out(0,0) | have=0x1fff. || HOW TO READ IT. resolved=0 with evaluates=0 means no module asked for the entry point after we installed - either the title does not use DLSS, or it resolved before the addon loaded; the barrier path is untouched either way and is still what drives. sr-handle=UNFILTERED means we were not present for CreateFeature, so the table may be from frame generation rather than super sampling - check that render/display extents look like a supersampling pair before trusting it. MVEC here is the GAME'S answer to the question every round from R70 to R100 tried to infer; if it does not equal the handle the barrier probe armed on Dragon Sword, the probe was wrong on a title we believed, and THAT is the finding. have=0 bits name the keys this producer does not populate - Streamline and the raw SDK do not set the same subset, and the difference is a fact about the route, not a bug. MVLowRes IS DEFERRED OPTION 11 ANSWERED: 1 means the game's motion vectors are at RENDER resolution, 0 means display resolution, and we have been inferring that from buffer sizes since R83. Read it together with MVecScale - a low-res field with a display-sized scale is the shape that makes reprojection look almost right.
23:50:44:532 [ 7576] | INFO  | [MGPU Bridge] [MGPU][T5] present loop alive: frame 1200 thread id 0x1D98
23:50:46:165 [21160] | INFO  | Redirecting ID3D12Device::CreateCommandQueue(this = 000002307E767560, pDesc = 00000022223FDBF8, riid = {0EC870A6-5D7E-4C22-8CFC-5BAAE07616ED}, ppCommandQueue = 00007FFDC909E338) ...
23:50:46:165 [21160] | INFO  | > Dumping command queue description:
23:50:46:165 [21160] | INFO  |   +-----------------------------------------+-----------------------------------------+
23:50:46:165 [21160] | INFO  |   | Parameter                               | Value                                   |
23:50:46:165 [21160] | INFO  |   +-----------------------------------------+-----------------------------------------+
23:50:46:165 [21160] | INFO  |   | Type                                    | 0                                       |
23:50:46:165 [21160] | INFO  |   | Priority                                | 0                                       |
23:50:46:166 [21160] | INFO  |   | Flags                                   | 0                                       |
23:50:46:166 [21160] | INFO  |   | NodeMask                                | 0                                       |
23:50:46:166 [21160] | INFO  |   +-----------------------------------------+-----------------------------------------+
23:50:46:191 [21160] | INFO  | [MGPU Bridge] [MGPU][P2.2] GPU timestamps on GPU 1: query heap + GetTimestampFrequency hr=0x00000000 freq=1000000000 ticks/s -> ON. These are GPU time, not wall-clock; no cross-adapter clock is involved.
23:50:46:191 [21160] | INFO  | Redirecting ID3D12Device::CreateCommandQueue(this = 000002307E767560, pDesc = 00000022223FDBF8, riid = {0EC870A6-5D7E-4C22-8CFC-5BAAE07616ED}, ppCommandQueue = 00007FFDC909E370) ...
23:50:46:191 [21160] | INFO  | > Dumping command queue description:
23:50:46:192 [21160] | INFO  |   +-----------------------------------------+-----------------------------------------+
23:50:46:192 [21160] | INFO  |   | Parameter                               | Value                                   |
23:50:46:192 [21160] | INFO  |   +-----------------------------------------+-----------------------------------------+
23:50:46:192 [21160] | INFO  |   | Type                                    | 3                                       |
23:50:46:192 [21160] | INFO  |   | Priority                                | 0                                       |
23:50:46:192 [21160] | INFO  |   | Flags                                   | 0                                       |
23:50:46:192 [21160] | INFO  |   | NodeMask                                | 0                                       |
23:50:46:192 [21160] | INFO  |   +-----------------------------------------+-----------------------------------------+
23:50:46:199 [21160] | INFO  | [MGPU Bridge] [MGPU][R26] COPY QUEUE UP on GPU 1, MODE 2 (GPU-gated arrival, R28-B): TYPE_COPY queue + 2 allocators + 2 lists + a copy fence. Timestamps hr=0x00000000 freq=1000000000 ticks/s -> ON. THIS CLOCK IS NOT THE DIRECT QUEUE's (1000000000 ticks/s) and the two are never mixed; the P2.2 unpack bracket on the direct queue goes to roughly zero in this mode BY CONSTRUCTION, because the copy is no longer on that queue - it is not a saving until the R26 line in the summary says the copies actually overlapped.
23:50:46:199 [21160] | INFO  | [MGPU Bridge] [MGPU][P4.0] stream arm hr=0x00000000 source=3840x2160 fmt=28 rowPitch=15360 payload=33177600 slot=95846912 ring=6 heap=575143936 bytes. The heap is created on the GAME's device: its command list can only reference resources from the device that made it. | DEPTH mode=1 (TRANSPORTED AND BOUND) 3840x2160 fmt=41 pitch=15360 bytes=33177600 at slot offset 33178112, held 0 frame(s) waiting for ReShade to bind depth. Seal v3, 192 bytes. The depth region is sized from the RESOURCE at arm time, never written down: R30's 1664x936 was true of one resolution and R60 moved the source to output resolution anyway.
23:50:46:199 [21160] | INFO  | [MGPU Bridge] [MGPU][R78] MVEC ARM: mode=3 REAL, region 2560x1440 fmt=10 pitch=20480 bytes=29491200 at slot offset 66355712 of 95846912, held 239 frame(s) waiting for the probe. THE COST IS ON THIS LINE: 29491200 bytes per frame added to the bus on top of colour and depth. The velocity target is at the DISPLAY extent on this title while colour renders at ~65% of it, so this region is LARGER than the colour payload (33177600 bytes) - that is the engine's choice and not a mistake in the sizing. If frametime moves in this run and MVec=0 is clean, the bus is where to look first.
23:50:46:240 [ 7576] | INFO  | [MGPU Bridge] [MGPU][P4.1] using the PRIVATE NR snippet at C:\Games\Cyberpunk 2077\bin\x64\mgpu\nvngx_dlssnr.dll - this module instance is ours alone, so the Init below is the FIRST one it has seen and NGX binds to the adapter we pass.
23:50:46:241 [ 7576] | INFO  | [MGPU Bridge] [MGPU][P4.1] Init: result=0xBAD0000C (FAIL_OutOfDate)
23:50:46:368 [ 7576] | INFO  | Redirecting CreateDXGIFactory1(riid = {7B7166EC-21C7-44AE-B21A-C9AE321AE369}, ppFactory = 000000222A70C7B0) ...
23:50:46:389 [ 7576] | INFO  | [MGPU Bridge] [MGPU][P9.0] TITLE PROFILE exe="Cyberpunk2077.exe" source=3840x2160 dxgi=28 nr_tex=28 in_tex=28 | game(28):rtv=1 uavstore=1 uavload=1 | rgba16f(10):rtv=1 uavstore=1 uavload=1 | rg32f(16):rtv=1 uavstore=1 uavload=1 | bound: Color=yes Output=yes MVec=synthetic Depth=no. Depth has never been bound on the stream path and MVec only as a control field - two of the four buffers Streamline registers as required. Grep P9.0 across titles for the format table.
23:50:46:391 [ 7576] | INFO  | [MGPU Bridge] [MGPU][P4.1] arm step 1: resetting the arm command allocator and list
23:50:46:391 [ 7576] | INFO  | [MGPU Bridge] [MGPU][P4.1] arm step 2: list open hr=0x00000000
23:50:46:391 [ 7576] | INFO  | [MGPU Bridge] [MGPU][V43] writing ArmCrashed=1 before entering NGX. If this launch dies in CreateFeature the key stays set and the next launch runs without NGX to clear the residue.
23:50:46:392 [ 7576] | INFO  | [MGPU Bridge] [MGPU][P7.2] mgpu.ini written: ArmCrashed=1 (replaced in place). THIS DOES NOT CHANGE THE RUNNING SESSION - the key is read at arm, so it takes effect on the next launch.
23:50:46:392 [ 7576] | INFO  | [MGPU Bridge] [MGPU][P4.1] arm step 3.1: entering CreateFeature(Reserved18) 3840x2160 - IF THIS IS THE LAST LINE, IT DIED INSIDE NGX
23:50:47:271 [ 7576] | INFO  | [MGPU Bridge] [MGPU][P4.1] CreateFeature(Reserved18) handle 1/2 3840x2160 fmt=28: result=0x00000001 (Success) handle=0x00000232D86CCB50 elapsed=880ms
23:50:47:271 [ 7576] | INFO  | [MGPU Bridge] [MGPU][P4.1] arm step 3.2: entering CreateFeature(Reserved18) 3840x2160 - IF THIS IS THE LAST LINE, IT DIED INSIDE NGX
23:50:47:426 [ 7576] | INFO  | [MGPU Bridge] [MGPU][P4.1] CreateFeature(Reserved18) handle 2/2 3840x2160 fmt=28: result=0x00000001 (Success) handle=0x00000232FA3EDA60 elapsed=156ms
23:50:47:427 [ 7576] | INFO  | [MGPU Bridge] [MGPU][V43] CreateFeature returned - clearing ArmCrashed.
23:50:47:428 [ 7576] | INFO  | [MGPU Bridge] [MGPU][P7.2] mgpu.ini written: ArmCrashed=0 (replaced in place). THIS DOES NOT CHANGE THE RUNNING SESSION - the key is read at arm, so it takes effect on the next launch.
23:50:47:428 [ 7576] | INFO  | [MGPU Bridge] [MGPU][P4.1] arm step 4: closing the init list
23:50:47:429 [ 7576] | INFO  | [MGPU Bridge] [MGPU][P4.1] arm step 5: executing the init list and waiting on its fence
23:50:47:456 [ 7576] | INFO  | [MGPU Bridge] [MGPU][C2-SR] using the DRIVER'S Super Resolution snippet: C:\ProgramData\NVIDIA\NGX\models\dlss\versions\20318464\files\160_E658700.bin. The game ships its own beside the executable and NGX would prefer that one - Cyberpunk's is 310.1.0, which does not carry preset K. The driver's copy is already on every machine and already updated, so this is the override without anyone downloading an SDK. THE GAME'S OWN DLSS IS UNTOUCHED: it keeps using its own copy. Check which version answered by the filename of the nvngx_dlss_*.log it writes.
23:50:47:456 [ 7576] | INFO  | [MGPU Bridge] [MGPU][C2-SR] ngx routing: CreateFeature=core+snippet(used:snippet) EvaluateFeature=core+snippet(used:snippet) ReleaseFeature=core+snippet(used:snippet) GetCapabilityParameters=core+-(used:core) Init_Ext=yes PopulateParameters_Impl=yes
23:50:47:718 [ 7576] | INFO  | [MGPU Bridge] [MGPU][C2-SR] core capability for SuperSampling on GPU 1: Available=1 NeedsUpdatedDriver=0 MinDriver=470.0 FeatureInitResult=0x00000001 (Success). Available=0 with a FeatureInitResult is the core telling us WHY, which the bare 0xBAD0000B did not.
23:50:47:731 [ 7576] | INFO  | [MGPU Bridge] [MGPU][C2-SR] arm step 6: entering CreateFeature(SuperSampling) - IF THIS IS THE LAST LINE, IT DIED INSIDE NGX
23:50:47:789 [ 7576] | INFO  | [MGPU Bridge] [MGPU][C2-SR] CreateFeature(SuperSampling, id 1) on GPU 1: result=0x00000001 (Success) handle=0x00000232D8537750 | R=2560x1440 -> D=3840x2160, flags=0x8 (IsHDR off, AutoExposure off, identity exposure supplied, DepthInverted=1, MVLowRes=0). R from the game's render extent, SRMvLowRes mode 0, MVScale fix 1.0000/1.0000. Quality=2, hint=0 (0 = title default). The snippet's own log says which preset it HONOURED - read that, not this.
23:50:47:789 [ 7576] | WARN  | [MGPU Bridge] [MGPU][P7.3] BACKBUFFER FORMAT MISMATCH CORRECTED: the present chain was created DXGI format 24 and this game renders 28. CopyTextureRegion does not convert, so every pixel copied so far was reinterpreted across different channel boundaries - that is the colour noise on the bridge window, and it is a display fault only: the neural stage and the transport were unaffected and their figures stand. Resizing the chain to 28 now.
23:50:47:789 [ 7576] | INFO  | [MGPU Bridge] [MGPU][P7.1] resizing the present window - draining GPU 1. The producer is NOT paused, so expect one burst of DROPPED / REORDERED / STALE seals across the next few frames. That is this resize, not the transport; frames after it return to gap=1 OK.
23:50:47:790 [ 7576] | INFO  | Redirecting IDXGISwapChain::ResizeBuffers(this = 00000232D2999240, BufferCount = 2, Width = 3840, Height = 2160, NewFormat = 28, SwapChainFlags = 0) ...
23:50:47:794 [ 7576] | INFO  | Destroyed runtime environment on runtime 00000232CD67E380 ('C:\Games\Cyberpunk 2077\bin\x64\ReShade2.ini').
23:50:47:809 [ 7576] | INFO  | [MGPU Bridge] [MGPU][T2] init_swapchain (resize) luid=0x00000000-0x00015621 - swapchain-derived game luid 0x00000000-0x00013FE8 already established; not re-selecting
23:50:47:813 [ 7576] | INFO  | Recreated runtime environment on runtime 00000232CD67E380 ('C:\Games\Cyberpunk 2077\bin\x64\ReShade2.ini').
23:50:47:813 [ 7576] | INFO  | [MGPU Bridge] [MGPU][P7.3] present chain resized: mode=fit source=3840x2160 fmt=28 -> window 3200x1800 at (-3200,-218), swapchain 3840x2160 fmt=28, monitor 3200x1800 at (-3200,-218). DXGI SCALES on presentation - the copy into the backbuffer is still 1:1 and nothing in this add-on resamples, but what reaches the panel has been stretched by the compositor. Say so in any capture.
23:50:47:814 [ 7576] | INFO  | [MGPU Bridge] [MGPU][R105] MVecScale NOW READ, NOT TYPED: ini said 1.0000,1.0000 - the game says 2560.0000,1440.0000 (MVLowRes=1). If those differ, the ini was wrong and this is the fix; the ini value is still what gets used on any title where the calibrator does not resolve.
23:50:47:825 [13220] | INFO  | [MGPU Bridge] [MGPU][P9.1] META SRC mvec lane: 20 candidate(s), 452 ns/frame over 697 frames. R72: RANKED AND SORTED BY RTV BINDS - how often each is RENDERED INTO, which is a per-frame usage signal. srvs is kept alongside as the old created over the resource. THIS DOES NOT IDENTIFY MOTION VECTORS - nothing in ReShade says which one they are - it says whether an MVec-shaped resource is visible from a subscriber at all. An empty list with a non-zero examined count is the result that says the NGX hook has to be earned or abandoned. root-descriptor SRV pushes=0 (zero here with a non-zero SRV count above means this engine binds through descriptor TABLES and push_descriptors is blind in it - a fact about the engine, not a fault). | #0 1920x1080 R16G16_FLOAT srvs=1 RTVBINDS=0 (0.00/frame) | #1 1920x1080 R16G16_FLOAT srvs=1 RTVBINDS=0 (0.00/frame) | #2 1920x1080 R16G16_FLOAT srvs=1 RTVBINDS=0 (0.00/frame) | #3 3840x2160 R16G16_SNORM srvs=1 RTVBINDS=0 (0.00/frame) <-DISPLAY-EXTENT | #4 3840x2160 R16G16_SNORM srvs=1 RTVBINDS=0 (0.00/frame) <-DISPLAY-EXTENT | #5 1920x1080 R16G16_FLOAT srvs=1 RTVBINDS=0 (0.00/frame) | #6 1920x1080 R16G16_FLOAT srvs=1 RTVBINDS=0 (0.00/frame) | #7 1920x1080 R16G16_FLOAT srvs=1 RTVBINDS=0 (0.00/frame)
23:50:47:825 [13220] | INFO  | [MGPU Bridge] [MGPU][R71] MVEC SIZES over ALL 20 candidate(s): 1920x1080 x8 | 3840x2160 x4 | 2560x1440 x8 | || TRANSPORT SOURCE res=0x232d78da520 (0 means not identified yet - it needs a display-extent candidate with render-target binds), handed to the transport 0 times, 0 second-binds-in-a-frame skipped. || EVICTIONS: 7 resources destroyed and removed from the tables (R76 - a resolution change destroys every render target, and a stale entry is a copy from freed memory). RTV BINDS SEEN IN TOTAL: 0. THE RANK ABOVE IS NOW RENDER TARGET BINDS, NOT SRV CREATIONS. R25 ranked by SRVs created, got 6/5/3/3, and called it "a candidate, not an identification" - that flatness was the SIGNAL being wrong, not the game. An SRV creation count is a LIFETIME number; a velocity buffer is RENDERED INTO once per frame, and RTVBINDS is that. THE EXTENT TO MATCH IS THE DISPLAY EXTENT 3840x2160, not the render extent: the game's own DLSS telemetry says ColorExtentHeight=936 with MVExtentWidth=2560 MVExtentHeight=1440, so this title feeds HIGH-RESOLUTION motion vectors. A single candidate marked <-DISPLAY-EXTENT with RTVBINDS close to the frame count is the velocity buffer. RTV BINDS SEEN = 0 with candidates present means THIS EVENT did not see it, and says nothing whatever about the other two. R81 retracted the sentence that used to sit here - it named optical flow and NGX hooking as the routes left, before anyon
23:50:47:825 [13220] | INFO  | [MGPU Bridge] [MGPU][R82] ACQUISITION SIGNALS - three of them, one run. || RTV VIEW TABLE: 28 of 128 entries. THAT IS THE DENOMINATOR R80 COULD NOT SEE - a bind count of zero against an empty table means nothing at all. || OMSetRenderTargets: fired=0 rtvs=0 | matched via OUR TABLE=0 | matched via get_resource_from_view=0 || BeginRenderPass: fired=0 targets=0 matched=0 || Barrier: fired=86361 resources=255463 matched=4943, costing 8779 ns/frame || #2 1920x1080 rtv=0 rp=0 bar=3(0x80000000->0x8) | #4 3840x2160 rtv=0 rp=0 bar=4(0xC0->0x40) | #5 1920x1080 rtv=0 rp=0 bar=4(0xC0->0x40) | #6 1920x1080 rtv=0 rp=0 bar=4(0xC0->0x40) | #7 1920x1080 rtv=0 rp=0 bar=5(0xC0->0x40) | #8 2560x1440 rtv=0 rp=0 bar=518(0xC0->0x8) | || HOW TO READ IT. via TABLE=0 while via get_resource_from_view is non-zero: the table was the whole bug and R76 through R81 were spent on a cache we never needed. BeginRenderPass fired while OMSetRenderTargets did not: this engine uses render passes and we were subscribed to the wrong event. Barrier matched with a per-frame count near the frame count: use THAT permanently - it needs no view, no table and no binding-path assumption, and 0x4->0xC0 (render_target -> shader_resource) is the moment AFTER the pass wrote, which is the correct moment to copy and is one the bind events cannot offer. NOTE THE STALENESS R78 DID NOT STATE: both bind events fire BEFORE the pass runs, so a copy taken there carries the PREVIOUS frame's vectors. All three silent with candidates present is the only reading that makes optical flow or NGX hooking the honest next step. Two of the barriers per frame on the published source are OURS.
23:50:47:847 [ 7576] | INFO  | [MGPU Bridge] [MGPU][R63] DEPTH TRANSPORT f=1 mode=1 (TRANSPORTED AND BOUND) | producer: valid=8 invalid=0 size-rejected=0, arm held 0 frame(s) | consumer: seals seen valid=1 invalid=0 contract mismatches=0 | region 3840x2160 fmt=41 pitch=15360 bytes=33177600 at slot offset 33178112 of 95846912. INVALID IS NOT AN ERROR: ReShade unbinds depth in menus and scene changes, and R61 established that shipping the zeros it leaves behind would hand the model a false flat plane. An invalid frame carries the colour and says so. WHAT WOULD BE AN ERROR is contract mismatches above zero, or valid staying at zero once you are in gameplay - that means the tap is not feeding us. 100.0% of sealed frames carried depth. | GPU 1: unpacked=2 bound=1 skipped=0, DepthInverted=1, flag disagreements=0 (the seal crossed the adapter and the slot flag did not, so any disagreement between them is real). BOUND vs SKIPPED IS THE R61 TEST: skipped counts frames where ReShade had no depth and the model was given NONE rather than the previous frame's - open a menu mid-stream and this must move.
23:50:47:847 [ 7576] | INFO  | [MGPU Bridge] [MGPU][R78] MVEC TRANSPORT f=1 mode=3 REAL | producer: copies=8 missing=0 size-rejected=0 lock-skipped=0, arm held 239 frame(s) | consumer: seals seen valid=1 invalid=0 contract mismatches=0 flag disagreements=0 | region 2560x1440 fmt=10 pitch=20480 bytes=29491200 at slot offset 66355712 of 95846912 | GPU 1: unpacked=2 bound=1 skipped=0, scale=(2560.000, 1440.000). 100.0% of sealed frames carried vectors. COPIES IS THE ONE TO WATCH: it counts frames where the bind hook fired and a copy was recorded. If it stays at zero the probe published a handle nobody binds, and MVec never reaches the model whatever the rest of this line says. SKIPPED IS NOT AN ERROR - it counts frames with no vectors, which is what a menu looks like, and those frames are handed NONE rather than the last frame's motion.
23:50:47:847 [ 7576] | INFO  | [MGPU Bridge] [MGPU][R87] MVEC FRAME ALIGNMENT f=1 | evaluates=1 | elapsed 1=1 2=0 3=0 4=0 5=0 6=0 7=0 8+=0 | worst=1 | 100.00% at 1. A motion vector describes ONE game frame; NR reprojects by whatever it is handed. When the frame NR blends against is older than one, history lands SHORT by this factor - zero error at rest, growing with speed, and no constant MVecScale can fix it. The scale is multiplied by this per evaluate. IF THIS LINE IS FLAT AT 1 AND THE ARTEFACT IS UNCHANGED, PACING IS ELIMINATED and what remains is units or sign. P4.1's skipped-frame counter predicts about 99.5% at 1, so a materially lower figure here is a desync no counter has shown us.
23:50:47:847 [ 7576] | INFO  | [MGPU Bridge] [MGPU][P5.0] the bridge window is now showing the NEURAL OUTPUT - every pixel on screen is a pixel DLSS-NR produced on the second adapter - THE WHOLE of the 3840x2160 frame at 3840x2160, one CopyTextureRegion, no resampling in this add-on. The cycling colour returns when the stream ends.
23:50:47:850 [ 8260] | INFO  | Successfully compiled 'C:\Games\Cyberpunk 2077\bin\x64\reshade-shaders\Shaders\Daltonize.fx' in 0.000000 s.
23:50:47:851 [10312] | INFO  | Successfully compiled 'C:\Games\Cyberpunk 2077\bin\x64\reshade-shaders\Shaders\LUT.fx' in 0.001000 s.
23:50:47:851 [18820] | INFO  | Successfully compiled 'C:\Games\Cyberpunk 2077\bin\x64\reshade-shaders\Shaders\mgpu_depth_tap.fx' in 0.001000 s.
23:50:47:851 [ 1328] | INFO  | Successfully compiled 'C:\Games\Cyberpunk 2077\bin\x64\reshade-shaders\Shaders\Deband.fx' in 0.001000 s.
23:50:47:851 [28812] | INFO  | Successfully compiled 'C:\Games\Cyberpunk 2077\bin\x64\reshade-shaders\Shaders\DisplayDepth.fx' in 0.001000 s.
23:50:47:851 [17776] | INFO  | Successfully compiled 'C:\Games\Cyberpunk 2077\bin\x64\reshade-shaders\Shaders\UIMask.fx' in 0.001000 s.
23:50:47:853 [24652] | INFO  | Successfully compiled 'C:\Games\Cyberpunk 2077\bin\x64\reshade-shaders\Shaders\mgpu_post_P0.5.fx' in 0.003000 s.
23:50:49:055 [ 7576] | INFO  | [MGPU Bridge] [MGPU][SEAL] new f=61 slot=0 gap=1 lat=101.52ms pitch=15360 fmt=28 bytes=33177600 bc=0(unimplemented) OK
23:50:50:348 [ 7576] | INFO  | [MGPU Bridge] [MGPU][SEAL] new f=122 slot=1 gap=1 lat=101.11ms pitch=15360 fmt=28 bytes=33177600 bc=0(unimplemented) OK
23:50:50:834 [18228] | INFO  | [MGPU Bridge] [MGPU][P9.1] META SRC mvec lane: 20 candidate(s), 498 ns/frame over 842 frames. R72: RANKED AND SORTED BY RTV BINDS - how often each is RENDERED INTO, which is a per-frame usage signal. srvs is kept alongside as the old created over the resource. THIS DOES NOT IDENTIFY MOTION VECTORS - nothing in ReShade says which one they are - it says whether an MVec-shaped resource is visible from a subscriber at all. An empty list with a non-zero examined count is the result that says the NGX hook has to be earned or abandoned. root-descriptor SRV pushes=0 (zero here with a non-zero SRV count above means this engine binds through descriptor TABLES and push_descriptors is blind in it - a fact about the engine, not a fault). | #0 1920x1080 R16G16_FLOAT srvs=1 RTVBINDS=0 (0.00/frame) | #1 1920x1080 R16G16_FLOAT srvs=1 RTVBINDS=0 (0.00/frame) | #2 1920x1080 R16G16_FLOAT srvs=1 RTVBINDS=0 (0.00/frame) | #3 3840x2160 R16G16_SNORM srvs=1 RTVBINDS=0 (0.00/frame) <-DISPLAY-EXTENT | #4 3840x2160 R16G16_SNORM srvs=1 RTVBINDS=0 (0.00/frame) <-DISPLAY-EXTENT | #5 1920x1080 R16G16_FLOAT srvs=1 RTVBINDS=0 (0.00/frame) | #6 1920x1080 R16G16_FLOAT srvs=1 RTVBINDS=0 (0.00/frame) | #7 1920x1080 R16G16_FLOAT srvs=1 RTVBINDS=0 (0.00/frame)
23:50:50:834 [18228] | INFO  | [MGPU Bridge] [MGPU][R71] MVEC SIZES over ALL 20 candidate(s): 1920x1080 x8 | 3840x2160 x4 | 2560x1440 x8 | || TRANSPORT SOURCE res=0x232d78da520 (0 means not identified yet - it needs a display-extent candidate with render-target binds), handed to the transport 0 times, 0 second-binds-in-a-frame skipped. || EVICTIONS: 7 resources destroyed and removed from the tables (R76 - a resolution change destroys every render target, and a stale entry is a copy from freed memory). RTV BINDS SEEN IN TOTAL: 0. THE RANK ABOVE IS NOW RENDER TARGET BINDS, NOT SRV CREATIONS. R25 ranked by SRVs created, got 6/5/3/3, and called it "a candidate, not an identification" - that flatness was the SIGNAL being wrong, not the game. An SRV creation count is a LIFETIME number; a velocity buffer is RENDERED INTO once per frame, and RTVBINDS is that. THE EXTENT TO MATCH IS THE DISPLAY EXTENT 3840x2160, not the render extent: the game's own DLSS telemetry says ColorExtentHeight=936 with MVExtentWidth=2560 MVExtentHeight=1440, so this title feeds HIGH-RESOLUTION motion vectors. A single candidate marked <-DISPLAY-EXTENT with RTVBINDS close to the frame count is the velocity buffer. RTV BINDS SEEN = 0 with candidates present means THIS EVENT did not see it, and says nothing whatever about the other two. R81 retracted the sentence that used to sit here - it named optical flow and NGX hooking as the routes left, before anyon
23:50:50:834 [18228] | INFO  | [MGPU Bridge] [MGPU][R82] ACQUISITION SIGNALS - three of them, one run. || RTV VIEW TABLE: 28 of 128 entries. THAT IS THE DENOMINATOR R80 COULD NOT SEE - a bind count of zero against an empty table means nothing at all. || OMSetRenderTargets: fired=0 rtvs=0 | matched via OUR TABLE=0 | matched via get_resource_from_view=0 || BeginRenderPass: fired=0 targets=0 matched=0 || Barrier: fired=143038 resources=402986 matched=7698, costing 11700 ns/frame || #2 1920x1080 rtv=0 rp=0 bar=3(0x80000000->0x8) | #4 3840x2160 rtv=0 rp=0 bar=4(0xC0->0x40) | #5 1920x1080 rtv=0 rp=0 bar=4(0xC0->0x40) | #6 1920x1080 rtv=0 rp=0 bar=4(0xC0->0x40) | #7 1920x1080 rtv=0 rp=0 bar=5(0xC0->0x40) | #8 2560x1440 rtv=0 rp=0 bar=808(0xC0->0x8) | || HOW TO READ IT. via TABLE=0 while via get_resource_from_view is non-zero: the table was the whole bug and R76 through R81 were spent on a cache we never needed. BeginRenderPass fired while OMSetRenderTargets did not: this engine uses render passes and we were subscribed to the wrong event. Barrier matched with a per-frame count near the frame count: use THAT permanently - it needs no view, no table and no binding-path assumption, and 0x4->0xC0 (render_target -> shader_resource) is the moment AFTER the pass wrote, which is the correct moment to copy and is one the bind events cannot offer. NOTE THE STALENESS R78 DID NOT STATE: both bind events fire BEFORE the pass runs, so a copy taken there carries the PREVIOUS frame's vectors. All three silent with candidates present is the only reading that makes optical flow or NGX hooking the honest next step. Two of the barriers per frame on the published source are OURS.
23:50:51:633 [ 7576] | INFO  | [MGPU Bridge] [MGPU][SEAL] new f=183 slot=2 gap=1 lat=102.19ms pitch=15360 fmt=28 bytes=33177600 bc=0(unimplemented) OK
23:50:52:058 [27632] | INFO  | [MGPU Bridge] [MGPU][R101] CALIBRATOR mode=2 site=data-scan | slots=57 data-slots=2 modules=174 gpa-calls=170 | resolved=1 creates=1 sr-handle=known | evaluates=462 captured=462 | cost 2619 ns/frame | eval-copies=462 eval-skips=0. || THE GAME'S OWN TABLE: color=0x232d7f29140 depth=0x232be307340 MVEC=0x232d7823060 output=0x232d77c3980 | MVecScale 2560.0000,1440.0000 | jitter -0.2465,-0.2662 | Reset=0 | CreateFlags=0x4b -> DepthInverted=1 MVLowRes=1 MVJittered=0 IsHDR=1 AutoExposure=1 | quality=2 | render 2560x1440 -> display 3840x2160 | dynamic 1920x1080..3840x2160 | subrect 2560x1440 at color(0,0) depth(0,0) MV(0,0) out(0,0) | have=0x1fff. || HOW TO READ IT. resolved=0 with evaluates=0 means no module asked for the entry point after we installed - either the title does not use DLSS, or it resolved before the addon loaded; the barrier path is untouched either way and is still what drives. sr-handle=UNFILTERED means we were not present for CreateFeature, so the table may be from frame generation rather than super sampling - check that render/display extents look like a supersampling pair before trusting it. MVEC here is the GAME'S answer to the question every round from R70 to R100 tried to infer; if it does not equal the handle the barrier probe armed on Dragon Sword, the probe was wrong on a title we believed, and THAT is the finding. have=0 bits name the keys this producer does not populate - Streamline and the raw SDK do not set the same subset, and the difference is a fact about the route, not a bug. MVLowRes IS DEFERRED OPTION 11 ANSWERED: 1 means the game's motion vectors are at RENDER resolution, 0 means display resolution, and we have been inferring that from buffer sizes since R83. Read it together with MVecScale - a low-res field with a display-sized scale is the shape that makes reprojection look almost right.
23:50:52:921 [ 7576] | INFO  | [MGPU Bridge] [MGPU][SEAL] new f=244 slot=3 gap=1 lat=103.19ms pitch=15360 fmt=28 bytes=33177600 bc=0(unimplemented) OK
23:50:53:851 [27632] | INFO  | [MGPU Bridge] [MGPU][P9.1] META SRC mvec lane: 20 candidate(s), 507 ns/frame over 985 frames. R72: RANKED AND SORTED BY RTV BINDS - how often each is RENDERED INTO, which is a per-frame usage signal. srvs is kept alongside as the old created over the resource. THIS DOES NOT IDENTIFY MOTION VECTORS - nothing in ReShade says which one they are - it says whether an MVec-shaped resource is visible from a subscriber at all. An empty list with a non-zero examined count is the result that says the NGX hook has to be earned or abandoned. root-descriptor SRV pushes=0 (zero here with a non-zero SRV count above means this engine binds through descriptor TABLES and push_descriptors is blind in it - a fact about the engine, not a fault). | #0 1920x1080 R16G16_FLOAT srvs=1 RTVBINDS=0 (0.00/frame) | #1 1920x1080 R16G16_FLOAT srvs=1 RTVBINDS=0 (0.00/frame) | #2 1920x1080 R16G16_FLOAT srvs=1 RTVBINDS=0 (0.00/frame) | #3 3840x2160 R16G16_SNORM srvs=1 RTVBINDS=0 (0.00/frame) <-DISPLAY-EXTENT | #4 3840x2160 R16G16_SNORM srvs=1 RTVBINDS=0 (0.00/frame) <-DISPLAY-EXTENT | #5 1920x1080 R16G16_FLOAT srvs=1 RTVBINDS=0 (0.00/frame) | #6 1920x1080 R16G16_FLOAT srvs=1 RTVBINDS=0 (0.00/frame) | #7 1920x1080 R16G16_FLOAT srvs=1 RTVBINDS=0 (0.00/frame)
23:50:53:852 [27632] | INFO  | [MGPU Bridge] [MGPU][R71] MVEC SIZES over ALL 20 candidate(s): 1920x1080 x8 | 3840x2160 x4 | 2560x1440 x8 | || TRANSPORT SOURCE res=0x232d78da520 (0 means not identified yet - it needs a display-extent candidate with render-target binds), handed to the transport 0 times, 0 second-binds-in-a-frame skipped. || EVICTIONS: 7 resources destroyed and removed from the tables (R76 - a resolution change destroys every render target, and a stale entry is a copy from freed memory). RTV BINDS SEEN IN TOTAL: 0. THE RANK ABOVE IS NOW RENDER TARGET BINDS, NOT SRV CREATIONS. R25 ranked by SRVs created, got 6/5/3/3, and called it "a candidate, not an identification" - that flatness was the SIGNAL being wrong, not the game. An SRV creation count is a LIFETIME number; a velocity buffer is RENDERED INTO once per frame, and RTVBINDS is that. THE EXTENT TO MATCH IS THE DISPLAY EXTENT 3840x2160, not the render extent: the game's own DLSS telemetry says ColorExtentHeight=936 with MVExtentWidth=2560 MVExtentHeight=1440, so this title feeds HIGH-RESOLUTION motion vectors. A single candidate marked <-DISPLAY-EXTENT with RTVBINDS close to the frame count is the velocity buffer. RTV BINDS SEEN = 0 with candidates present means THIS EVENT did not see it, and says nothing whatever about the other two. R81 retracted the sentence that used to sit here - it named optical flow and NGX hooking as the routes left, before anyon
23:50:53:852 [27632] | INFO  | [MGPU Bridge] [MGPU][R82] ACQUISITION SIGNALS - three of them, one run. || RTV VIEW TABLE: 28 of 128 entries. THAT IS THE DENOMINATOR R80 COULD NOT SEE - a bind count of zero against an empty table means nothing at all. || OMSetRenderTargets: fired=0 rtvs=0 | matched via OUR TABLE=0 | matched via get_resource_from_view=0 || BeginRenderPass: fired=0 targets=0 matched=0 || Barrier: fired=199236 resources=548723 matched=10415, costing 13905 ns/frame || #2 1920x1080 rtv=0 rp=0 bar=3(0x80000000->0x8) | #4 3840x2160 rtv=0 rp=0 bar=4(0xC0->0x40) | #5 1920x1080 rtv=0 rp=0 bar=4(0xC0->0x40) | #6 1920x1080 rtv=0 rp=0 bar=4(0xC0->0x40) | #7 1920x1080 rtv=0 rp=0 bar=5(0xC0->0x40) | #8 2560x1440 rtv=0 rp=0 bar=1094(0xC0->0x8) | || HOW TO READ IT. via TABLE=0 while via get_resource_from_view is non-zero: the table was the whole bug and R76 through R81 were spent on a cache we never needed. BeginRenderPass fired while OMSetRenderTargets did not: this engine uses render passes and we were subscribed to the wrong event. Barrier matched with a per-frame count near the frame count: use THAT permanently - it needs no view, no table and no binding-path assumption, and 0x4->0xC0 (render_target -> shader_resource) is the moment AFTER the pass wrote, which is the correct moment to copy and is one the bind events cannot offer. NOTE THE STALENESS R78 DID NOT STATE: both bind events fire BEFORE the pass runs, so a copy taken there carries the PREVIOUS frame's vectors. All three silent with candidates present is the only reading that makes optical flow or NGX hooking the honest next step. Two of the barriers per frame on the published source are OURS.
23:50:54:123 [ 7576] | INFO  | [MGPU Bridge] [MGPU][R63] DEPTH TRANSPORT f=301 mode=1 (TRANSPORTED AND BOUND) | producer: valid=305 invalid=0 size-rejected=0, arm held 0 frame(s) | consumer: seals seen valid=301 invalid=0 contract mismatches=0 | region 3840x2160 fmt=41 pitch=15360 bytes=33177600 at slot offset 33178112 of 95846912. INVALID IS NOT AN ERROR: ReShade unbinds depth in menus and scene changes, and R61 established that shipping the zeros it leaves behind would hand the model a false flat plane. An invalid frame carries the colour and says so. WHAT WOULD BE AN ERROR is contract mismatches above zero, or valid staying at zero once you are in gameplay - that means the tap is not feeding us. 100.0% of sealed frames carried depth. | GPU 1: unpacked=300 bound=297 skipped=0, DepthInverted=1, flag disagreements=0 (the seal crossed the adapter and the slot flag did not, so any disagreement between them is real). BOUND vs SKIPPED IS THE R61 TEST: skipped counts frames where ReShade had no depth and the model was given NONE rather than the previous frame's - open a menu mid-stream and this must move.
23:50:54:124 [ 7576] | INFO  | [MGPU Bridge] [MGPU][R78] MVEC TRANSPORT f=301 mode=3 REAL | producer: copies=305 missing=0 size-rejected=0 lock-skipped=0, arm held 239 frame(s) | consumer: seals seen valid=301 invalid=0 contract mismatches=0 flag disagreements=7 | region 2560x1440 fmt=10 pitch=20480 bytes=29491200 at slot offset 66355712 of 95846912 | GPU 1: unpacked=300 bound=297 skipped=0, scale=(2560.000, 1440.000). 100.0% of sealed frames carried vectors. COPIES IS THE ONE TO WATCH: it counts frames where the bind hook fired and a copy was recorded. If it stays at zero the probe published a handle nobody binds, and MVec never reaches the model whatever the rest of this line says. SKIPPED IS NOT AN ERROR - it counts frames with no vectors, which is what a menu looks like, and those frames are handed NONE rather than the last frame's motion.
23:50:54:124 [ 7576] | INFO  | [MGPU Bridge] [MGPU][R87] MVEC FRAME ALIGNMENT f=301 | evaluates=297 | elapsed 1=295 2=1 3=0 4=1 5=0 6=0 7=0 8+=0 | worst=4 | 99.33% at 1. A motion vector describes ONE game frame; NR reprojects by whatever it is handed. When the frame NR blends against is older than one, history lands SHORT by this factor - zero error at rest, growing with speed, and no constant MVecScale can fix it. The scale is multiplied by this per evaluate. IF THIS LINE IS FLAT AT 1 AND THE ARTEFACT IS UNCHANGED, PACING IS ELIMINATED and what remains is units or sign. P4.1's skipped-frame counter predicts about 99.5% at 1, so a materially lower figure here is a desync no counter has shown us.
23:50:54:208 [ 7576] | INFO  | [MGPU Bridge] [MGPU][SEAL] new f=305 slot=4 gap=1 lat=103.73ms pitch=15360 fmt=28 bytes=33177600 bc=0(unimplemented) OK
23:50:54:438 [ 7576] | INFO  | [MGPU Bridge] [MGPU][T5] present loop alive: frame 1800 thread id 0x1D98
23:50:55:494 [ 7576] | INFO  | [MGPU Bridge] [MGPU][SEAL] new f=366 slot=5 gap=1 lat=101.51ms pitch=15360 fmt=28 bytes=33177600 bc=0(unimplemented) OK
23:50:56:787 [ 7576] | INFO  | [MGPU Bridge] [MGPU][SEAL] new f=427 slot=0 gap=1 lat=104.53ms pitch=15360 fmt=28 bytes=33177600 bc=0(unimplemented) OK
23:50:56:854 [27632] | INFO  | [MGPU Bridge] [MGPU][P9.1] META SRC mvec lane: 20 candidate(s), 513 ns/frame over 1127 frames. R72: RANKED AND SORTED BY RTV BINDS - how often each is RENDERED INTO, which is a per-frame usage signal. srvs is kept alongside as the old created over the resource. THIS DOES NOT IDENTIFY MOTION VECTORS - nothing in ReShade says which one they are - it says whether an MVec-shaped resource is visible from a subscriber at all. An empty list with a non-zero examined count is the result that says the NGX hook has to be earned or abandoned. root-descriptor SRV pushes=0 (zero here with a non-zero SRV count above means this engine binds through descriptor TABLES and push_descriptors is blind in it - a fact about the engine, not a fault). | #0 1920x1080 R16G16_FLOAT srvs=1 RTVBINDS=0 (0.00/frame) | #1 1920x1080 R16G16_FLOAT srvs=1 RTVBINDS=0 (0.00/frame) | #2 1920x1080 R16G16_FLOAT srvs=1 RTVBINDS=0 (0.00/frame) | #3 3840x2160 R16G16_SNORM srvs=1 RTVBINDS=0 (0.00/frame) <-DISPLAY-EXTENT | #4 3840x2160 R16G16_SNORM srvs=1 RTVBINDS=0 (0.00/frame) <-DISPLAY-EXTENT | #5 1920x1080 R16G16_FLOAT srvs=1 RTVBINDS=0 (0.00/frame) | #6 1920x1080 R16G16_FLOAT srvs=1 RTVBINDS=0 (0.00/frame) | #7 1920x1080 R16G16_FLOAT srvs=1 RTVBINDS=0 (0.00/frame)
23:50:56:854 [27632] | INFO  | [MGPU Bridge] [MGPU][R71] MVEC SIZES over ALL 20 candidate(s): 1920x1080 x8 | 3840x2160 x4 | 2560x1440 x8 | || TRANSPORT SOURCE res=0x232d78da520 (0 means not identified yet - it needs a display-extent candidate with render-target binds), handed to the transport 0 times, 0 second-binds-in-a-frame skipped. || EVICTIONS: 7 resources destroyed and removed from the tables (R76 - a resolution change destroys every render target, and a stale entry is a copy from freed memory). RTV BINDS SEEN IN TOTAL: 0. THE RANK ABOVE IS NOW RENDER TARGET BINDS, NOT SRV CREATIONS. R25 ranked by SRVs created, got 6/5/3/3, and called it "a candidate, not an identification" - that flatness was the SIGNAL being wrong, not the game. An SRV creation count is a LIFETIME number; a velocity buffer is RENDERED INTO once per frame, and RTVBINDS is that. THE EXTENT TO MATCH IS THE DISPLAY EXTENT 3840x2160, not the render extent: the game's own DLSS telemetry says ColorExtentHeight=936 with MVExtentWidth=2560 MVExtentHeight=1440, so this title feeds HIGH-RESOLUTION motion vectors. A single candidate marked <-DISPLAY-EXTENT with RTVBINDS close to the frame count is the velocity buffer. RTV BINDS SEEN = 0 with candidates present means THIS EVENT did not see it, and says nothing whatever about the other two. R81 retracted the sentence that used to sit here - it named optical flow and NGX hooking as the routes left, before anyon
23:50:56:854 [27632] | INFO  | [MGPU Bridge] [MGPU][R82] ACQUISITION SIGNALS - three of them, one run. || RTV VIEW TABLE: 28 of 128 entries. THAT IS THE DENOMINATOR R80 COULD NOT SEE - a bind count of zero against an empty table means nothing at all. || OMSetRenderTargets: fired=0 rtvs=0 | matched via OUR TABLE=0 | matched via get_resource_from_view=0 || BeginRenderPass: fired=0 targets=0 matched=0 || Barrier: fired=255025 resources=693325 matched=13113, costing 15383 ns/frame || #2 1920x1080 rtv=0 rp=0 bar=3(0x80000000->0x8) | #4 3840x2160 rtv=0 rp=0 bar=4(0xC0->0x40) | #5 1920x1080 rtv=0 rp=0 bar=4(0xC0->0x40) | #6 1920x1080 rtv=0 rp=0 bar=4(0xC0->0x40) | #7 1920x1080 rtv=0 rp=0 bar=5(0xC0->0x40) | #8 2560x1440 rtv=0 rp=0 bar=1378(0xC0->0x8) | || HOW TO READ IT. via TABLE=0 while via get_resource_from_view is non-zero: the table was the whole bug and R76 through R81 were spent on a cache we never needed. BeginRenderPass fired while OMSetRenderTargets did not: this engine uses render passes and we were subscribed to the wrong event. Barrier matched with a per-frame count near the frame count: use THAT permanently - it needs no view, no table and no binding-path assumption, and 0x4->0xC0 (render_target -> shader_resource) is the moment AFTER the pass wrote, which is the correct moment to copy and is one the bind events cannot offer. NOTE THE STALENESS R78 DID NOT STATE: both bind events fire BEFORE the pass runs, so a copy taken there carries the PREVIOUS frame's vectors. All three silent with candidates present is the only reading that makes optical flow or NGX hooking the honest next step. Two of the barriers per frame on the published source are OURS.
23:50:58:076 [ 7576] | INFO  | [MGPU Bridge] [MGPU][SEAL] new f=488 slot=1 gap=1 lat=103.55ms pitch=15360 fmt=28 bytes=33177600 bc=0(unimplemented) OK
23:50:58:395 [18228] | INFO  | [MGPU Bridge] [MGPU][R101] CALIBRATOR mode=2 site=data-scan | slots=57 data-slots=2 modules=174 gpa-calls=170 | resolved=1 creates=1 sr-handle=known | evaluates=762 captured=762 | cost 2975 ns/frame | eval-copies=762 eval-skips=0. || THE GAME'S OWN TABLE: color=0x232d7f29140 depth=0x232be307340 MVEC=0x232d7823060 output=0x232d77c3980 | MVecScale 2560.0000,1440.0000 | jitter 0.2168,-0.2183 | Reset=0 | CreateFlags=0x4b -> DepthInverted=1 MVLowRes=1 MVJittered=0 IsHDR=1 AutoExposure=1 | quality=2 | render 2560x1440 -> display 3840x2160 | dynamic 1920x1080..3840x2160 | subrect 2560x1440 at color(0,0) depth(0,0) MV(0,0) out(0,0) | have=0x1fff. || HOW TO READ IT. resolved=0 with evaluates=0 means no module asked for the entry point after we installed - either the title does not use DLSS, or it resolved before the addon loaded; the barrier path is untouched either way and is still what drives. sr-handle=UNFILTERED means we were not present for CreateFeature, so the table may be from frame generation rather than super sampling - check that render/display extents look like a supersampling pair before trusting it. MVEC here is the GAME'S answer to the question every round from R70 to R100 tried to infer; if it does not equal the handle the barrier probe armed on Dragon Sword, the probe was wrong on a title we believed, and THAT is the finding. have=0 bits name the keys this producer does not populate - Streamline and the raw SDK do not set the same subset, and the difference is a fact about the route, not a bug. MVLowRes IS DEFERRED OPTION 11 ANSWERED: 1 means the game's motion vectors are at RENDER resolution, 0 means display resolution, and we have been inferring that from buffer sizes since R83. Read it together with MVecScale - a low-res field with a display-sized scale is the shape that makes reprojection look almost right.
23:50:59:364 [ 7576] | INFO  | [MGPU Bridge] [MGPU][SEAL] new f=549 slot=2 gap=1 lat=104.16ms pitch=15360 fmt=28 bytes=33177600 bc=0(unimplemented) OK
23:50:59:873 [27632] | INFO  | [MGPU Bridge] [MGPU][P9.1] META SRC mvec lane: 20 candidate(s), 516 ns/frame over 1270 frames. R72: RANKED AND SORTED BY RTV BINDS - how often each is RENDERED INTO, which is a per-frame usage signal. srvs is kept alongside as the old created over the resource. THIS DOES NOT IDENTIFY MOTION VECTORS - nothing in ReShade says which one they are - it says whether an MVec-shaped resource is visible from a subscriber at all. An empty list with a non-zero examined count is the result that says the NGX hook has to be earned or abandoned. root-descriptor SRV pushes=0 (zero here with a non-zero SRV count above means this engine binds through descriptor TABLES and push_descriptors is blind in it - a fact about the engine, not a fault). | #0 1920x1080 R16G16_FLOAT srvs=1 RTVBINDS=0 (0.00/frame) | #1 1920x1080 R16G16_FLOAT srvs=1 RTVBINDS=0 (0.00/frame) | #2 1920x1080 R16G16_FLOAT srvs=1 RTVBINDS=0 (0.00/frame) | #3 3840x2160 R16G16_SNORM srvs=1 RTVBINDS=0 (0.00/frame) <-DISPLAY-EXTENT | #4 3840x2160 R16G16_SNORM srvs=1 RTVBINDS=0 (0.00/frame) <-DISPLAY-EXTENT | #5 1920x1080 R16G16_FLOAT srvs=1 RTVBINDS=0 (0.00/frame) | #6 1920x1080 R16G16_FLOAT srvs=1 RTVBINDS=0 (0.00/frame) | #7 1920x1080 R16G16_FLOAT srvs=1 RTVBINDS=0 (0.00/frame)
23:50:59:873 [27632] | INFO  | [MGPU Bridge] [MGPU][R71] MVEC SIZES over ALL 20 candidate(s): 1920x1080 x8 | 3840x2160 x4 | 2560x1440 x8 | || TRANSPORT SOURCE res=0x232d78da520 (0 means not identified yet - it needs a display-extent candidate with render-target binds), handed to the transport 0 times, 0 second-binds-in-a-frame skipped. || EVICTIONS: 7 resources destroyed and removed from the tables (R76 - a resolution change destroys every render target, and a stale entry is a copy from freed memory). RTV BINDS SEEN IN TOTAL: 0. THE RANK ABOVE IS NOW RENDER TARGET BINDS, NOT SRV CREATIONS. R25 ranked by SRVs created, got 6/5/3/3, and called it "a candidate, not an identification" - that flatness was the SIGNAL being wrong, not the game. An SRV creation count is a LIFETIME number; a velocity buffer is RENDERED INTO once per frame, and RTVBINDS is that. THE EXTENT TO MATCH IS THE DISPLAY EXTENT 3840x2160, not the render extent: the game's own DLSS telemetry says ColorExtentHeight=936 with MVExtentWidth=2560 MVExtentHeight=1440, so this title feeds HIGH-RESOLUTION motion vectors. A single candidate marked <-DISPLAY-EXTENT with RTVBINDS close to the frame count is the velocity buffer. RTV BINDS SEEN = 0 with candidates present means THIS EVENT did not see it, and says nothing whatever about the other two. R81 retracted the sentence that used to sit here - it named optical flow and NGX hooking as the routes left, before anyon
23:50:59:873 [27632] | INFO  | [MGPU Bridge] [MGPU][R82] ACQUISITION SIGNALS - three of them, one run. || RTV VIEW TABLE: 28 of 128 entries. THAT IS THE DENOMINATOR R80 COULD NOT SEE - a bind count of zero against an empty table means nothing at all. || OMSetRenderTargets: fired=0 rtvs=0 | matched via OUR TABLE=0 | matched via get_resource_from_view=0 || BeginRenderPass: fired=0 targets=0 matched=0 || Barrier: fired=311210 resources=839054 matched=15830, costing 16583 ns/frame || #2 1920x1080 rtv=0 rp=0 bar=3(0x80000000->0x8) | #4 3840x2160 rtv=0 rp=0 bar=4(0xC0->0x40) | #5 1920x1080 rtv=0 rp=0 bar=4(0xC0->0x40) | #6 1920x1080 rtv=0 rp=0 bar=4(0xC0->0x40) | #7 1920x1080 rtv=0 rp=0 bar=5(0xC0->0x40) | #8 2560x1440 rtv=0 rp=0 bar=1664(0xC0->0x8) | || HOW TO READ IT. via TABLE=0 while via get_resource_from_view is non-zero: the table was the whole bug and R76 through R81 were spent on a cache we never needed. BeginRenderPass fired while OMSetRenderTargets did not: this engine uses render passes and we were subscribed to the wrong event. Barrier matched with a per-frame count near the frame count: use THAT permanently - it needs no view, no table and no binding-path assumption, and 0x4->0xC0 (render_target -> shader_resource) is the moment AFTER the pass wrote, which is the correct moment to copy and is one the bind events cannot offer. NOTE THE STALENESS R78 DID NOT STATE: both bind events fire BEFORE the pass runs, so a copy taken there carries the PREVIOUS frame's vectors. All three silent with candidates present is the only reading that makes optical flow or NGX hooking the honest next step. Two of the barriers per frame on the published source are OURS.
23:51:00:461 [ 7576] | INFO  | [MGPU Bridge] [MGPU][R63] DEPTH TRANSPORT f=601 mode=1 (TRANSPORTED AND BOUND) | producer: valid=605 invalid=0 size-rejected=0, arm held 0 frame(s) | consumer: seals seen valid=601 invalid=0 contract mismatches=0 | region 3840x2160 fmt=41 pitch=15360 bytes=33177600 at slot offset 33178112 of 95846912. INVALID IS NOT AN ERROR: ReShade unbinds depth in menus and scene changes, and R61 established that shipping the zeros it leaves behind would hand the model a false flat plane. An invalid frame carries the colour and says so. WHAT WOULD BE AN ERROR is contract mismatches above zero, or valid staying at zero once you are in gameplay - that means the tap is not feeding us. 100.0% of sealed frames carried depth. | GPU 1: unpacked=600 bound=597 skipped=0, DepthInverted=1, flag disagreements=0 (the seal crossed the adapter and the slot flag did not, so any disagreement between them is real). BOUND vs SKIPPED IS THE R61 TEST: skipped counts frames where ReShade had no depth and the model was given NONE rather than the previous frame's - open a menu mid-stream and this must move.
23:51:00:462 [ 7576] | INFO  | [MGPU Bridge] [MGPU][R78] MVEC TRANSPORT f=601 mode=3 REAL | producer: copies=606 missing=0 size-rejected=0 lock-skipped=0, arm held 239 frame(s) | consumer: seals seen valid=601 invalid=0 contract mismatches=0 flag disagreements=8 | region 2560x1440 fmt=10 pitch=20480 bytes=29491200 at slot offset 66355712 of 95846912 | GPU 1: unpacked=600 bound=597 skipped=0, scale=(2560.000, 1440.000). 100.0% of sealed frames carried vectors. COPIES IS THE ONE TO WATCH: it counts frames where the bind hook fired and a copy was recorded. If it stays at zero the probe published a handle nobody binds, and MVec never reaches the model whatever the rest of this line says. SKIPPED IS NOT AN ERROR - it counts frames with no vectors, which is what a menu looks like, and those frames are handed NONE rather than the last frame's motion.
23:51:00:462 [ 7576] | INFO  | [MGPU Bridge] [MGPU][R87] MVEC FRAME ALIGNMENT f=601 | evaluates=597 | elapsed 1=595 2=1 3=0 4=1 5=0 6=0 7=0 8+=0 | worst=4 | 99.66% at 1. A motion vector describes ONE game frame; NR reprojects by whatever it is handed. When the frame NR blends against is older than one, history lands SHORT by this factor - zero error at rest, growing with speed, and no constant MVecScale can fix it. The scale is multiplied by this per evaluate. IF THIS LINE IS FLAT AT 1 AND THE ARTEFACT IS UNCHANGED, PACING IS ELIMINATED and what remains is units or sign. P4.1's skipped-frame counter predicts about 99.5% at 1, so a materially lower figure here is a desync no counter has shown us.
23:51:00:652 [ 7576] | INFO  | [MGPU Bridge] [MGPU][SEAL] new f=610 slot=3 gap=1 lat=105.16ms pitch=15360 fmt=28 bytes=33177600 bc=0(unimplemented) OK
23:51:01:940 [ 7576] | INFO  | [MGPU Bridge] [MGPU][SEAL] new f=671 slot=4 gap=1 lat=104.57ms pitch=15360 fmt=28 bytes=33177600 bc=0(unimplemented) OK
23:51:02:894 [25140] | INFO  | [MGPU Bridge] [MGPU][P9.1] META SRC mvec lane: 20 candidate(s), 522 ns/frame over 1413 frames. R72: RANKED AND SORTED BY RTV BINDS - how often each is RENDERED INTO, which is a per-frame usage signal. srvs is kept alongside as the old created over the resource. THIS DOES NOT IDENTIFY MOTION VECTORS - nothing in ReShade says which one they are - it says whether an MVec-shaped resource is visible from a subscriber at all. An empty list with a non-zero examined count is the result that says the NGX hook has to be earned or abandoned. root-descriptor SRV pushes=0 (zero here with a non-zero SRV count above means this engine binds through descriptor TABLES and push_descriptors is blind in it - a fact about the engine, not a fault). | #0 1920x1080 R16G16_FLOAT srvs=1 RTVBINDS=0 (0.00/frame) | #1 1920x1080 R16G16_FLOAT srvs=1 RTVBINDS=0 (0.00/frame) | #2 1920x1080 R16G16_FLOAT srvs=1 RTVBINDS=0 (0.00/frame) | #3 3840x2160 R16G16_SNORM srvs=1 RTVBINDS=0 (0.00/frame) <-DISPLAY-EXTENT | #4 3840x2160 R16G16_SNORM srvs=1 RTVBINDS=0 (0.00/frame) <-DISPLAY-EXTENT | #5 1920x1080 R16G16_FLOAT srvs=1 RTVBINDS=0 (0.00/frame) | #6 1920x1080 R16G16_FLOAT srvs=1 RTVBINDS=0 (0.00/frame) | #7 1920x1080 R16G16_FLOAT srvs=1 RTVBINDS=0 (0.00/frame)
23:51:02:895 [25140] | INFO  | [MGPU Bridge] [MGPU][R71] MVEC SIZES over ALL 20 candidate(s): 1920x1080 x8 | 3840x2160 x4 | 2560x1440 x8 | || TRANSPORT SOURCE res=0x232d78da520 (0 means not identified yet - it needs a display-extent candidate with render-target binds), handed to the transport 0 times, 0 second-binds-in-a-frame skipped. || EVICTIONS: 7 resources destroyed and removed from the tables (R76 - a resolution change destroys every render target, and a stale entry is a copy from freed memory). RTV BINDS SEEN IN TOTAL: 0. THE RANK ABOVE IS NOW RENDER TARGET BINDS, NOT SRV CREATIONS. R25 ranked by SRVs created, got 6/5/3/3, and called it "a candidate, not an identification" - that flatness was the SIGNAL being wrong, not the game. An SRV creation count is a LIFETIME number; a velocity buffer is RENDERED INTO once per frame, and RTVBINDS is that. THE EXTENT TO MATCH IS THE DISPLAY EXTENT 3840x2160, not the render extent: the game's own DLSS telemetry says ColorExtentHeight=936 with MVExtentWidth=2560 MVExtentHeight=1440, so this title feeds HIGH-RESOLUTION motion vectors. A single candidate marked <-DISPLAY-EXTENT with RTVBINDS close to the frame count is the velocity buffer. RTV BINDS SEEN = 0 with candidates present means THIS EVENT did not see it, and says nothing whatever about the other two. R81 retracted the sentence that used to sit here - it named optical flow and NGX hooking as the routes left, before anyon
23:51:02:895 [25140] | INFO  | [MGPU Bridge] [MGPU][R82] ACQUISITION SIGNALS - three of them, one run. || RTV VIEW TABLE: 28 of 128 entries. THAT IS THE DENOMINATOR R80 COULD NOT SEE - a bind count of zero against an empty table means nothing at all. || OMSetRenderTargets: fired=0 rtvs=0 | matched via OUR TABLE=0 | matched via get_resource_from_view=0 || BeginRenderPass: fired=0 targets=0 matched=0 || Barrier: fired=367399 resources=984686 matched=18547, costing 17569 ns/frame || #2 1920x1080 rtv=0 rp=0 bar=3(0x80000000->0x8) | #4 3840x2160 rtv=0 rp=0 bar=4(0xC0->0x40) | #5 1920x1080 rtv=0 rp=0 bar=4(0xC0->0x40) | #6 1920x1080 rtv=0 rp=0 bar=4(0xC0->0x40) | #7 1920x1080 rtv=0 rp=0 bar=5(0xC0->0x40) | #8 2560x1440 rtv=0 rp=0 bar=1950(0xC0->0x8) | || HOW TO READ IT. via TABLE=0 while via get_resource_from_view is non-zero: the table was the whole bug and R76 through R81 were spent on a cache we never needed. BeginRenderPass fired while OMSetRenderTargets did not: this engine uses render passes and we were subscribed to the wrong event. Barrier matched with a per-frame count near the frame count: use THAT permanently - it needs no view, no table and no binding-path assumption, and 0x4->0xC0 (render_target -> shader_resource) is the moment AFTER the pass wrote, which is the correct moment to copy and is one the bind events cannot offer. NOTE THE STALENESS R78 DID NOT STATE: both bind events fire BEFORE the pass runs, so a copy taken there carries the PREVIOUS frame's vectors. All three silent with candidates present is the only reading that makes optical flow or NGX hooking the honest next step. Two of the barriers per frame on the published source are OURS.
23:51:03:230 [ 7576] | INFO  | [MGPU Bridge] [MGPU][SEAL] new f=732 slot=5 gap=1 lat=104.71ms pitch=15360 fmt=28 bytes=33177600 bc=0(unimplemented) OK
23:51:04:526 [ 7576] | INFO  | [MGPU Bridge] [MGPU][SEAL] new f=793 slot=0 gap=1 lat=104.41ms pitch=15360 fmt=28 bytes=33177600 bc=0(unimplemented) OK
23:51:04:739 [28972] | INFO  | [MGPU Bridge] [MGPU][R101] CALIBRATOR mode=2 site=data-scan | slots=57 data-slots=2 modules=174 gpa-calls=170 | resolved=1 creates=1 sr-handle=known | evaluates=1062 captured=1062 | cost 3433 ns/frame | eval-copies=1062 eval-skips=0. || THE GAME'S OWN TABLE: color=0x232d7f29140 depth=0x232be307340 MVEC=0x232d7823060 output=0x232d77c3980 | MVecScale 2560.0000,1440.0000 | jitter -0.3199,-0.1704 | Reset=0 | CreateFlags=0x4b -> DepthInverted=1 MVLowRes=1 MVJittered=0 IsHDR=1 AutoExposure=1 | quality=2 | render 2560x1440 -> display 3840x2160 | dynamic 1920x1080..3840x2160 | subrect 2560x1440 at color(0,0) depth(0,0) MV(0,0) out(0,0) | have=0x1fff. || HOW TO READ IT. resolved=0 with evaluates=0 means no module asked for the entry point after we installed - either the title does not use DLSS, or it resolved before the addon loaded; the barrier path is untouched either way and is still what drives. sr-handle=UNFILTERED means we were not present for CreateFeature, so the table may be from frame generation rather than super sampling - check that render/display extents look like a supersampling pair before trusting it. MVEC here is the GAME'S answer to the question every round from R70 to R100 tried to infer; if it does not equal the handle the barrier probe armed on Dragon Sword, the probe was wrong on a title we believed, and THAT is the finding. have=0 bits name the keys this producer does not populate - Streamline and the raw SDK do not set the same subset, and the difference is a fact about the route, not a bug. MVLowRes IS DEFERRED OPTION 11 ANSWERED: 1 means the game's motion vectors are at RENDER resolution, 0 means display resolution, and we have been inferring that from buffer sizes since R83. Read it together with MVecScale - a low-res field with a display-sized scale is the shape that makes reprojection look almost right.
23:51:05:841 [ 7576] | INFO  | [MGPU Bridge] [MGPU][SEAL] new f=854 slot=1 gap=1 lat=104.66ms pitch=15360 fmt=28 bytes=33177600 bc=0(unimplemented) OK
23:51:05:910 [21160] | INFO  | [MGPU Bridge] [MGPU][P9.1] META SRC mvec lane: 20 candidate(s), 532 ns/frame over 1554 frames. R72: RANKED AND SORTED BY RTV BINDS - how often each is RENDERED INTO, which is a per-frame usage signal. srvs is kept alongside as the old created over the resource. THIS DOES NOT IDENTIFY MOTION VECTORS - nothing in ReShade says which one they are - it says whether an MVec-shaped resource is visible from a subscriber at all. An empty list with a non-zero examined count is the result that says the NGX hook has to be earned or abandoned. root-descriptor SRV pushes=0 (zero here with a non-zero SRV count above means this engine binds through descriptor TABLES and push_descriptors is blind in it - a fact about the engine, not a fault). | #0 1920x1080 R16G16_FLOAT srvs=1 RTVBINDS=0 (0.00/frame) | #1 1920x1080 R16G16_FLOAT srvs=1 RTVBINDS=0 (0.00/frame) | #2 1920x1080 R16G16_FLOAT srvs=1 RTVBINDS=0 (0.00/frame) | #3 3840x2160 R16G16_SNORM srvs=1 RTVBINDS=0 (0.00/frame) <-DISPLAY-EXTENT | #4 3840x2160 R16G16_SNORM srvs=1 RTVBINDS=0 (0.00/frame) <-DISPLAY-EXTENT | #5 1920x1080 R16G16_FLOAT srvs=1 RTVBINDS=0 (0.00/frame) | #6 1920x1080 R16G16_FLOAT srvs=1 RTVBINDS=0 (0.00/frame) | #7 1920x1080 R16G16_FLOAT srvs=1 RTVBINDS=0 (0.00/frame)
23:51:05:910 [21160] | INFO  | [MGPU Bridge] [MGPU][R71] MVEC SIZES over ALL 20 candidate(s): 1920x1080 x8 | 3840x2160 x4 | 2560x1440 x8 | || TRANSPORT SOURCE res=0x232d78da520 (0 means not identified yet - it needs a display-extent candidate with render-target binds), handed to the transport 0 times, 0 second-binds-in-a-frame skipped. || EVICTIONS: 7 resources destroyed and removed from the tables (R76 - a resolution change destroys every render target, and a stale entry is a copy from freed memory). RTV BINDS SEEN IN TOTAL: 0. THE RANK ABOVE IS NOW RENDER TARGET BINDS, NOT SRV CREATIONS. R25 ranked by SRVs created, got 6/5/3/3, and called it "a candidate, not an identification" - that flatness was the SIGNAL being wrong, not the game. An SRV creation count is a LIFETIME number; a velocity buffer is RENDERED INTO once per frame, and RTVBINDS is that. THE EXTENT TO MATCH IS THE DISPLAY EXTENT 3840x2160, not the render extent: the game's own DLSS telemetry says ColorExtentHeight=936 with MVExtentWidth=2560 MVExtentHeight=1440, so this title feeds HIGH-RESOLUTION motion vectors. A single candidate marked <-DISPLAY-EXTENT with RTVBINDS close to the frame count is the velocity buffer. RTV BINDS SEEN = 0 with candidates present means THIS EVENT did not see it, and says nothing whatever about the other two. R81 retracted the sentence that used to sit here - it named optical flow and NGX hooking as the routes left, before anyon
23:51:05:910 [21160] | INFO  | [MGPU Bridge] [MGPU][R82] ACQUISITION SIGNALS - three of them, one run. || RTV VIEW TABLE: 28 of 128 entries. THAT IS THE DENOMINATOR R80 COULD NOT SEE - a bind count of zero against an empty table means nothing at all. || OMSetRenderTargets: fired=0 rtvs=0 | matched via OUR TABLE=0 | matched via get_resource_from_view=0 || BeginRenderPass: fired=0 targets=0 matched=0 || Barrier: fired=423220 resources=1129199 matched=21226, costing 18354 ns/frame || #2 1920x1080 rtv=0 rp=0 bar=3(0x80000000->0x8) | #4 3840x2160 rtv=0 rp=0 bar=4(0xC0->0x40) | #5 1920x1080 rtv=0 rp=0 bar=4(0xC0->0x40) | #6 1920x1080 rtv=0 rp=0 bar=4(0xC0->0x40) | #7 1920x1080 rtv=0 rp=0 bar=5(0xC0->0x40) | #8 2560x1440 rtv=0 rp=0 bar=2232(0xC0->0x8) | || HOW TO READ IT. via TABLE=0 while via get_resource_from_view is non-zero: the table was the whole bug and R76 through R81 were spent on a cache we never needed. BeginRenderPass fired while OMSetRenderTargets did not: this engine uses render passes and we were subscribed to the wrong event. Barrier matched with a per-frame count near the frame count: use THAT permanently - it needs no view, no table and no binding-path assumption, and 0x4->0xC0 (render_target -> shader_resource) is the moment AFTER the pass wrote, which is the correct moment to copy and is one the bind events cannot offer. NOTE THE STALENESS R78 DID NOT STATE: both bind events fire BEFORE the pass runs, so a copy taken there carries the PREVIOUS frame's vectors. All three silent with candidates present is the only reading that makes optical flow or NGX hooking the honest next step. Two of the barriers per frame on the published source are OURS.
23:51:06:866 [ 7576] | INFO  | [MGPU Bridge] [MGPU][R63] DEPTH TRANSPORT f=901 mode=1 (TRANSPORTED AND BOUND) | producer: valid=905 invalid=0 size-rejected=0, arm held 0 frame(s) | consumer: seals seen valid=901 invalid=0 contract mismatches=0 | region 3840x2160 fmt=41 pitch=15360 bytes=33177600 at slot offset 33178112 of 95846912. INVALID IS NOT AN ERROR: ReShade unbinds depth in menus and scene changes, and R61 established that shipping the zeros it leaves behind would hand the model a false flat plane. An invalid frame carries the colour and says so. WHAT WOULD BE AN ERROR is contract mismatches above zero, or valid staying at zero once you are in gameplay - that means the tap is not feeding us. 100.0% of sealed frames carried depth. | GPU 1: unpacked=900 bound=897 skipped=0, DepthInverted=1, flag disagreements=0 (the seal crossed the adapter and the slot flag did not, so any disagreement between them is real). BOUND vs SKIPPED IS THE R61 TEST: skipped counts frames where ReShade had no depth and the model was given NONE rather than the previous frame's - open a menu mid-stream and this must move.
23:51:06:866 [ 7576] | INFO  | [MGPU Bridge] [MGPU][R78] MVEC TRANSPORT f=901 mode=3 REAL | producer: copies=905 missing=0 size-rejected=0 lock-skipped=0, arm held 239 frame(s) | consumer: seals seen valid=901 invalid=0 contract mismatches=0 flag disagreements=8 | region 2560x1440 fmt=10 pitch=20480 bytes=29491200 at slot offset 66355712 of 95846912 | GPU 1: unpacked=900 bound=897 skipped=0, scale=(2560.000, 1440.000). 100.0% of sealed frames carried vectors. COPIES IS THE ONE TO WATCH: it counts frames where the bind hook fired and a copy was recorded. If it stays at zero the probe published a handle nobody binds, and MVec never reaches the model whatever the rest of this line says. SKIPPED IS NOT AN ERROR - it counts frames with no vectors, which is what a menu looks like, and those frames are handed NONE rather than the last frame's motion.
23:51:06:866 [ 7576] | INFO  | [MGPU Bridge] [MGPU][R87] MVEC FRAME ALIGNMENT f=901 | evaluates=897 | elapsed 1=895 2=1 3=0 4=1 5=0 6=0 7=0 8+=0 | worst=4 | 99.78% at 1. A motion vector describes ONE game frame; NR reprojects by whatever it is handed. When the frame NR blends against is older than one, history lands SHORT by this factor - zero error at rest, growing with speed, and no constant MVecScale can fix it. The scale is multiplied by this per evaluate. IF THIS LINE IS FLAT AT 1 AND THE ARTEFACT IS UNCHANGED, PACING IS ELIMINATED and what remains is units or sign. P4.1's skipped-frame counter predicts about 99.5% at 1, so a materially lower figure here is a desync no counter has shown us.
23:51:07:175 [ 7576] | INFO  | [MGPU Bridge] [MGPU][SEAL] new f=915 slot=2 gap=1 lat=107.17ms pitch=15360 fmt=28 bytes=33177600 bc=0(unimplemented) OK
23:51:07:199 [ 7576] | INFO  | [MGPU Bridge] [MGPU][T5] present loop alive: frame 2400 thread id 0x1D98
23:51:08:249 [ 7576] | INFO  | [MGPU Bridge] [MGPU][SEAL] new f=1098 slot=5 gap=1 lat=28.70ms pitch=15360 fmt=28 bytes=33177600 bc=0(unimplemented) OK
23:51:08:274 [18228] | INFO  | [MGPU Bridge] [MGPU][R101] CALIBRATOR mode=2 site=data-scan | slots=57 data-slots=2 modules=174 gpa-calls=182 | resolved=1 creates=1 sr-handle=known | evaluates=1173 captured=1173 | cost 3120 ns/frame | eval-copies=1173 eval-skips=0. || THE GAME'S OWN TABLE: color=0x232d7f29140 depth=0x232be307340 MVEC=0x232d7823060 output=0x232d77c3980 | MVecScale 2560.0000,1440.0000 | jitter 0.4715,-0.4227 | Reset=0 | CreateFlags=0x4b -> DepthInverted=1 MVLowRes=1 MVJittered=0 IsHDR=1 AutoExposure=1 | quality=2 | render 2560x1440 -> display 3840x2160 | dynamic 1920x1080..3840x2160 | subrect 2560x1440 at color(0,0) depth(0,0) MV(0,0) out(0,0) | have=0x1fff. || HOW TO READ IT. resolved=0 with evaluates=0 means no module asked for the entry point after we installed - either the title does not use DLSS, or it resolved before the addon loaded; the barrier path is untouched either way and is still what drives. sr-handle=UNFILTERED means we were not present for CreateFeature, so the table may be from frame generation rather than super sampling - check that render/display extents look like a supersampling pair before trusting it. MVEC here is the GAME'S answer to the question every round from R70 to R100 tried to infer; if it does not equal the handle the barrier probe armed on Dragon Sword, the probe was wrong on a title we believed, and THAT is the finding. have=0 bits name the keys this producer does not populate - Streamline and the raw SDK do not set the same subset, and the difference is a fact about the route, not a bug. MVLowRes IS DEFERRED OPTION 11 ANSWERED: 1 means the game's motion vectors are at RENDER resolution, 0 means display resolution, and we have been inferring that from buffer sizes since R83. Read it together with MVecScale - a low-res field with a display-sized scale is the shape that makes reprojection look almost right.
23:51:08:592 [ 7576] | INFO  | [MGPU Bridge] [MGPU][SEAL] new f=1159 slot=0 gap=1 lat=36.67ms pitch=15360 fmt=28 bytes=33177600 bc=0(unimplemented) OK
23:51:08:854 [ 7576] | INFO  | [MGPU Bridge] [MGPU][R63] DEPTH TRANSPORT f=1201 mode=1 (TRANSPORTED AND BOUND) | producer: valid=1213 invalid=0 size-rejected=0, arm held 0 frame(s) | consumer: seals seen valid=1052 invalid=0 contract mismatches=0 | region 3840x2160 fmt=41 pitch=15360 bytes=33177600 at slot offset 33178112 of 95846912. INVALID IS NOT AN ERROR: ReShade unbinds depth in menus and scene changes, and R61 established that shipping the zeros it leaves behind would hand the model a false flat plane. An invalid frame carries the colour and says so. WHAT WOULD BE AN ERROR is contract mismatches above zero, or valid staying at zero once you are in gameplay - that means the tap is not feeding us. 100.0% of sealed frames carried depth. | GPU 1: unpacked=991 bound=951 skipped=0, DepthInverted=1, flag disagreements=0 (the seal crossed the adapter and the slot flag did not, so any disagreement between them is real). BOUND vs SKIPPED IS THE R61 TEST: skipped counts frames where ReShade had no depth and the model was given NONE rather than the previous frame's - open a menu mid-stream and this must move.
23:51:08:855 [ 7576] | INFO  | [MGPU Bridge] [MGPU][R78] MVEC TRANSPORT f=1201 mode=3 REAL | producer: copies=919 missing=294 size-rejected=0 lock-skipped=0, arm held 239 frame(s) | consumer: seals seen valid=918 invalid=134 contract mismatches=0 flag disagreements=9 | region 2560x1440 fmt=10 pitch=20480 bytes=29491200 at slot offset 66355712 of 95846912 | GPU 1: unpacked=917 bound=914 skipped=37, scale=(2560.000, 1440.000). 87.3% of sealed frames carried vectors. COPIES IS THE ONE TO WATCH: it counts frames where the bind hook fired and a copy was recorded. If it stays at zero the probe published a handle nobody binds, and MVec never reaches the model whatever the rest of this line says. SKIPPED IS NOT AN ERROR - it counts frames with no vectors, which is what a menu looks like, and those frames are handed NONE rather than the last frame's motion.
23:51:08:855 [ 7576] | INFO  | [MGPU Bridge] [MGPU][R87] MVEC FRAME ALIGNMENT f=1201 | evaluates=951 | elapsed 1=912 2=1 3=0 4=1 5=1 6=0 7=11 8+=25 | worst=9 | 95.90% at 1. A motion vector describes ONE game frame; NR reprojects by whatever it is handed. When the frame NR blends against is older than one, history lands SHORT by this factor - zero error at rest, growing with speed, and no constant MVecScale can fix it. The scale is multiplied by this per evaluate. IF THIS LINE IS FLAT AT 1 AND THE ARTEFACT IS UNCHANGED, PACING IS ELIMINATED and what remains is units or sign. P4.1's skipped-frame counter predicts about 99.5% at 1, so a materially lower figure here is a desync no counter has shown us.
23:51:08:915 [13220] | INFO  | [MGPU Bridge] [MGPU][P9.1] META SRC mvec lane: 20 candidate(s), 480 ns/frame over 1915 frames. R72: RANKED AND SORTED BY RTV BINDS - how often each is RENDERED INTO, which is a per-frame usage signal. srvs is kept alongside as the old created over the resource. THIS DOES NOT IDENTIFY MOTION VECTORS - nothing in ReShade says which one they are - it says whether an MVec-shaped resource is visible from a subscriber at all. An empty list with a non-zero examined count is the result that says the NGX hook has to be earned or abandoned. root-descriptor SRV pushes=0 (zero here with a non-zero SRV count above means this engine binds through descriptor TABLES and push_descriptors is blind in it - a fact about the engine, not a fault). | #0 1920x1080 R16G16_FLOAT srvs=1 RTVBINDS=0 (0.00/frame) | #1 1920x1080 R16G16_FLOAT srvs=1 RTVBINDS=0 (0.00/frame) | #2 1920x1080 R16G16_FLOAT srvs=1 RTVBINDS=0 (0.00/frame) | #3 3840x2160 R16G16_SNORM srvs=1 RTVBINDS=0 (0.00/frame) <-DISPLAY-EXTENT | #4 3840x2160 R16G16_SNORM srvs=1 RTVBINDS=0 (0.00/frame) <-DISPLAY-EXTENT | #5 1920x1080 R16G16_FLOAT srvs=1 RTVBINDS=0 (0.00/frame) | #6 1920x1080 R16G16_FLOAT srvs=1 RTVBINDS=0 (0.00/frame) | #7 1920x1080 R16G16_FLOAT srvs=1 RTVBINDS=0 (0.00/frame)
23:51:08:915 [13220] | INFO  | [MGPU Bridge] [MGPU][R71] MVEC SIZES over ALL 20 candidate(s): 1920x1080 x8 | 3840x2160 x4 | 2560x1440 x8 | || TRANSPORT SOURCE res=0x232d78da520 (0 means not identified yet - it needs a display-extent candidate with render-target binds), handed to the transport 0 times, 0 second-binds-in-a-frame skipped. || EVICTIONS: 7 resources destroyed and removed from the tables (R76 - a resolution change destroys every render target, and a stale entry is a copy from freed memory). RTV BINDS SEEN IN TOTAL: 0. THE RANK ABOVE IS NOW RENDER TARGET BINDS, NOT SRV CREATIONS. R25 ranked by SRVs created, got 6/5/3/3, and called it "a candidate, not an identification" - that flatness was the SIGNAL being wrong, not the game. An SRV creation count is a LIFETIME number; a velocity buffer is RENDERED INTO once per frame, and RTVBINDS is that. THE EXTENT TO MATCH IS THE DISPLAY EXTENT 3840x2160, not the render extent: the game's own DLSS telemetry says ColorExtentHeight=936 with MVExtentWidth=2560 MVExtentHeight=1440, so this title feeds HIGH-RESOLUTION motion vectors. A single candidate marked <-DISPLAY-EXTENT with RTVBINDS close to the frame count is the velocity buffer. RTV BINDS SEEN = 0 with candidates present means THIS EVENT did not see it, and says nothing whatever about the other two. R81 retracted the sentence that used to sit here - it named optical flow and NGX hooking as the routes left, before anyon
23:51:08:915 [13220] | INFO  | [MGPU Bridge] [MGPU][R82] ACQUISITION SIGNALS - three of them, one run. || RTV VIEW TABLE: 28 of 128 entries. THAT IS THE DENOMINATOR R80 COULD NOT SEE - a bind count of zero against an empty table means nothing at all. || OMSetRenderTargets: fired=0 rtvs=0 | matched via OUR TABLE=0 | matched via get_resource_from_view=0 || BeginRenderPass: fired=0 targets=0 matched=0 || Barrier: fired=456197 resources=1211305 matched=22309, costing 15939 ns/frame || #2 1920x1080 rtv=0 rp=0 bar=3(0x80000000->0x8) | #4 3840x2160 rtv=0 rp=0 bar=4(0xC0->0x40) | #5 1920x1080 rtv=0 rp=0 bar=4(0xC0->0x40) | #6 1920x1080 rtv=0 rp=0 bar=4(0xC0->0x40) | #7 1920x1080 rtv=0 rp=0 bar=5(0xC0->0x40) | #8 2560x1440 rtv=0 rp=0 bar=2346(0xC0->0x8) | || HOW TO READ IT. via TABLE=0 while via get_resource_from_view is non-zero: the table was the whole bug and R76 through R81 were spent on a cache we never needed. BeginRenderPass fired while OMSetRenderTargets did not: this engine uses render passes and we were subscribed to the wrong event. Barrier matched with a per-frame count near the frame count: use THAT permanently - it needs no view, no table and no binding-path assumption, and 0x4->0xC0 (render_target -> shader_resource) is the moment AFTER the pass wrote, which is the correct moment to copy and is one the bind events cannot offer. NOTE THE STALENESS R78 DID NOT STATE: both bind events fire BEFORE the pass runs, so a copy taken there carries the PREVIOUS frame's vectors. All three silent with candidates present is the only reading that makes optical flow or NGX hooking the honest next step. Two of the barriers per frame on the published source are OURS.
23:51:09:291 [ 7576] | INFO  | [MGPU Bridge] [MGPU][SEAL] new f=1281 slot=2 gap=1 lat=61.53ms pitch=15360 fmt=28 bytes=33177600 bc=0(unimplemented) OK
23:51:09:958 [ 7964] | INFO  | [MGPU Bridge] [MGPU][R101] CALIBRATOR mode=2 site=data-scan | slots=57 data-slots=2 modules=174 gpa-calls=182 | resolved=1 creates=1 sr-handle=known | evaluates=1173 captured=1173 | cost 2674 ns/frame | eval-copies=1173 eval-skips=0. || THE GAME'S OWN TABLE: color=0x232d7f29140 depth=0x232be307340 MVEC=0x232d7823060 output=0x232d77c3980 | MVecScale 2560.0000,1440.0000 | jitter 0.4715,-0.4227 | Reset=0 | CreateFlags=0x4b -> DepthInverted=1 MVLowRes=1 MVJittered=0 IsHDR=1 AutoExposure=1 | quality=2 | render 2560x1440 -> display 3840x2160 | dynamic 1920x1080..3840x2160 | subrect 2560x1440 at color(0,0) depth(0,0) MV(0,0) out(0,0) | have=0x1fff. || HOW TO READ IT. resolved=0 with evaluates=0 means no module asked for the entry point after we installed - either the title does not use DLSS, or it resolved before the addon loaded; the barrier path is untouched either way and is still what drives. sr-handle=UNFILTERED means we were not present for CreateFeature, so the table may be from frame generation rather than super sampling - check that render/display extents look like a supersampling pair before trusting it. MVEC here is the GAME'S answer to the question every round from R70 to R100 tried to infer; if it does not equal the handle the barrier probe armed on Dragon Sword, the probe was wrong on a title we believed, and THAT is the finding. have=0 bits name the keys this producer does not populate - Streamline and the raw SDK do not set the same subset, and the difference is a fact about the route, not a bug. MVLowRes IS DEFERRED OPTION 11 ANSWERED: 1 means the game's motion vectors are at RENDER resolution, 0 means display resolution, and we have been inferring that from buffer sizes since R83. Read it together with MVecScale - a low-res field with a display-sized scale is the shape that makes reprojection look almost right.
23:51:10:311 [ 7576] | INFO  | [MGPU Bridge] [MGPU][SEAL] new f=1464 slot=5 gap=1 lat=24.59ms pitch=15360 fmt=28 bytes=33177600 bc=0(unimplemented) OK
23:51:10:558 [ 7576] | INFO  | [MGPU Bridge] [MGPU][R63] DEPTH TRANSPORT f=1506 mode=1 (TRANSPORTED AND BOUND) | producer: valid=1511 invalid=0 size-rejected=0, arm held 0 frame(s) | consumer: seals seen valid=1166 invalid=0 contract mismatches=0 | region 3840x2160 fmt=41 pitch=15360 bytes=33177600 at slot offset 33178112 of 95846912. INVALID IS NOT AN ERROR: ReShade unbinds depth in menus and scene changes, and R61 established that shipping the zeros it leaves behind would hand the model a false flat plane. An invalid frame carries the colour and says so. WHAT WOULD BE AN ERROR is contract mismatches above zero, or valid staying at zero once you are in gameplay - that means the tap is not feeding us. 100.0% of sealed frames carried depth. | GPU 1: unpacked=1071 bound=991 skipped=0, DepthInverted=1, flag disagreements=0 (the seal crossed the adapter and the slot flag did not, so any disagreement between them is real). BOUND vs SKIPPED IS THE R61 TEST: skipped counts frames where ReShade had no depth and the model was given NONE rather than the previous frame's - open a menu mid-stream and this must move.
23:51:10:559 [ 7576] | INFO  | [MGPU Bridge] [MGPU][R78] MVEC TRANSPORT f=1506 mode=3 REAL | producer: copies=919 missing=592 size-rejected=0 lock-skipped=0, arm held 239 frame(s) | consumer: seals seen valid=918 invalid=248 contract mismatches=0 flag disagreements=9 | region 2560x1440 fmt=10 pitch=20480 bytes=29491200 at slot offset 66355712 of 95846912 | GPU 1: unpacked=917 bound=914 skipped=77, scale=(2560.000, 1440.000). 78.7% of sealed frames carried vectors. COPIES IS THE ONE TO WATCH: it counts frames where the bind hook fired and a copy was recorded. If it stays at zero the probe published a handle nobody binds, and MVec never reaches the model whatever the rest of this line says. SKIPPED IS NOT AN ERROR - it counts frames with no vectors, which is what a menu looks like, and those frames are handed NONE rather than the last frame's motion.
23:51:10:559 [ 7576] | INFO  | [MGPU Bridge] [MGPU][R87] MVEC FRAME ALIGNMENT f=1506 | evaluates=991 | elapsed 1=912 2=1 3=0 4=1 5=1 6=1 7=34 8+=41 | worst=9 | 92.03% at 1. A motion vector describes ONE game frame; NR reprojects by whatever it is handed. When the frame NR blends against is older than one, history lands SHORT by this factor - zero error at rest, growing with speed, and no constant MVecScale can fix it. The scale is multiplied by this per evaluate. IF THIS LINE IS FLAT AT 1 AND THE ARTEFACT IS UNCHANGED, PACING IS ELIMINATED and what remains is units or sign. P4.1's skipped-frame counter predicts about 99.5% at 1, so a materially lower figure here is a desync no counter has shown us.
23:51:11:749 [ 6692] | INFO  | [MGPU Bridge] [MGPU][R101] CALIBRATOR mode=2 site=data-scan | slots=57 data-slots=2 modules=174 gpa-calls=191 | resolved=1 creates=1 sr-handle=known | evaluates=1173 captured=1173 | cost 2340 ns/frame | eval-copies=1173 eval-skips=0. || THE GAME'S OWN TABLE: color=0x232d7f29140 depth=0x232be307340 MVEC=0x232d7823060 output=0x232d77c3980 | MVecScale 2560.0000,1440.0000 | jitter 0.4715,-0.4227 | Reset=0 | CreateFlags=0x4b -> DepthInverted=1 MVLowRes=1 MVJittered=0 IsHDR=1 AutoExposure=1 | quality=2 | render 2560x1440 -> display 3840x2160 | dynamic 1920x1080..3840x2160 | subrect 2560x1440 at color(0,0) depth(0,0) MV(0,0) out(0,0) | have=0x1fff. || HOW TO READ IT. resolved=0 with evaluates=0 means no module asked for the entry point after we installed - either the title does not use DLSS, or it resolved before the addon loaded; the barrier path is untouched either way and is still what drives. sr-handle=UNFILTERED means we were not present for CreateFeature, so the table may be from frame generation rather than super sampling - check that render/display extents look like a supersampling pair before trusting it. MVEC here is the GAME'S answer to the question every round from R70 to R100 tried to infer; if it does not equal the handle the barrier probe armed on Dragon Sword, the probe was wrong on a title we believed, and THAT is the finding. have=0 bits name the keys this producer does not populate - Streamline and the raw SDK do not set the same subset, and the difference is a fact about the route, not a bug. MVLowRes IS DEFERRED OPTION 11 ANSWERED: 1 means the game's motion vectors are at RENDER resolution, 0 means display resolution, and we have been inferring that from buffer sizes since R83. Read it together with MVecScale - a low-res field with a display-sized scale is the shape that makes reprojection look almost right.
23:51:11:918 [22864] | INFO  | [MGPU Bridge] [MGPU][P9.1] META SRC mvec lane: 20 candidate(s), 425 ns/frame over 2430 frames. R72: RANKED AND SORTED BY RTV BINDS - how often each is RENDERED INTO, which is a per-frame usage signal. srvs is kept alongside as the old created over the resource. THIS DOES NOT IDENTIFY MOTION VECTORS - nothing in ReShade says which one they are - it says whether an MVec-shaped resource is visible from a subscriber at all. An empty list with a non-zero examined count is the result that says the NGX hook has to be earned or abandoned. root-descriptor SRV pushes=0 (zero here with a non-zero SRV count above means this engine binds through descriptor TABLES and push_descriptors is blind in it - a fact about the engine, not a fault). | #0 1920x1080 R16G16_FLOAT srvs=1 RTVBINDS=0 (0.00/frame) | #1 1920x1080 R16G16_FLOAT srvs=1 RTVBINDS=0 (0.00/frame) | #2 1920x1080 R16G16_FLOAT srvs=1 RTVBINDS=0 (0.00/frame) | #3 3840x2160 R16G16_SNORM srvs=1 RTVBINDS=0 (0.00/frame) <-DISPLAY-EXTENT | #4 3840x2160 R16G16_SNORM srvs=1 RTVBINDS=0 (0.00/frame) <-DISPLAY-EXTENT | #5 1920x1080 R16G16_FLOAT srvs=1 RTVBINDS=0 (0.00/frame) | #6 1920x1080 R16G16_FLOAT srvs=1 RTVBINDS=0 (0.00/frame) | #7 1920x1080 R16G16_FLOAT srvs=1 RTVBINDS=0 (0.00/frame)
23:51:11:918 [22864] | INFO  | [MGPU Bridge] [MGPU][R71] MVEC SIZES over ALL 20 candidate(s): 1920x1080 x8 | 3840x2160 x4 | 2560x1440 x8 | || TRANSPORT SOURCE res=0x232d78da520 (0 means not identified yet - it needs a display-extent candidate with render-target binds), handed to the transport 0 times, 0 second-binds-in-a-frame skipped. || EVICTIONS: 15 resources destroyed and removed from the tables (R76 - a resolution change destroys every render target, and a stale entry is a copy from freed memory). RTV BINDS SEEN IN TOTAL: 0. THE RANK ABOVE IS NOW RENDER TARGET BINDS, NOT SRV CREATIONS. R25 ranked by SRVs created, got 6/5/3/3, and called it "a candidate, not an identification" - that flatness was the SIGNAL being wrong, not the game. An SRV creation count is a LIFETIME number; a velocity buffer is RENDERED INTO once per frame, and RTVBINDS is that. THE EXTENT TO MATCH IS THE DISPLAY EXTENT 3840x2160, not the render extent: the game's own DLSS telemetry says ColorExtentHeight=936 with MVExtentWidth=2560 MVExtentHeight=1440, so this title feeds HIGH-RESOLUTION motion vectors. A single candidate marked <-DISPLAY-EXTENT with RTVBINDS close to the frame count is the velocity buffer. RTV BINDS SEEN = 0 with candidates present means THIS EVENT did not see it, and says nothing whatever about the other two. R81 retracted the sentence that used to sit here - it named optical flow and NGX hooking as the routes left, before anyo
23:51:11:918 [22864] | INFO  | [MGPU Bridge] [MGPU][R82] ACQUISITION SIGNALS - three of them, one run. || RTV VIEW TABLE: 28 of 128 entries. THAT IS THE DENOMINATOR R80 COULD NOT SEE - a bind count of zero against an empty table means nothing at all. || OMSetRenderTargets: fired=0 rtvs=0 | matched via OUR TABLE=0 | matched via get_resource_from_view=0 || BeginRenderPass: fired=0 targets=0 matched=0 || Barrier: fired=482015 resources=1264019 matched=22309, costing 13458 ns/frame || #2 1920x1080 rtv=0 rp=0 bar=3(0x80000000->0x8) | #4 3840x2160 rtv=0 rp=0 bar=4(0xC0->0x40) | #5 1920x1080 rtv=0 rp=0 bar=4(0xC0->0x40) | #6 1920x1080 rtv=0 rp=0 bar=4(0xC0->0x40) | #7 1920x1080 rtv=0 rp=0 bar=5(0xC0->0x40) | #8 2560x1440 rtv=0 rp=0 bar=2346(0xC0->0x8) | || HOW TO READ IT. via TABLE=0 while via get_resource_from_view is non-zero: the table was the whole bug and R76 through R81 were spent on a cache we never needed. BeginRenderPass fired while OMSetRenderTargets did not: this engine uses render passes and we were subscribed to the wrong event. Barrier matched with a per-frame count near the frame count: use THAT permanently - it needs no view, no table and no binding-path assumption, and 0x4->0xC0 (render_target -> shader_resource) is the moment AFTER the pass wrote, which is the correct moment to copy and is one the bind events cannot offer. NOTE THE STALENESS R78 DID NOT STATE: both bind events fire BEFORE the pass runs, so a copy taken there carries the PREVIOUS frame's vectors. All three silent with candidates present is the only reading that makes optical flow or NGX hooking the honest next step. Two of the barriers per frame on the published source are OURS.
23:51:12:342 [ 7576] | INFO  | [MGPU Bridge] [MGPU][R63] DEPTH TRANSPORT f=1810 mode=1 (TRANSPORTED AND BOUND) | producer: valid=1814 invalid=0 size-rejected=0, arm held 0 frame(s) | consumer: seals seen valid=1252 invalid=0 contract mismatches=0 | region 3840x2160 fmt=41 pitch=15360 bytes=33177600 at slot offset 33178112 of 95846912. INVALID IS NOT AN ERROR: ReShade unbinds depth in menus and scene changes, and R61 established that shipping the zeros it leaves behind would hand the model a false flat plane. An invalid frame carries the colour and says so. WHAT WOULD BE AN ERROR is contract mismatches above zero, or valid staying at zero once you are in gameplay - that means the tap is not feeding us. 100.0% of sealed frames carried depth. | GPU 1: unpacked=1157 bound=1034 skipped=0, DepthInverted=1, flag disagreements=0 (the seal crossed the adapter and the slot flag did not, so any disagreement between them is real). BOUND vs SKIPPED IS THE R61 TEST: skipped counts frames where ReShade had no depth and the model was given NONE rather than the previous frame's - open a menu mid-stream and this must move.
23:51:12:342 [ 7576] | INFO  | [MGPU Bridge] [MGPU][R78] MVEC TRANSPORT f=1810 mode=3 REAL | producer: copies=919 missing=895 size-rejected=0 lock-skipped=0, arm held 239 frame(s) | consumer: seals seen valid=918 invalid=334 contract mismatches=0 flag disagreements=9 | region 2560x1440 fmt=10 pitch=20480 bytes=29491200 at slot offset 66355712 of 95846912 | GPU 1: unpacked=917 bound=914 skipped=120, scale=(2560.000, 1440.000). 73.3% of sealed frames carried vectors. COPIES IS THE ONE TO WATCH: it counts frames where the bind hook fired and a copy was recorded. If it stays at zero the probe published a handle nobody binds, and MVec never reaches the model whatever the rest of this line says. SKIPPED IS NOT AN ERROR - it counts frames with no vectors, which is what a menu looks like, and those frames are handed NONE rather than the last frame's motion.
23:51:12:342 [ 7576] | INFO  | [MGPU Bridge] [MGPU][R87] MVEC FRAME ALIGNMENT f=1810 | evaluates=1034 | elapsed 1=912 2=1 3=1 4=1 5=1 6=10 7=53 8+=55 | worst=9 | 88.20% at 1. A motion vector describes ONE game frame; NR reprojects by whatever it is handed. When the frame NR blends against is older than one, history lands SHORT by this factor - zero error at rest, growing with speed, and no constant MVecScale can fix it. The scale is multiplied by this per evaluate. IF THIS LINE IS FLAT AT 1 AND THE ARTEFACT IS UNCHANGED, PACING IS ELIMINATED and what remains is units or sign. P4.1's skipped-frame counter predicts about 99.5% at 1, so a materially lower figure here is a desync no counter has shown us.
23:51:13:647 [15244] | INFO  | [MGPU Bridge] [MGPU][R101] CALIBRATOR mode=2 site=data-scan | slots=57 data-slots=2 modules=174 gpa-calls=192 | resolved=1 creates=1 sr-handle=known | evaluates=1173 captured=1173 | cost 2080 ns/frame | eval-copies=1173 eval-skips=0. || THE GAME'S OWN TABLE: color=0x232d7f29140 depth=0x232be307340 MVEC=0x232d7823060 output=0x232d77c3980 | MVecScale 2560.0000,1440.0000 | jitter 0.4715,-0.4227 | Reset=0 | CreateFlags=0x4b -> DepthInverted=1 MVLowRes=1 MVJittered=0 IsHDR=1 AutoExposure=1 | quality=2 | render 2560x1440 -> display 3840x2160 | dynamic 1920x1080..3840x2160 | subrect 2560x1440 at color(0,0) depth(0,0) MV(0,0) out(0,0) | have=0x1fff. || HOW TO READ IT. resolved=0 with evaluates=0 means no module asked for the entry point after we installed - either the title does not use DLSS, or it resolved before the addon loaded; the barrier path is untouched either way and is still what drives. sr-handle=UNFILTERED means we were not present for CreateFeature, so the table may be from frame generation rather than super sampling - check that render/display extents look like a supersampling pair before trusting it. MVEC here is the GAME'S answer to the question every round from R70 to R100 tried to infer; if it does not equal the handle the barrier probe armed on Dragon Sword, the probe was wrong on a title we believed, and THAT is the finding. have=0 bits name the keys this producer does not populate - Streamline and the raw SDK do not set the same subset, and the difference is a fact about the route, not a bug. MVLowRes IS DEFERRED OPTION 11 ANSWERED: 1 means the game's motion vectors are at RENDER resolution, 0 means display resolution, and we have been inferring that from buffer sizes since R83. Read it together with MVecScale - a low-res field with a display-sized scale is the shape that makes reprojection look almost right.
23:51:13:786 [ 7576] | INFO  | [MGPU Bridge] [MGPU][SEAL] new f=2013 slot=2 gap=1 lat=94.36ms pitch=15360 fmt=28 bytes=33177600 bc=0(unimplemented) OK
23:51:14:682 [ 7576] | INFO  | [MGPU Bridge] [MGPU][R63] DEPTH TRANSPORT f=2110 mode=1 (TRANSPORTED AND BOUND) | producer: valid=2118 invalid=0 size-rejected=0, arm held 0 frame(s) | consumer: seals seen valid=1348 invalid=0 contract mismatches=0 | region 3840x2160 fmt=41 pitch=15360 bytes=33177600 at slot offset 33178112 of 95846912. INVALID IS NOT AN ERROR: ReShade unbinds depth in menus and scene changes, and R61 established that shipping the zeros it leaves behind would hand the model a false flat plane. An invalid frame carries the colour and says so. WHAT WOULD BE AN ERROR is contract mismatches above zero, or valid staying at zero once you are in gameplay - that means the tap is not feeding us. 100.0% of sealed frames carried depth. | GPU 1: unpacked=1254 bound=1084 skipped=0, DepthInverted=1, flag disagreements=0 (the seal crossed the adapter and the slot flag did not, so any disagreement between them is real). BOUND vs SKIPPED IS THE R61 TEST: skipped counts frames where ReShade had no depth and the model was given NONE rather than the previous frame's - open a menu mid-stream and this must move.
23:51:14:682 [ 7576] | INFO  | [MGPU Bridge] [MGPU][R78] MVEC TRANSPORT f=2110 mode=3 REAL | producer: copies=919 missing=1199 size-rejected=0 lock-skipped=0, arm held 239 frame(s) | consumer: seals seen valid=918 invalid=430 contract mismatches=0 flag disagreements=9 | region 2560x1440 fmt=10 pitch=20480 bytes=29491200 at slot offset 66355712 of 95846912 | GPU 1: unpacked=917 bound=914 skipped=170, scale=(2560.000, 1440.000). 68.1% of sealed frames carried vectors. COPIES IS THE ONE TO WATCH: it counts frames where the bind hook fired and a copy was recorded. If it stays at zero the probe published a handle nobody binds, and MVec never reaches the model whatever the rest of this line says. SKIPPED IS NOT AN ERROR - it counts frames with no vectors, which is what a menu looks like, and those frames are handed NONE rather than the last frame's motion.
23:51:14:682 [ 7576] | INFO  | [MGPU Bridge] [MGPU][R87] MVEC FRAME ALIGNMENT f=2110 | evaluates=1084 | elapsed 1=915 2=1 3=2 4=4 5=10 6=20 7=61 8+=71 | worst=9 | 84.41% at 1. A motion vector describes ONE game frame; NR reprojects by whatever it is handed. When the frame NR blends against is older than one, history lands SHORT by this factor - zero error at rest, growing with speed, and no constant MVecScale can fix it. The scale is multiplied by this per evaluate. IF THIS LINE IS FLAT AT 1 AND THE ARTEFACT IS UNCHANGED, PACING IS ELIMINATED and what remains is units or sign. P4.1's skipped-frame counter predicts about 99.5% at 1, so a materially lower figure here is a desync no counter has shown us.
23:51:14:924 [25736] | INFO  | [MGPU Bridge] [MGPU][P9.1] META SRC mvec lane: 20 candidate(s), 518 ns/frame over 2841 frames. R72: RANKED AND SORTED BY RTV BINDS - how often each is RENDERED INTO, which is a per-frame usage signal. srvs is kept alongside as the old created over the resource. THIS DOES NOT IDENTIFY MOTION VECTORS - nothing in ReShade says which one they are - it says whether an MVec-shaped resource is visible from a subscriber at all. An empty list with a non-zero examined count is the result that says the NGX hook has to be earned or abandoned. root-descriptor SRV pushes=0 (zero here with a non-zero SRV count above means this engine binds through descriptor TABLES and push_descriptors is blind in it - a fact about the engine, not a fault). | #0 1920x1080 R16G16_FLOAT srvs=1 RTVBINDS=0 (0.00/frame) | #1 1920x1080 R16G16_FLOAT srvs=1 RTVBINDS=0 (0.00/frame) | #2 1920x1080 R16G16_FLOAT srvs=1 RTVBINDS=0 (0.00/frame) | #3 3840x2160 R16G16_SNORM srvs=1 RTVBINDS=0 (0.00/frame) <-DISPLAY-EXTENT | #4 3840x2160 R16G16_SNORM srvs=1 RTVBINDS=0 (0.00/frame) <-DISPLAY-EXTENT | #5 1920x1080 R16G16_FLOAT srvs=1 RTVBINDS=0 (0.00/frame) | #6 1920x1080 R16G16_FLOAT srvs=1 RTVBINDS=0 (0.00/frame) | #7 1920x1080 R16G16_FLOAT srvs=1 RTVBINDS=0 (0.00/frame)
23:51:14:925 [25736] | INFO  | [MGPU Bridge] [MGPU][R71] MVEC SIZES over ALL 20 candidate(s): 1920x1080 x8 | 3840x2160 x4 | 2560x1440 x8 | || TRANSPORT SOURCE res=0x232d78da520 (0 means not identified yet - it needs a display-extent candidate with render-target binds), handed to the transport 0 times, 0 second-binds-in-a-frame skipped. || EVICTIONS: 15 resources destroyed and removed from the tables (R76 - a resolution change destroys every render target, and a stale entry is a copy from freed memory). RTV BINDS SEEN IN TOTAL: 0. THE RANK ABOVE IS NOW RENDER TARGET BINDS, NOT SRV CREATIONS. R25 ranked by SRVs created, got 6/5/3/3, and called it "a candidate, not an identification" - that flatness was the SIGNAL being wrong, not the game. An SRV creation count is a LIFETIME number; a velocity buffer is RENDERED INTO once per frame, and RTVBINDS is that. THE EXTENT TO MATCH IS THE DISPLAY EXTENT 3840x2160, not the render extent: the game's own DLSS telemetry says ColorExtentHeight=936 with MVExtentWidth=2560 MVExtentHeight=1440, so this title feeds HIGH-RESOLUTION motion vectors. A single candidate marked <-DISPLAY-EXTENT with RTVBINDS close to the frame count is the velocity buffer. RTV BINDS SEEN = 0 with candidates present means THIS EVENT did not see it, and says nothing whatever about the other two. R81 retracted the sentence that used to sit here - it named optical flow and NGX hooking as the routes left, before anyo
23:51:14:926 [25736] | INFO  | [MGPU Bridge] [MGPU][R82] ACQUISITION SIGNALS - three of them, one run. || RTV VIEW TABLE: 28 of 128 entries. THAT IS THE DENOMINATOR R80 COULD NOT SEE - a bind count of zero against an empty table means nothing at all. || OMSetRenderTargets: fired=0 rtvs=0 | matched via OUR TABLE=0 | matched via get_resource_from_view=0 || BeginRenderPass: fired=0 targets=0 matched=0 || Barrier: fired=502085 resources=1310549 matched=22309, costing 11950 ns/frame || #2 1920x1080 rtv=0 rp=0 bar=3(0x80000000->0x8) | #4 3840x2160 rtv=0 rp=0 bar=4(0xC0->0x40) | #5 1920x1080 rtv=0 rp=0 bar=4(0xC0->0x40) | #6 1920x1080 rtv=0 rp=0 bar=4(0xC0->0x40) | #7 1920x1080 rtv=0 rp=0 bar=5(0xC0->0x40) | #8 2560x1440 rtv=0 rp=0 bar=2346(0xC0->0x8) | || HOW TO READ IT. via TABLE=0 while via get_resource_from_view is non-zero: the table was the whole bug and R76 through R81 were spent on a cache we never needed. BeginRenderPass fired while OMSetRenderTargets did not: this engine uses render passes and we were subscribed to the wrong event. Barrier matched with a per-frame count near the frame count: use THAT permanently - it needs no view, no table and no binding-path assumption, and 0x4->0xC0 (render_target -> shader_resource) is the moment AFTER the pass wrote, which is the correct moment to copy and is one the bind events cannot offer. NOTE THE STALENESS R78 DID NOT STATE: both bind events fire BEFORE the pass runs, so a copy taken there carries the PREVIOUS frame's vectors. All three silent with candidates present is the only reading that makes optical flow or NGX hooking the honest next step. Two of the barriers per frame on the published source are OURS.
23:51:16:183 [22864] | INFO  | [MGPU Bridge] [MGPU][R101] CALIBRATOR mode=2 site=data-scan | slots=57 data-slots=2 modules=174 gpa-calls=192 | resolved=1 creates=1 sr-handle=known | evaluates=1173 captured=1173 | cost 1872 ns/frame | eval-copies=1173 eval-skips=0. || THE GAME'S OWN TABLE: color=0x232d7f29140 depth=0x232be307340 MVEC=0x232d7823060 output=0x232d77c3980 | MVecScale 2560.0000,1440.0000 | jitter 0.4715,-0.4227 | Reset=0 | CreateFlags=0x4b -> DepthInverted=1 MVLowRes=1 MVJittered=0 IsHDR=1 AutoExposure=1 | quality=2 | render 2560x1440 -> display 3840x2160 | dynamic 1920x1080..3840x2160 | subrect 2560x1440 at color(0,0) depth(0,0) MV(0,0) out(0,0) | have=0x1fff. || HOW TO READ IT. resolved=0 with evaluates=0 means no module asked for the entry point after we installed - either the title does not use DLSS, or it resolved before the addon loaded; the barrier path is untouched either way and is still what drives. sr-handle=UNFILTERED means we were not present for CreateFeature, so the table may be from frame generation rather than super sampling - check that render/display extents look like a supersampling pair before trusting it. MVEC here is the GAME'S answer to the question every round from R70 to R100 tried to infer; if it does not equal the handle the barrier probe armed on Dragon Sword, the probe was wrong on a title we believed, and THAT is the finding. have=0 bits name the keys this producer does not populate - Streamline and the raw SDK do not set the same subset, and the difference is a fact about the route, not a bug. MVLowRes IS DEFERRED OPTION 11 ANSWERED: 1 means the game's motion vectors are at RENDER resolution, 0 means display resolution, and we have been inferring that from buffer sizes since R83. Read it together with MVecScale - a low-res field with a display-sized scale is the shape that makes reprojection look almost right.
23:51:16:286 [ 7576] | INFO  | [MGPU Bridge] [MGPU][SEAL] new f=2318 slot=1 gap=1 lat=40.16ms pitch=15360 fmt=28 bytes=33177600 bc=0(unimplemented) OK
23:51:16:934 [ 7576] | INFO  | [MGPU Bridge] [MGPU][R63] DEPTH TRANSPORT f=2410 mode=1 (TRANSPORTED AND BOUND) | producer: valid=2421 invalid=0 size-rejected=0, arm held 0 frame(s) | consumer: seals seen valid=1449 invalid=0 contract mismatches=0 | region 3840x2160 fmt=41 pitch=15360 bytes=33177600 at slot offset 33178112 of 95846912. INVALID IS NOT AN ERROR: ReShade unbinds depth in menus and scene changes, and R61 established that shipping the zeros it leaves behind would hand the model a false flat plane. An invalid frame carries the colour and says so. WHAT WOULD BE AN ERROR is contract mismatches above zero, or valid staying at zero once you are in gameplay - that means the tap is not feeding us. 100.0% of sealed frames carried depth. | GPU 1: unpacked=1355 bound=1135 skipped=0, DepthInverted=1, flag disagreements=0 (the seal crossed the adapter and the slot flag did not, so any disagreement between them is real). BOUND vs SKIPPED IS THE R61 TEST: skipped counts frames where ReShade had no depth and the model was given NONE rather than the previous frame's - open a menu mid-stream and this must move.
23:51:16:934 [ 7576] | INFO  | [MGPU Bridge] [MGPU][R78] MVEC TRANSPORT f=2410 mode=3 REAL | producer: copies=919 missing=1502 size-rejected=0 lock-skipped=0, arm held 239 frame(s) | consumer: seals seen valid=918 invalid=531 contract mismatches=0 flag disagreements=9 | region 2560x1440 fmt=10 pitch=20480 bytes=29491200 at slot offset 66355712 of 95846912 | GPU 1: unpacked=917 bound=914 skipped=221, scale=(2560.000, 1440.000). 63.4% of sealed frames carried vectors. COPIES IS THE ONE TO WATCH: it counts frames where the bind hook fired and a copy was recorded. If it stays at zero the probe published a handle nobody binds, and MVec never reaches the model whatever the rest of this line says. SKIPPED IS NOT AN ERROR - it counts frames with no vectors, which is what a menu looks like, and those frames are handed NONE rather than the last frame's motion.
23:51:16:934 [ 7576] | INFO  | [MGPU Bridge] [MGPU][R87] MVEC FRAME ALIGNMENT f=2410 | evaluates=1135 | elapsed 1=916 2=1 3=2 4=7 5=21 6=40 7=77 8+=71 | worst=9 | 80.70% at 1. A motion vector describes ONE game frame; NR reprojects by whatever it is handed. When the frame NR blends against is older than one, history lands SHORT by this factor - zero error at rest, growing with speed, and no constant MVecScale can fix it. The scale is multiplied by this per evaluate. IF THIS LINE IS FLAT AT 1 AND THE ARTEFACT IS UNCHANGED, PACING IS ELIMINATED and what remains is units or sign. P4.1's skipped-frame counter predicts about 99.5% at 1, so a materially lower figure here is a desync no counter has shown us.
23:51:17:576 [ 7576] | INFO  | [MGPU Bridge] [MGPU][SEAL] new f=2501 slot=4 gap=1 lat=65.83ms pitch=15360 fmt=28 bytes=33177600 bc=0(unimplemented) OK
23:51:17:933 [ 6692] | INFO  | [MGPU Bridge] [MGPU][P9.1] META SRC mvec lane: 20 candidate(s), 906 ns/frame over 3254 frames. R72: RANKED AND SORTED BY RTV BINDS - how often each is RENDERED INTO, which is a per-frame usage signal. srvs is kept alongside as the old created over the resource. THIS DOES NOT IDENTIFY MOTION VECTORS - nothing in ReShade says which one they are - it says whether an MVec-shaped resource is visible from a subscriber at all. An empty list with a non-zero examined count is the result that says the NGX hook has to be earned or abandoned. root-descriptor SRV pushes=0 (zero here with a non-zero SRV count above means this engine binds through descriptor TABLES and push_descriptors is blind in it - a fact about the engine, not a fault). | #0 1920x1080 R16G16_FLOAT srvs=1 RTVBINDS=0 (0.00/frame) | #1 1920x1080 R16G16_FLOAT srvs=1 RTVBINDS=0 (0.00/frame) | #2 1920x1080 R16G16_FLOAT srvs=1 RTVBINDS=0 (0.00/frame) | #3 3840x2160 R16G16_SNORM srvs=1 RTVBINDS=0 (0.00/frame) <-DISPLAY-EXTENT | #4 3840x2160 R16G16_SNORM srvs=1 RTVBINDS=0 (0.00/frame) <-DISPLAY-EXTENT | #5 1920x1080 R16G16_FLOAT srvs=1 RTVBINDS=0 (0.00/frame) | #6 1920x1080 R16G16_FLOAT srvs=1 RTVBINDS=0 (0.00/frame) | #7 1920x1080 R16G16_FLOAT srvs=1 RTVBINDS=0 (0.00/frame)
23:51:17:934 [ 6692] | INFO  | [MGPU Bridge] [MGPU][R71] MVEC SIZES over ALL 20 candidate(s): 1920x1080 x8 | 3840x2160 x4 | 2560x1440 x8 | || TRANSPORT SOURCE res=0x232d78da520 (0 means not identified yet - it needs a display-extent candidate with render-target binds), handed to the transport 0 times, 0 second-binds-in-a-frame skipped. || EVICTIONS: 15 resources destroyed and removed from the tables (R76 - a resolution change destroys every render target, and a stale entry is a copy from freed memory). RTV BINDS SEEN IN TOTAL: 0. THE RANK ABOVE IS NOW RENDER TARGET BINDS, NOT SRV CREATIONS. R25 ranked by SRVs created, got 6/5/3/3, and called it "a candidate, not an identification" - that flatness was the SIGNAL being wrong, not the game. An SRV creation count is a LIFETIME number; a velocity buffer is RENDERED INTO once per frame, and RTVBINDS is that. THE EXTENT TO MATCH IS THE DISPLAY EXTENT 3840x2160, not the render extent: the game's own DLSS telemetry says ColorExtentHeight=936 with MVExtentWidth=2560 MVExtentHeight=1440, so this title feeds HIGH-RESOLUTION motion vectors. A single candidate marked <-DISPLAY-EXTENT with RTVBINDS close to the frame count is the velocity buffer. RTV BINDS SEEN = 0 with candidates present means THIS EVENT did not see it, and says nothing whatever about the other two. R81 retracted the sentence that used to sit here - it named optical flow and NGX hooking as the routes left, before anyo
23:51:17:934 [ 6692] | INFO  | [MGPU Bridge] [MGPU][R82] ACQUISITION SIGNALS - three of them, one run. || RTV VIEW TABLE: 28 of 128 entries. THAT IS THE DENOMINATOR R80 COULD NOT SEE - a bind count of zero against an empty table means nothing at all. || OMSetRenderTargets: fired=0 rtvs=0 | matched via OUR TABLE=0 | matched via get_resource_from_view=0 || BeginRenderPass: fired=0 targets=0 matched=0 || Barrier: fired=528240 resources=1370107 matched=22309, costing 10913 ns/frame || #2 1920x1080 rtv=0 rp=0 bar=3(0x80000000->0x8) | #4 3840x2160 rtv=0 rp=0 bar=4(0xC0->0x40) | #5 1920x1080 rtv=0 rp=0 bar=4(0xC0->0x40) | #6 1920x1080 rtv=0 rp=0 bar=4(0xC0->0x40) | #7 1920x1080 rtv=0 rp=0 bar=5(0xC0->0x40) | #8 2560x1440 rtv=0 rp=0 bar=2346(0xC0->0x8) | || HOW TO READ IT. via TABLE=0 while via get_resource_from_view is non-zero: the table was the whole bug and R76 through R81 were spent on a cache we never needed. BeginRenderPass fired while OMSetRenderTargets did not: this engine uses render passes and we were subscribed to the wrong event. Barrier matched with a per-frame count near the frame count: use THAT permanently - it needs no view, no table and no binding-path assumption, and 0x4->0xC0 (render_target -> shader_resource) is the moment AFTER the pass wrote, which is the correct moment to copy and is one the bind events cannot offer. NOTE THE STALENESS R78 DID NOT STATE: both bind events fire BEFORE the pass runs, so a copy taken there carries the PREVIOUS frame's vectors. All three silent with candidates present is the only reading that makes optical flow or NGX hooking the honest next step. Two of the barriers per frame on the published source are OURS.
23:51:17:995 [ 7576] | INFO  | [MGPU Bridge] [MGPU][SEAL] new f=2562 slot=5 gap=1 lat=60.85ms pitch=15360 fmt=28 bytes=33177600 bc=0(unimplemented) OK
23:51:18:453 [ 7964] | INFO  | [MGPU Bridge] [MGPU][R101] CALIBRATOR mode=2 site=data-scan | slots=57 data-slots=2 modules=174 gpa-calls=203 | resolved=1 creates=1 sr-handle=known | evaluates=1173 captured=1173 | cost 1702 ns/frame | eval-copies=1173 eval-skips=0. || THE GAME'S OWN TABLE: color=0x232d7f29140 depth=0x232be307340 MVEC=0x232d7823060 output=0x232d77c3980 | MVecScale 2560.0000,1440.0000 | jitter 0.4715,-0.4227 | Reset=0 | CreateFlags=0x4b -> DepthInverted=1 MVLowRes=1 MVJittered=0 IsHDR=1 AutoExposure=1 | quality=2 | render 2560x1440 -> display 3840x2160 | dynamic 1920x1080..3840x2160 | subrect 2560x1440 at color(0,0) depth(0,0) MV(0,0) out(0,0) | have=0x1fff. || HOW TO READ IT. resolved=0 with evaluates=0 means no module asked for the entry point after we installed - either the title does not use DLSS, or it resolved before the addon loaded; the barrier path is untouched either way and is still what drives. sr-handle=UNFILTERED means we were not present for CreateFeature, so the table may be from frame generation rather than super sampling - check that render/display extents look like a supersampling pair before trusting it. MVEC here is the GAME'S answer to the question every round from R70 to R100 tried to infer; if it does not equal the handle the barrier probe armed on Dragon Sword, the probe was wrong on a title we believed, and THAT is the finding. have=0 bits name the keys this producer does not populate - Streamline and the raw SDK do not set the same subset, and the difference is a fact about the route, not a bug. MVLowRes IS DEFERRED OPTION 11 ANSWERED: 1 means the game's motion vectors are at RENDER resolution, 0 means display resolution, and we have been inferring that from buffer sizes since R83. Read it together with MVecScale - a low-res field with a display-sized scale is the shape that makes reprojection look almost right.
23:51:19:118 [ 7576] | INFO  | [MGPU Bridge] [MGPU][SEAL] new f=2684 slot=1 gap=1 lat=27.36ms pitch=15360 fmt=28 bytes=33177600 bc=0(unimplemented) OK
23:51:19:354 [ 7576] | INFO  | [MGPU Bridge] [MGPU][R63] DEPTH TRANSPORT f=2715 mode=1 (TRANSPORTED AND BOUND) | producer: valid=2717 invalid=0 size-rejected=0, arm held 0 frame(s) | consumer: seals seen valid=1554 invalid=0 contract mismatches=0 | region 3840x2160 fmt=41 pitch=15360 bytes=33177600 at slot offset 33178112 of 95846912. INVALID IS NOT AN ERROR: ReShade unbinds depth in menus and scene changes, and R61 established that shipping the zeros it leaves behind would hand the model a false flat plane. An invalid frame carries the colour and says so. WHAT WOULD BE AN ERROR is contract mismatches above zero, or valid staying at zero once you are in gameplay - that means the tap is not feeding us. 100.0% of sealed frames carried depth. | GPU 1: unpacked=1459 bound=1189 skipped=0, DepthInverted=1, flag disagreements=0 (the seal crossed the adapter and the slot flag did not, so any disagreement between them is real). BOUND vs SKIPPED IS THE R61 TEST: skipped counts frames where ReShade had no depth and the model was given NONE rather than the previous frame's - open a menu mid-stream and this must move.
23:51:19:354 [ 7576] | INFO  | [MGPU Bridge] [MGPU][R78] MVEC TRANSPORT f=2715 mode=3 REAL | producer: copies=919 missing=1798 size-rejected=0 lock-skipped=0, arm held 239 frame(s) | consumer: seals seen valid=918 invalid=636 contract mismatches=0 flag disagreements=9 | region 2560x1440 fmt=10 pitch=20480 bytes=29491200 at slot offset 66355712 of 95846912 | GPU 1: unpacked=917 bound=914 skipped=275, scale=(2560.000, 1440.000). 59.1% of sealed frames carried vectors. COPIES IS THE ONE TO WATCH: it counts frames where the bind hook fired and a copy was recorded. If it stays at zero the probe published a handle nobody binds, and MVec never reaches the model whatever the rest of this line says. SKIPPED IS NOT AN ERROR - it counts frames with no vectors, which is what a menu looks like, and those frames are handed NONE rather than the last frame's motion.
23:51:19:354 [ 7576] | INFO  | [MGPU Bridge] [MGPU][R87] MVEC FRAME ALIGNMENT f=2715 | evaluates=1189 | elapsed 1=920 2=1 3=2 4=11 5=35 6=58 7=88 8+=74 | worst=9 | 77.38% at 1. A motion vector describes ONE game frame; NR reprojects by whatever it is handed. When the frame NR blends against is older than one, history lands SHORT by this factor - zero error at rest, growing with speed, and no constant MVecScale can fix it. The scale is multiplied by this per evaluate. IF THIS LINE IS FLAT AT 1 AND THE ARTEFACT IS UNCHANGED, PACING IS ELIMINATED and what remains is units or sign. P4.1's skipped-frame counter predicts about 99.5% at 1, so a materially lower figure here is a desync no counter has shown us.
23:51:20:792 [ 7576] | INFO  | [MGPU Bridge] [MGPU][SEAL] new f=2745 slot=2 gap=1 lat=130.35ms pitch=15360 fmt=28 bytes=33177600 bc=0(unimplemented) OK
23:51:20:960 [18228] | INFO  | [MGPU Bridge] [MGPU][P9.1] META SRC mvec lane: 20 candidate(s), 984 ns/frame over 3447 frames. R72: RANKED AND SORTED BY RTV BINDS - how often each is RENDERED INTO, which is a per-frame usage signal. srvs is kept alongside as the old created over the resource. THIS DOES NOT IDENTIFY MOTION VECTORS - nothing in ReShade says which one they are - it says whether an MVec-shaped resource is visible from a subscriber at all. An empty list with a non-zero examined count is the result that says the NGX hook has to be earned or abandoned. root-descriptor SRV pushes=0 (zero here with a non-zero SRV count above means this engine binds through descriptor TABLES and push_descriptors is blind in it - a fact about the engine, not a fault). | #0 2560x1440 R16G16_FLOAT srvs=1 RTVBINDS=0 (0.00/frame) | #1 2560x1440 R16G16_FLOAT srvs=1 RTVBINDS=0 (0.00/frame) | #2 2560x1440 R16G16_FLOAT srvs=1 RTVBINDS=0 (0.00/frame) | #3 2560x1440 R16G16_FLOAT srvs=2 RTVBINDS=0 (0.00/frame) | #4 2560x1440 R16G16_FLOAT srvs=2 RTVBINDS=0 (0.00/frame) | #5 2560x1440 R16G16_SNORM srvs=1 RTVBINDS=0 (0.00/frame) | #6 1920x1080 R16G16_FLOAT srvs=1 RTVBINDS=0 (0.00/frame) | #7 2560x1440 R16G16_SNORM srvs=1 RTVBINDS=0 (0.00/frame)
23:51:20:961 [18228] | INFO  | [MGPU Bridge] [MGPU][R71] MVEC SIZES over ALL 20 candidate(s): 2560x1440 x14 | 1920x1080 x4 | 3840x2160 x2 | || TRANSPORT SOURCE res=0x232d78da520 (0 means not identified yet - it needs a display-extent candidate with render-target binds), handed to the transport 0 times, 0 second-binds-in-a-frame skipped. || EVICTIONS: 21 resources destroyed and removed from the tables (R76 - a resolution change destroys every render target, and a stale entry is a copy from freed memory). RTV BINDS SEEN IN TOTAL: 0. THE RANK ABOVE IS NOW RENDER TARGET BINDS, NOT SRV CREATIONS. R25 ranked by SRVs created, got 6/5/3/3, and called it "a candidate, not an identification" - that flatness was the SIGNAL being wrong, not the game. An SRV creation count is a LIFETIME number; a velocity buffer is RENDERED INTO once per frame, and RTVBINDS is that. THE EXTENT TO MATCH IS THE DISPLAY EXTENT 3840x2160, not the render extent: the game's own DLSS telemetry says ColorExtentHeight=936 with MVExtentWidth=2560 MVExtentHeight=1440, so this title feeds HIGH-RESOLUTION motion vectors. A single candidate marked <-DISPLAY-EXTENT with RTVBINDS close to the frame count is the velocity buffer. RTV BINDS SEEN = 0 with candidates present means THIS EVENT did not see it, and says nothing whatever about the other two. R81 retracted the sentence that used to sit here - it named optical flow and NGX hooking as the routes left, before any
23:51:20:961 [18228] | INFO  | [MGPU Bridge] [MGPU][R82] ACQUISITION SIGNALS - three of them, one run. || RTV VIEW TABLE: 51 of 128 entries. THAT IS THE DENOMINATOR R80 COULD NOT SEE - a bind count of zero against an empty table means nothing at all. || OMSetRenderTargets: fired=0 rtvs=0 | matched via OUR TABLE=0 | matched via get_resource_from_view=0 || BeginRenderPass: fired=0 targets=0 matched=0 || Barrier: fired=557069 resources=1440647 matched=23046, costing 10815 ns/frame || #0 2560x1440 rtv=0 rp=0 bar=70(0xC0->0x8) | #1 2560x1440 rtv=0 rp=0 bar=72(0x8->0xC0) | #2 2560x1440 rtv=0 rp=0 bar=73(0xC0->0x8) | #3 2560x1440 rtv=0 rp=0 bar=70(0xC0->0x8) | #4 2560x1440 rtv=0 rp=0 bar=74(0xC0->0x8) | #5 2560x1440 rtv=0 rp=0 bar=36(0xC0->0x40) | || HOW TO READ IT. via TABLE=0 while via get_resource_from_view is non-zero: the table was the whole bug and R76 through R81 were spent on a cache we never needed. BeginRenderPass fired while OMSetRenderTargets did not: this engine uses render passes and we were subscribed to the wrong event. Barrier matched with a per-frame count near the frame count: use THAT permanently - it needs no view, no table and no binding-path assumption, and 0x4->0xC0 (render_target -> shader_resource) is the moment AFTER the pass wrote, which is the correct moment to copy and is one the bind events cannot offer. NOTE THE STALENESS R78 DID NOT STATE: both bind events fire BEFORE the pass runs, so a copy taken there carries the PREVIOUS frame's vectors. All three silent with candidates present is the only reading that makes optical flow or NGX hooking the honest next step. Two of the barriers per frame on the published source are OURS.
23:51:22:600 [ 7576] | INFO  | [MGPU Bridge] [MGPU][SEAL] new f=2806 slot=3 gap=1 lat=128.39ms pitch=15360 fmt=28 bytes=33177600 bc=0(unimplemented) OK
23:51:23:986 [13220] | INFO  | [MGPU Bridge] [MGPU][P9.1] META SRC mvec lane: 20 candidate(s), 971 ns/frame over 3549 frames. R72: RANKED AND SORTED BY RTV BINDS - how often each is RENDERED INTO, which is a per-frame usage signal. srvs is kept alongside as the old created over the resource. THIS DOES NOT IDENTIFY MOTION VECTORS - nothing in ReShade says which one they are - it says whether an MVec-shaped resource is visible from a subscriber at all. An empty list with a non-zero examined count is the result that says the NGX hook has to be earned or abandoned. root-descriptor SRV pushes=0 (zero here with a non-zero SRV count above means this engine binds through descriptor TABLES and push_descriptors is blind in it - a fact about the engine, not a fault). | #0 2560x1440 R16G16_FLOAT srvs=1 RTVBINDS=0 (0.00/frame) | #1 2560x1440 R16G16_FLOAT srvs=1 RTVBINDS=0 (0.00/frame) | #2 2560x1440 R16G16_FLOAT srvs=1 RTVBINDS=0 (0.00/frame) | #3 2560x1440 R16G16_FLOAT srvs=2 RTVBINDS=0 (0.00/frame) | #4 2560x1440 R16G16_FLOAT srvs=2 RTVBINDS=0 (0.00/frame) | #5 2560x1440 R16G16_SNORM srvs=1 RTVBINDS=0 (0.00/frame) | #6 1920x1080 R16G16_FLOAT srvs=1 RTVBINDS=0 (0.00/frame) | #7 2560x1440 R16G16_SNORM srvs=1 RTVBINDS=0 (0.00/frame)
23:51:23:987 [13220] | INFO  | [MGPU Bridge] [MGPU][R71] MVEC SIZES over ALL 20 candidate(s): 2560x1440 x14 | 1920x1080 x4 | 3840x2160 x2 | || TRANSPORT SOURCE res=0x232d78da520 (0 means not identified yet - it needs a display-extent candidate with render-target binds), handed to the transport 0 times, 0 second-binds-in-a-frame skipped. || EVICTIONS: 21 resources destroyed and removed from the tables (R76 - a resolution change destroys every render target, and a stale entry is a copy from freed memory). RTV BINDS SEEN IN TOTAL: 0. THE RANK ABOVE IS NOW RENDER TARGET BINDS, NOT SRV CREATIONS. R25 ranked by SRVs created, got 6/5/3/3, and called it "a candidate, not an identification" - that flatness was the SIGNAL being wrong, not the game. An SRV creation count is a LIFETIME number; a velocity buffer is RENDERED INTO once per frame, and RTVBINDS is that. THE EXTENT TO MATCH IS THE DISPLAY EXTENT 3840x2160, not the render extent: the game's own DLSS telemetry says ColorExtentHeight=936 with MVExtentWidth=2560 MVExtentHeight=1440, so this title feeds HIGH-RESOLUTION motion vectors. A single candidate marked <-DISPLAY-EXTENT with RTVBINDS close to the frame count is the velocity buffer. RTV BINDS SEEN = 0 with candidates present means THIS EVENT did not see it, and says nothing whatever about the other two. R81 retracted the sentence that used to sit here - it named optical flow and NGX hooking as the routes left, before any
23:51:23:987 [13220] | INFO  | [MGPU Bridge] [MGPU][R82] ACQUISITION SIGNALS - three of them, one run. || RTV VIEW TABLE: 51 of 128 entries. THAT IS THE DENOMINATOR R80 COULD NOT SEE - a bind count of zero against an empty table means nothing at all. || OMSetRenderTargets: fired=0 rtvs=0 | matched via OUR TABLE=0 | matched via get_resource_from_view=0 || BeginRenderPass: fired=0 targets=0 matched=0 || Barrier: fired=607918 resources=1569876 matched=25188, costing 11376 ns/frame || #0 2560x1440 rtv=0 rp=0 bar=274(0xC0->0x8) | #1 2560x1440 rtv=0 rp=0 bar=276(0x8->0xC0) | #2 2560x1440 rtv=0 rp=0 bar=277(0xC0->0x8) | #3 2560x1440 rtv=0 rp=0 bar=274(0xC0->0x8) | #4 2560x1440 rtv=0 rp=0 bar=278(0xC0->0x8) | #5 2560x1440 rtv=0 rp=0 bar=36(0xC0->0x40) | || HOW TO READ IT. via TABLE=0 while via get_resource_from_view is non-zero: the table was the whole bug and R76 through R81 were spent on a cache we never needed. BeginRenderPass fired while OMSetRenderTargets did not: this engine uses render passes and we were subscribed to the wrong event. Barrier matched with a per-frame count near the frame count: use THAT permanently - it needs no view, no table and no binding-path assumption, and 0x4->0xC0 (render_target -> shader_resource) is the moment AFTER the pass wrote, which is the correct moment to copy and is one the bind events cannot offer. NOTE THE STALENESS R78 DID NOT STATE: both bind events fire BEFORE the pass runs, so a copy taken there carries the PREVIOUS frame's vectors. All three silent with candidates present is the only reading that makes optical flow or NGX hooking the honest next step. Two of the barriers per frame on the published source are OURS.
23:51:24:410 [ 7576] | INFO  | [MGPU Bridge] [MGPU][SEAL] new f=2867 slot=4 gap=1 lat=129.00ms pitch=15360 fmt=28 bytes=33177600 bc=0(unimplemented) OK
23:51:25:494 [22864] | INFO  | [MGPU Bridge] [MGPU][R101] CALIBRATOR mode=2 site=data-scan | slots=57 data-slots=2 modules=174 gpa-calls=203 | resolved=1 creates=1 sr-handle=known | evaluates=1361 captured=1361 | cost 2095 ns/frame | eval-copies=1361 eval-skips=0. || THE GAME'S OWN TABLE: color=0x236fc38a880 depth=0x236fc4a9a30 MVEC=0x23625566fd0 output=0x236fc0060a0 | MVecScale 2560.0000,1440.0000 | jitter 0.3885,0.4473 | Reset=0 | CreateFlags=0x4b -> DepthInverted=1 MVLowRes=1 MVJittered=0 IsHDR=1 AutoExposure=1 | quality=2 | render 2560x1440 -> display 3840x2160 | dynamic 1920x1080..3840x2160 | subrect 2560x1440 at color(0,0) depth(0,0) MV(0,0) out(0,0) | have=0x1fff. || HOW TO READ IT. resolved=0 with evaluates=0 means no module asked for the entry point after we installed - either the title does not use DLSS, or it resolved before the addon loaded; the barrier path is untouched either way and is still what drives. sr-handle=UNFILTERED means we were not present for CreateFeature, so the table may be from frame generation rather than super sampling - check that render/display extents look like a supersampling pair before trusting it. MVEC here is the GAME'S answer to the question every round from R70 to R100 tried to infer; if it does not equal the handle the barrier probe armed on Dragon Sword, the probe was wrong on a title we believed, and THAT is the finding. have=0 bits name the keys this producer does not populate - Streamline and the raw SDK do not set the same subset, and the difference is a fact about the route, not a bug. MVLowRes IS DEFERRED OPTION 11 ANSWERED: 1 means the game's motion vectors are at RENDER resolution, 0 means display resolution, and we have been inferring that from buffer sizes since R83. Read it together with MVecScale - a low-res field with a display-sized scale is the shape that makes reprojection look almost right.
23:51:26:212 [ 7576] | INFO  | [MGPU Bridge] [MGPU][SEAL] new f=2928 slot=5 gap=1 lat=128.37ms pitch=15360 fmt=28 bytes=33177600 bc=0(unimplemented) OK
23:51:26:988 [28972] | INFO  | [MGPU Bridge] [MGPU][P9.1] META SRC mvec lane: 20 candidate(s), 959 ns/frame over 3650 frames. R72: RANKED AND SORTED BY RTV BINDS - how often each is RENDERED INTO, which is a per-frame usage signal. srvs is kept alongside as the old created over the resource. THIS DOES NOT IDENTIFY MOTION VECTORS - nothing in ReShade says which one they are - it says whether an MVec-shaped resource is visible from a subscriber at all. An empty list with a non-zero examined count is the result that says the NGX hook has to be earned or abandoned. root-descriptor SRV pushes=0 (zero here with a non-zero SRV count above means this engine binds through descriptor TABLES and push_descriptors is blind in it - a fact about the engine, not a fault). | #0 2560x1440 R16G16_FLOAT srvs=1 RTVBINDS=0 (0.00/frame) | #1 2560x1440 R16G16_FLOAT srvs=1 RTVBINDS=0 (0.00/frame) | #2 2560x1440 R16G16_FLOAT srvs=1 RTVBINDS=0 (0.00/frame) | #3 2560x1440 R16G16_FLOAT srvs=2 RTVBINDS=0 (0.00/frame) | #4 2560x1440 R16G16_FLOAT srvs=2 RTVBINDS=0 (0.00/frame) | #5 2560x1440 R16G16_SNORM srvs=1 RTVBINDS=0 (0.00/frame) | #6 1920x1080 R16G16_FLOAT srvs=1 RTVBINDS=0 (0.00/frame) | #7 2560x1440 R16G16_SNORM srvs=1 RTVBINDS=0 (0.00/frame)
23:51:26:988 [28972] | INFO  | [MGPU Bridge] [MGPU][R71] MVEC SIZES over ALL 20 candidate(s): 2560x1440 x14 | 1920x1080 x4 | 3840x2160 x2 | || TRANSPORT SOURCE res=0x232d78da520 (0 means not identified yet - it needs a display-extent candidate with render-target binds), handed to the transport 0 times, 0 second-binds-in-a-frame skipped. || EVICTIONS: 21 resources destroyed and removed from the tables (R76 - a resolution change destroys every render target, and a stale entry is a copy from freed memory). RTV BINDS SEEN IN TOTAL: 0. THE RANK ABOVE IS NOW RENDER TARGET BINDS, NOT SRV CREATIONS. R25 ranked by SRVs created, got 6/5/3/3, and called it "a candidate, not an identification" - that flatness was the SIGNAL being wrong, not the game. An SRV creation count is a LIFETIME number; a velocity buffer is RENDERED INTO once per frame, and RTVBINDS is that. THE EXTENT TO MATCH IS THE DISPLAY EXTENT 3840x2160, not the render extent: the game's own DLSS telemetry says ColorExtentHeight=936 with MVExtentWidth=2560 MVExtentHeight=1440, so this title feeds HIGH-RESOLUTION motion vectors. A single candidate marked <-DISPLAY-EXTENT with RTVBINDS close to the frame count is the velocity buffer. RTV BINDS SEEN = 0 with candidates present means THIS EVENT did not see it, and says nothing whatever about the other two. R81 retracted the sentence that used to sit here - it named optical flow and NGX hooking as the routes left, before any
23:51:26:988 [28972] | INFO  | [MGPU Bridge] [MGPU][R82] ACQUISITION SIGNALS - three of them, one run. || RTV VIEW TABLE: 51 of 128 entries. THAT IS THE DENOMINATOR R80 COULD NOT SEE - a bind count of zero against an empty table means nothing at all. || OMSetRenderTargets: fired=0 rtvs=0 | matched via OUR TABLE=0 | matched via get_resource_from_view=0 || BeginRenderPass: fired=0 targets=0 matched=0 || Barrier: fired=660781 resources=1705919 matched=27309, costing 11949 ns/frame || #0 2560x1440 rtv=0 rp=0 bar=476(0xC0->0x8) | #1 2560x1440 rtv=0 rp=0 bar=478(0x8->0xC0) | #2 2560x1440 rtv=0 rp=0 bar=479(0xC0->0x8) | #3 2560x1440 rtv=0 rp=0 bar=476(0xC0->0x8) | #4 2560x1440 rtv=0 rp=0 bar=480(0xC0->0x8) | #5 2560x1440 rtv=0 rp=0 bar=36(0xC0->0x40) | || HOW TO READ IT. via TABLE=0 while via get_resource_from_view is non-zero: the table was the whole bug and R76 through R81 were spent on a cache we never needed. BeginRenderPass fired while OMSetRenderTargets did not: this engine uses render passes and we were subscribed to the wrong event. Barrier matched with a per-frame count near the frame count: use THAT permanently - it needs no view, no table and no binding-path assumption, and 0x4->0xC0 (render_target -> shader_resource) is the moment AFTER the pass wrote, which is the correct moment to copy and is one the bind events cannot offer. NOTE THE STALENESS R78 DID NOT STATE: both bind events fire BEFORE the pass runs, so a copy taken there carries the PREVIOUS frame's vectors. All three silent with candidates present is the only reading that makes optical flow or NGX hooking the honest next step. Two of the barriers per frame on the published source are OURS.
23:51:28:347 [ 7576] | INFO  | [MGPU Bridge] [MGPU][SEAL] new f=2989 slot=0 gap=1 lat=153.89ms pitch=15360 fmt=28 bytes=33177600 bc=0(unimplemented) OK
23:51:29:217 [ 7576] | INFO  | [MGPU Bridge] [MGPU][R63] DEPTH TRANSPORT f=3015 mode=1 (TRANSPORTED AND BOUND) | producer: valid=3019 invalid=0 size-rejected=0, arm held 0 frame(s) | consumer: seals seen valid=1854 invalid=0 contract mismatches=0 | region 3840x2160 fmt=41 pitch=15360 bytes=33177600 at slot offset 33178112 of 95846912. INVALID IS NOT AN ERROR: ReShade unbinds depth in menus and scene changes, and R61 established that shipping the zeros it leaves behind would hand the model a false flat plane. An invalid frame carries the colour and says so. WHAT WOULD BE AN ERROR is contract mismatches above zero, or valid staying at zero once you are in gameplay - that means the tap is not feeding us. 100.0% of sealed frames carried depth. | GPU 1: unpacked=1760 bound=1488 skipped=0, DepthInverted=1, flag disagreements=0 (the seal crossed the adapter and the slot flag did not, so any disagreement between them is real). BOUND vs SKIPPED IS THE R61 TEST: skipped counts frames where ReShade had no depth and the model was given NONE rather than the previous frame's - open a menu mid-stream and this must move.
23:51:29:218 [ 7576] | INFO  | [MGPU Bridge] [MGPU][R78] MVEC TRANSPORT f=3015 mode=3 REAL | producer: copies=1218 missing=1801 size-rejected=0 lock-skipped=0, arm held 239 frame(s) | consumer: seals seen valid=1213 invalid=641 contract mismatches=0 flag disagreements=9 | region 2560x1440 fmt=10 pitch=20480 bytes=29491200 at slot offset 66355712 of 95846912 | GPU 1: unpacked=1213 bound=1209 skipped=279, scale=(2560.000, 1440.000). 65.4% of sealed frames carried vectors. COPIES IS THE ONE TO WATCH: it counts frames where the bind hook fired and a copy was recorded. If it stays at zero the probe published a handle nobody binds, and MVec never reaches the model whatever the rest of this line says. SKIPPED IS NOT AN ERROR - it counts frames with no vectors, which is what a menu looks like, and those frames are handed NONE rather than the last frame's motion.
23:51:29:218 [ 7576] | INFO  | [MGPU Bridge] [MGPU][R87] MVEC FRAME ALIGNMENT f=3015 | evaluates=1488 | elapsed 1=1217 2=2 3=2 4=11 5=35 6=58 7=89 8+=74 | worst=9 | 81.79% at 1. A motion vector describes ONE game frame; NR reprojects by whatever it is handed. When the frame NR blends against is older than one, history lands SHORT by this factor - zero error at rest, growing with speed, and no constant MVecScale can fix it. The scale is multiplied by this per evaluate. IF THIS LINE IS FLAT AT 1 AND THE ARTEFACT IS UNCHANGED, PACING IS ELIMINATED and what remains is units or sign. P4.1's skipped-frame counter predicts about 99.5% at 1, so a materially lower figure here is a desync no counter has shown us.
23:51:30:014 [10956] | INFO  | [MGPU Bridge] [MGPU][P9.1] META SRC mvec lane: 20 candidate(s), 963 ns/frame over 3733 frames. R72: RANKED AND SORTED BY RTV BINDS - how often each is RENDERED INTO, which is a per-frame usage signal. srvs is kept alongside as the old created over the resource. THIS DOES NOT IDENTIFY MOTION VECTORS - nothing in ReShade says which one they are - it says whether an MVec-shaped resource is visible from a subscriber at all. An empty list with a non-zero examined count is the result that says the NGX hook has to be earned or abandoned. root-descriptor SRV pushes=0 (zero here with a non-zero SRV count above means this engine binds through descriptor TABLES and push_descriptors is blind in it - a fact about the engine, not a fault). | #0 2560x1440 R16G16_FLOAT srvs=1 RTVBINDS=0 (0.00/frame) | #1 2560x1440 R16G16_FLOAT srvs=1 RTVBINDS=0 (0.00/frame) | #2 2560x1440 R16G16_FLOAT srvs=1 RTVBINDS=0 (0.00/frame) | #3 2560x1440 R16G16_FLOAT srvs=2 RTVBINDS=0 (0.00/frame) | #4 2560x1440 R16G16_FLOAT srvs=2 RTVBINDS=0 (0.00/frame) | #5 2560x1440 R16G16_SNORM srvs=1 RTVBINDS=0 (0.00/frame) | #6 1920x1080 R16G16_FLOAT srvs=1 RTVBINDS=0 (0.00/frame) | #7 2560x1440 R16G16_SNORM srvs=1 RTVBINDS=0 (0.00/frame)
23:51:30:014 [10956] | INFO  | [MGPU Bridge] [MGPU][R71] MVEC SIZES over ALL 20 candidate(s): 2560x1440 x14 | 1920x1080 x4 | 3840x2160 x2 | || TRANSPORT SOURCE res=0x232d78da520 (0 means not identified yet - it needs a display-extent candidate with render-target binds), handed to the transport 0 times, 0 second-binds-in-a-frame skipped. || EVICTIONS: 21 resources destroyed and removed from the tables (R76 - a resolution change destroys every render target, and a stale entry is a copy from freed memory). RTV BINDS SEEN IN TOTAL: 0. THE RANK ABOVE IS NOW RENDER TARGET BINDS, NOT SRV CREATIONS. R25 ranked by SRVs created, got 6/5/3/3, and called it "a candidate, not an identification" - that flatness was the SIGNAL being wrong, not the game. An SRV creation count is a LIFETIME number; a velocity buffer is RENDERED INTO once per frame, and RTVBINDS is that. THE EXTENT TO MATCH IS THE DISPLAY EXTENT 3840x2160, not the render extent: the game's own DLSS telemetry says ColorExtentHeight=936 with MVExtentWidth=2560 MVExtentHeight=1440, so this title feeds HIGH-RESOLUTION motion vectors. A single candidate marked <-DISPLAY-EXTENT with RTVBINDS close to the frame count is the velocity buffer. RTV BINDS SEEN = 0 with candidates present means THIS EVENT did not see it, and says nothing whatever about the other two. R81 retracted the sentence that used to sit here - it named optical flow and NGX hooking as the routes left, before any
23:51:30:014 [10956] | INFO  | [MGPU Bridge] [MGPU][R82] ACQUISITION SIGNALS - three of them, one run. || RTV VIEW TABLE: 51 of 128 entries. THAT IS THE DENOMINATOR R80 COULD NOT SEE - a bind count of zero against an empty table means nothing at all. || OMSetRenderTargets: fired=0 rtvs=0 | matched via OUR TABLE=0 | matched via get_resource_from_view=0 || BeginRenderPass: fired=0 targets=0 matched=0 || Barrier: fired=705884 resources=1820948 matched=29014, costing 12410 ns/frame || #0 2560x1440 rtv=0 rp=0 bar=642(0xC0->0x8) | #1 2560x1440 rtv=0 rp=0 bar=644(0x8->0xC0) | #2 2560x1440 rtv=0 rp=0 bar=607(0xC0->0x8) | #3 2560x1440 rtv=0 rp=0 bar=642(0xC0->0x8) | #4 2560x1440 rtv=0 rp=0 bar=646(0xC0->0x8) | #5 2560x1440 rtv=0 rp=0 bar=36(0xC0->0x40) | || HOW TO READ IT. via TABLE=0 while via get_resource_from_view is non-zero: the table was the whole bug and R76 through R81 were spent on a cache we never needed. BeginRenderPass fired while OMSetRenderTargets did not: this engine uses render passes and we were subscribed to the wrong event. Barrier matched with a per-frame count near the frame count: use THAT permanently - it needs no view, no table and no binding-path assumption, and 0x4->0xC0 (render_target -> shader_resource) is the moment AFTER the pass wrote, which is the correct moment to copy and is one the bind events cannot offer. NOTE THE STALENESS R78 DID NOT STATE: both bind events fire BEFORE the pass runs, so a copy taken there carries the PREVIOUS frame's vectors. All three silent with candidates present is the only reading that makes optical flow or NGX hooking the honest next step. Two of the barriers per frame on the published source are OURS.
23:51:30:055 [ 7576] | INFO  | [MGPU Bridge] [MGPU][T5] present loop alive: frame 3000 thread id 0x1D98
23:51:30:401 [ 7576] | INFO  | [MGPU Bridge] [MGPU][SEAL] new f=3050 slot=1 gap=1 lat=129.98ms pitch=15360 fmt=28 bytes=33177600 bc=0(unimplemented) OK
23:51:32:397 [ 7576] | INFO  | [MGPU Bridge] [MGPU][SEAL] new f=3111 slot=2 gap=1 lat=145.16ms pitch=15360 fmt=28 bytes=33177600 bc=0(unimplemented) OK
23:51:33:026 [ 7964] | INFO  | [MGPU Bridge] [MGPU][P9.1] META SRC mvec lane: 20 candidate(s), 1005 ns/frame over 3826 frames. R72: RANKED AND SORTED BY RTV BINDS - how often each is RENDERED INTO, which is a per-frame usage signal. srvs is kept alongside as the old created over the resource. THIS DOES NOT IDENTIFY MOTION VECTORS - nothing in ReShade says which one they are - it says whether an MVec-shaped resource is visible from a subscriber at all. An empty list with a non-zero examined count is the result that says the NGX hook has to be earned or abandoned. root-descriptor SRV pushes=0 (zero here with a non-zero SRV count above means this engine binds through descriptor TABLES and push_descriptors is blind in it - a fact about the engine, not a fault). | #0 2560x1440 R16G16_FLOAT srvs=1 RTVBINDS=0 (0.00/frame) | #1 2560x1440 R16G16_FLOAT srvs=1 RTVBINDS=0 (0.00/frame) | #2 2560x1440 R16G16_FLOAT srvs=1 RTVBINDS=0 (0.00/frame) | #3 2560x1440 R16G16_FLOAT srvs=2 RTVBINDS=0 (0.00/frame) | #4 2560x1440 R16G16_FLOAT srvs=2 RTVBINDS=0 (0.00/frame) | #5 2560x1440 R16G16_SNORM srvs=1 RTVBINDS=0 (0.00/frame) | #6 1920x1080 R16G16_FLOAT srvs=1 RTVBINDS=0 (0.00/frame) | #7 2560x1440 R16G16_SNORM srvs=1 RTVBINDS=0 (0.00/frame)
23:51:33:027 [ 7964] | INFO  | [MGPU Bridge] [MGPU][R71] MVEC SIZES over ALL 20 candidate(s): 2560x1440 x14 | 1920x1080 x4 | 3840x2160 x2 | || TRANSPORT SOURCE res=0x232d78da520 (0 means not identified yet - it needs a display-extent candidate with render-target binds), handed to the transport 0 times, 0 second-binds-in-a-frame skipped. || EVICTIONS: 21 resources destroyed and removed from the tables (R76 - a resolution change destroys every render target, and a stale entry is a copy from freed memory). RTV BINDS SEEN IN TOTAL: 0. THE RANK ABOVE IS NOW RENDER TARGET BINDS, NOT SRV CREATIONS. R25 ranked by SRVs created, got 6/5/3/3, and called it "a candidate, not an identification" - that flatness was the SIGNAL being wrong, not the game. An SRV creation count is a LIFETIME number; a velocity buffer is RENDERED INTO once per frame, and RTVBINDS is that. THE EXTENT TO MATCH IS THE DISPLAY EXTENT 3840x2160, not the render extent: the game's own DLSS telemetry says ColorExtentHeight=936 with MVExtentWidth=2560 MVExtentHeight=1440, so this title feeds HIGH-RESOLUTION motion vectors. A single candidate marked <-DISPLAY-EXTENT with RTVBINDS close to the frame count is the velocity buffer. RTV BINDS SEEN = 0 with candidates present means THIS EVENT did not see it, and says nothing whatever about the other two. R81 retracted the sentence that used to sit here - it named optical flow and NGX hooking as the routes left, before any
23:51:33:027 [ 7964] | INFO  | [MGPU Bridge] [MGPU][R82] ACQUISITION SIGNALS - three of them, one run. || RTV VIEW TABLE: 51 of 128 entries. THAT IS THE DENOMINATOR R80 COULD NOT SEE - a bind count of zero against an empty table means nothing at all. || OMSetRenderTargets: fired=0 rtvs=0 | matched via OUR TABLE=0 | matched via get_resource_from_view=0 || BeginRenderPass: fired=0 targets=0 matched=0 || Barrier: fired=767088 resources=1963819 matched=30865, costing 13083 ns/frame || #0 2560x1440 rtv=0 rp=0 bar=828(0xC0->0x8) | #1 2560x1440 rtv=0 rp=0 bar=830(0x8->0xC0) | #2 2560x1440 rtv=0 rp=0 bar=691(0xC0->0x8) | #3 2560x1440 rtv=0 rp=0 bar=828(0xC0->0x8) | #4 2560x1440 rtv=0 rp=0 bar=832(0xC0->0x8) | #5 2560x1440 rtv=0 rp=0 bar=36(0xC0->0x40) | || HOW TO READ IT. via TABLE=0 while via get_resource_from_view is non-zero: the table was the whole bug and R76 through R81 were spent on a cache we never needed. BeginRenderPass fired while OMSetRenderTargets did not: this engine uses render passes and we were subscribed to the wrong event. Barrier matched with a per-frame count near the frame count: use THAT permanently - it needs no view, no table and no binding-path assumption, and 0x4->0xC0 (render_target -> shader_resource) is the moment AFTER the pass wrote, which is the correct moment to copy and is one the bind events cannot offer. NOTE THE STALENESS R78 DID NOT STATE: both bind events fire BEFORE the pass runs, so a copy taken there carries the PREVIOUS frame's vectors. All three silent with candidates present is the only reading that makes optical flow or NGX hooking the honest next step. Two of the barriers per frame on the published source are OURS.
23:51:34:382 [ 7576] | INFO  | [MGPU Bridge] [MGPU][SEAL] new f=3172 slot=3 gap=1 lat=136.12ms pitch=15360 fmt=28 bytes=33177600 bc=0(unimplemented) OK
23:51:35:411 [13220] | INFO  | [MGPU Bridge] [MGPU][R101] CALIBRATOR mode=2 site=data-scan | slots=57 data-slots=2 modules=174 gpa-calls=243 | resolved=1 creates=1 sr-handle=known | evaluates=1661 captured=1661 | cost 2649 ns/frame | eval-copies=1661 eval-skips=0. || THE GAME'S OWN TABLE: color=0x236fc38a880 depth=0x236fc4a9a30 MVEC=0x23625566fd0 output=0x236fc0060a0 | MVecScale 2560.0000,1440.0000 | jitter -0.1482,0.4952 | Reset=0 | CreateFlags=0x4b -> DepthInverted=1 MVLowRes=1 MVJittered=0 IsHDR=1 AutoExposure=1 | quality=2 | render 2560x1440 -> display 3840x2160 | dynamic 1920x1080..3840x2160 | subrect 2560x1440 at color(0,0) depth(0,0) MV(0,0) out(0,0) | have=0x1fff. || HOW TO READ IT. resolved=0 with evaluates=0 means no module asked for the entry point after we installed - either the title does not use DLSS, or it resolved before the addon loaded; the barrier path is untouched either way and is still what drives. sr-handle=UNFILTERED means we were not present for CreateFeature, so the table may be from frame generation rather than super sampling - check that render/display extents look like a supersampling pair before trusting it. MVEC here is the GAME'S answer to the question every round from R70 to R100 tried to infer; if it does not equal the handle the barrier probe armed on Dragon Sword, the probe was wrong on a title we believed, and THAT is the finding. have=0 bits name the keys this producer does not populate - Streamline and the raw SDK do not set the same subset, and the difference is a fact about the route, not a bug. MVLowRes IS DEFERRED OPTION 11 ANSWERED: 1 means the game's motion vectors are at RENDER resolution, 0 means display resolution, and we have been inferring that from buffer sizes since R83. Read it together with MVecScale - a low-res field with a display-sized scale is the shape that makes reprojection look almost right.
23:51:36:036 [10956] | INFO  | [MGPU Bridge] [MGPU][P9.1] META SRC mvec lane: 20 candidate(s), 998 ns/frame over 3919 frames. R72: RANKED AND SORTED BY RTV BINDS - how often each is RENDERED INTO, which is a per-frame usage signal. srvs is kept alongside as the old created over the resource. THIS DOES NOT IDENTIFY MOTION VECTORS - nothing in ReShade says which one they are - it says whether an MVec-shaped resource is visible from a subscriber at all. An empty list with a non-zero examined count is the result that says the NGX hook has to be earned or abandoned. root-descriptor SRV pushes=0 (zero here with a non-zero SRV count above means this engine binds through descriptor TABLES and push_descriptors is blind in it - a fact about the engine, not a fault). | #0 2560x1440 R16G16_FLOAT srvs=1 RTVBINDS=0 (0.00/frame) | #1 2560x1440 R16G16_FLOAT srvs=1 RTVBINDS=0 (0.00/frame) | #2 2560x1440 R16G16_FLOAT srvs=1 RTVBINDS=0 (0.00/frame) | #3 2560x1440 R16G16_FLOAT srvs=2 RTVBINDS=0 (0.00/frame) | #4 2560x1440 R16G16_FLOAT srvs=2 RTVBINDS=0 (0.00/frame) | #5 2560x1440 R16G16_SNORM srvs=1 RTVBINDS=0 (0.00/frame) | #6 1920x1080 R16G16_FLOAT srvs=1 RTVBINDS=0 (0.00/frame) | #7 2560x1440 R16G16_SNORM srvs=1 RTVBINDS=0 (0.00/frame)
23:51:36:036 [10956] | INFO  | [MGPU Bridge] [MGPU][R71] MVEC SIZES over ALL 20 candidate(s): 2560x1440 x14 | 1920x1080 x4 | 3840x2160 x2 | || TRANSPORT SOURCE res=0x232d78da520 (0 means not identified yet - it needs a display-extent candidate with render-target binds), handed to the transport 0 times, 0 second-binds-in-a-frame skipped. || EVICTIONS: 21 resources destroyed and removed from the tables (R76 - a resolution change destroys every render target, and a stale entry is a copy from freed memory). RTV BINDS SEEN IN TOTAL: 0. THE RANK ABOVE IS NOW RENDER TARGET BINDS, NOT SRV CREATIONS. R25 ranked by SRVs created, got 6/5/3/3, and called it "a candidate, not an identification" - that flatness was the SIGNAL being wrong, not the game. An SRV creation count is a LIFETIME number; a velocity buffer is RENDERED INTO once per frame, and RTVBINDS is that. THE EXTENT TO MATCH IS THE DISPLAY EXTENT 3840x2160, not the render extent: the game's own DLSS telemetry says ColorExtentHeight=936 with MVExtentWidth=2560 MVExtentHeight=1440, so this title feeds HIGH-RESOLUTION motion vectors. A single candidate marked <-DISPLAY-EXTENT with RTVBINDS close to the frame count is the velocity buffer. RTV BINDS SEEN = 0 with candidates present means THIS EVENT did not see it, and says nothing whatever about the other two. R81 retracted the sentence that used to sit here - it named optical flow and NGX hooking as the routes left, before any
23:51:36:037 [10956] | INFO  | [MGPU Bridge] [MGPU][R82] ACQUISITION SIGNALS - three of them, one run. || RTV VIEW TABLE: 51 of 128 entries. THAT IS THE DENOMINATOR R80 COULD NOT SEE - a bind count of zero against an empty table means nothing at all. || OMSetRenderTargets: fired=0 rtvs=0 | matched via OUR TABLE=0 | matched via get_resource_from_view=0 || BeginRenderPass: fired=0 targets=0 matched=0 || Barrier: fired=840510 resources=2118107 matched=32632, costing 13919 ns/frame || #0 2560x1440 rtv=0 rp=0 bar=1014(0xC0->0x8) | #1 2560x1440 rtv=0 rp=0 bar=1016(0x8->0xC0) | #2 2560x1440 rtv=0 rp=0 bar=691(0xC0->0x8) | #3 2560x1440 rtv=0 rp=0 bar=1014(0xC0->0x8) | #4 2560x1440 rtv=0 rp=0 bar=1018(0xC0->0x8) | #5 2560x1440 rtv=0 rp=0 bar=36(0xC0->0x40) | || HOW TO READ IT. via TABLE=0 while via get_resource_from_view is non-zero: the table was the whole bug and R76 through R81 were spent on a cache we never needed. BeginRenderPass fired while OMSetRenderTargets did not: this engine uses render passes and we were subscribed to the wrong event. Barrier matched with a per-frame count near the frame count: use THAT permanently - it needs no view, no table and no binding-path assumption, and 0x4->0xC0 (render_target -> shader_resource) is the moment AFTER the pass wrote, which is the correct moment to copy and is one the bind events cannot offer. NOTE THE STALENESS R78 DID NOT STATE: both bind events fire BEFORE the pass runs, so a copy taken there carries the PREVIOUS frame's vectors. All three silent with candidates present is the only reading that makes optical flow or NGX hooking the honest next step. Two of the barriers per frame on the published source are OURS.
23:51:36:371 [ 7576] | INFO  | [MGPU Bridge] [MGPU][SEAL] new f=3233 slot=4 gap=1 lat=140.27ms pitch=15360 fmt=28 bytes=33177600 bc=0(unimplemented) OK
23:51:38:334 [ 7576] | INFO  | [MGPU Bridge] [MGPU][SEAL] new f=3294 slot=5 gap=1 lat=138.35ms pitch=15360 fmt=28 bytes=33177600 bc=0(unimplemented) OK
23:51:39:033 [ 7576] | INFO  | [MGPU Bridge] [MGPU][R63] DEPTH TRANSPORT f=3315 mode=1 (TRANSPORTED AND BOUND) | producer: valid=3319 invalid=0 size-rejected=0, arm held 0 frame(s) | consumer: seals seen valid=2154 invalid=0 contract mismatches=0 | region 3840x2160 fmt=41 pitch=15360 bytes=33177600 at slot offset 33178112 of 95846912. INVALID IS NOT AN ERROR: ReShade unbinds depth in menus and scene changes, and R61 established that shipping the zeros it leaves behind would hand the model a false flat plane. An invalid frame carries the colour and says so. WHAT WOULD BE AN ERROR is contract mismatches above zero, or valid staying at zero once you are in gameplay - that means the tap is not feeding us. 100.0% of sealed frames carried depth. | GPU 1: unpacked=2060 bound=1788 skipped=0, DepthInverted=1, flag disagreements=0 (the seal crossed the adapter and the slot flag did not, so any disagreement between them is real). BOUND vs SKIPPED IS THE R61 TEST: skipped counts frames where ReShade had no depth and the model was given NONE rather than the previous frame's - open a menu mid-stream and this must move.
23:51:39:034 [ 7576] | INFO  | [MGPU Bridge] [MGPU][R78] MVEC TRANSPORT f=3315 mode=3 REAL | producer: copies=1518 missing=1801 size-rejected=0 lock-skipped=0, arm held 239 frame(s) | consumer: seals seen valid=1513 invalid=641 contract mismatches=0 flag disagreements=9 | region 2560x1440 fmt=10 pitch=20480 bytes=29491200 at slot offset 66355712 of 95846912 | GPU 1: unpacked=1513 bound=1509 skipped=279, scale=(2560.000, 1440.000). 70.2% of sealed frames carried vectors. COPIES IS THE ONE TO WATCH: it counts frames where the bind hook fired and a copy was recorded. If it stays at zero the probe published a handle nobody binds, and MVec never reaches the model whatever the rest of this line says. SKIPPED IS NOT AN ERROR - it counts frames with no vectors, which is what a menu looks like, and those frames are handed NONE rather than the last frame's motion.
23:51:39:034 [ 7576] | INFO  | [MGPU Bridge] [MGPU][R87] MVEC FRAME ALIGNMENT f=3315 | evaluates=1788 | elapsed 1=1517 2=2 3=2 4=11 5=35 6=58 7=89 8+=74 | worst=9 | 84.84% at 1. A motion vector describes ONE game frame; NR reprojects by whatever it is handed. When the frame NR blends against is older than one, history lands SHORT by this factor - zero error at rest, growing with speed, and no constant MVecScale can fix it. The scale is multiplied by this per evaluate. IF THIS LINE IS FLAT AT 1 AND THE ARTEFACT IS UNCHANGED, PACING IS ELIMINATED and what remains is units or sign. P4.1's skipped-frame counter predicts about 99.5% at 1, so a materially lower figure here is a desync no counter has shown us.
23:51:39:057 [ 9268] | INFO  | [MGPU Bridge] [MGPU][P9.1] META SRC mvec lane: 20 candidate(s), 994 ns/frame over 4012 frames. R72: RANKED AND SORTED BY RTV BINDS - how often each is RENDERED INTO, which is a per-frame usage signal. srvs is kept alongside as the old created over the resource. THIS DOES NOT IDENTIFY MOTION VECTORS - nothing in ReShade says which one they are - it says whether an MVec-shaped resource is visible from a subscriber at all. An empty list with a non-zero examined count is the result that says the NGX hook has to be earned or abandoned. root-descriptor SRV pushes=0 (zero here with a non-zero SRV count above means this engine binds through descriptor TABLES and push_descriptors is blind in it - a fact about the engine, not a fault). | #0 2560x1440 R16G16_FLOAT srvs=1 RTVBINDS=0 (0.00/frame) | #1 2560x1440 R16G16_FLOAT srvs=1 RTVBINDS=0 (0.00/frame) | #2 2560x1440 R16G16_FLOAT srvs=1 RTVBINDS=0 (0.00/frame) | #3 2560x1440 R16G16_FLOAT srvs=2 RTVBINDS=0 (0.00/frame) | #4 2560x1440 R16G16_FLOAT srvs=2 RTVBINDS=0 (0.00/frame) | #5 2560x1440 R16G16_SNORM srvs=1 RTVBINDS=0 (0.00/frame) | #6 1920x1080 R16G16_FLOAT srvs=1 RTVBINDS=0 (0.00/frame) | #7 2560x1440 R16G16_SNORM srvs=1 RTVBINDS=0 (0.00/frame)
23:51:39:058 [ 9268] | INFO  | [MGPU Bridge] [MGPU][R71] MVEC SIZES over ALL 20 candidate(s): 2560x1440 x14 | 1920x1080 x4 | 3840x2160 x2 | || TRANSPORT SOURCE res=0x232d78da520 (0 means not identified yet - it needs a display-extent candidate with render-target binds), handed to the transport 0 times, 0 second-binds-in-a-frame skipped. || EVICTIONS: 21 resources destroyed and removed from the tables (R76 - a resolution change destroys every render target, and a stale entry is a copy from freed memory). RTV BINDS SEEN IN TOTAL: 0. THE RANK ABOVE IS NOW RENDER TARGET BINDS, NOT SRV CREATIONS. R25 ranked by SRVs created, got 6/5/3/3, and called it "a candidate, not an identification" - that flatness was the SIGNAL being wrong, not the game. An SRV creation count is a LIFETIME number; a velocity buffer is RENDERED INTO once per frame, and RTVBINDS is that. THE EXTENT TO MATCH IS THE DISPLAY EXTENT 3840x2160, not the render extent: the game's own DLSS telemetry says ColorExtentHeight=936 with MVExtentWidth=2560 MVExtentHeight=1440, so this title feeds HIGH-RESOLUTION motion vectors. A single candidate marked <-DISPLAY-EXTENT with RTVBINDS close to the frame count is the velocity buffer. RTV BINDS SEEN = 0 with candidates present means THIS EVENT did not see it, and says nothing whatever about the other two. R81 retracted the sentence that used to sit here - it named optical flow and NGX hooking as the routes left, before any
23:51:39:058 [ 9268] | INFO  | [MGPU Bridge] [MGPU][R82] ACQUISITION SIGNALS - three of them, one run. || RTV VIEW TABLE: 51 of 128 entries. THAT IS THE DENOMINATOR R80 COULD NOT SEE - a bind count of zero against an empty table means nothing at all. || OMSetRenderTargets: fired=0 rtvs=0 | matched via OUR TABLE=0 | matched via get_resource_from_view=0 || BeginRenderPass: fired=0 targets=0 matched=0 || Barrier: fired=912840 resources=2270212 matched=34411, costing 14705 ns/frame || #0 2560x1440 rtv=0 rp=0 bar=1200(0xC0->0x8) | #1 2560x1440 rtv=0 rp=0 bar=1202(0x8->0xC0) | #2 2560x1440 rtv=0 rp=0 bar=703(0xC0->0x8) | #3 2560x1440 rtv=0 rp=0 bar=1200(0xC0->0x8) | #4 2560x1440 rtv=0 rp=0 bar=1204(0xC0->0x8) | #5 2560x1440 rtv=0 rp=0 bar=36(0xC0->0x40) | || HOW TO READ IT. via TABLE=0 while via get_resource_from_view is non-zero: the table was the whole bug and R76 through R81 were spent on a cache we never needed. BeginRenderPass fired while OMSetRenderTargets did not: this engine uses render passes and we were subscribed to the wrong event. Barrier matched with a per-frame count near the frame count: use THAT permanently - it needs no view, no table and no binding-path assumption, and 0x4->0xC0 (render_target -> shader_resource) is the moment AFTER the pass wrote, which is the correct moment to copy and is one the bind events cannot offer. NOTE THE STALENESS R78 DID NOT STATE: both bind events fire BEFORE the pass runs, so a copy taken there carries the PREVIOUS frame's vectors. All three silent with candidates present is the only reading that makes optical flow or NGX hooking the honest next step. Two of the barriers per frame on the published source are OURS.
23:51:40:359 [ 7576] | INFO  | [MGPU Bridge] [MGPU][SEAL] new f=3355 slot=0 gap=1 lat=139.13ms pitch=15360 fmt=28 bytes=33177600 bc=0(unimplemented) OK
23:51:42:076 [18228] | INFO  | [MGPU Bridge] [MGPU][P9.1] META SRC mvec lane: 20 candidate(s), 986 ns/frame over 4105 frames. R72: RANKED AND SORTED BY RTV BINDS - how often each is RENDERED INTO, which is a per-frame usage signal. srvs is kept alongside as the old created over the resource. THIS DOES NOT IDENTIFY MOTION VECTORS - nothing in ReShade says which one they are - it says whether an MVec-shaped resource is visible from a subscriber at all. An empty list with a non-zero examined count is the result that says the NGX hook has to be earned or abandoned. root-descriptor SRV pushes=0 (zero here with a non-zero SRV count above means this engine binds through descriptor TABLES and push_descriptors is blind in it - a fact about the engine, not a fault). | #0 2560x1440 R16G16_FLOAT srvs=1 RTVBINDS=0 (0.00/frame) | #1 2560x1440 R16G16_FLOAT srvs=1 RTVBINDS=0 (0.00/frame) | #2 2560x1440 R16G16_FLOAT srvs=1 RTVBINDS=0 (0.00/frame) | #3 2560x1440 R16G16_FLOAT srvs=2 RTVBINDS=0 (0.00/frame) | #4 2560x1440 R16G16_FLOAT srvs=2 RTVBINDS=0 (0.00/frame) | #5 2560x1440 R16G16_SNORM srvs=1 RTVBINDS=0 (0.00/frame) | #6 1920x1080 R16G16_FLOAT srvs=1 RTVBINDS=0 (0.00/frame) | #7 2560x1440 R16G16_SNORM srvs=1 RTVBINDS=0 (0.00/frame)
23:51:42:076 [18228] | INFO  | [MGPU Bridge] [MGPU][R71] MVEC SIZES over ALL 20 candidate(s): 2560x1440 x14 | 1920x1080 x4 | 3840x2160 x2 | || TRANSPORT SOURCE res=0x232d78da520 (0 means not identified yet - it needs a display-extent candidate with render-target binds), handed to the transport 0 times, 0 second-binds-in-a-frame skipped. || EVICTIONS: 21 resources destroyed and removed from the tables (R76 - a resolution change destroys every render target, and a stale entry is a copy from freed memory). RTV BINDS SEEN IN TOTAL: 0. THE RANK ABOVE IS NOW RENDER TARGET BINDS, NOT SRV CREATIONS. R25 ranked by SRVs created, got 6/5/3/3, and called it "a candidate, not an identification" - that flatness was the SIGNAL being wrong, not the game. An SRV creation count is a LIFETIME number; a velocity buffer is RENDERED INTO once per frame, and RTVBINDS is that. THE EXTENT TO MATCH IS THE DISPLAY EXTENT 3840x2160, not the render extent: the game's own DLSS telemetry says ColorExtentHeight=936 with MVExtentWidth=2560 MVExtentHeight=1440, so this title feeds HIGH-RESOLUTION motion vectors. A single candidate marked <-DISPLAY-EXTENT with RTVBINDS close to the frame count is the velocity buffer. RTV BINDS SEEN = 0 with candidates present means THIS EVENT did not see it, and says nothing whatever about the other two. R81 retracted the sentence that used to sit here - it named optical flow and NGX hooking as the routes left, before any
23:51:42:077 [18228] | INFO  | [MGPU Bridge] [MGPU][R82] ACQUISITION SIGNALS - three of them, one run. || RTV VIEW TABLE: 51 of 128 entries. THAT IS THE DENOMINATOR R80 COULD NOT SEE - a bind count of zero against an empty table means nothing at all. || OMSetRenderTargets: fired=0 rtvs=0 | matched via OUR TABLE=0 | matched via get_resource_from_view=0 || BeginRenderPass: fired=0 targets=0 matched=0 || Barrier: fired=980546 resources=2416262 matched=36178, costing 15399 ns/frame || #0 2560x1440 rtv=0 rp=0 bar=1386(0xC0->0x8) | #1 2560x1440 rtv=0 rp=0 bar=1388(0x8->0xC0) | #2 2560x1440 rtv=0 rp=0 bar=703(0xC0->0x8) | #3 2560x1440 rtv=0 rp=0 bar=1386(0xC0->0x8) | #4 2560x1440 rtv=0 rp=0 bar=1390(0xC0->0x8) | #5 2560x1440 rtv=0 rp=0 bar=36(0xC0->0x40) | || HOW TO READ IT. via TABLE=0 while via get_resource_from_view is non-zero: the table was the whole bug and R76 through R81 were spent on a cache we never needed. BeginRenderPass fired while OMSetRenderTargets did not: this engine uses render passes and we were subscribed to the wrong event. Barrier matched with a per-frame count near the frame count: use THAT permanently - it needs no view, no table and no binding-path assumption, and 0x4->0xC0 (render_target -> shader_resource) is the moment AFTER the pass wrote, which is the correct moment to copy and is one the bind events cannot offer. NOTE THE STALENESS R78 DID NOT STATE: both bind events fire BEFORE the pass runs, so a copy taken there carries the PREVIOUS frame's vectors. All three silent with candidates present is the only reading that makes optical flow or NGX hooking the honest next step. Two of the barriers per frame on the published source are OURS.
23:51:42:307 [ 7576] | INFO  | [MGPU Bridge] [MGPU][SEAL] new f=3416 slot=1 gap=1 lat=136.43ms pitch=15360 fmt=28 bytes=33177600 bc=0(unimplemented) OK
23:51:44:282 [ 7576] | INFO  | [MGPU Bridge] [MGPU][SEAL] new f=3477 slot=2 gap=1 lat=136.97ms pitch=15360 fmt=28 bytes=33177600 bc=0(unimplemented) OK
23:51:45:086 [27632] | INFO  | [MGPU Bridge] [MGPU][P9.1] META SRC mvec lane: 20 candidate(s), 990 ns/frame over 4198 frames. R72: RANKED AND SORTED BY RTV BINDS - how often each is RENDERED INTO, which is a per-frame usage signal. srvs is kept alongside as the old created over the resource. THIS DOES NOT IDENTIFY MOTION VECTORS - nothing in ReShade says which one they are - it says whether an MVec-shaped resource is visible from a subscriber at all. An empty list with a non-zero examined count is the result that says the NGX hook has to be earned or abandoned. root-descriptor SRV pushes=0 (zero here with a non-zero SRV count above means this engine binds through descriptor TABLES and push_descriptors is blind in it - a fact about the engine, not a fault). | #0 2560x1440 R16G16_FLOAT srvs=1 RTVBINDS=0 (0.00/frame) | #1 2560x1440 R16G16_FLOAT srvs=1 RTVBINDS=0 (0.00/frame) | #2 2560x1440 R16G16_FLOAT srvs=1 RTVBINDS=0 (0.00/frame) | #3 2560x1440 R16G16_FLOAT srvs=2 RTVBINDS=0 (0.00/frame) | #4 2560x1440 R16G16_FLOAT srvs=2 RTVBINDS=0 (0.00/frame) | #5 2560x1440 R16G16_SNORM srvs=1 RTVBINDS=0 (0.00/frame) | #6 1920x1080 R16G16_FLOAT srvs=1 RTVBINDS=0 (0.00/frame) | #7 2560x1440 R16G16_SNORM srvs=1 RTVBINDS=0 (0.00/frame)
23:51:45:086 [27632] | INFO  | [MGPU Bridge] [MGPU][R71] MVEC SIZES over ALL 20 candidate(s): 2560x1440 x14 | 1920x1080 x4 | 3840x2160 x2 | || TRANSPORT SOURCE res=0x232d78da520 (0 means not identified yet - it needs a display-extent candidate with render-target binds), handed to the transport 0 times, 0 second-binds-in-a-frame skipped. || EVICTIONS: 21 resources destroyed and removed from the tables (R76 - a resolution change destroys every render target, and a stale entry is a copy from freed memory). RTV BINDS SEEN IN TOTAL: 0. THE RANK ABOVE IS NOW RENDER TARGET BINDS, NOT SRV CREATIONS. R25 ranked by SRVs created, got 6/5/3/3, and called it "a candidate, not an identification" - that flatness was the SIGNAL being wrong, not the game. An SRV creation count is a LIFETIME number; a velocity buffer is RENDERED INTO once per frame, and RTVBINDS is that. THE EXTENT TO MATCH IS THE DISPLAY EXTENT 3840x2160, not the render extent: the game's own DLSS telemetry says ColorExtentHeight=936 with MVExtentWidth=2560 MVExtentHeight=1440, so this title feeds HIGH-RESOLUTION motion vectors. A single candidate marked <-DISPLAY-EXTENT with RTVBINDS close to the frame count is the velocity buffer. RTV BINDS SEEN = 0 with candidates present means THIS EVENT did not see it, and says nothing whatever about the other two. R81 retracted the sentence that used to sit here - it named optical flow and NGX hooking as the routes left, before any
23:51:45:086 [27632] | INFO  | [MGPU Bridge] [MGPU][R82] ACQUISITION SIGNALS - three of them, one run. || RTV VIEW TABLE: 51 of 128 entries. THAT IS THE DENOMINATOR R80 COULD NOT SEE - a bind count of zero against an empty table means nothing at all. || OMSetRenderTargets: fired=0 rtvs=0 | matched via OUR TABLE=0 | matched via get_resource_from_view=0 || BeginRenderPass: fired=0 targets=0 matched=0 || Barrier: fired=1036102 resources=2548994 matched=37945, costing 15882 ns/frame || #0 2560x1440 rtv=0 rp=0 bar=1572(0xC0->0x8) | #1 2560x1440 rtv=0 rp=0 bar=1574(0x8->0xC0) | #2 2560x1440 rtv=0 rp=0 bar=703(0xC0->0x8) | #3 2560x1440 rtv=0 rp=0 bar=1572(0xC0->0x8) | #4 2560x1440 rtv=0 rp=0 bar=1576(0xC0->0x8) | #5 2560x1440 rtv=0 rp=0 bar=36(0xC0->0x40) | || HOW TO READ IT. via TABLE=0 while via get_resource_from_view is non-zero: the table was the whole bug and R76 through R81 were spent on a cache we never needed. BeginRenderPass fired while OMSetRenderTargets did not: this engine uses render passes and we were subscribed to the wrong event. Barrier matched with a per-frame count near the frame count: use THAT permanently - it needs no view, no table and no binding-path assumption, and 0x4->0xC0 (render_target -> shader_resource) is the moment AFTER the pass wrote, which is the correct moment to copy and is one the bind events cannot offer. NOTE THE STALENESS R78 DID NOT STATE: both bind events fire BEFORE the pass runs, so a copy taken there carries the PREVIOUS frame's vectors. All three silent with candidates present is the only reading that makes optical flow or NGX hooking the honest next step. Two of the barriers per frame on the published source are OURS.
23:51:45:150 [ 7964] | INFO  | [MGPU Bridge] [MGPU][R101] CALIBRATOR mode=2 site=data-scan | slots=57 data-slots=2 modules=174 gpa-calls=247 | resolved=1 creates=1 sr-handle=known | evaluates=1961 captured=1961 | cost 3095 ns/frame | eval-copies=1961 eval-skips=0. || THE GAME'S OWN TABLE: color=0x236fc38a880 depth=0x236fc4a9a30 MVEC=0x23625566fd0 output=0x236fc0060a0 | MVecScale 2560.0000,1440.0000 | jitter 0.3152,-0.4569 | Reset=0 | CreateFlags=0x4b -> DepthInverted=1 MVLowRes=1 MVJittered=0 IsHDR=1 AutoExposure=1 | quality=2 | render 2560x1440 -> display 3840x2160 | dynamic 1920x1080..3840x2160 | subrect 2560x1440 at color(0,0) depth(0,0) MV(0,0) out(0,0) | have=0x1fff. || HOW TO READ IT. resolved=0 with evaluates=0 means no module asked for the entry point after we installed - either the title does not use DLSS, or it resolved before the addon loaded; the barrier path is untouched either way and is still what drives. sr-handle=UNFILTERED means we were not present for CreateFeature, so the table may be from frame generation rather than super sampling - check that render/display extents look like a supersampling pair before trusting it. MVEC here is the GAME'S answer to the question every round from R70 to R100 tried to infer; if it does not equal the handle the barrier probe armed on Dragon Sword, the probe was wrong on a title we believed, and THAT is the finding. have=0 bits name the keys this producer does not populate - Streamline and the raw SDK do not set the same subset, and the difference is a fact about the route, not a bug. MVLowRes IS DEFERRED OPTION 11 ANSWERED: 1 means the game's motion vectors are at RENDER resolution, 0 means display resolution, and we have been inferring that from buffer sizes since R83. Read it together with MVecScale - a low-res field with a display-sized scale is the shape that makes reprojection look almost right.
23:51:46:264 [ 7576] | INFO  | [MGPU Bridge] [MGPU][SEAL] new f=3538 slot=3 gap=1 lat=138.22ms pitch=15360 fmt=28 bytes=33177600 bc=0(unimplemented) OK
23:51:48:101 [ 9268] | INFO  | [MGPU Bridge] [MGPU][P9.1] META SRC mvec lane: 20 candidate(s), 987 ns/frame over 4291 frames. R72: RANKED AND SORTED BY RTV BINDS - how often each is RENDERED INTO, which is a per-frame usage signal. srvs is kept alongside as the old created over the resource. THIS DOES NOT IDENTIFY MOTION VECTORS - nothing in ReShade says which one they are - it says whether an MVec-shaped resource is visible from a subscriber at all. An empty list with a non-zero examined count is the result that says the NGX hook has to be earned or abandoned. root-descriptor SRV pushes=0 (zero here with a non-zero SRV count above means this engine binds through descriptor TABLES and push_descriptors is blind in it - a fact about the engine, not a fault). | #0 2560x1440 R16G16_FLOAT srvs=1 RTVBINDS=0 (0.00/frame) | #1 2560x1440 R16G16_FLOAT srvs=1 RTVBINDS=0 (0.00/frame) | #2 2560x1440 R16G16_FLOAT srvs=1 RTVBINDS=0 (0.00/frame) | #3 2560x1440 R16G16_FLOAT srvs=2 RTVBINDS=0 (0.00/frame) | #4 2560x1440 R16G16_FLOAT srvs=2 RTVBINDS=0 (0.00/frame) | #5 2560x1440 R16G16_SNORM srvs=1 RTVBINDS=0 (0.00/frame) | #6 1920x1080 R16G16_FLOAT srvs=1 RTVBINDS=0 (0.00/frame) | #7 2560x1440 R16G16_SNORM srvs=1 RTVBINDS=0 (0.00/frame)
23:51:48:102 [ 9268] | INFO  | [MGPU Bridge] [MGPU][R71] MVEC SIZES over ALL 20 candidate(s): 2560x1440 x14 | 1920x1080 x4 | 3840x2160 x2 | || TRANSPORT SOURCE res=0x232d78da520 (0 means not identified yet - it needs a display-extent candidate with render-target binds), handed to the transport 0 times, 0 second-binds-in-a-frame skipped. || EVICTIONS: 21 resources destroyed and removed from the tables (R76 - a resolution change destroys every render target, and a stale entry is a copy from freed memory). RTV BINDS SEEN IN TOTAL: 0. THE RANK ABOVE IS NOW RENDER TARGET BINDS, NOT SRV CREATIONS. R25 ranked by SRVs created, got 6/5/3/3, and called it "a candidate, not an identification" - that flatness was the SIGNAL being wrong, not the game. An SRV creation count is a LIFETIME number; a velocity buffer is RENDERED INTO once per frame, and RTVBINDS is that. THE EXTENT TO MATCH IS THE DISPLAY EXTENT 3840x2160, not the render extent: the game's own DLSS telemetry says ColorExtentHeight=936 with MVExtentWidth=2560 MVExtentHeight=1440, so this title feeds HIGH-RESOLUTION motion vectors. A single candidate marked <-DISPLAY-EXTENT with RTVBINDS close to the frame count is the velocity buffer. RTV BINDS SEEN = 0 with candidates present means THIS EVENT did not see it, and says nothing whatever about the other two. R81 retracted the sentence that used to sit here - it named optical flow and NGX hooking as the routes left, before any
23:51:48:102 [ 9268] | INFO  | [MGPU Bridge] [MGPU][R82] ACQUISITION SIGNALS - three of them, one run. || RTV VIEW TABLE: 51 of 128 entries. THAT IS THE DENOMINATOR R80 COULD NOT SEE - a bind count of zero against an empty table means nothing at all. || OMSetRenderTargets: fired=0 rtvs=0 | matched via OUR TABLE=0 | matched via get_resource_from_view=0 || BeginRenderPass: fired=0 targets=0 matched=0 || Barrier: fired=1091298 resources=2681746 matched=39712, costing 16329 ns/frame || #0 2560x1440 rtv=0 rp=0 bar=1758(0xC0->0x8) | #1 2560x1440 rtv=0 rp=0 bar=1760(0x8->0xC0) | #2 2560x1440 rtv=0 rp=0 bar=703(0xC0->0x8) | #3 2560x1440 rtv=0 rp=0 bar=1758(0xC0->0x8) | #4 2560x1440 rtv=0 rp=0 bar=1762(0xC0->0x8) | #5 2560x1440 rtv=0 rp=0 bar=36(0xC0->0x40) | || HOW TO READ IT. via TABLE=0 while via get_resource_from_view is non-zero: the table was the whole bug and R76 through R81 were spent on a cache we never needed. BeginRenderPass fired while OMSetRenderTargets did not: this engine uses render passes and we were subscribed to the wrong event. Barrier matched with a per-frame count near the frame count: use THAT permanently - it needs no view, no table and no binding-path assumption, and 0x4->0xC0 (render_target -> shader_resource) is the moment AFTER the pass wrote, which is the correct moment to copy and is one the bind events cannot offer. NOTE THE STALENESS R78 DID NOT STATE: both bind events fire BEFORE the pass runs, so a copy taken there carries the PREVIOUS frame's vectors. All three silent with candidates present is the only reading that makes optical flow or NGX hooking the honest next step. Two of the barriers per frame on the published source are OURS.
23:51:48:236 [ 7576] | INFO  | [MGPU Bridge] [MGPU][SEAL] new f=3599 slot=4 gap=1 lat=132.68ms pitch=15360 fmt=28 bytes=33177600 bc=0(unimplemented) OK
23:51:48:773 [ 7576] | INFO  | [MGPU Bridge] [MGPU][R63] DEPTH TRANSPORT f=3615 mode=1 (TRANSPORTED AND BOUND) | producer: valid=3619 invalid=0 size-rejected=0, arm held 0 frame(s) | consumer: seals seen valid=2454 invalid=0 contract mismatches=0 | region 3840x2160 fmt=41 pitch=15360 bytes=33177600 at slot offset 33178112 of 95846912. INVALID IS NOT AN ERROR: ReShade unbinds depth in menus and scene changes, and R61 established that shipping the zeros it leaves behind would hand the model a false flat plane. An invalid frame carries the colour and says so. WHAT WOULD BE AN ERROR is contract mismatches above zero, or valid staying at zero once you are in gameplay - that means the tap is not feeding us. 100.0% of sealed frames carried depth. | GPU 1: unpacked=2360 bound=2088 skipped=0, DepthInverted=1, flag disagreements=0 (the seal crossed the adapter and the slot flag did not, so any disagreement between them is real). BOUND vs SKIPPED IS THE R61 TEST: skipped counts frames where ReShade had no depth and the model was given NONE rather than the previous frame's - open a menu mid-stream and this must move.
23:51:48:774 [ 7576] | INFO  | [MGPU Bridge] [MGPU][R78] MVEC TRANSPORT f=3615 mode=3 REAL | producer: copies=1818 missing=1801 size-rejected=0 lock-skipped=0, arm held 239 frame(s) | consumer: seals seen valid=1813 invalid=641 contract mismatches=0 flag disagreements=9 | region 2560x1440 fmt=10 pitch=20480 bytes=29491200 at slot offset 66355712 of 95846912 | GPU 1: unpacked=1813 bound=1809 skipped=279, scale=(2560.000, 1440.000). 73.9% of sealed frames carried vectors. COPIES IS THE ONE TO WATCH: it counts frames where the bind hook fired and a copy was recorded. If it stays at zero the probe published a handle nobody binds, and MVec never reaches the model whatever the rest of this line says. SKIPPED IS NOT AN ERROR - it counts frames with no vectors, which is what a menu looks like, and those frames are handed NONE rather than the last frame's motion.
23:51:48:774 [ 7576] | INFO  | [MGPU Bridge] [MGPU][R87] MVEC FRAME ALIGNMENT f=3615 | evaluates=2088 | elapsed 1=1817 2=2 3=2 4=11 5=35 6=58 7=89 8+=74 | worst=9 | 87.02% at 1. A motion vector describes ONE game frame; NR reprojects by whatever it is handed. When the frame NR blends against is older than one, history lands SHORT by this factor - zero error at rest, growing with speed, and no constant MVecScale can fix it. The scale is multiplied by this per evaluate. IF THIS LINE IS FLAT AT 1 AND THE ARTEFACT IS UNCHANGED, PACING IS ELIMINATED and what remains is units or sign. P4.1's skipped-frame counter predicts about 99.5% at 1, so a materially lower figure here is a desync no counter has shown us.
23:51:49:574 [ 7576] | INFO  | [MGPU Bridge] [MGPU][T5] present loop alive: frame 3600 thread id 0x1D98
23:51:50:269 [ 7576] | INFO  | [MGPU Bridge] [MGPU][SEAL] new f=3660 slot=5 gap=1 lat=140.50ms pitch=15360 fmt=28 bytes=33177600 bc=0(unimplemented) OK
23:51:51:111 [ 6692] | INFO  | [MGPU Bridge] [MGPU][P9.1] META SRC mvec lane: 20 candidate(s), 987 ns/frame over 4382 frames. R72: RANKED AND SORTED BY RTV BINDS - how often each is RENDERED INTO, which is a per-frame usage signal. srvs is kept alongside as the old created over the resource. THIS DOES NOT IDENTIFY MOTION VECTORS - nothing in ReShade says which one they are - it says whether an MVec-shaped resource is visible from a subscriber at all. An empty list with a non-zero examined count is the result that says the NGX hook has to be earned or abandoned. root-descriptor SRV pushes=0 (zero here with a non-zero SRV count above means this engine binds through descriptor TABLES and push_descriptors is blind in it - a fact about the engine, not a fault). | #0 2560x1440 R16G16_FLOAT srvs=1 RTVBINDS=0 (0.00/frame) | #1 2560x1440 R16G16_FLOAT srvs=1 RTVBINDS=0 (0.00/frame) | #2 2560x1440 R16G16_FLOAT srvs=1 RTVBINDS=0 (0.00/frame) | #3 2560x1440 R16G16_FLOAT srvs=2 RTVBINDS=0 (0.00/frame) | #4 2560x1440 R16G16_FLOAT srvs=2 RTVBINDS=0 (0.00/frame) | #5 2560x1440 R16G16_SNORM srvs=1 RTVBINDS=0 (0.00/frame) | #6 1920x1080 R16G16_FLOAT srvs=1 RTVBINDS=0 (0.00/frame) | #7 2560x1440 R16G16_SNORM srvs=1 RTVBINDS=0 (0.00/frame)
23:51:51:111 [ 6692] | INFO  | [MGPU Bridge] [MGPU][R71] MVEC SIZES over ALL 20 candidate(s): 2560x1440 x14 | 1920x1080 x4 | 3840x2160 x2 | || TRANSPORT SOURCE res=0x232d78da520 (0 means not identified yet - it needs a display-extent candidate with render-target binds), handed to the transport 0 times, 0 second-binds-in-a-frame skipped. || EVICTIONS: 21 resources destroyed and removed from the tables (R76 - a resolution change destroys every render target, and a stale entry is a copy from freed memory). RTV BINDS SEEN IN TOTAL: 0. THE RANK ABOVE IS NOW RENDER TARGET BINDS, NOT SRV CREATIONS. R25 ranked by SRVs created, got 6/5/3/3, and called it "a candidate, not an identification" - that flatness was the SIGNAL being wrong, not the game. An SRV creation count is a LIFETIME number; a velocity buffer is RENDERED INTO once per frame, and RTVBINDS is that. THE EXTENT TO MATCH IS THE DISPLAY EXTENT 3840x2160, not the render extent: the game's own DLSS telemetry says ColorExtentHeight=936 with MVExtentWidth=2560 MVExtentHeight=1440, so this title feeds HIGH-RESOLUTION motion vectors. A single candidate marked <-DISPLAY-EXTENT with RTVBINDS close to the frame count is the velocity buffer. RTV BINDS SEEN = 0 with candidates present means THIS EVENT did not see it, and says nothing whatever about the other two. R81 retracted the sentence that used to sit here - it named optical flow and NGX hooking as the routes left, before any
23:51:51:111 [ 6692] | INFO  | [MGPU Bridge] [MGPU][R82] ACQUISITION SIGNALS - three of them, one run. || RTV VIEW TABLE: 51 of 128 entries. THAT IS THE DENOMINATOR R80 COULD NOT SEE - a bind count of zero against an empty table means nothing at all. || OMSetRenderTargets: fired=0 rtvs=0 | matched via OUR TABLE=0 | matched via get_resource_from_view=0 || BeginRenderPass: fired=0 targets=0 matched=0 || Barrier: fired=1149604 resources=2819191 matched=41441, costing 16813 ns/frame || #0 2560x1440 rtv=0 rp=0 bar=1940(0xC0->0x8) | #1 2560x1440 rtv=0 rp=0 bar=1942(0x8->0xC0) | #2 2560x1440 rtv=0 rp=0 bar=703(0xC0->0x8) | #3 2560x1440 rtv=0 rp=0 bar=1940(0xC0->0x8) | #4 2560x1440 rtv=0 rp=0 bar=1944(0xC0->0x8) | #5 2560x1440 rtv=0 rp=0 bar=36(0xC0->0x40) | || HOW TO READ IT. via TABLE=0 while via get_resource_from_view is non-zero: the table was the whole bug and R76 through R81 were spent on a cache we never needed. BeginRenderPass fired while OMSetRenderTargets did not: this engine uses render passes and we were subscribed to the wrong event. Barrier matched with a per-frame count near the frame count: use THAT permanently - it needs no view, no table and no binding-path assumption, and 0x4->0xC0 (render_target -> shader_resource) is the moment AFTER the pass wrote, which is the correct moment to copy and is one the bind events cannot offer. NOTE THE STALENESS R78 DID NOT STATE: both bind events fire BEFORE the pass runs, so a copy taken there carries the PREVIOUS frame's vectors. All three silent with candidates present is the only reading that makes optical flow or NGX hooking the honest next step. Two of the barriers per frame on the published source are OURS.
23:51:52:275 [ 7576] | INFO  | [MGPU Bridge] [MGPU][SEAL] new f=3721 slot=0 gap=1 lat=141.33ms pitch=15360 fmt=28 bytes=33177600 bc=0(unimplemented) OK
23:51:54:135 [13220] | INFO  | [MGPU Bridge] [MGPU][P9.1] META SRC mvec lane: 20 candidate(s), 978 ns/frame over 4474 frames. R72: RANKED AND SORTED BY RTV BINDS - how often each is RENDERED INTO, which is a per-frame usage signal. srvs is kept alongside as the old created over the resource. THIS DOES NOT IDENTIFY MOTION VECTORS - nothing in ReShade says which one they are - it says whether an MVec-shaped resource is visible from a subscriber at all. An empty list with a non-zero examined count is the result that says the NGX hook has to be earned or abandoned. root-descriptor SRV pushes=0 (zero here with a non-zero SRV count above means this engine binds through descriptor TABLES and push_descriptors is blind in it - a fact about the engine, not a fault). | #0 2560x1440 R16G16_FLOAT srvs=1 RTVBINDS=0 (0.00/frame) | #1 2560x1440 R16G16_FLOAT srvs=1 RTVBINDS=0 (0.00/frame) | #2 2560x1440 R16G16_FLOAT srvs=1 RTVBINDS=0 (0.00/frame) | #3 2560x1440 R16G16_FLOAT srvs=2 RTVBINDS=0 (0.00/frame) | #4 2560x1440 R16G16_FLOAT srvs=2 RTVBINDS=0 (0.00/frame) | #5 2560x1440 R16G16_SNORM srvs=1 RTVBINDS=0 (0.00/frame) | #6 1920x1080 R16G16_FLOAT srvs=1 RTVBINDS=0 (0.00/frame) | #7 2560x1440 R16G16_SNORM srvs=1 RTVBINDS=0 (0.00/frame)
23:51:54:135 [13220] | INFO  | [MGPU Bridge] [MGPU][R71] MVEC SIZES over ALL 20 candidate(s): 2560x1440 x14 | 1920x1080 x4 | 3840x2160 x2 | || TRANSPORT SOURCE res=0x232d78da520 (0 means not identified yet - it needs a display-extent candidate with render-target binds), handed to the transport 0 times, 0 second-binds-in-a-frame skipped. || EVICTIONS: 21 resources destroyed and removed from the tables (R76 - a resolution change destroys every render target, and a stale entry is a copy from freed memory). RTV BINDS SEEN IN TOTAL: 0. THE RANK ABOVE IS NOW RENDER TARGET BINDS, NOT SRV CREATIONS. R25 ranked by SRVs created, got 6/5/3/3, and called it "a candidate, not an identification" - that flatness was the SIGNAL being wrong, not the game. An SRV creation count is a LIFETIME number; a velocity buffer is RENDERED INTO once per frame, and RTVBINDS is that. THE EXTENT TO MATCH IS THE DISPLAY EXTENT 3840x2160, not the render extent: the game's own DLSS telemetry says ColorExtentHeight=936 with MVExtentWidth=2560 MVExtentHeight=1440, so this title feeds HIGH-RESOLUTION motion vectors. A single candidate marked <-DISPLAY-EXTENT with RTVBINDS close to the frame count is the velocity buffer. RTV BINDS SEEN = 0 with candidates present means THIS EVENT did not see it, and says nothing whatever about the other two. R81 retracted the sentence that used to sit here - it named optical flow and NGX hooking as the routes left, before any
23:51:54:135 [13220] | INFO  | [MGPU Bridge] [MGPU][R82] ACQUISITION SIGNALS - three of them, one run. || RTV VIEW TABLE: 51 of 128 entries. THAT IS THE DENOMINATOR R80 COULD NOT SEE - a bind count of zero against an empty table means nothing at all. || OMSetRenderTargets: fired=0 rtvs=0 | matched via OUR TABLE=0 | matched via get_resource_from_view=0 || BeginRenderPass: fired=0 targets=0 matched=0 || Barrier: fired=1204137 resources=2950195 matched=43189, costing 17239 ns/frame || #0 2560x1440 rtv=0 rp=0 bar=2124(0xC0->0x8) | #1 2560x1440 rtv=0 rp=0 bar=2126(0x8->0xC0) | #2 2560x1440 rtv=0 rp=0 bar=703(0xC0->0x8) | #3 2560x1440 rtv=0 rp=0 bar=2124(0xC0->0x8) | #4 2560x1440 rtv=0 rp=0 bar=2128(0xC0->0x8) | #5 2560x1440 rtv=0 rp=0 bar=36(0xC0->0x40) | || HOW TO READ IT. via TABLE=0 while via get_resource_from_view is non-zero: the table was the whole bug and R76 through R81 were spent on a cache we never needed. BeginRenderPass fired while OMSetRenderTargets did not: this engine uses render passes and we were subscribed to the wrong event. Barrier matched with a per-frame count near the frame count: use THAT permanently - it needs no view, no table and no binding-path assumption, and 0x4->0xC0 (render_target -> shader_resource) is the moment AFTER the pass wrote, which is the correct moment to copy and is one the bind events cannot offer. NOTE THE STALENESS R78 DID NOT STATE: both bind events fire BEFORE the pass runs, so a copy taken there carries the PREVIOUS frame's vectors. All three silent with candidates present is the only reading that makes optical flow or NGX hooking the honest next step. Two of the barriers per frame on the published source are OURS.
23:51:54:274 [ 7576] | INFO  | [MGPU Bridge] [MGPU][SEAL] new f=3782 slot=1 gap=1 lat=137.64ms pitch=15360 fmt=28 bytes=33177600 bc=0(unimplemented) OK
23:51:54:994 [18228] | INFO  | [MGPU Bridge] [MGPU][R101] CALIBRATOR mode=2 site=data-scan | slots=57 data-slots=2 modules=174 gpa-calls=247 | resolved=1 creates=1 sr-handle=known | evaluates=2261 captured=2261 | cost 3487 ns/frame | eval-copies=2261 eval-skips=0. || THE GAME'S OWN TABLE: color=0x236fc38a880 depth=0x236fc4a9a30 MVEC=0x23625566fd0 output=0x236fc0060a0 | MVecScale 2560.0000,1440.0000 | jitter -0.2216,-0.4089 | Reset=0 | CreateFlags=0x4b -> DepthInverted=1 MVLowRes=1 MVJittered=0 IsHDR=1 AutoExposure=1 | quality=2 | render 2560x1440 -> display 3840x2160 | dynamic 1920x1080..3840x2160 | subrect 2560x1440 at color(0,0) depth(0,0) MV(0,0) out(0,0) | have=0x1fff. || HOW TO READ IT. resolved=0 with evaluates=0 means no module asked for the entry point after we installed - either the title does not use DLSS, or it resolved before the addon loaded; the barrier path is untouched either way and is still what drives. sr-handle=UNFILTERED means we were not present for CreateFeature, so the table may be from frame generation rather than super sampling - check that render/display extents look like a supersampling pair before trusting it. MVEC here is the GAME'S answer to the question every round from R70 to R100 tried to infer; if it does not equal the handle the barrier probe armed on Dragon Sword, the probe was wrong on a title we believed, and THAT is the finding. have=0 bits name the keys this producer does not populate - Streamline and the raw SDK do not set the same subset, and the difference is a fact about the route, not a bug. MVLowRes IS DEFERRED OPTION 11 ANSWERED: 1 means the game's motion vectors are at RENDER resolution, 0 means display resolution, and we have been inferring that from buffer sizes since R83. Read it together with MVecScale - a low-res field with a display-sized scale is the shape that makes reprojection look almost right.
23:51:56:256 [ 7576] | INFO  | [MGPU Bridge] [MGPU][SEAL] new f=3843 slot=2 gap=1 lat=136.17ms pitch=15360 fmt=28 bytes=33177600 bc=0(unimplemented) OK
23:51:57:155 [18228] | INFO  | [MGPU Bridge] [MGPU][P9.1] META SRC mvec lane: 20 candidate(s), 972 ns/frame over 4567 frames. R72: RANKED AND SORTED BY RTV BINDS - how often each is RENDERED INTO, which is a per-frame usage signal. srvs is kept alongside as the old created over the resource. THIS DOES NOT IDENTIFY MOTION VECTORS - nothing in ReShade says which one they are - it says whether an MVec-shaped resource is visible from a subscriber at all. An empty list with a non-zero examined count is the result that says the NGX hook has to be earned or abandoned. root-descriptor SRV pushes=0 (zero here with a non-zero SRV count above means this engine binds through descriptor TABLES and push_descriptors is blind in it - a fact about the engine, not a fault). | #0 2560x1440 R16G16_FLOAT srvs=1 RTVBINDS=0 (0.00/frame) | #1 2560x1440 R16G16_FLOAT srvs=1 RTVBINDS=0 (0.00/frame) | #2 2560x1440 R16G16_FLOAT srvs=1 RTVBINDS=0 (0.00/frame) | #3 2560x1440 R16G16_FLOAT srvs=2 RTVBINDS=0 (0.00/frame) | #4 2560x1440 R16G16_FLOAT srvs=2 RTVBINDS=0 (0.00/frame) | #5 2560x1440 R16G16_SNORM srvs=1 RTVBINDS=0 (0.00/frame) | #6 1920x1080 R16G16_FLOAT srvs=1 RTVBINDS=0 (0.00/frame) | #7 2560x1440 R16G16_SNORM srvs=1 RTVBINDS=0 (0.00/frame)
23:51:57:155 [18228] | INFO  | [MGPU Bridge] [MGPU][R71] MVEC SIZES over ALL 20 candidate(s): 2560x1440 x14 | 1920x1080 x4 | 3840x2160 x2 | || TRANSPORT SOURCE res=0x232d78da520 (0 means not identified yet - it needs a display-extent candidate with render-target binds), handed to the transport 0 times, 0 second-binds-in-a-frame skipped. || EVICTIONS: 21 resources destroyed and removed from the tables (R76 - a resolution change destroys every render target, and a stale entry is a copy from freed memory). RTV BINDS SEEN IN TOTAL: 0. THE RANK ABOVE IS NOW RENDER TARGET BINDS, NOT SRV CREATIONS. R25 ranked by SRVs created, got 6/5/3/3, and called it "a candidate, not an identification" - that flatness was the SIGNAL being wrong, not the game. An SRV creation count is a LIFETIME number; a velocity buffer is RENDERED INTO once per frame, and RTVBINDS is that. THE EXTENT TO MATCH IS THE DISPLAY EXTENT 3840x2160, not the render extent: the game's own DLSS telemetry says ColorExtentHeight=936 with MVExtentWidth=2560 MVExtentHeight=1440, so this title feeds HIGH-RESOLUTION motion vectors. A single candidate marked <-DISPLAY-EXTENT with RTVBINDS close to the frame count is the velocity buffer. RTV BINDS SEEN = 0 with candidates present means THIS EVENT did not see it, and says nothing whatever about the other two. R81 retracted the sentence that used to sit here - it named optical flow and NGX hooking as the routes left, before any
23:51:57:155 [18228] | INFO  | [MGPU Bridge] [MGPU][R82] ACQUISITION SIGNALS - three of them, one run. || RTV VIEW TABLE: 51 of 128 entries. THAT IS THE DENOMINATOR R80 COULD NOT SEE - a bind count of zero against an empty table means nothing at all. || OMSetRenderTargets: fired=0 rtvs=0 | matched via OUR TABLE=0 | matched via get_resource_from_view=0 || BeginRenderPass: fired=0 targets=0 matched=0 || Barrier: fired=1259061 resources=3082217 matched=44956, costing 17621 ns/frame || #0 2560x1440 rtv=0 rp=0 bar=2310(0xC0->0x8) | #1 2560x1440 rtv=0 rp=0 bar=2312(0x8->0xC0) | #2 2560x1440 rtv=0 rp=0 bar=703(0xC0->0x8) | #3 2560x1440 rtv=0 rp=0 bar=2310(0xC0->0x8) | #4 2560x1440 rtv=0 rp=0 bar=2314(0xC0->0x8) | #5 2560x1440 rtv=0 rp=0 bar=36(0xC0->0x40) | || HOW TO READ IT. via TABLE=0 while via get_resource_from_view is non-zero: the table was the whole bug and R76 through R81 were spent on a cache we never needed. BeginRenderPass fired while OMSetRenderTargets did not: this engine uses render passes and we were subscribed to the wrong event. Barrier matched with a per-frame count near the frame count: use THAT permanently - it needs no view, no table and no binding-path assumption, and 0x4->0xC0 (render_target -> shader_resource) is the moment AFTER the pass wrote, which is the correct moment to copy and is one the bind events cannot offer. NOTE THE STALENESS R78 DID NOT STATE: both bind events fire BEFORE the pass runs, so a copy taken there carries the PREVIOUS frame's vectors. All three silent with candidates present is the only reading that makes optical flow or NGX hooking the honest next step. Two of the barriers per frame on the published source are OURS.
23:51:58:249 [ 7576] | INFO  | [MGPU Bridge] [MGPU][SEAL] new f=3904 slot=3 gap=1 lat=139.38ms pitch=15360 fmt=28 bytes=33177600 bc=0(unimplemented) OK
23:51:58:618 [ 7576] | INFO  | [MGPU Bridge] [MGPU][R63] DEPTH TRANSPORT f=3915 mode=1 (TRANSPORTED AND BOUND) | producer: valid=3919 invalid=0 size-rejected=0, arm held 0 frame(s) | consumer: seals seen valid=2754 invalid=0 contract mismatches=0 | region 3840x2160 fmt=41 pitch=15360 bytes=33177600 at slot offset 33178112 of 95846912. INVALID IS NOT AN ERROR: ReShade unbinds depth in menus and scene changes, and R61 established that shipping the zeros it leaves behind would hand the model a false flat plane. An invalid frame carries the colour and says so. WHAT WOULD BE AN ERROR is contract mismatches above zero, or valid staying at zero once you are in gameplay - that means the tap is not feeding us. 100.0% of sealed frames carried depth. | GPU 1: unpacked=2660 bound=2388 skipped=0, DepthInverted=1, flag disagreements=0 (the seal crossed the adapter and the slot flag did not, so any disagreement between them is real). BOUND vs SKIPPED IS THE R61 TEST: skipped counts frames where ReShade had no depth and the model was given NONE rather than the previous frame's - open a menu mid-stream and this must move.
23:51:58:619 [ 7576] | INFO  | [MGPU Bridge] [MGPU][R78] MVEC TRANSPORT f=3915 mode=3 REAL | producer: copies=2118 missing=1801 size-rejected=0 lock-skipped=0, arm held 239 frame(s) | consumer: seals seen valid=2113 invalid=641 contract mismatches=0 flag disagreements=9 | region 2560x1440 fmt=10 pitch=20480 bytes=29491200 at slot offset 66355712 of 95846912 | GPU 1: unpacked=2113 bound=2109 skipped=279, scale=(2560.000, 1440.000). 76.7% of sealed frames carried vectors. COPIES IS THE ONE TO WATCH: it counts frames where the bind hook fired and a copy was recorded. If it stays at zero the probe published a handle nobody binds, and MVec never reaches the model whatever the rest of this line says. SKIPPED IS NOT AN ERROR - it counts frames with no vectors, which is what a menu looks like, and those frames are handed NONE rather than the last frame's motion.
23:51:58:619 [ 7576] | INFO  | [MGPU Bridge] [MGPU][R87] MVEC FRAME ALIGNMENT f=3915 | evaluates=2388 | elapsed 1=2117 2=2 3=2 4=11 5=35 6=58 7=89 8+=74 | worst=9 | 88.65% at 1. A motion vector describes ONE game frame; NR reprojects by whatever it is handed. When the frame NR blends against is older than one, history lands SHORT by this factor - zero error at rest, growing with speed, and no constant MVecScale can fix it. The scale is multiplied by this per evaluate. IF THIS LINE IS FLAT AT 1 AND THE ARTEFACT IS UNCHANGED, PACING IS ELIMINATED and what remains is units or sign. P4.1's skipped-frame counter predicts about 99.5% at 1, so a materially lower figure here is a desync no counter has shown us.
23:52:00:163 [ 7964] | INFO  | [MGPU Bridge] [MGPU][P9.1] META SRC mvec lane: 20 candidate(s), 979 ns/frame over 4658 frames. R72: RANKED AND SORTED BY RTV BINDS - how often each is RENDERED INTO, which is a per-frame usage signal. srvs is kept alongside as the old created over the resource. THIS DOES NOT IDENTIFY MOTION VECTORS - nothing in ReShade says which one they are - it says whether an MVec-shaped resource is visible from a subscriber at all. An empty list with a non-zero examined count is the result that says the NGX hook has to be earned or abandoned. root-descriptor SRV pushes=0 (zero here with a non-zero SRV count above means this engine binds through descriptor TABLES and push_descriptors is blind in it - a fact about the engine, not a fault). | #0 2560x1440 R16G16_FLOAT srvs=1 RTVBINDS=0 (0.00/frame) | #1 2560x1440 R16G16_FLOAT srvs=1 RTVBINDS=0 (0.00/frame) | #2 2560x1440 R16G16_FLOAT srvs=1 RTVBINDS=0 (0.00/frame) | #3 2560x1440 R16G16_FLOAT srvs=2 RTVBINDS=0 (0.00/frame) | #4 2560x1440 R16G16_FLOAT srvs=2 RTVBINDS=0 (0.00/frame) | #5 2560x1440 R16G16_SNORM srvs=1 RTVBINDS=0 (0.00/frame) | #6 1920x1080 R16G16_FLOAT srvs=1 RTVBINDS=0 (0.00/frame) | #7 2560x1440 R16G16_SNORM srvs=1 RTVBINDS=0 (0.00/frame)
23:52:00:164 [ 7964] | INFO  | [MGPU Bridge] [MGPU][R71] MVEC SIZES over ALL 20 candidate(s): 2560x1440 x14 | 1920x1080 x4 | 3840x2160 x2 | || TRANSPORT SOURCE res=0x232d78da520 (0 means not identified yet - it needs a display-extent candidate with render-target binds), handed to the transport 0 times, 0 second-binds-in-a-frame skipped. || EVICTIONS: 21 resources destroyed and removed from the tables (R76 - a resolution change destroys every render target, and a stale entry is a copy from freed memory). RTV BINDS SEEN IN TOTAL: 0. THE RANK ABOVE IS NOW RENDER TARGET BINDS, NOT SRV CREATIONS. R25 ranked by SRVs created, got 6/5/3/3, and called it "a candidate, not an identification" - that flatness was the SIGNAL being wrong, not the game. An SRV creation count is a LIFETIME number; a velocity buffer is RENDERED INTO once per frame, and RTVBINDS is that. THE EXTENT TO MATCH IS THE DISPLAY EXTENT 3840x2160, not the render extent: the game's own DLSS telemetry says ColorExtentHeight=936 with MVExtentWidth=2560 MVExtentHeight=1440, so this title feeds HIGH-RESOLUTION motion vectors. A single candidate marked <-DISPLAY-EXTENT with RTVBINDS close to the frame count is the velocity buffer. RTV BINDS SEEN = 0 with candidates present means THIS EVENT did not see it, and says nothing whatever about the other two. R81 retracted the sentence that used to sit here - it named optical flow and NGX hooking as the routes left, before any
23:52:00:164 [ 7964] | INFO  | [MGPU Bridge] [MGPU][R82] ACQUISITION SIGNALS - three of them, one run. || RTV VIEW TABLE: 51 of 128 entries. THAT IS THE DENOMINATOR R80 COULD NOT SEE - a bind count of zero against an empty table means nothing at all. || OMSetRenderTargets: fired=0 rtvs=0 | matched via OUR TABLE=0 | matched via get_resource_from_view=0 || BeginRenderPass: fired=0 targets=0 matched=0 || Barrier: fired=1320138 resources=3223166 matched=46685, costing 18180 ns/frame || #0 2560x1440 rtv=0 rp=0 bar=2492(0xC0->0x8) | #1 2560x1440 rtv=0 rp=0 bar=2494(0x8->0xC0) | #2 2560x1440 rtv=0 rp=0 bar=703(0xC0->0x8) | #3 2560x1440 rtv=0 rp=0 bar=2492(0xC0->0x8) | #4 2560x1440 rtv=0 rp=0 bar=2496(0xC0->0x8) | #5 2560x1440 rtv=0 rp=0 bar=36(0xC0->0x40) | || HOW TO READ IT. via TABLE=0 while via get_resource_from_view is non-zero: the table was the whole bug and R76 through R81 were spent on a cache we never needed. BeginRenderPass fired while OMSetRenderTargets did not: this engine uses render passes and we were subscribed to the wrong event. Barrier matched with a per-frame count near the frame count: use THAT permanently - it needs no view, no table and no binding-path assumption, and 0x4->0xC0 (render_target -> shader_resource) is the moment AFTER the pass wrote, which is the correct moment to copy and is one the bind events cannot offer. NOTE THE STALENESS R78 DID NOT STATE: both bind events fire BEFORE the pass runs, so a copy taken there carries the PREVIOUS frame's vectors. All three silent with candidates present is the only reading that makes optical flow or NGX hooking the honest next step. Two of the barriers per frame on the published source are OURS.
23:52:00:271 [ 7576] | INFO  | [MGPU Bridge] [MGPU][SEAL] new f=3965 slot=4 gap=1 lat=140.79ms pitch=15360 fmt=28 bytes=33177600 bc=0(unimplemented) OK
23:52:02:283 [ 7576] | INFO  | [MGPU Bridge] [MGPU][SEAL] new f=4026 slot=5 gap=1 lat=139.48ms pitch=15360 fmt=28 bytes=33177600 bc=0(unimplemented) OK
23:52:03:174 [26880] | INFO  | [MGPU Bridge] [MGPU][P9.1] META SRC mvec lane: 20 candidate(s), 979 ns/frame over 4749 frames. R72: RANKED AND SORTED BY RTV BINDS - how often each is RENDERED INTO, which is a per-frame usage signal. srvs is kept alongside as the old created over the resource. THIS DOES NOT IDENTIFY MOTION VECTORS - nothing in ReShade says which one they are - it says whether an MVec-shaped resource is visible from a subscriber at all. An empty list with a non-zero examined count is the result that says the NGX hook has to be earned or abandoned. root-descriptor SRV pushes=0 (zero here with a non-zero SRV count above means this engine binds through descriptor TABLES and push_descriptors is blind in it - a fact about the engine, not a fault). | #0 2560x1440 R16G16_FLOAT srvs=1 RTVBINDS=0 (0.00/frame) | #1 2560x1440 R16G16_FLOAT srvs=1 RTVBINDS=0 (0.00/frame) | #2 2560x1440 R16G16_FLOAT srvs=1 RTVBINDS=0 (0.00/frame) | #3 2560x1440 R16G16_FLOAT srvs=2 RTVBINDS=0 (0.00/frame) | #4 2560x1440 R16G16_FLOAT srvs=2 RTVBINDS=0 (0.00/frame) | #5 2560x1440 R16G16_SNORM srvs=1 RTVBINDS=0 (0.00/frame) | #6 1920x1080 R16G16_FLOAT srvs=1 RTVBINDS=0 (0.00/frame) | #7 2560x1440 R16G16_SNORM srvs=1 RTVBINDS=0 (0.00/frame)
23:52:03:174 [26880] | INFO  | [MGPU Bridge] [MGPU][R71] MVEC SIZES over ALL 20 candidate(s): 2560x1440 x14 | 1920x1080 x4 | 3840x2160 x2 | || TRANSPORT SOURCE res=0x232d78da520 (0 means not identified yet - it needs a display-extent candidate with render-target binds), handed to the transport 0 times, 0 second-binds-in-a-frame skipped. || EVICTIONS: 21 resources destroyed and removed from the tables (R76 - a resolution change destroys every render target, and a stale entry is a copy from freed memory). RTV BINDS SEEN IN TOTAL: 0. THE RANK ABOVE IS NOW RENDER TARGET BINDS, NOT SRV CREATIONS. R25 ranked by SRVs created, got 6/5/3/3, and called it "a candidate, not an identification" - that flatness was the SIGNAL being wrong, not the game. An SRV creation count is a LIFETIME number; a velocity buffer is RENDERED INTO once per frame, and RTVBINDS is that. THE EXTENT TO MATCH IS THE DISPLAY EXTENT 3840x2160, not the render extent: the game's own DLSS telemetry says ColorExtentHeight=936 with MVExtentWidth=2560 MVExtentHeight=1440, so this title feeds HIGH-RESOLUTION motion vectors. A single candidate marked <-DISPLAY-EXTENT with RTVBINDS close to the frame count is the velocity buffer. RTV BINDS SEEN = 0 with candidates present means THIS EVENT did not see it, and says nothing whatever about the other two. R81 retracted the sentence that used to sit here - it named optical flow and NGX hooking as the routes left, before any
23:52:03:175 [26880] | INFO  | [MGPU Bridge] [MGPU][R82] ACQUISITION SIGNALS - three of them, one run. || RTV VIEW TABLE: 51 of 128 entries. THAT IS THE DENOMINATOR R80 COULD NOT SEE - a bind count of zero against an empty table means nothing at all. || OMSetRenderTargets: fired=0 rtvs=0 | matched via OUR TABLE=0 | matched via get_resource_from_view=0 || BeginRenderPass: fired=0 targets=0 matched=0 || Barrier: fired=1377859 resources=3358556 matched=48414, costing 18593 ns/frame || #0 2560x1440 rtv=0 rp=0 bar=2674(0xC0->0x8) | #1 2560x1440 rtv=0 rp=0 bar=2676(0x8->0xC0) | #2 2560x1440 rtv=0 rp=0 bar=703(0xC0->0x8) | #3 2560x1440 rtv=0 rp=0 bar=2674(0xC0->0x8) | #4 2560x1440 rtv=0 rp=0 bar=2678(0xC0->0x8) | #5 2560x1440 rtv=0 rp=0 bar=36(0xC0->0x40) | || HOW TO READ IT. via TABLE=0 while via get_resource_from_view is non-zero: the table was the whole bug and R76 through R81 were spent on a cache we never needed. BeginRenderPass fired while OMSetRenderTargets did not: this engine uses render passes and we were subscribed to the wrong event. Barrier matched with a per-frame count near the frame count: use THAT permanently - it needs no view, no table and no binding-path assumption, and 0x4->0xC0 (render_target -> shader_resource) is the moment AFTER the pass wrote, which is the correct moment to copy and is one the bind events cannot offer. NOTE THE STALENESS R78 DID NOT STATE: both bind events fire BEFORE the pass runs, so a copy taken there carries the PREVIOUS frame's vectors. All three silent with candidates present is the only reading that makes optical flow or NGX hooking the honest next step. Two of the barriers per frame on the published source are OURS.
23:52:04:293 [ 7576] | INFO  | [MGPU Bridge] [MGPU][SEAL] new f=4087 slot=0 gap=1 lat=134.24ms pitch=15360 fmt=28 bytes=33177600 bc=0(unimplemented) OK
23:52:04:834 [25736] | INFO  | [MGPU Bridge] [MGPU][R101] CALIBRATOR mode=2 site=data-scan | slots=57 data-slots=2 modules=174 gpa-calls=247 | resolved=1 creates=1 sr-handle=known | evaluates=2561 captured=2561 | cost 3808 ns/frame | eval-copies=2561 eval-skips=0. || THE GAME'S OWN TABLE: color=0x236fc38a880 depth=0x236fc4a9a30 MVEC=0x23625566fd0 output=0x236fc0060a0 | MVecScale 2560.0000,1440.0000 | jitter 0.2417,-0.3611 | Reset=0 | CreateFlags=0x4b -> DepthInverted=1 MVLowRes=1 MVJittered=0 IsHDR=1 AutoExposure=1 | quality=2 | render 2560x1440 -> display 3840x2160 | dynamic 1920x1080..3840x2160 | subrect 2560x1440 at color(0,0) depth(0,0) MV(0,0) out(0,0) | have=0x1fff. || HOW TO READ IT. resolved=0 with evaluates=0 means no module asked for the entry point after we installed - either the title does not use DLSS, or it resolved before the addon loaded; the barrier path is untouched either way and is still what drives. sr-handle=UNFILTERED means we were not present for CreateFeature, so the table may be from frame generation rather than super sampling - check that render/display extents look like a supersampling pair before trusting it. MVEC here is the GAME'S answer to the question every round from R70 to R100 tried to infer; if it does not equal the handle the barrier probe armed on Dragon Sword, the probe was wrong on a title we believed, and THAT is the finding. have=0 bits name the keys this producer does not populate - Streamline and the raw SDK do not set the same subset, and the difference is a fact about the route, not a bug. MVLowRes IS DEFERRED OPTION 11 ANSWERED: 1 means the game's motion vectors are at RENDER resolution, 0 means display resolution, and we have been inferring that from buffer sizes since R83. Read it together with MVecScale - a low-res field with a display-sized scale is the shape that makes reprojection look almost right.
23:52:06:181 [25736] | INFO  | [MGPU Bridge] [MGPU][P9.1] META SRC mvec lane: 20 candidate(s), 973 ns/frame over 4841 frames. R72: RANKED AND SORTED BY RTV BINDS - how often each is RENDERED INTO, which is a per-frame usage signal. srvs is kept alongside as the old created over the resource. THIS DOES NOT IDENTIFY MOTION VECTORS - nothing in ReShade says which one they are - it says whether an MVec-shaped resource is visible from a subscriber at all. An empty list with a non-zero examined count is the result that says the NGX hook has to be earned or abandoned. root-descriptor SRV pushes=0 (zero here with a non-zero SRV count above means this engine binds through descriptor TABLES and push_descriptors is blind in it - a fact about the engine, not a fault). | #0 2560x1440 R16G16_FLOAT srvs=1 RTVBINDS=0 (0.00/frame) | #1 2560x1440 R16G16_FLOAT srvs=1 RTVBINDS=0 (0.00/frame) | #2 2560x1440 R16G16_FLOAT srvs=1 RTVBINDS=0 (0.00/frame) | #3 2560x1440 R16G16_FLOAT srvs=2 RTVBINDS=0 (0.00/frame) | #4 2560x1440 R16G16_FLOAT srvs=2 RTVBINDS=0 (0.00/frame) | #5 2560x1440 R16G16_SNORM srvs=1 RTVBINDS=0 (0.00/frame) | #6 1920x1080 R16G16_FLOAT srvs=1 RTVBINDS=0 (0.00/frame) | #7 2560x1440 R16G16_SNORM srvs=1 RTVBINDS=0 (0.00/frame)
23:52:06:181 [25736] | INFO  | [MGPU Bridge] [MGPU][R71] MVEC SIZES over ALL 20 candidate(s): 2560x1440 x14 | 1920x1080 x4 | 3840x2160 x2 | || TRANSPORT SOURCE res=0x232d78da520 (0 means not identified yet - it needs a display-extent candidate with render-target binds), handed to the transport 0 times, 0 second-binds-in-a-frame skipped. || EVICTIONS: 21 resources destroyed and removed from the tables (R76 - a resolution change destroys every render target, and a stale entry is a copy from freed memory). RTV BINDS SEEN IN TOTAL: 0. THE RANK ABOVE IS NOW RENDER TARGET BINDS, NOT SRV CREATIONS. R25 ranked by SRVs created, got 6/5/3/3, and called it "a candidate, not an identification" - that flatness was the SIGNAL being wrong, not the game. An SRV creation count is a LIFETIME number; a velocity buffer is RENDERED INTO once per frame, and RTVBINDS is that. THE EXTENT TO MATCH IS THE DISPLAY EXTENT 3840x2160, not the render extent: the game's own DLSS telemetry says ColorExtentHeight=936 with MVExtentWidth=2560 MVExtentHeight=1440, so this title feeds HIGH-RESOLUTION motion vectors. A single candidate marked <-DISPLAY-EXTENT with RTVBINDS close to the frame count is the velocity buffer. RTV BINDS SEEN = 0 with candidates present means THIS EVENT did not see it, and says nothing whatever about the other two. R81 retracted the sentence that used to sit here - it named optical flow and NGX hooking as the routes left, before any
23:52:06:182 [25736] | INFO  | [MGPU Bridge] [MGPU][R82] ACQUISITION SIGNALS - three of them, one run. || RTV VIEW TABLE: 51 of 128 entries. THAT IS THE DENOMINATOR R80 COULD NOT SEE - a bind count of zero against an empty table means nothing at all. || OMSetRenderTargets: fired=0 rtvs=0 | matched via OUR TABLE=0 | matched via get_resource_from_view=0 || BeginRenderPass: fired=0 targets=0 matched=0 || Barrier: fired=1431313 resources=3487894 matched=50162, costing 18948 ns/frame || #0 2560x1440 rtv=0 rp=0 bar=2858(0xC0->0x8) | #1 2560x1440 rtv=0 rp=0 bar=2860(0x8->0xC0) | #2 2560x1440 rtv=0 rp=0 bar=703(0xC0->0x8) | #3 2560x1440 rtv=0 rp=0 bar=2858(0xC0->0x8) | #4 2560x1440 rtv=0 rp=0 bar=2862(0xC0->0x8) | #5 2560x1440 rtv=0 rp=0 bar=36(0xC0->0x40) | || HOW TO READ IT. via TABLE=0 while via get_resource_from_view is non-zero: the table was the whole bug and R76 through R81 were spent on a cache we never needed. BeginRenderPass fired while OMSetRenderTargets did not: this engine uses render passes and we were subscribed to the wrong event. Barrier matched with a per-frame count near the frame count: use THAT permanently - it needs no view, no table and no binding-path assumption, and 0x4->0xC0 (render_target -> shader_resource) is the moment AFTER the pass wrote, which is the correct moment to copy and is one the bind events cannot offer. NOTE THE STALENESS R78 DID NOT STATE: both bind events fire BEFORE the pass runs, so a copy taken there carries the PREVIOUS frame's vectors. All three silent with candidates present is the only reading that makes optical flow or NGX hooking the honest next step. Two of the barriers per frame on the published source are OURS.
23:52:06:287 [ 7576] | INFO  | [MGPU Bridge] [MGPU][SEAL] new f=4148 slot=1 gap=1 lat=140.34ms pitch=15360 fmt=28 bytes=33177600 bc=0(unimplemented) OK
23:52:08:321 [ 7576] | INFO  | [MGPU Bridge] [MGPU][SEAL] new f=4209 slot=2 gap=1 lat=141.22ms pitch=15360 fmt=28 bytes=33177600 bc=0(unimplemented) OK
23:52:08:523 [ 7576] | INFO  | [MGPU Bridge] [MGPU][R63] DEPTH TRANSPORT f=4215 mode=1 (TRANSPORTED AND BOUND) | producer: valid=4219 invalid=0 size-rejected=0, arm held 0 frame(s) | consumer: seals seen valid=3054 invalid=0 contract mismatches=0 | region 3840x2160 fmt=41 pitch=15360 bytes=33177600 at slot offset 33178112 of 95846912. INVALID IS NOT AN ERROR: ReShade unbinds depth in menus and scene changes, and R61 established that shipping the zeros it leaves behind would hand the model a false flat plane. An invalid frame carries the colour and says so. WHAT WOULD BE AN ERROR is contract mismatches above zero, or valid staying at zero once you are in gameplay - that means the tap is not feeding us. 100.0% of sealed frames carried depth. | GPU 1: unpacked=2960 bound=2688 skipped=0, DepthInverted=1, flag disagreements=0 (the seal crossed the adapter and the slot flag did not, so any disagreement between them is real). BOUND vs SKIPPED IS THE R61 TEST: skipped counts frames where ReShade had no depth and the model was given NONE rather than the previous frame's - open a menu mid-stream and this must move.
23:52:08:523 [ 7576] | INFO  | [MGPU Bridge] [MGPU][R78] MVEC TRANSPORT f=4215 mode=3 REAL | producer: copies=2418 missing=1801 size-rejected=0 lock-skipped=0, arm held 239 frame(s) | consumer: seals seen valid=2413 invalid=641 contract mismatches=0 flag disagreements=9 | region 2560x1440 fmt=10 pitch=20480 bytes=29491200 at slot offset 66355712 of 95846912 | GPU 1: unpacked=2413 bound=2409 skipped=279, scale=(2560.000, 1440.000). 79.0% of sealed frames carried vectors. COPIES IS THE ONE TO WATCH: it counts frames where the bind hook fired and a copy was recorded. If it stays at zero the probe published a handle nobody binds, and MVec never reaches the model whatever the rest of this line says. SKIPPED IS NOT AN ERROR - it counts frames with no vectors, which is what a menu looks like, and those frames are handed NONE rather than the last frame's motion.
23:52:08:523 [ 7576] | INFO  | [MGPU Bridge] [MGPU][R87] MVEC FRAME ALIGNMENT f=4215 | evaluates=2688 | elapsed 1=2417 2=2 3=2 4=11 5=35 6=58 7=89 8+=74 | worst=9 | 89.92% at 1. A motion vector describes ONE game frame; NR reprojects by whatever it is handed. When the frame NR blends against is older than one, history lands SHORT by this factor - zero error at rest, growing with speed, and no constant MVecScale can fix it. The scale is multiplied by this per evaluate. IF THIS LINE IS FLAT AT 1 AND THE ARTEFACT IS UNCHANGED, PACING IS ELIMINATED and what remains is units or sign. P4.1's skipped-frame counter predicts about 99.5% at 1, so a materially lower figure here is a desync no counter has shown us.
23:52:09:186 [18228] | INFO  | [MGPU Bridge] [MGPU][P9.1] META SRC mvec lane: 20 candidate(s), 973 ns/frame over 4931 frames. R72: RANKED AND SORTED BY RTV BINDS - how often each is RENDERED INTO, which is a per-frame usage signal. srvs is kept alongside as the old created over the resource. THIS DOES NOT IDENTIFY MOTION VECTORS - nothing in ReShade says which one they are - it says whether an MVec-shaped resource is visible from a subscriber at all. An empty list with a non-zero examined count is the result that says the NGX hook has to be earned or abandoned. root-descriptor SRV pushes=0 (zero here with a non-zero SRV count above means this engine binds through descriptor TABLES and push_descriptors is blind in it - a fact about the engine, not a fault). | #0 2560x1440 R16G16_FLOAT srvs=1 RTVBINDS=0 (0.00/frame) | #1 2560x1440 R16G16_FLOAT srvs=1 RTVBINDS=0 (0.00/frame) | #2 2560x1440 R16G16_FLOAT srvs=1 RTVBINDS=0 (0.00/frame) | #3 2560x1440 R16G16_FLOAT srvs=2 RTVBINDS=0 (0.00/frame) | #4 2560x1440 R16G16_FLOAT srvs=2 RTVBINDS=0 (0.00/frame) | #5 2560x1440 R16G16_SNORM srvs=1 RTVBINDS=0 (0.00/frame) | #6 1920x1080 R16G16_FLOAT srvs=1 RTVBINDS=0 (0.00/frame) | #7 2560x1440 R16G16_SNORM srvs=1 RTVBINDS=0 (0.00/frame)
23:52:09:187 [18228] | INFO  | [MGPU Bridge] [MGPU][R71] MVEC SIZES over ALL 20 candidate(s): 2560x1440 x14 | 1920x1080 x4 | 3840x2160 x2 | || TRANSPORT SOURCE res=0x232d78da520 (0 means not identified yet - it needs a display-extent candidate with render-target binds), handed to the transport 0 times, 0 second-binds-in-a-frame skipped. || EVICTIONS: 21 resources destroyed and removed from the tables (R76 - a resolution change destroys every render target, and a stale entry is a copy from freed memory). RTV BINDS SEEN IN TOTAL: 0. THE RANK ABOVE IS NOW RENDER TARGET BINDS, NOT SRV CREATIONS. R25 ranked by SRVs created, got 6/5/3/3, and called it "a candidate, not an identification" - that flatness was the SIGNAL being wrong, not the game. An SRV creation count is a LIFETIME number; a velocity buffer is RENDERED INTO once per frame, and RTVBINDS is that. THE EXTENT TO MATCH IS THE DISPLAY EXTENT 3840x2160, not the render extent: the game's own DLSS telemetry says ColorExtentHeight=936 with MVExtentWidth=2560 MVExtentHeight=1440, so this title feeds HIGH-RESOLUTION motion vectors. A single candidate marked <-DISPLAY-EXTENT with RTVBINDS close to the frame count is the velocity buffer. RTV BINDS SEEN = 0 with candidates present means THIS EVENT did not see it, and says nothing whatever about the other two. R81 retracted the sentence that used to sit here - it named optical flow and NGX hooking as the routes left, before any
23:52:09:187 [18228] | INFO  | [MGPU Bridge] [MGPU][R82] ACQUISITION SIGNALS - three of them, one run. || RTV VIEW TABLE: 51 of 128 entries. THAT IS THE DENOMINATOR R80 COULD NOT SEE - a bind count of zero against an empty table means nothing at all. || OMSetRenderTargets: fired=0 rtvs=0 | matched via OUR TABLE=0 | matched via get_resource_from_view=0 || BeginRenderPass: fired=0 targets=0 matched=0 || Barrier: fired=1484586 resources=3617447 matched=52002, costing 19274 ns/frame || #0 2560x1440 rtv=0 rp=0 bar=3038(0xC0->0x8) | #1 2560x1440 rtv=0 rp=0 bar=3040(0x8->0xC0) | #2 2560x1440 rtv=0 rp=0 bar=833(0xC0->0x8) | #3 2560x1440 rtv=0 rp=0 bar=3038(0xC0->0x8) | #4 2560x1440 rtv=0 rp=0 bar=3042(0xC0->0x8) | #5 2560x1440 rtv=0 rp=0 bar=36(0xC0->0x40) | || HOW TO READ IT. via TABLE=0 while via get_resource_from_view is non-zero: the table was the whole bug and R76 through R81 were spent on a cache we never needed. BeginRenderPass fired while OMSetRenderTargets did not: this engine uses render passes and we were subscribed to the wrong event. Barrier matched with a per-frame count near the frame count: use THAT permanently - it needs no view, no table and no binding-path assumption, and 0x4->0xC0 (render_target -> shader_resource) is the moment AFTER the pass wrote, which is the correct moment to copy and is one the bind events cannot offer. NOTE THE STALENESS R78 DID NOT STATE: both bind events fire BEFORE the pass runs, so a copy taken there carries the PREVIOUS frame's vectors. All three silent with candidates present is the only reading that makes optical flow or NGX hooking the honest next step. Two of the barriers per frame on the published source are OURS.
23:52:09:329 [ 7576] | INFO  | [MGPU Bridge] [MGPU][T5] present loop alive: frame 4200 thread id 0x1D98
23:52:10:380 [ 7576] | INFO  | [MGPU Bridge] [MGPU][SEAL] new f=4270 slot=3 gap=1 lat=134.33ms pitch=15360 fmt=28 bytes=33177600 bc=0(unimplemented) OK
23:52:12:188 [ 2916] | INFO  | [MGPU Bridge] [MGPU][P9.1] META SRC mvec lane: 20 candidate(s), 988 ns/frame over 5020 frames. R72: RANKED AND SORTED BY RTV BINDS - how often each is RENDERED INTO, which is a per-frame usage signal. srvs is kept alongside as the old created over the resource. THIS DOES NOT IDENTIFY MOTION VECTORS - nothing in ReShade says which one they are - it says whether an MVec-shaped resource is visible from a subscriber at all. An empty list with a non-zero examined count is the result that says the NGX hook has to be earned or abandoned. root-descriptor SRV pushes=0 (zero here with a non-zero SRV count above means this engine binds through descriptor TABLES and push_descriptors is blind in it - a fact about the engine, not a fault). | #0 2560x1440 R16G16_FLOAT srvs=1 RTVBINDS=0 (0.00/frame) | #1 2560x1440 R16G16_FLOAT srvs=1 RTVBINDS=0 (0.00/frame) | #2 2560x1440 R16G16_FLOAT srvs=1 RTVBINDS=0 (0.00/frame) | #3 2560x1440 R16G16_FLOAT srvs=2 RTVBINDS=0 (0.00/frame) | #4 2560x1440 R16G16_FLOAT srvs=2 RTVBINDS=0 (0.00/frame) | #5 2560x1440 R16G16_SNORM srvs=1 RTVBINDS=0 (0.00/frame) | #6 1920x1080 R16G16_FLOAT srvs=1 RTVBINDS=0 (0.00/frame) | #7 2560x1440 R16G16_SNORM srvs=1 RTVBINDS=0 (0.00/frame)
23:52:12:189 [ 2916] | INFO  | [MGPU Bridge] [MGPU][R71] MVEC SIZES over ALL 20 candidate(s): 2560x1440 x14 | 1920x1080 x4 | 3840x2160 x2 | || TRANSPORT SOURCE res=0x232d78da520 (0 means not identified yet - it needs a display-extent candidate with render-target binds), handed to the transport 0 times, 0 second-binds-in-a-frame skipped. || EVICTIONS: 21 resources destroyed and removed from the tables (R76 - a resolution change destroys every render target, and a stale entry is a copy from freed memory). RTV BINDS SEEN IN TOTAL: 0. THE RANK ABOVE IS NOW RENDER TARGET BINDS, NOT SRV CREATIONS. R25 ranked by SRVs created, got 6/5/3/3, and called it "a candidate, not an identification" - that flatness was the SIGNAL being wrong, not the game. An SRV creation count is a LIFETIME number; a velocity buffer is RENDERED INTO once per frame, and RTVBINDS is that. THE EXTENT TO MATCH IS THE DISPLAY EXTENT 3840x2160, not the render extent: the game's own DLSS telemetry says ColorExtentHeight=936 with MVExtentWidth=2560 MVExtentHeight=1440, so this title feeds HIGH-RESOLUTION motion vectors. A single candidate marked <-DISPLAY-EXTENT with RTVBINDS close to the frame count is the velocity buffer. RTV BINDS SEEN = 0 with candidates present means THIS EVENT did not see it, and says nothing whatever about the other two. R81 retracted the sentence that used to sit here - it named optical flow and NGX hooking as the routes left, before any
23:52:12:189 [ 2916] | INFO  | [MGPU Bridge] [MGPU][R82] ACQUISITION SIGNALS - three of them, one run. || RTV VIEW TABLE: 51 of 128 entries. THAT IS THE DENOMINATOR R80 COULD NOT SEE - a bind count of zero against an empty table means nothing at all. || OMSetRenderTargets: fired=0 rtvs=0 | matched via OUR TABLE=0 | matched via get_resource_from_view=0 || BeginRenderPass: fired=0 targets=0 matched=0 || Barrier: fired=1539012 resources=3748758 matched=53789, costing 19620 ns/frame || #0 2560x1440 rtv=0 rp=0 bar=3216(0xC0->0x8) | #1 2560x1440 rtv=0 rp=0 bar=3218(0x8->0xC0) | #2 2560x1440 rtv=0 rp=0 bar=929(0xC0->0x8) | #3 2560x1440 rtv=0 rp=0 bar=3216(0xC0->0x8) | #4 2560x1440 rtv=0 rp=0 bar=3220(0xC0->0x8) | #5 2560x1440 rtv=0 rp=0 bar=36(0xC0->0x40) | || HOW TO READ IT. via TABLE=0 while via get_resource_from_view is non-zero: the table was the whole bug and R76 through R81 were spent on a cache we never needed. BeginRenderPass fired while OMSetRenderTargets did not: this engine uses render passes and we were subscribed to the wrong event. Barrier matched with a per-frame count near the frame count: use THAT permanently - it needs no view, no table and no binding-path assumption, and 0x4->0xC0 (render_target -> shader_resource) is the moment AFTER the pass wrote, which is the correct moment to copy and is one the bind events cannot offer. NOTE THE STALENESS R78 DID NOT STATE: both bind events fire BEFORE the pass runs, so a copy taken there carries the PREVIOUS frame's vectors. All three silent with candidates present is the only reading that makes optical flow or NGX hooking the honest next step. Two of the barriers per frame on the published source are OURS.
23:52:12:425 [ 7576] | INFO  | [MGPU Bridge] [MGPU][SEAL] new f=4331 slot=4 gap=1 lat=134.53ms pitch=15360 fmt=28 bytes=33177600 bc=0(unimplemented) OK
23:52:14:401 [ 7576] | INFO  | [MGPU Bridge] [MGPU][SEAL] new f=4392 slot=5 gap=1 lat=137.55ms pitch=15360 fmt=28 bytes=33177600 bc=0(unimplemented) OK
23:52:14:786 [18228] | INFO  | [MGPU Bridge] [MGPU][R101] CALIBRATOR mode=2 site=data-scan | slots=57 data-slots=2 modules=174 gpa-calls=247 | resolved=1 creates=1 sr-handle=known | evaluates=2861 captured=2861 | cost 4112 ns/frame | eval-copies=2861 eval-skips=0. || THE GAME'S OWN TABLE: color=0x236fc38a880 depth=0x236fc4a9a30 MVEC=0x23625566fd0 output=0x236fc0060a0 | MVecScale 2560.0000,1440.0000 | jitter -0.2949,-0.3131 | Reset=0 | CreateFlags=0x4b -> DepthInverted=1 MVLowRes=1 MVJittered=0 IsHDR=1 AutoExposure=1 | quality=2 | render 2560x1440 -> display 3840x2160 | dynamic 1920x1080..3840x2160 | subrect 2560x1440 at color(0,0) depth(0,0) MV(0,0) out(0,0) | have=0x1fff. || HOW TO READ IT. resolved=0 with evaluates=0 means no module asked for the entry point after we installed - either the title does not use DLSS, or it resolved before the addon loaded; the barrier path is untouched either way and is still what drives. sr-handle=UNFILTERED means we were not present for CreateFeature, so the table may be from frame generation rather than super sampling - check that render/display extents look like a supersampling pair before trusting it. MVEC here is the GAME'S answer to the question every round from R70 to R100 tried to infer; if it does not equal the handle the barrier probe armed on Dragon Sword, the probe was wrong on a title we believed, and THAT is the finding. have=0 bits name the keys this producer does not populate - Streamline and the raw SDK do not set the same subset, and the difference is a fact about the route, not a bug. MVLowRes IS DEFERRED OPTION 11 ANSWERED: 1 means the game's motion vectors are at RENDER resolution, 0 means display resolution, and we have been inferring that from buffer sizes since R83. Read it together with MVecScale - a low-res field with a display-sized scale is the shape that makes reprojection look almost right.
23:52:15:214 [ 2916] | INFO  | [MGPU Bridge] [MGPU][P9.1] META SRC mvec lane: 20 candidate(s), 991 ns/frame over 5113 frames. R72: RANKED AND SORTED BY RTV BINDS - how often each is RENDERED INTO, which is a per-frame usage signal. srvs is kept alongside as the old created over the resource. THIS DOES NOT IDENTIFY MOTION VECTORS - nothing in ReShade says which one they are - it says whether an MVec-shaped resource is visible from a subscriber at all. An empty list with a non-zero examined count is the result that says the NGX hook has to be earned or abandoned. root-descriptor SRV pushes=0 (zero here with a non-zero SRV count above means this engine binds through descriptor TABLES and push_descriptors is blind in it - a fact about the engine, not a fault). | #0 2560x1440 R16G16_FLOAT srvs=1 RTVBINDS=0 (0.00/frame) | #1 2560x1440 R16G16_FLOAT srvs=1 RTVBINDS=0 (0.00/frame) | #2 2560x1440 R16G16_FLOAT srvs=1 RTVBINDS=0 (0.00/frame) | #3 2560x1440 R16G16_FLOAT srvs=2 RTVBINDS=0 (0.00/frame) | #4 2560x1440 R16G16_FLOAT srvs=2 RTVBINDS=0 (0.00/frame) | #5 2560x1440 R16G16_SNORM srvs=1 RTVBINDS=0 (0.00/frame) | #6 1920x1080 R16G16_FLOAT srvs=1 RTVBINDS=0 (0.00/frame) | #7 2560x1440 R16G16_SNORM srvs=1 RTVBINDS=0 (0.00/frame)
23:52:15:214 [ 2916] | INFO  | [MGPU Bridge] [MGPU][R71] MVEC SIZES over ALL 20 candidate(s): 2560x1440 x14 | 1920x1080 x4 | 3840x2160 x2 | || TRANSPORT SOURCE res=0x232d78da520 (0 means not identified yet - it needs a display-extent candidate with render-target binds), handed to the transport 0 times, 0 second-binds-in-a-frame skipped. || EVICTIONS: 21 resources destroyed and removed from the tables (R76 - a resolution change destroys every render target, and a stale entry is a copy from freed memory). RTV BINDS SEEN IN TOTAL: 0. THE RANK ABOVE IS NOW RENDER TARGET BINDS, NOT SRV CREATIONS. R25 ranked by SRVs created, got 6/5/3/3, and called it "a candidate, not an identification" - that flatness was the SIGNAL being wrong, not the game. An SRV creation count is a LIFETIME number; a velocity buffer is RENDERED INTO once per frame, and RTVBINDS is that. THE EXTENT TO MATCH IS THE DISPLAY EXTENT 3840x2160, not the render extent: the game's own DLSS telemetry says ColorExtentHeight=936 with MVExtentWidth=2560 MVExtentHeight=1440, so this title feeds HIGH-RESOLUTION motion vectors. A single candidate marked <-DISPLAY-EXTENT with RTVBINDS close to the frame count is the velocity buffer. RTV BINDS SEEN = 0 with candidates present means THIS EVENT did not see it, and says nothing whatever about the other two. R81 retracted the sentence that used to sit here - it named optical flow and NGX hooking as the routes left, before any
23:52:15:214 [ 2916] | INFO  | [MGPU Bridge] [MGPU][R82] ACQUISITION SIGNALS - three of them, one run. || RTV VIEW TABLE: 51 of 128 entries. THAT IS THE DENOMINATOR R80 COULD NOT SEE - a bind count of zero against an empty table means nothing at all. || OMSetRenderTargets: fired=0 rtvs=0 | matched via OUR TABLE=0 | matched via get_resource_from_view=0 || BeginRenderPass: fired=0 targets=0 matched=0 || Barrier: fired=1595744 resources=3886992 matched=55742, costing 19936 ns/frame || #0 2560x1440 rtv=0 rp=0 bar=3402(0xC0->0x8) | #1 2560x1440 rtv=0 rp=0 bar=3404(0x8->0xC0) | #2 2560x1440 rtv=0 rp=0 bar=1115(0xC0->0x8) | #3 2560x1440 rtv=0 rp=0 bar=3402(0xC0->0x8) | #4 2560x1440 rtv=0 rp=0 bar=3406(0xC0->0x8) | #5 2560x1440 rtv=0 rp=0 bar=36(0xC0->0x40) | || HOW TO READ IT. via TABLE=0 while via get_resource_from_view is non-zero: the table was the whole bug and R76 through R81 were spent on a cache we never needed. BeginRenderPass fired while OMSetRenderTargets did not: this engine uses render passes and we were subscribed to the wrong event. Barrier matched with a per-frame count near the frame count: use THAT permanently - it needs no view, no table and no binding-path assumption, and 0x4->0xC0 (render_target -> shader_resource) is the moment AFTER the pass wrote, which is the correct moment to copy and is one the bind events cannot offer. NOTE THE STALENESS R78 DID NOT STATE: both bind events fire BEFORE the pass runs, so a copy taken there carries the PREVIOUS frame's vectors. All three silent with candidates present is the only reading that makes optical flow or NGX hooking the honest next step. Two of the barriers per frame on the published source are OURS.
23:52:16:388 [ 7576] | INFO  | [MGPU Bridge] [MGPU][SEAL] new f=4453 slot=0 gap=1 lat=132.24ms pitch=15360 fmt=28 bytes=33177600 bc=0(unimplemented) OK
23:52:18:233 [26880] | INFO  | [MGPU Bridge] [MGPU][P9.1] META SRC mvec lane: 20 candidate(s), 997 ns/frame over 5208 frames. R72: RANKED AND SORTED BY RTV BINDS - how often each is RENDERED INTO, which is a per-frame usage signal. srvs is kept alongside as the old created over the resource. THIS DOES NOT IDENTIFY MOTION VECTORS - nothing in ReShade says which one they are - it says whether an MVec-shaped resource is visible from a subscriber at all. An empty list with a non-zero examined count is the result that says the NGX hook has to be earned or abandoned. root-descriptor SRV pushes=0 (zero here with a non-zero SRV count above means this engine binds through descriptor TABLES and push_descriptors is blind in it - a fact about the engine, not a fault). | #0 2560x1440 R16G16_FLOAT srvs=1 RTVBINDS=0 (0.00/frame) | #1 2560x1440 R16G16_FLOAT srvs=1 RTVBINDS=0 (0.00/frame) | #2 2560x1440 R16G16_FLOAT srvs=1 RTVBINDS=0 (0.00/frame) | #3 2560x1440 R16G16_FLOAT srvs=2 RTVBINDS=0 (0.00/frame) | #4 2560x1440 R16G16_FLOAT srvs=2 RTVBINDS=0 (0.00/frame) | #5 2560x1440 R16G16_SNORM srvs=1 RTVBINDS=0 (0.00/frame) | #6 1920x1080 R16G16_FLOAT srvs=1 RTVBINDS=0 (0.00/frame) | #7 2560x1440 R16G16_SNORM srvs=1 RTVBINDS=0 (0.00/frame)
23:52:18:234 [26880] | INFO  | [MGPU Bridge] [MGPU][R71] MVEC SIZES over ALL 20 candidate(s): 2560x1440 x14 | 1920x1080 x4 | 3840x2160 x2 | || TRANSPORT SOURCE res=0x232d78da520 (0 means not identified yet - it needs a display-extent candidate with render-target binds), handed to the transport 0 times, 0 second-binds-in-a-frame skipped. || EVICTIONS: 21 resources destroyed and removed from the tables (R76 - a resolution change destroys every render target, and a stale entry is a copy from freed memory). RTV BINDS SEEN IN TOTAL: 0. THE RANK ABOVE IS NOW RENDER TARGET BINDS, NOT SRV CREATIONS. R25 ranked by SRVs created, got 6/5/3/3, and called it "a candidate, not an identification" - that flatness was the SIGNAL being wrong, not the game. An SRV creation count is a LIFETIME number; a velocity buffer is RENDERED INTO once per frame, and RTVBINDS is that. THE EXTENT TO MATCH IS THE DISPLAY EXTENT 3840x2160, not the render extent: the game's own DLSS telemetry says ColorExtentHeight=936 with MVExtentWidth=2560 MVExtentHeight=1440, so this title feeds HIGH-RESOLUTION motion vectors. A single candidate marked <-DISPLAY-EXTENT with RTVBINDS close to the frame count is the velocity buffer. RTV BINDS SEEN = 0 with candidates present means THIS EVENT did not see it, and says nothing whatever about the other two. R81 retracted the sentence that used to sit here - it named optical flow and NGX hooking as the routes left, before any
23:52:18:234 [26880] | INFO  | [MGPU Bridge] [MGPU][R82] ACQUISITION SIGNALS - three of them, one run. || RTV VIEW TABLE: 51 of 128 entries. THAT IS THE DENOMINATOR R80 COULD NOT SEE - a bind count of zero against an empty table means nothing at all. || OMSetRenderTargets: fired=0 rtvs=0 | matched via OUR TABLE=0 | matched via get_resource_from_view=0 || BeginRenderPass: fired=0 targets=0 matched=0 || Barrier: fired=1651836 resources=4022887 matched=57629, costing 20227 ns/frame || #0 2560x1440 rtv=0 rp=0 bar=3592(0xC0->0x8) | #1 2560x1440 rtv=0 rp=0 bar=3594(0x8->0xC0) | #2 2560x1440 rtv=0 rp=0 bar=1197(0xC0->0x8) | #3 2560x1440 rtv=0 rp=0 bar=3592(0xC0->0x8) | #4 2560x1440 rtv=0 rp=0 bar=3596(0xC0->0x8) | #5 2560x1440 rtv=0 rp=0 bar=36(0xC0->0x40) | || HOW TO READ IT. via TABLE=0 while via get_resource_from_view is non-zero: the table was the whole bug and R76 through R81 were spent on a cache we never needed. BeginRenderPass fired while OMSetRenderTargets did not: this engine uses render passes and we were subscribed to the wrong event. Barrier matched with a per-frame count near the frame count: use THAT permanently - it needs no view, no table and no binding-path assumption, and 0x4->0xC0 (render_target -> shader_resource) is the moment AFTER the pass wrote, which is the correct moment to copy and is one the bind events cannot offer. NOTE THE STALENESS R78 DID NOT STATE: both bind events fire BEFORE the pass runs, so a copy taken there carries the PREVIOUS frame's vectors. All three silent with candidates present is the only reading that makes optical flow or NGX hooking the honest next step. Two of the barriers per frame on the published source are OURS.
23:52:18:303 [ 7576] | INFO  | [MGPU Bridge] [MGPU][SEAL] new f=4514 slot=1 gap=1 lat=130.74ms pitch=15360 fmt=28 bytes=33177600 bc=0(unimplemented) OK
23:52:18:333 [ 7576] | INFO  | [MGPU Bridge] [MGPU][R63] DEPTH TRANSPORT f=4515 mode=1 (TRANSPORTED AND BOUND) | producer: valid=4519 invalid=0 size-rejected=0, arm held 0 frame(s) | consumer: seals seen valid=3354 invalid=0 contract mismatches=0 | region 3840x2160 fmt=41 pitch=15360 bytes=33177600 at slot offset 33178112 of 95846912. INVALID IS NOT AN ERROR: ReShade unbinds depth in menus and scene changes, and R61 established that shipping the zeros it leaves behind would hand the model a false flat plane. An invalid frame carries the colour and says so. WHAT WOULD BE AN ERROR is contract mismatches above zero, or valid staying at zero once you are in gameplay - that means the tap is not feeding us. 100.0% of sealed frames carried depth. | GPU 1: unpacked=3260 bound=2988 skipped=0, DepthInverted=1, flag disagreements=0 (the seal crossed the adapter and the slot flag did not, so any disagreement between them is real). BOUND vs SKIPPED IS THE R61 TEST: skipped counts frames where ReShade had no depth and the model was given NONE rather than the previous frame's - open a menu mid-stream and this must move.
23:52:18:333 [ 7576] | INFO  | [MGPU Bridge] [MGPU][R78] MVEC TRANSPORT f=4515 mode=3 REAL | producer: copies=2718 missing=1801 size-rejected=0 lock-skipped=0, arm held 239 frame(s) | consumer: seals seen valid=2713 invalid=641 contract mismatches=0 flag disagreements=9 | region 2560x1440 fmt=10 pitch=20480 bytes=29491200 at slot offset 66355712 of 95846912 | GPU 1: unpacked=2713 bound=2709 skipped=279, scale=(2560.000, 1440.000). 80.9% of sealed frames carried vectors. COPIES IS THE ONE TO WATCH: it counts frames where the bind hook fired and a copy was recorded. If it stays at zero the probe published a handle nobody binds, and MVec never reaches the model whatever the rest of this line says. SKIPPED IS NOT AN ERROR - it counts frames with no vectors, which is what a menu looks like, and those frames are handed NONE rather than the last frame's motion.
23:52:18:334 [ 7576] | INFO  | [MGPU Bridge] [MGPU][R87] MVEC FRAME ALIGNMENT f=4515 | evaluates=2988 | elapsed 1=2717 2=2 3=2 4=11 5=35 6=58 7=89 8+=74 | worst=9 | 90.93% at 1. A motion vector describes ONE game frame; NR reprojects by whatever it is handed. When the frame NR blends against is older than one, history lands SHORT by this factor - zero error at rest, growing with speed, and no constant MVecScale can fix it. The scale is multiplied by this per evaluate. IF THIS LINE IS FLAT AT 1 AND THE ARTEFACT IS UNCHANGED, PACING IS ELIMINATED and what remains is units or sign. P4.1's skipped-frame counter predicts about 99.5% at 1, so a materially lower figure here is a desync no counter has shown us.
23:52:20:177 [ 7576] | INFO  | [MGPU Bridge] [MGPU][SEAL] new f=4575 slot=2 gap=1 lat=127.18ms pitch=15360 fmt=28 bytes=33177600 bc=0(unimplemented) OK
23:52:21:264 [13220] | INFO  | [MGPU Bridge] [MGPU][P9.1] META SRC mvec lane: 20 candidate(s), 1007 ns/frame over 5307 frames. R72: RANKED AND SORTED BY RTV BINDS - how often each is RENDERED INTO, which is a per-frame usage signal. srvs is kept alongside as the old created over the resource. THIS DOES NOT IDENTIFY MOTION VECTORS - nothing in ReShade says which one they are - it says whether an MVec-shaped resource is visible from a subscriber at all. An empty list with a non-zero examined count is the result that says the NGX hook has to be earned or abandoned. root-descriptor SRV pushes=0 (zero here with a non-zero SRV count above means this engine binds through descriptor TABLES and push_descriptors is blind in it - a fact about the engine, not a fault). | #0 2560x1440 R16G16_FLOAT srvs=1 RTVBINDS=0 (0.00/frame) | #1 2560x1440 R16G16_FLOAT srvs=1 RTVBINDS=0 (0.00/frame) | #2 2560x1440 R16G16_FLOAT srvs=1 RTVBINDS=0 (0.00/frame) | #3 2560x1440 R16G16_FLOAT srvs=2 RTVBINDS=0 (0.00/frame) | #4 2560x1440 R16G16_FLOAT srvs=2 RTVBINDS=0 (0.00/frame) | #5 2560x1440 R16G16_SNORM srvs=1 RTVBINDS=0 (0.00/frame) | #6 1920x1080 R16G16_FLOAT srvs=1 RTVBINDS=0 (0.00/frame) | #7 2560x1440 R16G16_SNORM srvs=1 RTVBINDS=0 (0.00/frame)
23:52:21:264 [13220] | INFO  | [MGPU Bridge] [MGPU][R71] MVEC SIZES over ALL 20 candidate(s): 2560x1440 x14 | 1920x1080 x4 | 3840x2160 x2 | || TRANSPORT SOURCE res=0x232d78da520 (0 means not identified yet - it needs a display-extent candidate with render-target binds), handed to the transport 0 times, 0 second-binds-in-a-frame skipped. || EVICTIONS: 21 resources destroyed and removed from the tables (R76 - a resolution change destroys every render target, and a stale entry is a copy from freed memory). RTV BINDS SEEN IN TOTAL: 0. THE RANK ABOVE IS NOW RENDER TARGET BINDS, NOT SRV CREATIONS. R25 ranked by SRVs created, got 6/5/3/3, and called it "a candidate, not an identification" - that flatness was the SIGNAL being wrong, not the game. An SRV creation count is a LIFETIME number; a velocity buffer is RENDERED INTO once per frame, and RTVBINDS is that. THE EXTENT TO MATCH IS THE DISPLAY EXTENT 3840x2160, not the render extent: the game's own DLSS telemetry says ColorExtentHeight=936 with MVExtentWidth=2560 MVExtentHeight=1440, so this title feeds HIGH-RESOLUTION motion vectors. A single candidate marked <-DISPLAY-EXTENT with RTVBINDS close to the frame count is the velocity buffer. RTV BINDS SEEN = 0 with candidates present means THIS EVENT did not see it, and says nothing whatever about the other two. R81 retracted the sentence that used to sit here - it named optical flow and NGX hooking as the routes left, before any
23:52:21:264 [13220] | INFO  | [MGPU Bridge] [MGPU][R82] ACQUISITION SIGNALS - three of them, one run. || RTV VIEW TABLE: 51 of 128 entries. THAT IS THE DENOMINATOR R80 COULD NOT SEE - a bind count of zero against an empty table means nothing at all. || OMSetRenderTargets: fired=0 rtvs=0 | matched via OUR TABLE=0 | matched via get_resource_from_view=0 || BeginRenderPass: fired=0 targets=0 matched=0 || Barrier: fired=1711153 resources=4165120 matched=59510, costing 20553 ns/frame || #0 2560x1440 rtv=0 rp=0 bar=3790(0xC0->0x8) | #1 2560x1440 rtv=0 rp=0 bar=3792(0x8->0xC0) | #2 2560x1440 rtv=0 rp=0 bar=1197(0xC0->0x8) | #3 2560x1440 rtv=0 rp=0 bar=3790(0xC0->0x8) | #4 2560x1440 rtv=0 rp=0 bar=3794(0xC0->0x8) | #5 2560x1440 rtv=0 rp=0 bar=36(0xC0->0x40) | || HOW TO READ IT. via TABLE=0 while via get_resource_from_view is non-zero: the table was the whole bug and R76 through R81 were spent on a cache we never needed. BeginRenderPass fired while OMSetRenderTargets did not: this engine uses render passes and we were subscribed to the wrong event. Barrier matched with a per-frame count near the frame count: use THAT permanently - it needs no view, no table and no binding-path assumption, and 0x4->0xC0 (render_target -> shader_resource) is the moment AFTER the pass wrote, which is the correct moment to copy and is one the bind events cannot offer. NOTE THE STALENESS R78 DID NOT STATE: both bind events fire BEFORE the pass runs, so a copy taken there carries the PREVIOUS frame's vectors. All three silent with candidates present is the only reading that makes optical flow or NGX hooking the honest next step. Two of the barriers per frame on the published source are OURS.
23:52:22:037 [ 7576] | INFO  | [MGPU Bridge] [MGPU][SEAL] new f=4636 slot=3 gap=1 lat=130.59ms pitch=15360 fmt=28 bytes=33177600 bc=0(unimplemented) OK
23:52:23:945 [ 7576] | INFO  | [MGPU Bridge] [MGPU][SEAL] new f=4697 slot=4 gap=1 lat=131.11ms pitch=15360 fmt=28 bytes=33177600 bc=0(unimplemented) OK
23:52:24:158 [25140] | INFO  | [MGPU Bridge] [MGPU][R101] CALIBRATOR mode=2 site=data-scan | slots=57 data-slots=2 modules=174 gpa-calls=247 | resolved=1 creates=1 sr-handle=known | evaluates=3161 captured=3161 | cost 4362 ns/frame | eval-copies=3161 eval-skips=0. || THE GAME'S OWN TABLE: color=0x236fc38a880 depth=0x236fc4a9a30 MVEC=0x23625566fd0 output=0x236fc0060a0 | MVecScale 2560.0000,1440.0000 | jitter 0.1685,-0.2653 | Reset=0 | CreateFlags=0x4b -> DepthInverted=1 MVLowRes=1 MVJittered=0 IsHDR=1 AutoExposure=1 | quality=2 | render 2560x1440 -> display 3840x2160 | dynamic 1920x1080..3840x2160 | subrect 2560x1440 at color(0,0) depth(0,0) MV(0,0) out(0,0) | have=0x1fff. || HOW TO READ IT. resolved=0 with evaluates=0 means no module asked for the entry point after we installed - either the title does not use DLSS, or it resolved before the addon loaded; the barrier path is untouched either way and is still what drives. sr-handle=UNFILTERED means we were not present for CreateFeature, so the table may be from frame generation rather than super sampling - check that render/display extents look like a supersampling pair before trusting it. MVEC here is the GAME'S answer to the question every round from R70 to R100 tried to infer; if it does not equal the handle the barrier probe armed on Dragon Sword, the probe was wrong on a title we believed, and THAT is the finding. have=0 bits name the keys this producer does not populate - Streamline and the raw SDK do not set the same subset, and the difference is a fact about the route, not a bug. MVLowRes IS DEFERRED OPTION 11 ANSWERED: 1 means the game's motion vectors are at RENDER resolution, 0 means display resolution, and we have been inferring that from buffer sizes since R83. Read it together with MVecScale - a low-res field with a display-sized scale is the shape that makes reprojection look almost right.
23:52:24:282 [ 6692] | INFO  | [MGPU Bridge] [MGPU][P9.1] META SRC mvec lane: 20 candidate(s), 1007 ns/frame over 5404 frames. R72: RANKED AND SORTED BY RTV BINDS - how often each is RENDERED INTO, which is a per-frame usage signal. srvs is kept alongside as the old created over the resource. THIS DOES NOT IDENTIFY MOTION VECTORS - nothing in ReShade says which one they are - it says whether an MVec-shaped resource is visible from a subscriber at all. An empty list with a non-zero examined count is the result that says the NGX hook has to be earned or abandoned. root-descriptor SRV pushes=0 (zero here with a non-zero SRV count above means this engine binds through descriptor TABLES and push_descriptors is blind in it - a fact about the engine, not a fault). | #0 2560x1440 R16G16_FLOAT srvs=1 RTVBINDS=0 (0.00/frame) | #1 2560x1440 R16G16_FLOAT srvs=1 RTVBINDS=0 (0.00/frame) | #2 2560x1440 R16G16_FLOAT srvs=1 RTVBINDS=0 (0.00/frame) | #3 2560x1440 R16G16_FLOAT srvs=2 RTVBINDS=0 (0.00/frame) | #4 2560x1440 R16G16_FLOAT srvs=2 RTVBINDS=0 (0.00/frame) | #5 2560x1440 R16G16_SNORM srvs=1 RTVBINDS=0 (0.00/frame) | #6 1920x1080 R16G16_FLOAT srvs=1 RTVBINDS=0 (0.00/frame) | #7 2560x1440 R16G16_SNORM srvs=1 RTVBINDS=0 (0.00/frame)
23:52:24:282 [ 6692] | INFO  | [MGPU Bridge] [MGPU][R71] MVEC SIZES over ALL 20 candidate(s): 2560x1440 x14 | 1920x1080 x4 | 3840x2160 x2 | || TRANSPORT SOURCE res=0x232d78da520 (0 means not identified yet - it needs a display-extent candidate with render-target binds), handed to the transport 0 times, 0 second-binds-in-a-frame skipped. || EVICTIONS: 21 resources destroyed and removed from the tables (R76 - a resolution change destroys every render target, and a stale entry is a copy from freed memory). RTV BINDS SEEN IN TOTAL: 0. THE RANK ABOVE IS NOW RENDER TARGET BINDS, NOT SRV CREATIONS. R25 ranked by SRVs created, got 6/5/3/3, and called it "a candidate, not an identification" - that flatness was the SIGNAL being wrong, not the game. An SRV creation count is a LIFETIME number; a velocity buffer is RENDERED INTO once per frame, and RTVBINDS is that. THE EXTENT TO MATCH IS THE DISPLAY EXTENT 3840x2160, not the render extent: the game's own DLSS telemetry says ColorExtentHeight=936 with MVExtentWidth=2560 MVExtentHeight=1440, so this title feeds HIGH-RESOLUTION motion vectors. A single candidate marked <-DISPLAY-EXTENT with RTVBINDS close to the frame count is the velocity buffer. RTV BINDS SEEN = 0 with candidates present means THIS EVENT did not see it, and says nothing whatever about the other two. R81 retracted the sentence that used to sit here - it named optical flow and NGX hooking as the routes left, before any
23:52:24:282 [ 6692] | INFO  | [MGPU Bridge] [MGPU][R82] ACQUISITION SIGNALS - three of them, one run. || RTV VIEW TABLE: 51 of 128 entries. THAT IS THE DENOMINATOR R80 COULD NOT SEE - a bind count of zero against an empty table means nothing at all. || OMSetRenderTargets: fired=0 rtvs=0 | matched via OUR TABLE=0 | matched via get_resource_from_view=0 || BeginRenderPass: fired=0 targets=0 matched=0 || Barrier: fired=1768504 resources=4303209 matched=61353, costing 20842 ns/frame || #0 2560x1440 rtv=0 rp=0 bar=3984(0xC0->0x8) | #1 2560x1440 rtv=0 rp=0 bar=3986(0x8->0xC0) | #2 2560x1440 rtv=0 rp=0 bar=1197(0xC0->0x8) | #3 2560x1440 rtv=0 rp=0 bar=3984(0xC0->0x8) | #4 2560x1440 rtv=0 rp=0 bar=3988(0xC0->0x8) | #5 2560x1440 rtv=0 rp=0 bar=36(0xC0->0x40) | || HOW TO READ IT. via TABLE=0 while via get_resource_from_view is non-zero: the table was the whole bug and R76 through R81 were spent on a cache we never needed. BeginRenderPass fired while OMSetRenderTargets did not: this engine uses render passes and we were subscribed to the wrong event. Barrier matched with a per-frame count near the frame count: use THAT permanently - it needs no view, no table and no binding-path assumption, and 0x4->0xC0 (render_target -> shader_resource) is the moment AFTER the pass wrote, which is the correct moment to copy and is one the bind events cannot offer. NOTE THE STALENESS R78 DID NOT STATE: both bind events fire BEFORE the pass runs, so a copy taken there carries the PREVIOUS frame's vectors. All three silent with candidates present is the only reading that makes optical flow or NGX hooking the honest next step. Two of the barriers per frame on the published source are OURS.
23:52:25:898 [ 7576] | INFO  | [MGPU Bridge] [MGPU][SEAL] new f=4758 slot=5 gap=1 lat=141.26ms pitch=15360 fmt=28 bytes=33177600 bc=0(unimplemented) OK
23:52:27:298 [25140] | INFO  | [MGPU Bridge] [MGPU][P9.1] META SRC mvec lane: 20 candidate(s), 1013 ns/frame over 5498 frames. R72: RANKED AND SORTED BY RTV BINDS - how often each is RENDERED INTO, which is a per-frame usage signal. srvs is kept alongside as the old created over the resource. THIS DOES NOT IDENTIFY MOTION VECTORS - nothing in ReShade says which one they are - it says whether an MVec-shaped resource is visible from a subscriber at all. An empty list with a non-zero examined count is the result that says the NGX hook has to be earned or abandoned. root-descriptor SRV pushes=0 (zero here with a non-zero SRV count above means this engine binds through descriptor TABLES and push_descriptors is blind in it - a fact about the engine, not a fault). | #0 2560x1440 R16G16_FLOAT srvs=1 RTVBINDS=0 (0.00/frame) | #1 2560x1440 R16G16_FLOAT srvs=1 RTVBINDS=0 (0.00/frame) | #2 2560x1440 R16G16_FLOAT srvs=1 RTVBINDS=0 (0.00/frame) | #3 2560x1440 R16G16_FLOAT srvs=2 RTVBINDS=0 (0.00/frame) | #4 2560x1440 R16G16_FLOAT srvs=2 RTVBINDS=0 (0.00/frame) | #5 2560x1440 R16G16_SNORM srvs=1 RTVBINDS=0 (0.00/frame) | #6 1920x1080 R16G16_FLOAT srvs=1 RTVBINDS=0 (0.00/frame) | #7 2560x1440 R16G16_SNORM srvs=1 RTVBINDS=0 (0.00/frame)
23:52:27:299 [25140] | INFO  | [MGPU Bridge] [MGPU][R71] MVEC SIZES over ALL 20 candidate(s): 2560x1440 x14 | 1920x1080 x4 | 3840x2160 x2 | || TRANSPORT SOURCE res=0x232d78da520 (0 means not identified yet - it needs a display-extent candidate with render-target binds), handed to the transport 0 times, 0 second-binds-in-a-frame skipped. || EVICTIONS: 21 resources destroyed and removed from the tables (R76 - a resolution change destroys every render target, and a stale entry is a copy from freed memory). RTV BINDS SEEN IN TOTAL: 0. THE RANK ABOVE IS NOW RENDER TARGET BINDS, NOT SRV CREATIONS. R25 ranked by SRVs created, got 6/5/3/3, and called it "a candidate, not an identification" - that flatness was the SIGNAL being wrong, not the game. An SRV creation count is a LIFETIME number; a velocity buffer is RENDERED INTO once per frame, and RTVBINDS is that. THE EXTENT TO MATCH IS THE DISPLAY EXTENT 3840x2160, not the render extent: the game's own DLSS telemetry says ColorExtentHeight=936 with MVExtentWidth=2560 MVExtentHeight=1440, so this title feeds HIGH-RESOLUTION motion vectors. A single candidate marked <-DISPLAY-EXTENT with RTVBINDS close to the frame count is the velocity buffer. RTV BINDS SEEN = 0 with candidates present means THIS EVENT did not see it, and says nothing whatever about the other two. R81 retracted the sentence that used to sit here - it named optical flow and NGX hooking as the routes left, before any
23:52:27:299 [25140] | INFO  | [MGPU Bridge] [MGPU][R82] ACQUISITION SIGNALS - three of them, one run. || RTV VIEW TABLE: 51 of 128 entries. THAT IS THE DENOMINATOR R80 COULD NOT SEE - a bind count of zero against an empty table means nothing at all. || OMSetRenderTargets: fired=0 rtvs=0 | matched via OUR TABLE=0 | matched via get_resource_from_view=0 || BeginRenderPass: fired=0 targets=0 matched=0 || Barrier: fired=1824346 resources=4437981 matched=63165, costing 21109 ns/frame || #0 2560x1440 rtv=0 rp=0 bar=4172(0xC0->0x8) | #1 2560x1440 rtv=0 rp=0 bar=4174(0x8->0xC0) | #2 2560x1440 rtv=0 rp=0 bar=1223(0xC0->0x8) | #3 2560x1440 rtv=0 rp=0 bar=4172(0xC0->0x8) | #4 2560x1440 rtv=0 rp=0 bar=4176(0xC0->0x8) | #5 2560x1440 rtv=0 rp=0 bar=36(0xC0->0x40) | || HOW TO READ IT. via TABLE=0 while via get_resource_from_view is non-zero: the table was the whole bug and R76 through R81 were spent on a cache we never needed. BeginRenderPass fired while OMSetRenderTargets did not: this engine uses render passes and we were subscribed to the wrong event. Barrier matched with a per-frame count near the frame count: use THAT permanently - it needs no view, no table and no binding-path assumption, and 0x4->0xC0 (render_target -> shader_resource) is the moment AFTER the pass wrote, which is the correct moment to copy and is one the bind events cannot offer. NOTE THE STALENESS R78 DID NOT STATE: both bind events fire BEFORE the pass runs, so a copy taken there carries the PREVIOUS frame's vectors. All three silent with candidates present is the only reading that makes optical flow or NGX hooking the honest next step. Two of the barriers per frame on the published source are OURS.
23:52:27:720 [ 7576] | INFO  | [MGPU Bridge] [MGPU][R63] DEPTH TRANSPORT f=4815 mode=1 (TRANSPORTED AND BOUND) | producer: valid=4819 invalid=0 size-rejected=0, arm held 0 frame(s) | consumer: seals seen valid=3654 invalid=0 contract mismatches=0 | region 3840x2160 fmt=41 pitch=15360 bytes=33177600 at slot offset 33178112 of 95846912. INVALID IS NOT AN ERROR: ReShade unbinds depth in menus and scene changes, and R61 established that shipping the zeros it leaves behind would hand the model a false flat plane. An invalid frame carries the colour and says so. WHAT WOULD BE AN ERROR is contract mismatches above zero, or valid staying at zero once you are in gameplay - that means the tap is not feeding us. 100.0% of sealed frames carried depth. | GPU 1: unpacked=3560 bound=3288 skipped=0, DepthInverted=1, flag disagreements=0 (the seal crossed the adapter and the slot flag did not, so any disagreement between them is real). BOUND vs SKIPPED IS THE R61 TEST: skipped counts frames where ReShade had no depth and the model was given NONE rather than the previous frame's - open a menu mid-stream and this must move.
23:52:27:721 [ 7576] | INFO  | [MGPU Bridge] [MGPU][R78] MVEC TRANSPORT f=4815 mode=3 REAL | producer: copies=3018 missing=1801 size-rejected=0 lock-skipped=0, arm held 239 frame(s) | consumer: seals seen valid=3013 invalid=641 contract mismatches=0 flag disagreements=9 | region 2560x1440 fmt=10 pitch=20480 bytes=29491200 at slot offset 66355712 of 95846912 | GPU 1: unpacked=3013 bound=3009 skipped=279, scale=(2560.000, 1440.000). 82.5% of sealed frames carried vectors. COPIES IS THE ONE TO WATCH: it counts frames where the bind hook fired and a copy was recorded. If it stays at zero the probe published a handle nobody binds, and MVec never reaches the model whatever the rest of this line says. SKIPPED IS NOT AN ERROR - it counts frames with no vectors, which is what a menu looks like, and those frames are handed NONE rather than the last frame's motion.
23:52:27:721 [ 7576] | INFO  | [MGPU Bridge] [MGPU][R87] MVEC FRAME ALIGNMENT f=4815 | evaluates=3288 | elapsed 1=3017 2=2 3=2 4=11 5=35 6=58 7=89 8+=74 | worst=9 | 91.76% at 1. A motion vector describes ONE game frame; NR reprojects by whatever it is handed. When the frame NR blends against is older than one, history lands SHORT by this factor - zero error at rest, growing with speed, and no constant MVecScale can fix it. The scale is multiplied by this per evaluate. IF THIS LINE IS FLAT AT 1 AND THE ARTEFACT IS UNCHANGED, PACING IS ELIMINATED and what remains is units or sign. P4.1's skipped-frame counter predicts about 99.5% at 1, so a materially lower figure here is a desync no counter has shown us.
23:52:27:844 [ 7576] | INFO  | [MGPU Bridge] [MGPU][SEAL] new f=4819 slot=0 gap=1 lat=132.22ms pitch=15360 fmt=28 bytes=33177600 bc=0(unimplemented) OK
23:52:28:433 [ 7576] | INFO  | [MGPU Bridge] [MGPU][T5] present loop alive: frame 4800 thread id 0x1D98
23:52:29:727 [ 7576] | INFO  | [MGPU Bridge] [MGPU][SEAL] new f=4880 slot=1 gap=1 lat=136.92ms pitch=15360 fmt=28 bytes=33177600 bc=0(unimplemented) OK
23:52:30:305 [25736] | INFO  | [MGPU Bridge] [MGPU][P9.1] META SRC mvec lane: 20 candidate(s), 1020 ns/frame over 5594 frames. R72: RANKED AND SORTED BY RTV BINDS - how often each is RENDERED INTO, which is a per-frame usage signal. srvs is kept alongside as the old created over the resource. THIS DOES NOT IDENTIFY MOTION VECTORS - nothing in ReShade says which one they are - it says whether an MVec-shaped resource is visible from a subscriber at all. An empty list with a non-zero examined count is the result that says the NGX hook has to be earned or abandoned. root-descriptor SRV pushes=0 (zero here with a non-zero SRV count above means this engine binds through descriptor TABLES and push_descriptors is blind in it - a fact about the engine, not a fault). | #0 2560x1440 R16G16_FLOAT srvs=1 RTVBINDS=0 (0.00/frame) | #1 2560x1440 R16G16_FLOAT srvs=1 RTVBINDS=0 (0.00/frame) | #2 2560x1440 R16G16_FLOAT srvs=1 RTVBINDS=0 (0.00/frame) | #3 2560x1440 R16G16_FLOAT srvs=2 RTVBINDS=0 (0.00/frame) | #4 2560x1440 R16G16_FLOAT srvs=2 RTVBINDS=0 (0.00/frame) | #5 2560x1440 R16G16_SNORM srvs=1 RTVBINDS=0 (0.00/frame) | #6 1920x1080 R16G16_FLOAT srvs=1 RTVBINDS=0 (0.00/frame) | #7 2560x1440 R16G16_SNORM srvs=1 RTVBINDS=0 (0.00/frame)
23:52:30:305 [25736] | INFO  | [MGPU Bridge] [MGPU][R71] MVEC SIZES over ALL 20 candidate(s): 2560x1440 x14 | 1920x1080 x4 | 3840x2160 x2 | || TRANSPORT SOURCE res=0x232d78da520 (0 means not identified yet - it needs a display-extent candidate with render-target binds), handed to the transport 0 times, 0 second-binds-in-a-frame skipped. || EVICTIONS: 21 resources destroyed and removed from the tables (R76 - a resolution change destroys every render target, and a stale entry is a copy from freed memory). RTV BINDS SEEN IN TOTAL: 0. THE RANK ABOVE IS NOW RENDER TARGET BINDS, NOT SRV CREATIONS. R25 ranked by SRVs created, got 6/5/3/3, and called it "a candidate, not an identification" - that flatness was the SIGNAL being wrong, not the game. An SRV creation count is a LIFETIME number; a velocity buffer is RENDERED INTO once per frame, and RTVBINDS is that. THE EXTENT TO MATCH IS THE DISPLAY EXTENT 3840x2160, not the render extent: the game's own DLSS telemetry says ColorExtentHeight=936 with MVExtentWidth=2560 MVExtentHeight=1440, so this title feeds HIGH-RESOLUTION motion vectors. A single candidate marked <-DISPLAY-EXTENT with RTVBINDS close to the frame count is the velocity buffer. RTV BINDS SEEN = 0 with candidates present means THIS EVENT did not see it, and says nothing whatever about the other two. R81 retracted the sentence that used to sit here - it named optical flow and NGX hooking as the routes left, before any
23:52:30:306 [25736] | INFO  | [MGPU Bridge] [MGPU][R82] ACQUISITION SIGNALS - three of them, one run. || RTV VIEW TABLE: 51 of 128 entries. THAT IS THE DENOMINATOR R80 COULD NOT SEE - a bind count of zero against an empty table means nothing at all. || OMSetRenderTargets: fired=0 rtvs=0 | matched via OUR TABLE=0 | matched via get_resource_from_view=0 || BeginRenderPass: fired=0 targets=0 matched=0 || Barrier: fired=1879672 resources=4572311 matched=64989, costing 21355 ns/frame || #0 2560x1440 rtv=0 rp=0 bar=4364(0xC0->0x8) | #1 2560x1440 rtv=0 rp=0 bar=4366(0x8->0xC0) | #2 2560x1440 rtv=0 rp=0 bar=1223(0xC0->0x8) | #3 2560x1440 rtv=0 rp=0 bar=4364(0xC0->0x8) | #4 2560x1440 rtv=0 rp=0 bar=4368(0xC0->0x8) | #5 2560x1440 rtv=0 rp=0 bar=36(0xC0->0x40) | || HOW TO READ IT. via TABLE=0 while via get_resource_from_view is non-zero: the table was the whole bug and R76 through R81 were spent on a cache we never needed. BeginRenderPass fired while OMSetRenderTargets did not: this engine uses render passes and we were subscribed to the wrong event. Barrier matched with a per-frame count near the frame count: use THAT permanently - it needs no view, no table and no binding-path assumption, and 0x4->0xC0 (render_target -> shader_resource) is the moment AFTER the pass wrote, which is the correct moment to copy and is one the bind events cannot offer. NOTE THE STALENESS R78 DID NOT STATE: both bind events fire BEFORE the pass runs, so a copy taken there carries the PREVIOUS frame's vectors. All three silent with candidates present is the only reading that makes optical flow or NGX hooking the honest next step. Two of the barriers per frame on the published source are OURS.
23:52:31:703 [ 7576] | INFO  | [MGPU Bridge] [MGPU][SEAL] new f=4941 slot=2 gap=1 lat=140.13ms pitch=15360 fmt=28 bytes=33177600 bc=0(unimplemented) OK
23:52:33:322 [13220] | INFO  | [MGPU Bridge] [MGPU][P9.1] META SRC mvec lane: 20 candidate(s), 1030 ns/frame over 5687 frames. R72: RANKED AND SORTED BY RTV BINDS - how often each is RENDERED INTO, which is a per-frame usage signal. srvs is kept alongside as the old created over the resource. THIS DOES NOT IDENTIFY MOTION VECTORS - nothing in ReShade says which one they are - it says whether an MVec-shaped resource is visible from a subscriber at all. An empty list with a non-zero examined count is the result that says the NGX hook has to be earned or abandoned. root-descriptor SRV pushes=0 (zero here with a non-zero SRV count above means this engine binds through descriptor TABLES and push_descriptors is blind in it - a fact about the engine, not a fault). | #0 2560x1440 R16G16_FLOAT srvs=1 RTVBINDS=0 (0.00/frame) | #1 2560x1440 R16G16_FLOAT srvs=1 RTVBINDS=0 (0.00/frame) | #2 2560x1440 R16G16_FLOAT srvs=1 RTVBINDS=0 (0.00/frame) | #3 2560x1440 R16G16_FLOAT srvs=2 RTVBINDS=0 (0.00/frame) | #4 2560x1440 R16G16_FLOAT srvs=2 RTVBINDS=0 (0.00/frame) | #5 2560x1440 R16G16_SNORM srvs=1 RTVBINDS=0 (0.00/frame) | #6 1920x1080 R16G16_FLOAT srvs=1 RTVBINDS=0 (0.00/frame) | #7 2560x1440 R16G16_SNORM srvs=1 RTVBINDS=0 (0.00/frame)
23:52:33:322 [13220] | INFO  | [MGPU Bridge] [MGPU][R71] MVEC SIZES over ALL 20 candidate(s): 2560x1440 x14 | 1920x1080 x4 | 3840x2160 x2 | || TRANSPORT SOURCE res=0x232d78da520 (0 means not identified yet - it needs a display-extent candidate with render-target binds), handed to the transport 0 times, 0 second-binds-in-a-frame skipped. || EVICTIONS: 21 resources destroyed and removed from the tables (R76 - a resolution change destroys every render target, and a stale entry is a copy from freed memory). RTV BINDS SEEN IN TOTAL: 0. THE RANK ABOVE IS NOW RENDER TARGET BINDS, NOT SRV CREATIONS. R25 ranked by SRVs created, got 6/5/3/3, and called it "a candidate, not an identification" - that flatness was the SIGNAL being wrong, not the game. An SRV creation count is a LIFETIME number; a velocity buffer is RENDERED INTO once per frame, and RTVBINDS is that. THE EXTENT TO MATCH IS THE DISPLAY EXTENT 3840x2160, not the render extent: the game's own DLSS telemetry says ColorExtentHeight=936 with MVExtentWidth=2560 MVExtentHeight=1440, so this title feeds HIGH-RESOLUTION motion vectors. A single candidate marked <-DISPLAY-EXTENT with RTVBINDS close to the frame count is the velocity buffer. RTV BINDS SEEN = 0 with candidates present means THIS EVENT did not see it, and says nothing whatever about the other two. R81 retracted the sentence that used to sit here - it named optical flow and NGX hooking as the routes left, before any
23:52:33:322 [13220] | INFO  | [MGPU Bridge] [MGPU][R82] ACQUISITION SIGNALS - three of them, one run. || RTV VIEW TABLE: 51 of 128 entries. THAT IS THE DENOMINATOR R80 COULD NOT SEE - a bind count of zero against an empty table means nothing at all. || OMSetRenderTargets: fired=0 rtvs=0 | matched via OUR TABLE=0 | matched via get_resource_from_view=0 || BeginRenderPass: fired=0 targets=0 matched=0 || Barrier: fired=1935560 resources=4707000 matched=66756, costing 21620 ns/frame || #0 2560x1440 rtv=0 rp=0 bar=4550(0xC0->0x8) | #1 2560x1440 rtv=0 rp=0 bar=4552(0x8->0xC0) | #2 2560x1440 rtv=0 rp=0 bar=1223(0xC0->0x8) | #3 2560x1440 rtv=0 rp=0 bar=4550(0xC0->0x8) | #4 2560x1440 rtv=0 rp=0 bar=4554(0xC0->0x8) | #5 2560x1440 rtv=0 rp=0 bar=36(0xC0->0x40) | || HOW TO READ IT. via TABLE=0 while via get_resource_from_view is non-zero: the table was the whole bug and R76 through R81 were spent on a cache we never needed. BeginRenderPass fired while OMSetRenderTargets did not: this engine uses render passes and we were subscribed to the wrong event. Barrier matched with a per-frame count near the frame count: use THAT permanently - it needs no view, no table and no binding-path assumption, and 0x4->0xC0 (render_target -> shader_resource) is the moment AFTER the pass wrote, which is the correct moment to copy and is one the bind events cannot offer. NOTE THE STALENESS R78 DID NOT STATE: both bind events fire BEFORE the pass runs, so a copy taken there carries the PREVIOUS frame's vectors. All three silent with candidates present is the only reading that makes optical flow or NGX hooking the honest next step. Two of the barriers per frame on the published source are OURS.
23:52:33:688 [ 7576] | INFO  | [MGPU Bridge] [MGPU][SEAL] new f=5002 slot=3 gap=1 lat=135.62ms pitch=15360 fmt=28 bytes=33177600 bc=0(unimplemented) OK
23:52:33:746 [21160] | INFO  | [MGPU Bridge] [MGPU][R101] CALIBRATOR mode=2 site=data-scan | slots=57 data-slots=2 modules=174 gpa-calls=247 | resolved=1 creates=1 sr-handle=known | evaluates=3461 captured=3461 | cost 4584 ns/frame | eval-copies=3461 eval-skips=0. || THE GAME'S OWN TABLE: color=0x236fc38a880 depth=0x236fc4a9a30 MVEC=0x23625566fd0 output=0x236fc0060a0 | MVecScale 2560.0000,1440.0000 | jitter -0.3684,-0.2173 | Reset=0 | CreateFlags=0x4b -> DepthInverted=1 MVLowRes=1 MVJittered=0 IsHDR=1 AutoExposure=1 | quality=2 | render 2560x1440 -> display 3840x2160 | dynamic 1920x1080..3840x2160 | subrect 2560x1440 at color(0,0) depth(0,0) MV(0,0) out(0,0) | have=0x1fff. || HOW TO READ IT. resolved=0 with evaluates=0 means no module asked for the entry point after we installed - either the title does not use DLSS, or it resolved before the addon loaded; the barrier path is untouched either way and is still what drives. sr-handle=UNFILTERED means we were not present for CreateFeature, so the table may be from frame generation rather than super sampling - check that render/display extents look like a supersampling pair before trusting it. MVEC here is the GAME'S answer to the question every round from R70 to R100 tried to infer; if it does not equal the handle the barrier probe armed on Dragon Sword, the probe was wrong on a title we believed, and THAT is the finding. have=0 bits name the keys this producer does not populate - Streamline and the raw SDK do not set the same subset, and the difference is a fact about the route, not a bug. MVLowRes IS DEFERRED OPTION 11 ANSWERED: 1 means the game's motion vectors are at RENDER resolution, 0 means display resolution, and we have been inferring that from buffer sizes since R83. Read it together with MVecScale - a low-res field with a display-sized scale is the shape that makes reprojection look almost right.
23:52:35:773 [ 7576] | INFO  | [MGPU Bridge] [MGPU][SEAL] new f=5063 slot=4 gap=1 lat=139.89ms pitch=15360 fmt=28 bytes=33177600 bc=0(unimplemented) OK
23:52:36:348 [15244] | INFO  | [MGPU Bridge] [MGPU][P9.1] META SRC mvec lane: 20 candidate(s), 1066 ns/frame over 5776 frames. R72: RANKED AND SORTED BY RTV BINDS - how often each is RENDERED INTO, which is a per-frame usage signal. srvs is kept alongside as the old created over the resource. THIS DOES NOT IDENTIFY MOTION VECTORS - nothing in ReShade says which one they are - it says whether an MVec-shaped resource is visible from a subscriber at all. An empty list with a non-zero examined count is the result that says the NGX hook has to be earned or abandoned. root-descriptor SRV pushes=0 (zero here with a non-zero SRV count above means this engine binds through descriptor TABLES and push_descriptors is blind in it - a fact about the engine, not a fault). | #0 2560x1440 R16G16_FLOAT srvs=1 RTVBINDS=0 (0.00/frame) | #1 2560x1440 R16G16_FLOAT srvs=1 RTVBINDS=0 (0.00/frame) | #2 2560x1440 R16G16_FLOAT srvs=1 RTVBINDS=0 (0.00/frame) | #3 2560x1440 R16G16_FLOAT srvs=2 RTVBINDS=0 (0.00/frame) | #4 2560x1440 R16G16_FLOAT srvs=2 RTVBINDS=0 (0.00/frame) | #5 2560x1440 R16G16_SNORM srvs=1 RTVBINDS=0 (0.00/frame) | #6 1920x1080 R16G16_FLOAT srvs=1 RTVBINDS=0 (0.00/frame) | #7 2560x1440 R16G16_SNORM srvs=1 RTVBINDS=0 (0.00/frame)
23:52:36:348 [15244] | INFO  | [MGPU Bridge] [MGPU][R71] MVEC SIZES over ALL 20 candidate(s): 2560x1440 x14 | 1920x1080 x4 | 3840x2160 x2 | || TRANSPORT SOURCE res=0x232d78da520 (0 means not identified yet - it needs a display-extent candidate with render-target binds), handed to the transport 0 times, 0 second-binds-in-a-frame skipped. || EVICTIONS: 21 resources destroyed and removed from the tables (R76 - a resolution change destroys every render target, and a stale entry is a copy from freed memory). RTV BINDS SEEN IN TOTAL: 0. THE RANK ABOVE IS NOW RENDER TARGET BINDS, NOT SRV CREATIONS. R25 ranked by SRVs created, got 6/5/3/3, and called it "a candidate, not an identification" - that flatness was the SIGNAL being wrong, not the game. An SRV creation count is a LIFETIME number; a velocity buffer is RENDERED INTO once per frame, and RTVBINDS is that. THE EXTENT TO MATCH IS THE DISPLAY EXTENT 3840x2160, not the render extent: the game's own DLSS telemetry says ColorExtentHeight=936 with MVExtentWidth=2560 MVExtentHeight=1440, so this title feeds HIGH-RESOLUTION motion vectors. A single candidate marked <-DISPLAY-EXTENT with RTVBINDS close to the frame count is the velocity buffer. RTV BINDS SEEN = 0 with candidates present means THIS EVENT did not see it, and says nothing whatever about the other two. R81 retracted the sentence that used to sit here - it named optical flow and NGX hooking as the routes left, before any
23:52:36:348 [15244] | INFO  | [MGPU Bridge] [MGPU][R82] ACQUISITION SIGNALS - three of them, one run. || RTV VIEW TABLE: 51 of 128 entries. THAT IS THE DENOMINATOR R80 COULD NOT SEE - a bind count of zero against an empty table means nothing at all. || OMSetRenderTargets: fired=0 rtvs=0 | matched via OUR TABLE=0 | matched via get_resource_from_view=0 || BeginRenderPass: fired=0 targets=0 matched=0 || Barrier: fired=1991710 resources=4842423 matched=68489, costing 21878 ns/frame || #0 2560x1440 rtv=0 rp=0 bar=4728(0xC0->0x8) | #1 2560x1440 rtv=0 rp=0 bar=4730(0x8->0xC0) | #2 2560x1440 rtv=0 rp=0 bar=1265(0xC0->0x8) | #3 2560x1440 rtv=0 rp=0 bar=4728(0xC0->0x8) | #4 2560x1440 rtv=0 rp=0 bar=4732(0xC0->0x8) | #5 2560x1440 rtv=0 rp=0 bar=36(0xC0->0x40) | || HOW TO READ IT. via TABLE=0 while via get_resource_from_view is non-zero: the table was the whole bug and R76 through R81 were spent on a cache we never needed. BeginRenderPass fired while OMSetRenderTargets did not: this engine uses render passes and we were subscribed to the wrong event. Barrier matched with a per-frame count near the frame count: use THAT permanently - it needs no view, no table and no binding-path assumption, and 0x4->0xC0 (render_target -> shader_resource) is the moment AFTER the pass wrote, which is the correct moment to copy and is one the bind events cannot offer. NOTE THE STALENESS R78 DID NOT STATE: both bind events fire BEFORE the pass runs, so a copy taken there carries the PREVIOUS frame's vectors. All three silent with candidates present is the only reading that makes optical flow or NGX hooking the honest next step. Two of the barriers per frame on the published source are OURS.
23:52:37:543 [ 7576] | INFO  | [MGPU Bridge] [MGPU][R63] DEPTH TRANSPORT f=5115 mode=1 (TRANSPORTED AND BOUND) | producer: valid=5119 invalid=0 size-rejected=0, arm held 0 frame(s) | consumer: seals seen valid=3954 invalid=0 contract mismatches=0 | region 3840x2160 fmt=41 pitch=15360 bytes=33177600 at slot offset 33178112 of 95846912. INVALID IS NOT AN ERROR: ReShade unbinds depth in menus and scene changes, and R61 established that shipping the zeros it leaves behind would hand the model a false flat plane. An invalid frame carries the colour and says so. WHAT WOULD BE AN ERROR is contract mismatches above zero, or valid staying at zero once you are in gameplay - that means the tap is not feeding us. 100.0% of sealed frames carried depth. | GPU 1: unpacked=3860 bound=3588 skipped=0, DepthInverted=1, flag disagreements=0 (the seal crossed the adapter and the slot flag did not, so any disagreement between them is real). BOUND vs SKIPPED IS THE R61 TEST: skipped counts frames where ReShade had no depth and the model was given NONE rather than the previous frame's - open a menu mid-stream and this must move.
23:52:37:543 [ 7576] | INFO  | [MGPU Bridge] [MGPU][R78] MVEC TRANSPORT f=5115 mode=3 REAL | producer: copies=3318 missing=1801 size-rejected=0 lock-skipped=0, arm held 239 frame(s) | consumer: seals seen valid=3313 invalid=641 contract mismatches=0 flag disagreements=9 | region 2560x1440 fmt=10 pitch=20480 bytes=29491200 at slot offset 66355712 of 95846912 | GPU 1: unpacked=3313 bound=3309 skipped=279, scale=(2560.000, 1440.000). 83.8% of sealed frames carried vectors. COPIES IS THE ONE TO WATCH: it counts frames where the bind hook fired and a copy was recorded. If it stays at zero the probe published a handle nobody binds, and MVec never reaches the model whatever the rest of this line says. SKIPPED IS NOT AN ERROR - it counts frames with no vectors, which is what a menu looks like, and those frames are handed NONE rather than the last frame's motion.
23:52:37:543 [ 7576] | INFO  | [MGPU Bridge] [MGPU][R87] MVEC FRAME ALIGNMENT f=5115 | evaluates=3588 | elapsed 1=3317 2=2 3=2 4=11 5=35 6=58 7=89 8+=74 | worst=9 | 92.45% at 1. A motion vector describes ONE game frame; NR reprojects by whatever it is handed. When the frame NR blends against is older than one, history lands SHORT by this factor - zero error at rest, growing with speed, and no constant MVecScale can fix it. The scale is multiplied by this per evaluate. IF THIS LINE IS FLAT AT 1 AND THE ARTEFACT IS UNCHANGED, PACING IS ELIMINATED and what remains is units or sign. P4.1's skipped-frame counter predicts about 99.5% at 1, so a materially lower figure here is a desync no counter has shown us.
23:52:37:854 [ 7576] | INFO  | [MGPU Bridge] [MGPU][SEAL] new f=5124 slot=5 gap=1 lat=143.22ms pitch=15360 fmt=28 bytes=33177600 bc=0(unimplemented) OK
23:52:39:377 [22864] | INFO  | [MGPU Bridge] [MGPU][P9.1] META SRC mvec lane: 20 candidate(s), 1082 ns/frame over 5864 frames. R72: RANKED AND SORTED BY RTV BINDS - how often each is RENDERED INTO, which is a per-frame usage signal. srvs is kept alongside as the old created over the resource. THIS DOES NOT IDENTIFY MOTION VECTORS - nothing in ReShade says which one they are - it says whether an MVec-shaped resource is visible from a subscriber at all. An empty list with a non-zero examined count is the result that says the NGX hook has to be earned or abandoned. root-descriptor SRV pushes=0 (zero here with a non-zero SRV count above means this engine binds through descriptor TABLES and push_descriptors is blind in it - a fact about the engine, not a fault). | #0 2560x1440 R16G16_FLOAT srvs=1 RTVBINDS=0 (0.00/frame) | #1 2560x1440 R16G16_FLOAT srvs=1 RTVBINDS=0 (0.00/frame) | #2 2560x1440 R16G16_FLOAT srvs=1 RTVBINDS=0 (0.00/frame) | #3 2560x1440 R16G16_FLOAT srvs=2 RTVBINDS=0 (0.00/frame) | #4 2560x1440 R16G16_FLOAT srvs=2 RTVBINDS=0 (0.00/frame) | #5 2560x1440 R16G16_SNORM srvs=1 RTVBINDS=0 (0.00/frame) | #6 1920x1080 R16G16_FLOAT srvs=1 RTVBINDS=0 (0.00/frame) | #7 2560x1440 R16G16_SNORM srvs=1 RTVBINDS=0 (0.00/frame)
23:52:39:378 [22864] | INFO  | [MGPU Bridge] [MGPU][R71] MVEC SIZES over ALL 20 candidate(s): 2560x1440 x14 | 1920x1080 x4 | 3840x2160 x2 | || TRANSPORT SOURCE res=0x232d78da520 (0 means not identified yet - it needs a display-extent candidate with render-target binds), handed to the transport 0 times, 0 second-binds-in-a-frame skipped. || EVICTIONS: 21 resources destroyed and removed from the tables (R76 - a resolution change destroys every render target, and a stale entry is a copy from freed memory). RTV BINDS SEEN IN TOTAL: 0. THE RANK ABOVE IS NOW RENDER TARGET BINDS, NOT SRV CREATIONS. R25 ranked by SRVs created, got 6/5/3/3, and called it "a candidate, not an identification" - that flatness was the SIGNAL being wrong, not the game. An SRV creation count is a LIFETIME number; a velocity buffer is RENDERED INTO once per frame, and RTVBINDS is that. THE EXTENT TO MATCH IS THE DISPLAY EXTENT 3840x2160, not the render extent: the game's own DLSS telemetry says ColorExtentHeight=936 with MVExtentWidth=2560 MVExtentHeight=1440, so this title feeds HIGH-RESOLUTION motion vectors. A single candidate marked <-DISPLAY-EXTENT with RTVBINDS close to the frame count is the velocity buffer. RTV BINDS SEEN = 0 with candidates present means THIS EVENT did not see it, and says nothing whatever about the other two. R81 retracted the sentence that used to sit here - it named optical flow and NGX hooking as the routes left, before any
23:52:39:378 [22864] | INFO  | [MGPU Bridge] [MGPU][R82] ACQUISITION SIGNALS - three of them, one run. || RTV VIEW TABLE: 51 of 128 entries. THAT IS THE DENOMINATOR R80 COULD NOT SEE - a bind count of zero against an empty table means nothing at all. || OMSetRenderTargets: fired=0 rtvs=0 | matched via OUR TABLE=0 | matched via get_resource_from_view=0 || BeginRenderPass: fired=0 targets=0 matched=0 || Barrier: fired=2055513 resources=4988569 matched=70337, costing 22252 ns/frame || #0 2560x1440 rtv=0 rp=0 bar=4904(0xC0->0x8) | #1 2560x1440 rtv=0 rp=0 bar=4906(0x8->0xC0) | #2 2560x1440 rtv=0 rp=0 bar=1441(0xC0->0x8) | #3 2560x1440 rtv=0 rp=0 bar=4904(0xC0->0x8) | #4 2560x1440 rtv=0 rp=0 bar=4908(0xC0->0x8) | #5 2560x1440 rtv=0 rp=0 bar=36(0xC0->0x40) | || HOW TO READ IT. via TABLE=0 while via get_resource_from_view is non-zero: the table was the whole bug and R76 through R81 were spent on a cache we never needed. BeginRenderPass fired while OMSetRenderTargets did not: this engine uses render passes and we were subscribed to the wrong event. Barrier matched with a per-frame count near the frame count: use THAT permanently - it needs no view, no table and no binding-path assumption, and 0x4->0xC0 (render_target -> shader_resource) is the moment AFTER the pass wrote, which is the correct moment to copy and is one the bind events cannot offer. NOTE THE STALENESS R78 DID NOT STATE: both bind events fire BEFORE the pass runs, so a copy taken there carries the PREVIOUS frame's vectors. All three silent with candidates present is the only reading that makes optical flow or NGX hooking the honest next step. Two of the barriers per frame on the published source are OURS.
23:52:39:983 [ 7576] | INFO  | [MGPU Bridge] [MGPU][SEAL] new f=5185 slot=0 gap=1 lat=146.07ms pitch=15360 fmt=28 bytes=33177600 bc=0(unimplemented) OK
23:52:42:066 [ 7576] | INFO  | [MGPU Bridge] [MGPU][SEAL] new f=5246 slot=1 gap=1 lat=143.22ms pitch=15360 fmt=28 bytes=33177600 bc=0(unimplemented) OK
23:52:42:392 [18228] | INFO  | [MGPU Bridge] [MGPU][P9.1] META SRC mvec lane: 20 candidate(s), 1079 ns/frame over 5952 frames. R72: RANKED AND SORTED BY RTV BINDS - how often each is RENDERED INTO, which is a per-frame usage signal. srvs is kept alongside as the old created over the resource. THIS DOES NOT IDENTIFY MOTION VECTORS - nothing in ReShade says which one they are - it says whether an MVec-shaped resource is visible from a subscriber at all. An empty list with a non-zero examined count is the result that says the NGX hook has to be earned or abandoned. root-descriptor SRV pushes=0 (zero here with a non-zero SRV count above means this engine binds through descriptor TABLES and push_descriptors is blind in it - a fact about the engine, not a fault). | #0 2560x1440 R16G16_FLOAT srvs=1 RTVBINDS=0 (0.00/frame) | #1 2560x1440 R16G16_FLOAT srvs=1 RTVBINDS=0 (0.00/frame) | #2 2560x1440 R16G16_FLOAT srvs=1 RTVBINDS=0 (0.00/frame) | #3 2560x1440 R16G16_FLOAT srvs=2 RTVBINDS=0 (0.00/frame) | #4 2560x1440 R16G16_FLOAT srvs=2 RTVBINDS=0 (0.00/frame) | #5 2560x1440 R16G16_SNORM srvs=1 RTVBINDS=0 (0.00/frame) | #6 1920x1080 R16G16_FLOAT srvs=1 RTVBINDS=0 (0.00/frame) | #7 2560x1440 R16G16_SNORM srvs=1 RTVBINDS=0 (0.00/frame)
23:52:42:393 [18228] | INFO  | [MGPU Bridge] [MGPU][R71] MVEC SIZES over ALL 20 candidate(s): 2560x1440 x14 | 1920x1080 x4 | 3840x2160 x2 | || TRANSPORT SOURCE res=0x232d78da520 (0 means not identified yet - it needs a display-extent candidate with render-target binds), handed to the transport 0 times, 0 second-binds-in-a-frame skipped. || EVICTIONS: 21 resources destroyed and removed from the tables (R76 - a resolution change destroys every render target, and a stale entry is a copy from freed memory). RTV BINDS SEEN IN TOTAL: 0. THE RANK ABOVE IS NOW RENDER TARGET BINDS, NOT SRV CREATIONS. R25 ranked by SRVs created, got 6/5/3/3, and called it "a candidate, not an identification" - that flatness was the SIGNAL being wrong, not the game. An SRV creation count is a LIFETIME number; a velocity buffer is RENDERED INTO once per frame, and RTVBINDS is that. THE EXTENT TO MATCH IS THE DISPLAY EXTENT 3840x2160, not the render extent: the game's own DLSS telemetry says ColorExtentHeight=936 with MVExtentWidth=2560 MVExtentHeight=1440, so this title feeds HIGH-RESOLUTION motion vectors. A single candidate marked <-DISPLAY-EXTENT with RTVBINDS close to the frame count is the velocity buffer. RTV BINDS SEEN = 0 with candidates present means THIS EVENT did not see it, and says nothing whatever about the other two. R81 retracted the sentence that used to sit here - it named optical flow and NGX hooking as the routes left, before any
23:52:42:393 [18228] | INFO  | [MGPU Bridge] [MGPU][R82] ACQUISITION SIGNALS - three of them, one run. || RTV VIEW TABLE: 51 of 128 entries. THAT IS THE DENOMINATOR R80 COULD NOT SEE - a bind count of zero against an empty table means nothing at all. || OMSetRenderTargets: fired=0 rtvs=0 | matched via OUR TABLE=0 | matched via get_resource_from_view=0 || BeginRenderPass: fired=0 targets=0 matched=0 || Barrier: fired=2110719 resources=5122538 matched=72185, costing 22512 ns/frame || #0 2560x1440 rtv=0 rp=0 bar=5080(0xC0->0x8) | #1 2560x1440 rtv=0 rp=0 bar=5082(0x8->0xC0) | #2 2560x1440 rtv=0 rp=0 bar=1617(0xC0->0x8) | #3 2560x1440 rtv=0 rp=0 bar=5080(0xC0->0x8) | #4 2560x1440 rtv=0 rp=0 bar=5084(0xC0->0x8) | #5 2560x1440 rtv=0 rp=0 bar=36(0xC0->0x40) | || HOW TO READ IT. via TABLE=0 while via get_resource_from_view is non-zero: the table was the whole bug and R76 through R81 were spent on a cache we never needed. BeginRenderPass fired while OMSetRenderTargets did not: this engine uses render passes and we were subscribed to the wrong event. Barrier matched with a per-frame count near the frame count: use THAT permanently - it needs no view, no table and no binding-path assumption, and 0x4->0xC0 (render_target -> shader_resource) is the moment AFTER the pass wrote, which is the correct moment to copy and is one the bind events cannot offer. NOTE THE STALENESS R78 DID NOT STATE: both bind events fire BEFORE the pass runs, so a copy taken there carries the PREVIOUS frame's vectors. All three silent with candidates present is the only reading that makes optical flow or NGX hooking the honest next step. Two of the barriers per frame on the published source are OURS.
23:52:44:012 [15244] | INFO  | [MGPU Bridge] [MGPU][R101] CALIBRATOR mode=2 site=data-scan | slots=57 data-slots=2 modules=174 gpa-calls=247 | resolved=1 creates=1 sr-handle=known | evaluates=3761 captured=3761 | cost 4816 ns/frame | eval-copies=3761 eval-skips=0. || THE GAME'S OWN TABLE: color=0x236fc38a880 depth=0x236fc4a9a30 MVEC=0x23625566fd0 output=0x236fc0060a0 | MVecScale 2560.0000,1440.0000 | jitter 0.0950,-0.1694 | Reset=0 | CreateFlags=0x4b -> DepthInverted=1 MVLowRes=1 MVJittered=0 IsHDR=1 AutoExposure=1 | quality=2 | render 2560x1440 -> display 3840x2160 | dynamic 1920x1080..3840x2160 | subrect 2560x1440 at color(0,0) depth(0,0) MV(0,0) out(0,0) | have=0x1fff. || HOW TO READ IT. resolved=0 with evaluates=0 means no module asked for the entry point after we installed - either the title does not use DLSS, or it resolved before the addon loaded; the barrier path is untouched either way and is still what drives. sr-handle=UNFILTERED means we were not present for CreateFeature, so the table may be from frame generation rather than super sampling - check that render/display extents look like a supersampling pair before trusting it. MVEC here is the GAME'S answer to the question every round from R70 to R100 tried to infer; if it does not equal the handle the barrier probe armed on Dragon Sword, the probe was wrong on a title we believed, and THAT is the finding. have=0 bits name the keys this producer does not populate - Streamline and the raw SDK do not set the same subset, and the difference is a fact about the route, not a bug. MVLowRes IS DEFERRED OPTION 11 ANSWERED: 1 means the game's motion vectors are at RENDER resolution, 0 means display resolution, and we have been inferring that from buffer sizes since R83. Read it together with MVecScale - a low-res field with a display-sized scale is the shape that makes reprojection look almost right.
23:52:44:123 [ 7576] | INFO  | [MGPU Bridge] [MGPU][SEAL] new f=5307 slot=2 gap=1 lat=141.47ms pitch=15360 fmt=28 bytes=33177600 bc=0(unimplemented) OK
23:52:45:411 [ 9268] | INFO  | [MGPU Bridge] [MGPU][P9.1] META SRC mvec lane: 20 candidate(s), 1079 ns/frame over 6042 frames. R72: RANKED AND SORTED BY RTV BINDS - how often each is RENDERED INTO, which is a per-frame usage signal. srvs is kept alongside as the old created over the resource. THIS DOES NOT IDENTIFY MOTION VECTORS - nothing in ReShade says which one they are - it says whether an MVec-shaped resource is visible from a subscriber at all. An empty list with a non-zero examined count is the result that says the NGX hook has to be earned or abandoned. root-descriptor SRV pushes=0 (zero here with a non-zero SRV count above means this engine binds through descriptor TABLES and push_descriptors is blind in it - a fact about the engine, not a fault). | #0 2560x1440 R16G16_FLOAT srvs=1 RTVBINDS=0 (0.00/frame) | #1 2560x1440 R16G16_FLOAT srvs=1 RTVBINDS=0 (0.00/frame) | #2 2560x1440 R16G16_FLOAT srvs=1 RTVBINDS=0 (0.00/frame) | #3 2560x1440 R16G16_FLOAT srvs=2 RTVBINDS=0 (0.00/frame) | #4 2560x1440 R16G16_FLOAT srvs=2 RTVBINDS=0 (0.00/frame) | #5 2560x1440 R16G16_SNORM srvs=1 RTVBINDS=0 (0.00/frame) | #6 1920x1080 R16G16_FLOAT srvs=1 RTVBINDS=0 (0.00/frame) | #7 2560x1440 R16G16_SNORM srvs=1 RTVBINDS=0 (0.00/frame)
23:52:45:412 [ 9268] | INFO  | [MGPU Bridge] [MGPU][R71] MVEC SIZES over ALL 20 candidate(s): 2560x1440 x14 | 1920x1080 x4 | 3840x2160 x2 | || TRANSPORT SOURCE res=0x232d78da520 (0 means not identified yet - it needs a display-extent candidate with render-target binds), handed to the transport 0 times, 0 second-binds-in-a-frame skipped. || EVICTIONS: 21 resources destroyed and removed from the tables (R76 - a resolution change destroys every render target, and a stale entry is a copy from freed memory). RTV BINDS SEEN IN TOTAL: 0. THE RANK ABOVE IS NOW RENDER TARGET BINDS, NOT SRV CREATIONS. R25 ranked by SRVs created, got 6/5/3/3, and called it "a candidate, not an identification" - that flatness was the SIGNAL being wrong, not the game. An SRV creation count is a LIFETIME number; a velocity buffer is RENDERED INTO once per frame, and RTVBINDS is that. THE EXTENT TO MATCH IS THE DISPLAY EXTENT 3840x2160, not the render extent: the game's own DLSS telemetry says ColorExtentHeight=936 with MVExtentWidth=2560 MVExtentHeight=1440, so this title feeds HIGH-RESOLUTION motion vectors. A single candidate marked <-DISPLAY-EXTENT with RTVBINDS close to the frame count is the velocity buffer. RTV BINDS SEEN = 0 with candidates present means THIS EVENT did not see it, and says nothing whatever about the other two. R81 retracted the sentence that used to sit here - it named optical flow and NGX hooking as the routes left, before any
23:52:45:412 [ 9268] | INFO  | [MGPU Bridge] [MGPU][R82] ACQUISITION SIGNALS - three of them, one run. || RTV VIEW TABLE: 51 of 128 entries. THAT IS THE DENOMINATOR R80 COULD NOT SEE - a bind count of zero against an empty table means nothing at all. || OMSetRenderTargets: fired=0 rtvs=0 | matched via OUR TABLE=0 | matched via get_resource_from_view=0 || BeginRenderPass: fired=0 targets=0 matched=0 || Barrier: fired=2165747 resources=5257319 matched=74075, costing 22735 ns/frame || #0 2560x1440 rtv=0 rp=0 bar=5260(0xC0->0x8) | #1 2560x1440 rtv=0 rp=0 bar=5262(0x8->0xC0) | #2 2560x1440 rtv=0 rp=0 bar=1797(0xC0->0x8) | #3 2560x1440 rtv=0 rp=0 bar=5260(0xC0->0x8) | #4 2560x1440 rtv=0 rp=0 bar=5264(0xC0->0x8) | #5 2560x1440 rtv=0 rp=0 bar=36(0xC0->0x40) | || HOW TO READ IT. via TABLE=0 while via get_resource_from_view is non-zero: the table was the whole bug and R76 through R81 were spent on a cache we never needed. BeginRenderPass fired while OMSetRenderTargets did not: this engine uses render passes and we were subscribed to the wrong event. Barrier matched with a per-frame count near the frame count: use THAT permanently - it needs no view, no table and no binding-path assumption, and 0x4->0xC0 (render_target -> shader_resource) is the moment AFTER the pass wrote, which is the correct moment to copy and is one the bind events cannot offer. NOTE THE STALENESS R78 DID NOT STATE: both bind events fire BEFORE the pass runs, so a copy taken there carries the PREVIOUS frame's vectors. All three silent with candidates present is the only reading that makes optical flow or NGX hooking the honest next step. Two of the barriers per frame on the published source are OURS.
23:52:46:155 [ 7576] | INFO  | [MGPU Bridge] [MGPU][SEAL] new f=5368 slot=3 gap=1 lat=137.29ms pitch=15360 fmt=28 bytes=33177600 bc=0(unimplemented) OK
23:52:47:679 [ 7576] | INFO  | [MGPU Bridge] [MGPU][R63] DEPTH TRANSPORT f=5415 mode=1 (TRANSPORTED AND BOUND) | producer: valid=5419 invalid=0 size-rejected=0, arm held 0 frame(s) | consumer: seals seen valid=4254 invalid=0 contract mismatches=0 | region 3840x2160 fmt=41 pitch=15360 bytes=33177600 at slot offset 33178112 of 95846912. INVALID IS NOT AN ERROR: ReShade unbinds depth in menus and scene changes, and R61 established that shipping the zeros it leaves behind would hand the model a false flat plane. An invalid frame carries the colour and says so. WHAT WOULD BE AN ERROR is contract mismatches above zero, or valid staying at zero once you are in gameplay - that means the tap is not feeding us. 100.0% of sealed frames carried depth. | GPU 1: unpacked=4160 bound=3888 skipped=0, DepthInverted=1, flag disagreements=0 (the seal crossed the adapter and the slot flag did not, so any disagreement between them is real). BOUND vs SKIPPED IS THE R61 TEST: skipped counts frames where ReShade had no depth and the model was given NONE rather than the previous frame's - open a menu mid-stream and this must move.
23:52:47:679 [ 7576] | INFO  | [MGPU Bridge] [MGPU][R78] MVEC TRANSPORT f=5415 mode=3 REAL | producer: copies=3618 missing=1801 size-rejected=0 lock-skipped=0, arm held 239 frame(s) | consumer: seals seen valid=3613 invalid=641 contract mismatches=0 flag disagreements=9 | region 2560x1440 fmt=10 pitch=20480 bytes=29491200 at slot offset 66355712 of 95846912 | GPU 1: unpacked=3613 bound=3609 skipped=279, scale=(2560.000, 1440.000). 84.9% of sealed frames carried vectors. COPIES IS THE ONE TO WATCH: it counts frames where the bind hook fired and a copy was recorded. If it stays at zero the probe published a handle nobody binds, and MVec never reaches the model whatever the rest of this line says. SKIPPED IS NOT AN ERROR - it counts frames with no vectors, which is what a menu looks like, and those frames are handed NONE rather than the last frame's motion.
23:52:47:679 [ 7576] | INFO  | [MGPU Bridge] [MGPU][R87] MVEC FRAME ALIGNMENT f=5415 | evaluates=3888 | elapsed 1=3617 2=2 3=2 4=11 5=35 6=58 7=89 8+=74 | worst=9 | 93.03% at 1. A motion vector describes ONE game frame; NR reprojects by whatever it is handed. When the frame NR blends against is older than one, history lands SHORT by this factor - zero error at rest, growing with speed, and no constant MVecScale can fix it. The scale is multiplied by this per evaluate. IF THIS LINE IS FLAT AT 1 AND THE ARTEFACT IS UNCHANGED, PACING IS ELIMINATED and what remains is units or sign. P4.1's skipped-frame counter predicts about 99.5% at 1, so a materially lower figure here is a desync no counter has shown us.
23:52:48:133 [ 7576] | INFO  | [MGPU Bridge] [MGPU][SEAL] new f=5429 slot=4 gap=1 lat=134.67ms pitch=15360 fmt=28 bytes=33177600 bc=0(unimplemented) OK
23:52:48:420 [ 6692] | INFO  | [MGPU Bridge] [MGPU][P9.1] META SRC mvec lane: 20 candidate(s), 1080 ns/frame over 6134 frames. R72: RANKED AND SORTED BY RTV BINDS - how often each is RENDERED INTO, which is a per-frame usage signal. srvs is kept alongside as the old created over the resource. THIS DOES NOT IDENTIFY MOTION VECTORS - nothing in ReShade says which one they are - it says whether an MVec-shaped resource is visible from a subscriber at all. An empty list with a non-zero examined count is the result that says the NGX hook has to be earned or abandoned. root-descriptor SRV pushes=0 (zero here with a non-zero SRV count above means this engine binds through descriptor TABLES and push_descriptors is blind in it - a fact about the engine, not a fault). | #0 2560x1440 R16G16_FLOAT srvs=1 RTVBINDS=0 (0.00/frame) | #1 2560x1440 R16G16_FLOAT srvs=1 RTVBINDS=0 (0.00/frame) | #2 2560x1440 R16G16_FLOAT srvs=1 RTVBINDS=0 (0.00/frame) | #3 2560x1440 R16G16_FLOAT srvs=2 RTVBINDS=0 (0.00/frame) | #4 2560x1440 R16G16_FLOAT srvs=2 RTVBINDS=0 (0.00/frame) | #5 2560x1440 R16G16_SNORM srvs=1 RTVBINDS=0 (0.00/frame) | #6 1920x1080 R16G16_FLOAT srvs=1 RTVBINDS=0 (0.00/frame) | #7 2560x1440 R16G16_SNORM srvs=1 RTVBINDS=0 (0.00/frame)
23:52:48:420 [ 6692] | INFO  | [MGPU Bridge] [MGPU][R71] MVEC SIZES over ALL 20 candidate(s): 2560x1440 x14 | 1920x1080 x4 | 3840x2160 x2 | || TRANSPORT SOURCE res=0x232d78da520 (0 means not identified yet - it needs a display-extent candidate with render-target binds), handed to the transport 0 times, 0 second-binds-in-a-frame skipped. || EVICTIONS: 21 resources destroyed and removed from the tables (R76 - a resolution change destroys every render target, and a stale entry is a copy from freed memory). RTV BINDS SEEN IN TOTAL: 0. THE RANK ABOVE IS NOW RENDER TARGET BINDS, NOT SRV CREATIONS. R25 ranked by SRVs created, got 6/5/3/3, and called it "a candidate, not an identification" - that flatness was the SIGNAL being wrong, not the game. An SRV creation count is a LIFETIME number; a velocity buffer is RENDERED INTO once per frame, and RTVBINDS is that. THE EXTENT TO MATCH IS THE DISPLAY EXTENT 3840x2160, not the render extent: the game's own DLSS telemetry says ColorExtentHeight=936 with MVExtentWidth=2560 MVExtentHeight=1440, so this title feeds HIGH-RESOLUTION motion vectors. A single candidate marked <-DISPLAY-EXTENT with RTVBINDS close to the frame count is the velocity buffer. RTV BINDS SEEN = 0 with candidates present means THIS EVENT did not see it, and says nothing whatever about the other two. R81 retracted the sentence that used to sit here - it named optical flow and NGX hooking as the routes left, before any
23:52:48:421 [ 6692] | INFO  | [MGPU Bridge] [MGPU][R82] ACQUISITION SIGNALS - three of them, one run. || RTV VIEW TABLE: 51 of 128 entries. THAT IS THE DENOMINATOR R80 COULD NOT SEE - a bind count of zero against an empty table means nothing at all. || OMSetRenderTargets: fired=0 rtvs=0 | matched via OUR TABLE=0 | matched via get_resource_from_view=0 || BeginRenderPass: fired=0 targets=0 matched=0 || Barrier: fired=2220034 resources=5390735 matched=76007, costing 22965 ns/frame || #0 2560x1440 rtv=0 rp=0 bar=5444(0xC0->0x8) | #1 2560x1440 rtv=0 rp=0 bar=5446(0x8->0xC0) | #2 2560x1440 rtv=0 rp=0 bar=1981(0xC0->0x8) | #3 2560x1440 rtv=0 rp=0 bar=5444(0xC0->0x8) | #4 2560x1440 rtv=0 rp=0 bar=5448(0xC0->0x8) | #5 2560x1440 rtv=0 rp=0 bar=36(0xC0->0x40) | || HOW TO READ IT. via TABLE=0 while via get_resource_from_view is non-zero: the table was the whole bug and R76 through R81 were spent on a cache we never needed. BeginRenderPass fired while OMSetRenderTargets did not: this engine uses render passes and we were subscribed to the wrong event. Barrier matched with a per-frame count near the frame count: use THAT permanently - it needs no view, no table and no binding-path assumption, and 0x4->0xC0 (render_target -> shader_resource) is the moment AFTER the pass wrote, which is the correct moment to copy and is one the bind events cannot offer. NOTE THE STALENESS R78 DID NOT STATE: both bind events fire BEFORE the pass runs, so a copy taken there carries the PREVIOUS frame's vectors. All three silent with candidates present is the only reading that makes optical flow or NGX hooking the honest next step. Two of the barriers per frame on the published source are OURS.
23:52:48:462 [ 7576] | INFO  | [MGPU Bridge] [MGPU][T5] present loop alive: frame 5400 thread id 0x1D98
23:52:50:099 [ 7576] | INFO  | [MGPU Bridge] [MGPU][SEAL] new f=5490 slot=5 gap=1 lat=136.76ms pitch=15360 fmt=28 bytes=33177600 bc=0(unimplemented) OK
23:52:51:445 [22864] | INFO  | [MGPU Bridge] [MGPU][P9.1] META SRC mvec lane: 20 candidate(s), 1080 ns/frame over 6228 frames. R72: RANKED AND SORTED BY RTV BINDS - how often each is RENDERED INTO, which is a per-frame usage signal. srvs is kept alongside as the old created over the resource. THIS DOES NOT IDENTIFY MOTION VECTORS - nothing in ReShade says which one they are - it says whether an MVec-shaped resource is visible from a subscriber at all. An empty list with a non-zero examined count is the result that says the NGX hook has to be earned or abandoned. root-descriptor SRV pushes=0 (zero here with a non-zero SRV count above means this engine binds through descriptor TABLES and push_descriptors is blind in it - a fact about the engine, not a fault). | #0 2560x1440 R16G16_FLOAT srvs=1 RTVBINDS=0 (0.00/frame) | #1 2560x1440 R16G16_FLOAT srvs=1 RTVBINDS=0 (0.00/frame) | #2 2560x1440 R16G16_FLOAT srvs=1 RTVBINDS=0 (0.00/frame) | #3 2560x1440 R16G16_FLOAT srvs=2 RTVBINDS=0 (0.00/frame) | #4 2560x1440 R16G16_FLOAT srvs=2 RTVBINDS=0 (0.00/frame) | #5 2560x1440 R16G16_SNORM srvs=1 RTVBINDS=0 (0.00/frame) | #6 1920x1080 R16G16_FLOAT srvs=1 RTVBINDS=0 (0.00/frame) | #7 2560x1440 R16G16_SNORM srvs=1 RTVBINDS=0 (0.00/frame)
23:52:51:445 [22864] | INFO  | [MGPU Bridge] [MGPU][R71] MVEC SIZES over ALL 20 candidate(s): 2560x1440 x14 | 1920x1080 x4 | 3840x2160 x2 | || TRANSPORT SOURCE res=0x232d78da520 (0 means not identified yet - it needs a display-extent candidate with render-target binds), handed to the transport 0 times, 0 second-binds-in-a-frame skipped. || EVICTIONS: 21 resources destroyed and removed from the tables (R76 - a resolution change destroys every render target, and a stale entry is a copy from freed memory). RTV BINDS SEEN IN TOTAL: 0. THE RANK ABOVE IS NOW RENDER TARGET BINDS, NOT SRV CREATIONS. R25 ranked by SRVs created, got 6/5/3/3, and called it "a candidate, not an identification" - that flatness was the SIGNAL being wrong, not the game. An SRV creation count is a LIFETIME number; a velocity buffer is RENDERED INTO once per frame, and RTVBINDS is that. THE EXTENT TO MATCH IS THE DISPLAY EXTENT 3840x2160, not the render extent: the game's own DLSS telemetry says ColorExtentHeight=936 with MVExtentWidth=2560 MVExtentHeight=1440, so this title feeds HIGH-RESOLUTION motion vectors. A single candidate marked <-DISPLAY-EXTENT with RTVBINDS close to the frame count is the velocity buffer. RTV BINDS SEEN = 0 with candidates present means THIS EVENT did not see it, and says nothing whatever about the other two. R81 retracted the sentence that used to sit here - it named optical flow and NGX hooking as the routes left, before any
23:52:51:445 [22864] | INFO  | [MGPU Bridge] [MGPU][R82] ACQUISITION SIGNALS - three of them, one run. || RTV VIEW TABLE: 51 of 128 entries. THAT IS THE DENOMINATOR R80 COULD NOT SEE - a bind count of zero against an empty table means nothing at all. || OMSetRenderTargets: fired=0 rtvs=0 | matched via OUR TABLE=0 | matched via get_resource_from_view=0 || BeginRenderPass: fired=0 targets=0 matched=0 || Barrier: fired=2274316 resources=5524903 matched=77875, costing 23163 ns/frame || #0 2560x1440 rtv=0 rp=0 bar=5632(0xC0->0x8) | #1 2560x1440 rtv=0 rp=0 bar=5634(0x8->0xC0) | #2 2560x1440 rtv=0 rp=0 bar=2063(0xC0->0x8) | #3 2560x1440 rtv=0 rp=0 bar=5632(0xC0->0x8) | #4 2560x1440 rtv=0 rp=0 bar=5636(0xC0->0x8) | #5 2560x1440 rtv=0 rp=0 bar=36(0xC0->0x40) | || HOW TO READ IT. via TABLE=0 while via get_resource_from_view is non-zero: the table was the whole bug and R76 through R81 were spent on a cache we never needed. BeginRenderPass fired while OMSetRenderTargets did not: this engine uses render passes and we were subscribed to the wrong event. Barrier matched with a per-frame count near the frame count: use THAT permanently - it needs no view, no table and no binding-path assumption, and 0x4->0xC0 (render_target -> shader_resource) is the moment AFTER the pass wrote, which is the correct moment to copy and is one the bind events cannot offer. NOTE THE STALENESS R78 DID NOT STATE: both bind events fire BEFORE the pass runs, so a copy taken there carries the PREVIOUS frame's vectors. All three silent with candidates present is the only reading that makes optical flow or NGX hooking the honest next step. Two of the barriers per frame on the published source are OURS.
23:52:52:057 [ 7576] | INFO  | [MGPU Bridge] [MGPU][SEAL] new f=5551 slot=0 gap=1 lat=135.55ms pitch=15360 fmt=28 bytes=33177600 bc=0(unimplemented) OK
23:52:53:668 [28972] | INFO  | [MGPU Bridge] [MGPU][R101] CALIBRATOR mode=2 site=data-scan | slots=57 data-slots=2 modules=174 gpa-calls=247 | resolved=1 creates=1 sr-handle=known | evaluates=4061 captured=4061 | cost 5022 ns/frame | eval-copies=4061 eval-skips=0. || THE GAME'S OWN TABLE: color=0x236fc38a880 depth=0x236fc4a9a30 MVEC=0x23625566fd0 output=0x236fc0060a0 | MVecScale 2560.0000,1440.0000 | jitter -0.4417,-0.1216 | Reset=0 | CreateFlags=0x4b -> DepthInverted=1 MVLowRes=1 MVJittered=0 IsHDR=1 AutoExposure=1 | quality=2 | render 2560x1440 -> display 3840x2160 | dynamic 1920x1080..3840x2160 | subrect 2560x1440 at color(0,0) depth(0,0) MV(0,0) out(0,0) | have=0x1fff. || HOW TO READ IT. resolved=0 with evaluates=0 means no module asked for the entry point after we installed - either the title does not use DLSS, or it resolved before the addon loaded; the barrier path is untouched either way and is still what drives. sr-handle=UNFILTERED means we were not present for CreateFeature, so the table may be from frame generation rather than super sampling - check that render/display extents look like a supersampling pair before trusting it. MVEC here is the GAME'S answer to the question every round from R70 to R100 tried to infer; if it does not equal the handle the barrier probe armed on Dragon Sword, the probe was wrong on a title we believed, and THAT is the finding. have=0 bits name the keys this producer does not populate - Streamline and the raw SDK do not set the same subset, and the difference is a fact about the route, not a bug. MVLowRes IS DEFERRED OPTION 11 ANSWERED: 1 means the game's motion vectors are at RENDER resolution, 0 means display resolution, and we have been inferring that from buffer sizes since R83. Read it together with MVecScale - a low-res field with a display-sized scale is the shape that makes reprojection look almost right.
23:52:53:921 [ 7576] | INFO  | [MGPU Bridge] [MGPU][SEAL] new f=5612 slot=1 gap=1 lat=131.80ms pitch=15360 fmt=28 bytes=33177600 bc=0(unimplemented) OK
23:52:54:471 [26880] | INFO  | [MGPU Bridge] [MGPU][P9.1] META SRC mvec lane: 20 candidate(s), 1085 ns/frame over 6326 frames. R72: RANKED AND SORTED BY RTV BINDS - how often each is RENDERED INTO, which is a per-frame usage signal. srvs is kept alongside as the old created over the resource. THIS DOES NOT IDENTIFY MOTION VECTORS - nothing in ReShade says which one they are - it says whether an MVec-shaped resource is visible from a subscriber at all. An empty list with a non-zero examined count is the result that says the NGX hook has to be earned or abandoned. root-descriptor SRV pushes=0 (zero here with a non-zero SRV count above means this engine binds through descriptor TABLES and push_descriptors is blind in it - a fact about the engine, not a fault). | #0 2560x1440 R16G16_FLOAT srvs=1 RTVBINDS=0 (0.00/frame) | #1 2560x1440 R16G16_FLOAT srvs=1 RTVBINDS=0 (0.00/frame) | #2 2560x1440 R16G16_FLOAT srvs=1 RTVBINDS=0 (0.00/frame) | #3 2560x1440 R16G16_FLOAT srvs=2 RTVBINDS=0 (0.00/frame) | #4 2560x1440 R16G16_FLOAT srvs=2 RTVBINDS=0 (0.00/frame) | #5 2560x1440 R16G16_SNORM srvs=1 RTVBINDS=0 (0.00/frame) | #6 1920x1080 R16G16_FLOAT srvs=1 RTVBINDS=0 (0.00/frame) | #7 2560x1440 R16G16_SNORM srvs=1 RTVBINDS=0 (0.00/frame)
23:52:54:472 [26880] | INFO  | [MGPU Bridge] [MGPU][R71] MVEC SIZES over ALL 20 candidate(s): 2560x1440 x14 | 1920x1080 x4 | 3840x2160 x2 | || TRANSPORT SOURCE res=0x232d78da520 (0 means not identified yet - it needs a display-extent candidate with render-target binds), handed to the transport 0 times, 0 second-binds-in-a-frame skipped. || EVICTIONS: 21 resources destroyed and removed from the tables (R76 - a resolution change destroys every render target, and a stale entry is a copy from freed memory). RTV BINDS SEEN IN TOTAL: 0. THE RANK ABOVE IS NOW RENDER TARGET BINDS, NOT SRV CREATIONS. R25 ranked by SRVs created, got 6/5/3/3, and called it "a candidate, not an identification" - that flatness was the SIGNAL being wrong, not the game. An SRV creation count is a LIFETIME number; a velocity buffer is RENDERED INTO once per frame, and RTVBINDS is that. THE EXTENT TO MATCH IS THE DISPLAY EXTENT 3840x2160, not the render extent: the game's own DLSS telemetry says ColorExtentHeight=936 with MVExtentWidth=2560 MVExtentHeight=1440, so this title feeds HIGH-RESOLUTION motion vectors. A single candidate marked <-DISPLAY-EXTENT with RTVBINDS close to the frame count is the velocity buffer. RTV BINDS SEEN = 0 with candidates present means THIS EVENT did not see it, and says nothing whatever about the other two. R81 retracted the sentence that used to sit here - it named optical flow and NGX hooking as the routes left, before any
23:52:54:472 [26880] | INFO  | [MGPU Bridge] [MGPU][R82] ACQUISITION SIGNALS - three of them, one run. || RTV VIEW TABLE: 51 of 128 entries. THAT IS THE DENOMINATOR R80 COULD NOT SEE - a bind count of zero against an empty table means nothing at all. || OMSetRenderTargets: fired=0 rtvs=0 | matched via OUR TABLE=0 | matched via get_resource_from_view=0 || BeginRenderPass: fired=0 targets=0 matched=0 || Barrier: fired=2330932 resources=5664084 matched=79747, costing 23363 ns/frame || #0 2560x1440 rtv=0 rp=0 bar=5828(0xC0->0x8) | #1 2560x1440 rtv=0 rp=0 bar=5830(0x8->0xC0) | #2 2560x1440 rtv=0 rp=0 bar=2073(0xC0->0x8) | #3 2560x1440 rtv=0 rp=0 bar=5828(0xC0->0x8) | #4 2560x1440 rtv=0 rp=0 bar=5832(0xC0->0x8) | #5 2560x1440 rtv=0 rp=0 bar=36(0xC0->0x40) | || HOW TO READ IT. via TABLE=0 while via get_resource_from_view is non-zero: the table was the whole bug and R76 through R81 were spent on a cache we never needed. BeginRenderPass fired while OMSetRenderTargets did not: this engine uses render passes and we were subscribed to the wrong event. Barrier matched with a per-frame count near the frame count: use THAT permanently - it needs no view, no table and no binding-path assumption, and 0x4->0xC0 (render_target -> shader_resource) is the moment AFTER the pass wrote, which is the correct moment to copy and is one the bind events cannot offer. NOTE THE STALENESS R78 DID NOT STATE: both bind events fire BEFORE the pass runs, so a copy taken there carries the PREVIOUS frame's vectors. All three silent with candidates present is the only reading that makes optical flow or NGX hooking the honest next step. Two of the barriers per frame on the published source are OURS.
23:52:55:809 [ 7576] | INFO  | [MGPU Bridge] [MGPU][SEAL] new f=5673 slot=2 gap=1 lat=137.49ms pitch=15360 fmt=28 bytes=33177600 bc=0(unimplemented) OK
23:52:57:179 [ 7576] | INFO  | [MGPU Bridge] [MGPU][R63] DEPTH TRANSPORT f=5715 mode=1 (TRANSPORTED AND BOUND) | producer: valid=5719 invalid=0 size-rejected=0, arm held 0 frame(s) | consumer: seals seen valid=4554 invalid=0 contract mismatches=0 | region 3840x2160 fmt=41 pitch=15360 bytes=33177600 at slot offset 33178112 of 95846912. INVALID IS NOT AN ERROR: ReShade unbinds depth in menus and scene changes, and R61 established that shipping the zeros it leaves behind would hand the model a false flat plane. An invalid frame carries the colour and says so. WHAT WOULD BE AN ERROR is contract mismatches above zero, or valid staying at zero once you are in gameplay - that means the tap is not feeding us. 100.0% of sealed frames carried depth. | GPU 1: unpacked=4460 bound=4188 skipped=0, DepthInverted=1, flag disagreements=0 (the seal crossed the adapter and the slot flag did not, so any disagreement between them is real). BOUND vs SKIPPED IS THE R61 TEST: skipped counts frames where ReShade had no depth and the model was given NONE rather than the previous frame's - open a menu mid-stream and this must move.
23:52:57:180 [ 7576] | INFO  | [MGPU Bridge] [MGPU][R78] MVEC TRANSPORT f=5715 mode=3 REAL | producer: copies=3918 missing=1801 size-rejected=0 lock-skipped=0, arm held 239 frame(s) | consumer: seals seen valid=3913 invalid=641 contract mismatches=0 flag disagreements=9 | region 2560x1440 fmt=10 pitch=20480 bytes=29491200 at slot offset 66355712 of 95846912 | GPU 1: unpacked=3913 bound=3909 skipped=279, scale=(2560.000, 1440.000). 85.9% of sealed frames carried vectors. COPIES IS THE ONE TO WATCH: it counts frames where the bind hook fired and a copy was recorded. If it stays at zero the probe published a handle nobody binds, and MVec never reaches the model whatever the rest of this line says. SKIPPED IS NOT AN ERROR - it counts frames with no vectors, which is what a menu looks like, and those frames are handed NONE rather than the last frame's motion.
23:52:57:180 [ 7576] | INFO  | [MGPU Bridge] [MGPU][R87] MVEC FRAME ALIGNMENT f=5715 | evaluates=4188 | elapsed 1=3917 2=2 3=2 4=11 5=35 6=58 7=89 8+=74 | worst=9 | 93.53% at 1. A motion vector describes ONE game frame; NR reprojects by whatever it is handed. When the frame NR blends against is older than one, history lands SHORT by this factor - zero error at rest, growing with speed, and no constant MVecScale can fix it. The scale is multiplied by this per evaluate. IF THIS LINE IS FLAT AT 1 AND THE ARTEFACT IS UNCHANGED, PACING IS ELIMINATED and what remains is units or sign. P4.1's skipped-frame counter predicts about 99.5% at 1, so a materially lower figure here is a desync no counter has shown us.
23:52:57:470 [13220] | INFO  | [MGPU Bridge] [MGPU][P9.1] META SRC mvec lane: 20 candidate(s), 1086 ns/frame over 6420 frames. R72: RANKED AND SORTED BY RTV BINDS - how often each is RENDERED INTO, which is a per-frame usage signal. srvs is kept alongside as the old created over the resource. THIS DOES NOT IDENTIFY MOTION VECTORS - nothing in ReShade says which one they are - it says whether an MVec-shaped resource is visible from a subscriber at all. An empty list with a non-zero examined count is the result that says the NGX hook has to be earned or abandoned. root-descriptor SRV pushes=0 (zero here with a non-zero SRV count above means this engine binds through descriptor TABLES and push_descriptors is blind in it - a fact about the engine, not a fault). | #0 2560x1440 R16G16_FLOAT srvs=1 RTVBINDS=0 (0.00/frame) | #1 2560x1440 R16G16_FLOAT srvs=1 RTVBINDS=0 (0.00/frame) | #2 2560x1440 R16G16_FLOAT srvs=1 RTVBINDS=0 (0.00/frame) | #3 2560x1440 R16G16_FLOAT srvs=2 RTVBINDS=0 (0.00/frame) | #4 2560x1440 R16G16_FLOAT srvs=2 RTVBINDS=0 (0.00/frame) | #5 2560x1440 R16G16_SNORM srvs=1 RTVBINDS=0 (0.00/frame) | #6 1920x1080 R16G16_FLOAT srvs=1 RTVBINDS=0 (0.00/frame) | #7 2560x1440 R16G16_SNORM srvs=1 RTVBINDS=0 (0.00/frame)
23:52:57:471 [13220] | INFO  | [MGPU Bridge] [MGPU][R71] MVEC SIZES over ALL 20 candidate(s): 2560x1440 x14 | 1920x1080 x4 | 3840x2160 x2 | || TRANSPORT SOURCE res=0x232d78da520 (0 means not identified yet - it needs a display-extent candidate with render-target binds), handed to the transport 0 times, 0 second-binds-in-a-frame skipped. || EVICTIONS: 21 resources destroyed and removed from the tables (R76 - a resolution change destroys every render target, and a stale entry is a copy from freed memory). RTV BINDS SEEN IN TOTAL: 0. THE RANK ABOVE IS NOW RENDER TARGET BINDS, NOT SRV CREATIONS. R25 ranked by SRVs created, got 6/5/3/3, and called it "a candidate, not an identification" - that flatness was the SIGNAL being wrong, not the game. An SRV creation count is a LIFETIME number; a velocity buffer is RENDERED INTO once per frame, and RTVBINDS is that. THE EXTENT TO MATCH IS THE DISPLAY EXTENT 3840x2160, not the render extent: the game's own DLSS telemetry says ColorExtentHeight=936 with MVExtentWidth=2560 MVExtentHeight=1440, so this title feeds HIGH-RESOLUTION motion vectors. A single candidate marked <-DISPLAY-EXTENT with RTVBINDS close to the frame count is the velocity buffer. RTV BINDS SEEN = 0 with candidates present means THIS EVENT did not see it, and says nothing whatever about the other two. R81 retracted the sentence that used to sit here - it named optical flow and NGX hooking as the routes left, before any
23:52:57:471 [13220] | INFO  | [MGPU Bridge] [MGPU][R82] ACQUISITION SIGNALS - three of them, one run. || RTV VIEW TABLE: 51 of 128 entries. THAT IS THE DENOMINATOR R80 COULD NOT SEE - a bind count of zero against an empty table means nothing at all. || OMSetRenderTargets: fired=0 rtvs=0 | matched via OUR TABLE=0 | matched via get_resource_from_view=0 || BeginRenderPass: fired=0 targets=0 matched=0 || Barrier: fired=2385719 resources=5798764 matched=81721, costing 23554 ns/frame || #0 2560x1440 rtv=0 rp=0 bar=6016(0xC0->0x8) | #1 2560x1440 rtv=0 rp=0 bar=6018(0x8->0xC0) | #2 2560x1440 rtv=0 rp=0 bar=2261(0xC0->0x8) | #3 2560x1440 rtv=0 rp=0 bar=6016(0xC0->0x8) | #4 2560x1440 rtv=0 rp=0 bar=6020(0xC0->0x8) | #5 2560x1440 rtv=0 rp=0 bar=36(0xC0->0x40) | || HOW TO READ IT. via TABLE=0 while via get_resource_from_view is non-zero: the table was the whole bug and R76 through R81 were spent on a cache we never needed. BeginRenderPass fired while OMSetRenderTargets did not: this engine uses render passes and we were subscribed to the wrong event. Barrier matched with a per-frame count near the frame count: use THAT permanently - it needs no view, no table and no binding-path assumption, and 0x4->0xC0 (render_target -> shader_resource) is the moment AFTER the pass wrote, which is the correct moment to copy and is one the bind events cannot offer. NOTE THE STALENESS R78 DID NOT STATE: both bind events fire BEFORE the pass runs, so a copy taken there carries the PREVIOUS frame's vectors. All three silent with candidates present is the only reading that makes optical flow or NGX hooking the honest next step. Two of the barriers per frame on the published source are OURS.
23:52:57:813 [ 7576] | INFO  | [MGPU Bridge] [MGPU][SEAL] new f=5734 slot=3 gap=1 lat=141.23ms pitch=15360 fmt=28 bytes=33177600 bc=0(unimplemented) OK
23:52:59:830 [ 7576] | INFO  | [MGPU Bridge] [MGPU][SEAL] new f=5795 slot=4 gap=1 lat=143.10ms pitch=15360 fmt=28 bytes=33177600 bc=0(unimplemented) OK
23:53:00:500 [18228] | INFO  | [MGPU Bridge] [MGPU][P9.1] META SRC mvec lane: 20 candidate(s), 1087 ns/frame over 6511 frames. R72: RANKED AND SORTED BY RTV BINDS - how often each is RENDERED INTO, which is a per-frame usage signal. srvs is kept alongside as the old created over the resource. THIS DOES NOT IDENTIFY MOTION VECTORS - nothing in ReShade says which one they are - it says whether an MVec-shaped resource is visible from a subscriber at all. An empty list with a non-zero examined count is the result that says the NGX hook has to be earned or abandoned. root-descriptor SRV pushes=0 (zero here with a non-zero SRV count above means this engine binds through descriptor TABLES and push_descriptors is blind in it - a fact about the engine, not a fault). | #0 2560x1440 R16G16_FLOAT srvs=1 RTVBINDS=0 (0.00/frame) | #1 2560x1440 R16G16_FLOAT srvs=1 RTVBINDS=0 (0.00/frame) | #2 2560x1440 R16G16_FLOAT srvs=1 RTVBINDS=0 (0.00/frame) | #3 2560x1440 R16G16_FLOAT srvs=2 RTVBINDS=0 (0.00/frame) | #4 2560x1440 R16G16_FLOAT srvs=2 RTVBINDS=0 (0.00/frame) | #5 2560x1440 R16G16_SNORM srvs=1 RTVBINDS=0 (0.00/frame) | #6 1920x1080 R16G16_FLOAT srvs=1 RTVBINDS=0 (0.00/frame) | #7 2560x1440 R16G16_SNORM srvs=1 RTVBINDS=0 (0.00/frame)
23:53:00:500 [18228] | INFO  | [MGPU Bridge] [MGPU][R71] MVEC SIZES over ALL 20 candidate(s): 2560x1440 x14 | 1920x1080 x4 | 3840x2160 x2 | || TRANSPORT SOURCE res=0x232d78da520 (0 means not identified yet - it needs a display-extent candidate with render-target binds), handed to the transport 0 times, 0 second-binds-in-a-frame skipped. || EVICTIONS: 21 resources destroyed and removed from the tables (R76 - a resolution change destroys every render target, and a stale entry is a copy from freed memory). RTV BINDS SEEN IN TOTAL: 0. THE RANK ABOVE IS NOW RENDER TARGET BINDS, NOT SRV CREATIONS. R25 ranked by SRVs created, got 6/5/3/3, and called it "a candidate, not an identification" - that flatness was the SIGNAL being wrong, not the game. An SRV creation count is a LIFETIME number; a velocity buffer is RENDERED INTO once per frame, and RTVBINDS is that. THE EXTENT TO MATCH IS THE DISPLAY EXTENT 3840x2160, not the render extent: the game's own DLSS telemetry says ColorExtentHeight=936 with MVExtentWidth=2560 MVExtentHeight=1440, so this title feeds HIGH-RESOLUTION motion vectors. A single candidate marked <-DISPLAY-EXTENT with RTVBINDS close to the frame count is the velocity buffer. RTV BINDS SEEN = 0 with candidates present means THIS EVENT did not see it, and says nothing whatever about the other two. R81 retracted the sentence that used to sit here - it named optical flow and NGX hooking as the routes left, before any
23:53:00:500 [18228] | INFO  | [MGPU Bridge] [MGPU][R82] ACQUISITION SIGNALS - three of them, one run. || RTV VIEW TABLE: 51 of 128 entries. THAT IS THE DENOMINATOR R80 COULD NOT SEE - a bind count of zero against an empty table means nothing at all. || OMSetRenderTargets: fired=0 rtvs=0 | matched via OUR TABLE=0 | matched via get_resource_from_view=0 || BeginRenderPass: fired=0 targets=0 matched=0 || Barrier: fired=2439180 resources=5930727 matched=83632, costing 23735 ns/frame || #0 2560x1440 rtv=0 rp=0 bar=6198(0xC0->0x8) | #1 2560x1440 rtv=0 rp=0 bar=6200(0x8->0xC0) | #2 2560x1440 rtv=0 rp=0 bar=2443(0xC0->0x8) | #3 2560x1440 rtv=0 rp=0 bar=6198(0xC0->0x8) | #4 2560x1440 rtv=0 rp=0 bar=6202(0xC0->0x8) | #5 2560x1440 rtv=0 rp=0 bar=36(0xC0->0x40) | || HOW TO READ IT. via TABLE=0 while via get_resource_from_view is non-zero: the table was the whole bug and R76 through R81 were spent on a cache we never needed. BeginRenderPass fired while OMSetRenderTargets did not: this engine uses render passes and we were subscribed to the wrong event. Barrier matched with a per-frame count near the frame count: use THAT permanently - it needs no view, no table and no binding-path assumption, and 0x4->0xC0 (render_target -> shader_resource) is the moment AFTER the pass wrote, which is the correct moment to copy and is one the bind events cannot offer. NOTE THE STALENESS R78 DID NOT STATE: both bind events fire BEFORE the pass runs, so a copy taken there carries the PREVIOUS frame's vectors. All three silent with candidates present is the only reading that makes optical flow or NGX hooking the honest next step. Two of the barriers per frame on the published source are OURS.
23:53:01:856 [ 7576] | INFO  | [MGPU Bridge] [MGPU][SEAL] new f=5856 slot=5 gap=1 lat=139.80ms pitch=15360 fmt=28 bytes=33177600 bc=0(unimplemented) OK
23:53:03:354 [15244] | INFO  | [MGPU Bridge] [MGPU][R101] CALIBRATOR mode=2 site=data-scan | slots=57 data-slots=2 modules=174 gpa-calls=252 | resolved=1 creates=1 sr-handle=known | evaluates=4361 captured=4361 | cost 5221 ns/frame | eval-copies=4361 eval-skips=0. || THE GAME'S OWN TABLE: color=0x236fc38a880 depth=0x236fc4a9a30 MVEC=0x23625566fd0 output=0x236fc0060a0 | MVecScale 2560.0000,1440.0000 | jitter 0.0215,-0.0735 | Reset=0 | CreateFlags=0x4b -> DepthInverted=1 MVLowRes=1 MVJittered=0 IsHDR=1 AutoExposure=1 | quality=2 | render 2560x1440 -> display 3840x2160 | dynamic 1920x1080..3840x2160 | subrect 2560x1440 at color(0,0) depth(0,0) MV(0,0) out(0,0) | have=0x1fff. || HOW TO READ IT. resolved=0 with evaluates=0 means no module asked for the entry point after we installed - either the title does not use DLSS, or it resolved before the addon loaded; the barrier path is untouched either way and is still what drives. sr-handle=UNFILTERED means we were not present for CreateFeature, so the table may be from frame generation rather than super sampling - check that render/display extents look like a supersampling pair before trusting it. MVEC here is the GAME'S answer to the question every round from R70 to R100 tried to infer; if it does not equal the handle the barrier probe armed on Dragon Sword, the probe was wrong on a title we believed, and THAT is the finding. have=0 bits name the keys this producer does not populate - Streamline and the raw SDK do not set the same subset, and the difference is a fact about the route, not a bug. MVLowRes IS DEFERRED OPTION 11 ANSWERED: 1 means the game's motion vectors are at RENDER resolution, 0 means display resolution, and we have been inferring that from buffer sizes since R83. Read it together with MVecScale - a low-res field with a display-sized scale is the shape that makes reprojection look almost right.
23:53:03:526 [ 7964] | INFO  | [MGPU Bridge] [MGPU][P9.1] META SRC mvec lane: 20 candidate(s), 1092 ns/frame over 6606 frames. R72: RANKED AND SORTED BY RTV BINDS - how often each is RENDERED INTO, which is a per-frame usage signal. srvs is kept alongside as the old created over the resource. THIS DOES NOT IDENTIFY MOTION VECTORS - nothing in ReShade says which one they are - it says whether an MVec-shaped resource is visible from a subscriber at all. An empty list with a non-zero examined count is the result that says the NGX hook has to be earned or abandoned. root-descriptor SRV pushes=0 (zero here with a non-zero SRV count above means this engine binds through descriptor TABLES and push_descriptors is blind in it - a fact about the engine, not a fault). | #0 2560x1440 R16G16_FLOAT srvs=1 RTVBINDS=0 (0.00/frame) | #1 2560x1440 R16G16_FLOAT srvs=1 RTVBINDS=0 (0.00/frame) | #2 2560x1440 R16G16_FLOAT srvs=1 RTVBINDS=0 (0.00/frame) | #3 2560x1440 R16G16_FLOAT srvs=2 RTVBINDS=0 (0.00/frame) | #4 2560x1440 R16G16_FLOAT srvs=2 RTVBINDS=0 (0.00/frame) | #5 2560x1440 R16G16_SNORM srvs=1 RTVBINDS=0 (0.00/frame) | #6 1920x1080 R16G16_FLOAT srvs=1 RTVBINDS=0 (0.00/frame) | #7 2560x1440 R16G16_SNORM srvs=1 RTVBINDS=0 (0.00/frame)
23:53:03:527 [ 7964] | INFO  | [MGPU Bridge] [MGPU][R71] MVEC SIZES over ALL 20 candidate(s): 2560x1440 x14 | 1920x1080 x4 | 3840x2160 x2 | || TRANSPORT SOURCE res=0x232d78da520 (0 means not identified yet - it needs a display-extent candidate with render-target binds), handed to the transport 0 times, 0 second-binds-in-a-frame skipped. || EVICTIONS: 21 resources destroyed and removed from the tables (R76 - a resolution change destroys every render target, and a stale entry is a copy from freed memory). RTV BINDS SEEN IN TOTAL: 0. THE RANK ABOVE IS NOW RENDER TARGET BINDS, NOT SRV CREATIONS. R25 ranked by SRVs created, got 6/5/3/3, and called it "a candidate, not an identification" - that flatness was the SIGNAL being wrong, not the game. An SRV creation count is a LIFETIME number; a velocity buffer is RENDERED INTO once per frame, and RTVBINDS is that. THE EXTENT TO MATCH IS THE DISPLAY EXTENT 3840x2160, not the render extent: the game's own DLSS telemetry says ColorExtentHeight=936 with MVExtentWidth=2560 MVExtentHeight=1440, so this title feeds HIGH-RESOLUTION motion vectors. A single candidate marked <-DISPLAY-EXTENT with RTVBINDS close to the frame count is the velocity buffer. RTV BINDS SEEN = 0 with candidates present means THIS EVENT did not see it, and says nothing whatever about the other two. R81 retracted the sentence that used to sit here - it named optical flow and NGX hooking as the routes left, before any
23:53:03:527 [ 7964] | INFO  | [MGPU Bridge] [MGPU][R82] ACQUISITION SIGNALS - three of them, one run. || RTV VIEW TABLE: 51 of 128 entries. THAT IS THE DENOMINATOR R80 COULD NOT SEE - a bind count of zero against an empty table means nothing at all. || OMSetRenderTargets: fired=0 rtvs=0 | matched via OUR TABLE=0 | matched via get_resource_from_view=0 || BeginRenderPass: fired=0 targets=0 matched=0 || Barrier: fired=2495003 resources=6067624 matched=85543, costing 23924 ns/frame || #0 2560x1440 rtv=0 rp=0 bar=6388(0xC0->0x8) | #1 2560x1440 rtv=0 rp=0 bar=6390(0x8->0xC0) | #2 2560x1440 rtv=0 rp=0 bar=2549(0xC0->0x8) | #3 2560x1440 rtv=0 rp=0 bar=6388(0xC0->0x8) | #4 2560x1440 rtv=0 rp=0 bar=6392(0xC0->0x8) | #5 2560x1440 rtv=0 rp=0 bar=36(0xC0->0x40) | || HOW TO READ IT. via TABLE=0 while via get_resource_from_view is non-zero: the table was the whole bug and R76 through R81 were spent on a cache we never needed. BeginRenderPass fired while OMSetRenderTargets did not: this engine uses render passes and we were subscribed to the wrong event. Barrier matched with a per-frame count near the frame count: use THAT permanently - it needs no view, no table and no binding-path assumption, and 0x4->0xC0 (render_target -> shader_resource) is the moment AFTER the pass wrote, which is the correct moment to copy and is one the bind events cannot offer. NOTE THE STALENESS R78 DID NOT STATE: both bind events fire BEFORE the pass runs, so a copy taken there carries the PREVIOUS frame's vectors. All three silent with candidates present is the only reading that makes optical flow or NGX hooking the honest next step. Two of the barriers per frame on the published source are OURS.
23:53:03:738 [ 7576] | INFO  | [MGPU Bridge] [MGPU][SEAL] new f=5917 slot=0 gap=1 lat=124.29ms pitch=15360 fmt=28 bytes=33177600 bc=0(unimplemented) OK
23:53:05:565 [ 7576] | INFO  | [MGPU Bridge] [MGPU][SEAL] new f=5978 slot=1 gap=1 lat=132.90ms pitch=15360 fmt=28 bytes=33177600 bc=0(unimplemented) OK
23:53:06:232 [ 7576] | INFO  | [MGPU Bridge] [MGPU][R89] FINAL COUNTERS at 6000 consumed frames. | DEPTH mode=1 valid=6000 invalid=0 bound=4473 skipped=0 mismatches=0 disagreements=0 | MVEC mode=3 copies=4200 missing=1801 lock-skipped=0 size-rejected=0 bound=4194 skipped=279 mismatches=0 disagreements=9 | ALIGNMENT 1=4202 2=2 3+=269 worst=9. EVERY MISMATCH AND EVERY DISAGREEMENT SHOULD BE 0; lock-skipped above a handful means the consumer is holding its mutex too long; ALIGNMENT well below 100% at 1 means GPU 1 is not keeping up with the frame interval, which is a throughput fact and not a vsync bug.
23:53:06:233 [ 7576] | INFO  | [MGPU Bridge] [MGPU][SEAL] summary: produced=6000 consumed=6000 new=4839 dropped=0 reordered=0 overrun=0 bad_magic=0 contract=0 alias=0 resync=0 fault="none" seal_version=3
23:53:06:233 [ 7576] | INFO  | [MGPU Bridge] [MGPU][SEAL] pacing: polls=14921 idle=10448 busy=4473 -> the consumer ran 3.08x the producer's rate (polls per new frame). slot hits: 0:802 1:802 2:812 3:805 4:807 5:811 - all 6 slots must appear and should be within one of each other.
23:53:06:233 [ 7576] | INFO  | [MGPU Bridge] [MGPU][SEAL] latency ms: min=20.17 mean=119.77 max=1649.51 (at f=2) n=4839 | first sample 1641.20 (arm-to-first-poll, NOT transit); mean excluding it 119.46. SUBMIT-TO-CONSUME only - it excludes the game's render before it and GPU 1's present after it, and it is wall-clock around a CPU-visible completion rather than a GPU timestamp. Perishable: one cabling, one link width.
23:53:06:233 [ 7576] | INFO  | [MGPU Bridge] [MGPU][L1] GPU 0 BACKLOG AT COPY-RECORD TIME, n=6000 mean=2.88 max=3 | frames behind: 0=0 1=59 2=596 3=5345 4=0 5=0 6=0 7+=0. THIS IS WHERE THE SUBMIT-TO-CONSUME LATENCY LIVES, and two explanations have already been ruled out by measurement: ring depth (the consumer idles on three quarters of its polls, so the ring is nearly empty) and the game's queue depth (ReflexMode made no difference, 62.68 -> 64.14 ms). A BACKLOG OF 1 IS THE FLOOR AND IS STRUCTURAL: the signal for frame N is issued on frame N+1's event because ReShade executes our list after the handler returns. Mass at 1 means that fence lag IS the latency and the only lever is where the signal is issued. Mass at 3-4 means GPU 0 is genuinely that far behind. Mass at 0 with the latency unchanged would mean the copy itself is slow, which would be the most interesting answer of the three.
23:53:06:233 [ 7576] | INFO  | [MGPU Bridge] [MGPU][RW] RING WINDOW ended at 2 of 6 slots, skipped 1161 frame(s) to stay inside it | held: 2=38 3=3 4=3 5=3 6=2. ALL SIX SLOTS STAY ALLOCATED - only the usable depth moves, because reallocating mid-stream is how P1.0's teardown crash comes back. Skipped frames are NOT drops and NOT overruns: the consumer chose the newest frame on purpose. Settling at 2 with zero skips means the depth was never needed; growing back to 6 means it was.
23:53:06:233 [ 7576] | WARN  | [MGPU Bridge] [MGPU][L6] THE GAME IS QUEUEING DEEP (backlog 2.5+ frames). That is what a disabled low-latency mode looks like from out here - Reflex, Anti-Lag, or whatever this title calls it. The bridge's own cost is unaffected, but the latency you feel is mostly this, and it is roughly queue depth times frame time. SET Reflex=1 IN mgpu.ini - the bridge sets the driver's low-latency mode on GPU 0 directly, which a title that rewrites its own settings file cannot revert, and which works whether or not the title exposes the option at all. Measured on this rig it took the backlog from 1.88 to 1.01 and cost about 15% of the frame rate. Turning it on in the game's menu does the same thing where that menu exists.
23:53:06:234 [ 7576] | INFO  | [MGPU Bridge] [MGPU][L2] READY-TO-CONSUME ms: min=0.20 mean=24.04 max=1605.70 n=4839. THIS IS THE LATENCY A PLAYER EXPERIENCES. It starts at the first poll that saw the produced fence reach the frame - the earliest instant the data existed and we could have known - rather than at the copy-record timestamp the line above uses. L1 showed GPU 0 is 3 frames behind when we record, because the CPU runs 3 frames ahead and THE FRAME HAS NOT BEEN RENDERED YET at that point. The copy is appended to that frame's own list, so it executes the moment that frame's graphics finish and is not queued behind anything. If this figure is near 10 ms, the 3-frame floor was an artifact of where a timestamp was taken, three proposed fixes were all aimed at nothing, and the GPU 0 copy queue is unnecessary. If it is near 60, that reasoning is wrong.
23:53:06:234 [ 7576] | INFO  | [MGPU Bridge] [MGPU][P4.1] neural stage: UP | passes=1 | evaluates=4473 (=4473 frames x 1 passes) failures=0 | output sample identical to the previous frame 36 times (0.8%) | 366 frames had their NEURAL WORK SKIPPED because a newer frame was already waiting - those are not drops, their seals were checked and they are counted here so the evaluate count and the frame count are not expected to agree. ONE FEATURE HANDLE PER PASS, DLSSNR.Reset=1 on the first frame only, so each pass's temporal history is its OWN output a frame ago rather than the previous pass of this frame. NOTE evaluates COUNTS PASSES, not frames - divide by 1 before comparing it with the frame count above. The identical-rate is NOT a verdict: a static scene produces identical output legitimately, so read it against what was on screen. A rate near 100% with a moving scene is the signal that NR stopped writing.
23:53:06:234 [ 7576] | INFO  | [MGPU Bridge] [MGPU][P6.3] intensity AT THE END of this run: p1=2.00 | 0 hotkey edits during the run. Unchanged from the ini for the whole run, so the summary above describes a single configuration.
23:53:06:234 [ 7576] | INFO  | [MGPU Bridge] [MGPU][P5.1] present gate: presents=5960 idle=10448 fence waits=10448. The bridge presented once per NEW neural frame instead of once per vsync, so the full-frame backbuffer copy and the DWM cross-adapter copy of this window happen at the producer's rate rather than the display's. The idle path blocks on the shared fence, so the consumer's cadence no longer depends on which display GPU 1 is attached to.
23:53:06:234 [ 7576] | INFO  | [MGPU Bridge] [MGPU][P2.2] GPU TIME on GPU 1, per consumed frame, n=4473 | seal copy mean=0.004 | unpack (cross-adapter buffer -> NR input) mean=0.001 min=0.000 max=0.660 | EVALUATE(1 pass) mean=19.071 min=15.519 max=34.664 -> per pass mean=19.071 min=15.519 | output sample mean=0.011 ms. These are GPU 1's own timestamps on GPU 1's own queue - execution, not wall-clock, and no cross-adapter clock is involved. THE EVALUATE BRACKET SPANS EVERY PASS, so the per-pass figure is the one to compare against the reference tool's 14.2 ms evaluateGPU and against earlier single-pass runs; the total is what GPU 1 actually spends. Transport is paid ONCE per frame whatever the pass count is - that asymmetry is the whole point of the run. STILL PERISHABLE: one rig, one link, one resolution, one scene. The on-screen output is enabled in this run. That costs consumer-thread CPU but does NOT inflate these brackets: measured 15.049 mean with the output off against 14.959 with it on, so the min-to-mean spread here is the model's own variance rather than contention from the present.
23:53:06:234 [ 7576] | INFO  | [MGPU Bridge] [MGPU][D5] EVALUATE DISTRIBUTION over the floor (15.519 ms), n=4473 | <5%=13 5-10%=483 10-20%=2378 20-30%=1330 30-40%=1 40-50%=2 50-75%=12 75%+=254. HOW TO READ IT: mass piled at <5% with a thin tail is occasional interference and the floor is the real cost. TWO humps is two code paths or two clock states. A broad even spread is content-dependent work. A run that starts left and ends right is thermal or power, and no code change will touch it. Buckets are percent over the floor, so this reads the same at any subrect and on any card.
23:53:06:234 [ 7576] | INFO  | [MGPU Bridge] [MGPU][D5b] EVALUATE OVER TIME, 4 segments | q1: min=15.733 mean=18.399 max=33.097 n=990 | q2: min=15.519 mean=23.391 max=34.664 n=482 | q3: min=17.395 mean=18.601 max=19.714 n=1500 | q4: min=16.938 mean=18.598 max=20.068 n=1501 | READ THE MIN ACROSS THE QUARTERS FIRST. Content-dependent work does NOT move the floor - the cheapest frame in a scene stays cheap however hard the others get. A floor that CLIMBS is the card: clocks, power or temperature, and no change to this code touches it. A flat floor with a climbing mean is the scene getting harder, which is a fact about where you walked and not about the pipeline. Both flat means the D5 spread above is genuinely content and is the honest description of it.
23:53:06:234 [ 7576] | INFO  | [MGPU Bridge] [MGPU][R26] COPY QUEUE mode 2, n=4473 | unpack on the COPY queue's own clock (1000000000 ticks/s, NOT the direct queue's 1000000000) mean=6.936 min=3.353 max=27.548 ms | armed AHEAD of the previous frame's evaluate: 4473 | armed BEFORE THE FRAME ARRIVED (the GPU gate, mode 2 only): 4473 | fell back to the inline unpack: 0.
23:53:06:234 [ 7576] | INFO  | [MGPU Bridge] [MGPU][R28] THE GPU GATE FIRED on 4473 frames - each armed on the copy queue before it existed and released by the GAME's own fence signal rather than by the bridge thread noticing. Those unpacks ran on the DMA engine while the 3D engine was inside the previous frame's EvaluateFeature, which is the overlap P2.1 named and did not test. THE ACCEPTANCE TEST IS THE COMPARISON, NOT THIS LINE: per-frame GPU 1 time down by roughly the unpack against the CopyQueue=0 control, with overrun, dropped and the identical-rate ALL unmoved. Check OVERRUN first - this mode arms a copy one frame earlier, so a producer that laps the ring has a wider window to rewrite a slot under an armed copy. It is not silent when it happens: the seal is read by the DIRECT queue from the same slot, so a rewritten slot shows up as DROPPED or REORDERED above rather than as a quietly wrong picture.
23:53:06:234 [ 7576] | INFO  | [MGPU Bridge] [MGPU][P4.0] STREAM PASSED - 6000 game frames sealed, transited and checked with no drop, no reorder, no alias and no contract mismatch. Identity, ordering and age hold across a continuous stream, which is the first thing in this project that a one-shot probe could not have shown. NOTE THE SCOPE: pixels are NOT verified per frame (P1.5 established the payload crosses byte-exact) and the barcode is unimplemented, so seal-to-pixel identity is UNCHECKED. A green run here is not evidence until the fault-injection runs in P1_INSTRUMENT section 04 have been seen to trip this same checker.
23:53:06:541 [10956] | INFO  | [MGPU Bridge] [MGPU][P9.1] META SRC mvec lane: 20 candidate(s), 1092 ns/frame over 6703 frames. R72: RANKED AND SORTED BY RTV BINDS - how often each is RENDERED INTO, which is a per-frame usage signal. srvs is kept alongside as the old created over the resource. THIS DOES NOT IDENTIFY MOTION VECTORS - nothing in ReShade says which one they are - it says whether an MVec-shaped resource is visible from a subscriber at all. An empty list with a non-zero examined count is the result that says the NGX hook has to be earned or abandoned. root-descriptor SRV pushes=0 (zero here with a non-zero SRV count above means this engine binds through descriptor TABLES and push_descriptors is blind in it - a fact about the engine, not a fault). | #0 2560x1440 R16G16_FLOAT srvs=1 RTVBINDS=0 (0.00/frame) | #1 2560x1440 R16G16_FLOAT srvs=1 RTVBINDS=0 (0.00/frame) | #2 2560x1440 R16G16_FLOAT srvs=1 RTVBINDS=0 (0.00/frame) | #3 2560x1440 R16G16_FLOAT srvs=2 RTVBINDS=0 (0.00/frame) | #4 2560x1440 R16G16_FLOAT srvs=2 RTVBINDS=0 (0.00/frame) | #5 2560x1440 R16G16_SNORM srvs=1 RTVBINDS=0 (0.00/frame) | #6 1920x1080 R16G16_FLOAT srvs=1 RTVBINDS=0 (0.00/frame) | #7 2560x1440 R16G16_SNORM srvs=1 RTVBINDS=0 (0.00/frame)
23:53:06:541 [10956] | INFO  | [MGPU Bridge] [MGPU][R71] MVEC SIZES over ALL 20 candidate(s): 2560x1440 x14 | 1920x1080 x4 | 3840x2160 x2 | || TRANSPORT SOURCE res=0x232d78da520 (0 means not identified yet - it needs a display-extent candidate with render-target binds), handed to the transport 0 times, 0 second-binds-in-a-frame skipped. || EVICTIONS: 21 resources destroyed and removed from the tables (R76 - a resolution change destroys every render target, and a stale entry is a copy from freed memory). RTV BINDS SEEN IN TOTAL: 0. THE RANK ABOVE IS NOW RENDER TARGET BINDS, NOT SRV CREATIONS. R25 ranked by SRVs created, got 6/5/3/3, and called it "a candidate, not an identification" - that flatness was the SIGNAL being wrong, not the game. An SRV creation count is a LIFETIME number; a velocity buffer is RENDERED INTO once per frame, and RTVBINDS is that. THE EXTENT TO MATCH IS THE DISPLAY EXTENT 3840x2160, not the render extent: the game's own DLSS telemetry says ColorExtentHeight=936 with MVExtentWidth=2560 MVExtentHeight=1440, so this title feeds HIGH-RESOLUTION motion vectors. A single candidate marked <-DISPLAY-EXTENT with RTVBINDS close to the frame count is the velocity buffer. RTV BINDS SEEN = 0 with candidates present means THIS EVENT did not see it, and says nothing whatever about the other two. R81 retracted the sentence that used to sit here - it named optical flow and NGX hooking as the routes left, before any
23:53:06:541 [10956] | INFO  | [MGPU Bridge] [MGPU][R82] ACQUISITION SIGNALS - three of them, one run. || RTV VIEW TABLE: 51 of 128 entries. THAT IS THE DENOMINATOR R80 COULD NOT SEE - a bind count of zero against an empty table means nothing at all. || OMSetRenderTargets: fired=0 rtvs=0 | matched via OUR TABLE=0 | matched via get_resource_from_view=0 || BeginRenderPass: fired=0 targets=0 matched=0 || Barrier: fired=2549436 resources=6201826 matched=87386, costing 24091 ns/frame || #0 2560x1440 rtv=0 rp=0 bar=6582(0xC0->0x8) | #1 2560x1440 rtv=0 rp=0 bar=6584(0x8->0xC0) | #2 2560x1440 rtv=0 rp=0 bar=2549(0xC0->0x8) | #3 2560x1440 rtv=0 rp=0 bar=6582(0xC0->0x8) | #4 2560x1440 rtv=0 rp=0 bar=6586(0xC0->0x8) | #5 2560x1440 rtv=0 rp=0 bar=36(0xC0->0x40) | || HOW TO READ IT. via TABLE=0 while via get_resource_from_view is non-zero: the table was the whole bug and R76 through R81 were spent on a cache we never needed. BeginRenderPass fired while OMSetRenderTargets did not: this engine uses render passes and we were subscribed to the wrong event. Barrier matched with a per-frame count near the frame count: use THAT permanently - it needs no view, no table and no binding-path assumption, and 0x4->0xC0 (render_target -> shader_resource) is the moment AFTER the pass wrote, which is the correct moment to copy and is one the bind events cannot offer. NOTE THE STALENESS R78 DID NOT STATE: both bind events fire BEFORE the pass runs, so a copy taken there carries the PREVIOUS frame's vectors. All three silent with candidates present is the only reading that makes optical flow or NGX hooking the honest next step. Two of the barriers per frame on the published source are OURS.
23:53:06:590 [ 7576] | INFO  | [MGPU Bridge] [MGPU][T5] present loop alive: frame 6000 thread id 0x1D98
23:53:08:183 [25140] | INFO  | [MGPU Bridge] [MGPU][R101] CALIBRATOR mode=2 site=data-scan | slots=57 data-slots=2 modules=174 gpa-calls=252 | resolved=1 creates=1 sr-handle=known | evaluates=4490 captured=4490 | cost 5168 ns/frame | eval-copies=4490 eval-skips=0. || THE GAME'S OWN TABLE: color=0x236fc38a880 depth=0x236fc4a9a30 MVEC=0x23625566fd0 output=0x236fc0060a0 | MVecScale 2560.0000,1440.0000 | jitter 0.4009,0.4170 | Reset=0 | CreateFlags=0x4b -> DepthInverted=1 MVLowRes=1 MVJittered=0 IsHDR=1 AutoExposure=1 | quality=2 | render 2560x1440 -> display 3840x2160 | dynamic 1920x1080..3840x2160 | subrect 2560x1440 at color(0,0) depth(0,0) MV(0,0) out(0,0) | have=0x1fff. || HOW TO READ IT. resolved=0 with evaluates=0 means no module asked for the entry point after we installed - either the title does not use DLSS, or it resolved before the addon loaded; the barrier path is untouched either way and is still what drives. sr-handle=UNFILTERED means we were not present for CreateFeature, so the table may be from frame generation rather than super sampling - check that render/display extents look like a supersampling pair before trusting it. MVEC here is the GAME'S answer to the question every round from R70 to R100 tried to infer; if it does not equal the handle the barrier probe armed on Dragon Sword, the probe was wrong on a title we believed, and THAT is the finding. have=0 bits name the keys this producer does not populate - Streamline and the raw SDK do not set the same subset, and the difference is a fact about the route, not a bug. MVLowRes IS DEFERRED OPTION 11 ANSWERED: 1 means the game's motion vectors are at RENDER resolution, 0 means display resolution, and we have been inferring that from buffer sizes since R83. Read it together with MVecScale - a low-res field with a display-sized scale is the shape that makes reprojection look almost right.
23:53:09:103 [10956] | INFO  | [MGPU Bridge] [MGPU][R101] CALIBRATOR mode=2 site=data-scan | slots=57 data-slots=2 modules=174 gpa-calls=252 | resolved=1 creates=1 sr-handle=known | evaluates=4490 captured=4490 | cost 4953 ns/frame | eval-copies=4490 eval-skips=0. || THE GAME'S OWN TABLE: color=0x236fc38a880 depth=0x236fc4a9a30 MVEC=0x23625566fd0 output=0x236fc0060a0 | MVecScale 2560.0000,1440.0000 | jitter 0.4009,0.4170 | Reset=0 | CreateFlags=0x4b -> DepthInverted=1 MVLowRes=1 MVJittered=0 IsHDR=1 AutoExposure=1 | quality=2 | render 2560x1440 -> display 3840x2160 | dynamic 1920x1080..3840x2160 | subrect 2560x1440 at color(0,0) depth(0,0) MV(0,0) out(0,0) | have=0x1fff. || HOW TO READ IT. resolved=0 with evaluates=0 means no module asked for the entry point after we installed - either the title does not use DLSS, or it resolved before the addon loaded; the barrier path is untouched either way and is still what drives. sr-handle=UNFILTERED means we were not present for CreateFeature, so the table may be from frame generation rather than super sampling - check that render/display extents look like a supersampling pair before trusting it. MVEC here is the GAME'S answer to the question every round from R70 to R100 tried to infer; if it does not equal the handle the barrier probe armed on Dragon Sword, the probe was wrong on a title we believed, and THAT is the finding. have=0 bits name the keys this producer does not populate - Streamline and the raw SDK do not set the same subset, and the difference is a fact about the route, not a bug. MVLowRes IS DEFERRED OPTION 11 ANSWERED: 1 means the game's motion vectors are at RENDER resolution, 0 means display resolution, and we have been inferring that from buffer sizes since R83. Read it together with MVecScale - a low-res field with a display-sized scale is the shape that makes reprojection look almost right.
23:53:09:542 [25140] | INFO  | [MGPU Bridge] [MGPU][P9.1] META SRC mvec lane: 20 candidate(s), 1018 ns/frame over 7336 frames. R72: RANKED AND SORTED BY RTV BINDS - how often each is RENDERED INTO, which is a per-frame usage signal. srvs is kept alongside as the old created over the resource. THIS DOES NOT IDENTIFY MOTION VECTORS - nothing in ReShade says which one they are - it says whether an MVec-shaped resource is visible from a subscriber at all. An empty list with a non-zero examined count is the result that says the NGX hook has to be earned or abandoned. root-descriptor SRV pushes=0 (zero here with a non-zero SRV count above means this engine binds through descriptor TABLES and push_descriptors is blind in it - a fact about the engine, not a fault). | #0 2560x1440 R16G16_FLOAT srvs=1 RTVBINDS=0 (0.00/frame) | #1 2560x1440 R16G16_FLOAT srvs=1 RTVBINDS=0 (0.00/frame) | #2 2560x1440 R16G16_FLOAT srvs=1 RTVBINDS=0 (0.00/frame) | #3 2560x1440 R16G16_FLOAT srvs=2 RTVBINDS=0 (0.00/frame) | #4 2560x1440 R16G16_FLOAT srvs=2 RTVBINDS=0 (0.00/frame) | #5 2560x1440 R16G16_SNORM srvs=1 RTVBINDS=0 (0.00/frame) | #6 1920x1080 R16G16_FLOAT srvs=1 RTVBINDS=0 (0.00/frame) | #7 2560x1440 R16G16_SNORM srvs=1 RTVBINDS=0 (0.00/frame)
23:53:09:543 [25140] | INFO  | [MGPU Bridge] [MGPU][R71] MVEC SIZES over ALL 20 candidate(s): 2560x1440 x14 | 1920x1080 x4 | 3840x2160 x2 | || TRANSPORT SOURCE res=0x232d78da520 (0 means not identified yet - it needs a display-extent candidate with render-target binds), handed to the transport 0 times, 0 second-binds-in-a-frame skipped. || EVICTIONS: 21 resources destroyed and removed from the tables (R76 - a resolution change destroys every render target, and a stale entry is a copy from freed memory). RTV BINDS SEEN IN TOTAL: 0. THE RANK ABOVE IS NOW RENDER TARGET BINDS, NOT SRV CREATIONS. R25 ranked by SRVs created, got 6/5/3/3, and called it "a candidate, not an identification" - that flatness was the SIGNAL being wrong, not the game. An SRV creation count is a LIFETIME number; a velocity buffer is RENDERED INTO once per frame, and RTVBINDS is that. THE EXTENT TO MATCH IS THE DISPLAY EXTENT 3840x2160, not the render extent: the game's own DLSS telemetry says ColorExtentHeight=936 with MVExtentWidth=2560 MVExtentHeight=1440, so this title feeds HIGH-RESOLUTION motion vectors. A single candidate marked <-DISPLAY-EXTENT with RTVBINDS close to the frame count is the velocity buffer. RTV BINDS SEEN = 0 with candidates present means THIS EVENT did not see it, and says nothing whatever about the other two. R81 retracted the sentence that used to sit here - it named optical flow and NGX hooking as the routes left, before any
23:53:09:543 [25140] | INFO  | [MGPU Bridge] [MGPU][R82] ACQUISITION SIGNALS - three of them, one run. || RTV VIEW TABLE: 51 of 128 entries. THAT IS THE DENOMINATOR R80 COULD NOT SEE - a bind count of zero against an empty table means nothing at all. || OMSetRenderTargets: fired=0 rtvs=0 | matched via OUR TABLE=0 | matched via get_resource_from_view=0 || BeginRenderPass: fired=0 targets=0 matched=0 || Barrier: fired=2579747 resources=6285003 matched=87880, costing 22315 ns/frame || #0 2560x1440 rtv=0 rp=0 bar=6634(0xC0->0x8) | #1 2560x1440 rtv=0 rp=0 bar=6636(0x8->0xC0) | #2 2560x1440 rtv=0 rp=0 bar=2549(0xC0->0x8) | #3 2560x1440 rtv=0 rp=0 bar=6634(0xC0->0x8) | #4 2560x1440 rtv=0 rp=0 bar=6638(0xC0->0x8) | #5 2560x1440 rtv=0 rp=0 bar=36(0xC0->0x40) | || HOW TO READ IT. via TABLE=0 while via get_resource_from_view is non-zero: the table was the whole bug and R76 through R81 were spent on a cache we never needed. BeginRenderPass fired while OMSetRenderTargets did not: this engine uses render passes and we were subscribed to the wrong event. Barrier matched with a per-frame count near the frame count: use THAT permanently - it needs no view, no table and no binding-path assumption, and 0x4->0xC0 (render_target -> shader_resource) is the moment AFTER the pass wrote, which is the correct moment to copy and is one the bind events cannot offer. NOTE THE STALENESS R78 DID NOT STATE: both bind events fire BEFORE the pass runs, so a copy taken there carries the PREVIOUS frame's vectors. All three silent with candidates present is the only reading that makes optical flow or NGX hooking the honest next step. Two of the barriers per frame on the published source are OURS.
23:53:10:075 [ 9268] | INFO  | [MGPU Bridge] [MGPU][R101] CALIBRATOR mode=2 site=data-scan | slots=57 data-slots=2 modules=174 gpa-calls=252 | resolved=1 creates=1 sr-handle=known | evaluates=4490 captured=4490 | cost 4754 ns/frame | eval-copies=4490 eval-skips=0. || THE GAME'S OWN TABLE: color=0x236fc38a880 depth=0x236fc4a9a30 MVEC=0x23625566fd0 output=0x236fc0060a0 | MVecScale 2560.0000,1440.0000 | jitter 0.4009,0.4170 | Reset=0 | CreateFlags=0x4b -> DepthInverted=1 MVLowRes=1 MVJittered=0 IsHDR=1 AutoExposure=1 | quality=2 | render 2560x1440 -> display 3840x2160 | dynamic 1920x1080..3840x2160 | subrect 2560x1440 at color(0,0) depth(0,0) MV(0,0) out(0,0) | have=0x1fff. || HOW TO READ IT. resolved=0 with evaluates=0 means no module asked for the entry point after we installed - either the title does not use DLSS, or it resolved before the addon loaded; the barrier path is untouched either way and is still what drives. sr-handle=UNFILTERED means we were not present for CreateFeature, so the table may be from frame generation rather than super sampling - check that render/display extents look like a supersampling pair before trusting it. MVEC here is the GAME'S answer to the question every round from R70 to R100 tried to infer; if it does not equal the handle the barrier probe armed on Dragon Sword, the probe was wrong on a title we believed, and THAT is the finding. have=0 bits name the keys this producer does not populate - Streamline and the raw SDK do not set the same subset, and the difference is a fact about the route, not a bug. MVLowRes IS DEFERRED OPTION 11 ANSWERED: 1 means the game's motion vectors are at RENDER resolution, 0 means display resolution, and we have been inferring that from buffer sizes since R83. Read it together with MVecScale - a low-res field with a display-sized scale is the shape that makes reprojection look almost right.
23:53:10:658 [ 7576] | INFO  | [MGPU Bridge] [MGPU][T5] present loop alive: frame 6600 thread id 0x1D98
23:53:10:846 [27364] | INFO  | Redirecting IDXGISwapChain::SetFullscreenState(this = 00000232BC93FD50, Fullscreen = FALSE, pTarget = 0000000000000000) ...
23:53:12:293 [27364] | INFO  | Destroyed runtime environment on runtime 00000232BC941D10 ('C:\Games\Cyberpunk 2077\bin\x64\ReShade.ini').
23:53:13:213 [27364] | INFO  | [MGPU Bridge] [MGPU][R101] CALIBRATOR REMOVED. Import slots restored.
23:53:13:215 [27364] | INFO  | Unregistered add-on "MGPU Bridge".
23:53:13:237 [27364] | INFO  | Exiting ...
23:53:13:237 [27364] | INFO  | Uninstalling 38 hook(s) ...
23:53:14:266 [27364] | INFO  | Finished exiting.
