23:47:16:794 [15812] | INFO  | Initializing crosire's ReShade version '6.8.0.2155' (64-bit) loaded from 'C:\Games\DragonSword - Awakening\DS\Binaries\Win64\dxgi.dll' into 'C:\Games\DragonSword - Awakening\DS\Binaries\Win64\DSClient-Win64-Shipping.exe' (0x2463D44B) ...
23:47:16:794 [15812] | INFO  | Registering hooks for 'user32.dll' ...
23:47:16:794 [15812] | INFO  | > Libraries loaded.
23:47:16:794 [15812] | INFO  | > Found 21 match(es). Installing ...
23:47:16:817 [15812] | INFO  | Registering hooks for 'C:\WINDOWS\system32\dinput.dll' ...
23:47:16:818 [15812] | INFO  | > Delayed.
23:47:16:818 [15812] | INFO  | Registering hooks for 'C:\WINDOWS\system32\dinput8.dll' ...
23:47:16:819 [15812] | INFO  | > Delayed.
23:47:16:819 [15812] | INFO  | Registering hooks for 'C:\WINDOWS\system32\d2d1.dll' ...
23:47:16:819 [15812] | INFO  | > Delayed.
23:47:16:819 [15812] | INFO  | Registering hooks for 'C:\WINDOWS\system32\d3d9.dll' ...
23:47:16:819 [15812] | INFO  | > Delayed.
23:47:16:819 [15812] | INFO  | Registering hooks for 'C:\WINDOWS\system32\d3d10.dll' ...
23:47:16:819 [15812] | INFO  | > Delayed.
23:47:16:819 [15812] | INFO  | Registering hooks for 'C:\WINDOWS\system32\d3d10_1.dll' ...
23:47:16:819 [15812] | INFO  | > Delayed.
23:47:16:820 [15812] | INFO  | Registering hooks for 'C:\WINDOWS\system32\d3d11.dll' ...
23:47:16:820 [15812] | INFO  | > Delayed.
23:47:16:820 [15812] | INFO  | Registering hooks for 'C:\WINDOWS\system32\d3d12.dll' ...
23:47:16:820 [15812] | INFO  | > Delayed.
23:47:16:820 [15812] | INFO  | Registering hooks for 'C:\WINDOWS\system32\dxgi.dll' ...
23:47:16:820 [15812] | INFO  | > Delayed until first call to an exported function.
23:47:16:820 [15812] | INFO  | Registering hooks for 'openvr_api.dll' ...
23:47:16:820 [15812] | INFO  | > Delayed.
23:47:16:820 [15812] | INFO  | Initialized.
23:47:17:096 [15812] | INFO  | Redirecting CreateDXGIFactory1(riid = {1BC6EA02-EF36-464F-BF0C-21CA39E5168A}, ppFactory = 000000F45257D858) ...
23:47:17:097 [15812] | INFO  | Installing export hooks for 'C:\WINDOWS\system32\dxgi.dll' ...
23:47:17:097 [15812] | INFO  | > Found 5 match(es). Installing ...
23:47:17:106 [15812] | INFO  | Installing delayed hooks for 'C:\WINDOWS\system32\d3d12.dll' (Just loaded via LoadLibrary('C:\WINDOWS\SYSTEM32\d3d12.dll')) ...
23:47:17:106 [15812] | INFO  | > Found 8 match(es). Installing ...
23:47:17:131 [15812] | INFO  | Redirecting D3D12CreateDevice(pAdapter = 000002411C368EC0, MinimumFeatureLevel = b000, riid = {189819F1-1DB6-4B57-BE54-1821339B85F7}, ppDevice = 000000F45257D718) ...
23:47:17:131 [15812] | INFO  | Searching for add-ons (*.addon, *.addon64) in 'C:\Games\DragonSword - Awakening\DS\Binaries\Win64' ...
23:47:17:132 [15812] | INFO  | Loading add-on from 'C:\Games\DragonSword - Awakening\DS\Binaries\Win64\nvngx.dll_mgpu_bridge.addon64' ...
23:47:17:132 [15812] | INFO  | Registered add-on "MGPU Bridge" v0.0.0.0 using ReShade API version 20.
23:47:17:132 [15812] | INFO  | [MGPU Bridge] [MGPU][T1] MGPU Bridge add-on registered - stock ReShade, add-on API version 20
23:47:17:132 [15812] | INFO  | [MGPU Bridge] [MGPU][P6.4] overlay panel registered - open the ReShade overlay (Home) over the BRIDGE window to get passes, the neural on/off and the intensity sliders. The CTRL+ALT+F8/F9/F11 hotkeys still work and drive the same values.
23:47:17:135 [15812] | INFO  | Redirecting CreateDXGIFactory2(Flags = 0x80000000, riid = {1BC6EA02-EF36-464F-BF0C-21CA39E5168A}, ppFactory = 000000F45257D0B8) ...
23:47:17:673 [15812] | INFO  | [MGPU Bridge] [MGPU][T2] init_device luid=0x00000000-0x00013FE8 captured as PROVISIONAL game luid (init_device is not trusted - a UE5 probe device is not the game's renderer; the swapchain-derived luid overrides it)
23:47:17:673 [15812] | INFO  | Redirecting CreateDXGIFactory2(Flags = 0, riid = {1BC6EA02-EF36-464F-BF0C-21CA39E5168A}, ppFactory = 000000F45257CFF8) ...
23:47:17:674 [15812] | INFO  | [MGPU Bridge] [MGPU][T2] adapter[0] luid=0x00000000-0x00013FE8 flags=0x0 vendor=0x10DE device=0x2D04 dedicated_vram=16050MB outputs=2 desc="NVIDIA GeForce RTX 5060 Ti"
23:47:17:674 [15812] | INFO  | [MGPU Bridge] [MGPU][T2] adapter[0] vmem(local) budget=15282MB current_usage=10MB avail_reservation=7769MB current_reservation=0MB (diagnostic only - this process's usage on this adapter)
23:47:17:674 [15812] | INFO  | [MGPU Bridge] [MGPU][T2] adapter[1] luid=0x00000000-0x00015621 flags=0x0 vendor=0x10DE device=0x2D04 dedicated_vram=16050MB outputs=0 desc="NVIDIA GeForce RTX 5060 Ti"
23:47:17:674 [15812] | INFO  | [MGPU Bridge] [MGPU][T2] adapter[1] vmem(local) budget=15282MB current_usage=0MB avail_reservation=7769MB current_reservation=0MB (diagnostic only - this process's usage on this adapter)
23:47:17:674 [15812] | INFO  | [MGPU Bridge] [MGPU][T2] adapter[2] luid=0x00000000-0x000155EE flags=0x2 vendor=0x1414 device=0x008C dedicated_vram=0MB outputs=0 desc="Microsoft Basic Render Driver"
23:47:17:674 [15812] | INFO  | [MGPU Bridge] [MGPU][T2] adapter[2] vmem(local) budget=15114MB current_usage=0MB avail_reservation=7685MB current_reservation=0MB (diagnostic only - this process's usage on this adapter)
23:47:17:675 [15812] | INFO  | [MGPU Bridge] [MGPU][T3] destroy_device luid=0x00000000-0x00013FE8
23:47:17:675 [15812] | INFO  | [MGPU Bridge] [MGPU][T3] game device released - signaling bridge thread teardown (final log lines are best effort)
23:47:17:675 [15812] | INFO  | Unloading add-on "MGPU Bridge" ...
23:47:17:675 [15812] | INFO  | [MGPU Bridge] [MGPU][T3] FreeLibrary unload - closing the NGX session from DllMain, because ReShade does not always raise destroy_device and an unclosed session poisons the next launch.
23:47:17:675 [15812] | INFO  | [MGPU Bridge] [MGPU][P9.1] PROBE CODE IS PRESENT IN THIS BUILD, probe P14.2 (R98: a UNIFORM FRACTION of the scene, and the largest one wins); MetaProbe = off. This line is printed even when the answer is off, so that a log with no other P9.1 line means the probe was OFF rather than ABSENT - those were indistinguishable once and cost a run. The key is MetaProbe, NOT Probes: Probes is the older P1.3 one-shot probe chain and reads only the literal 1. OFF MEANS UNREGISTERED, not a callback that returns early: with the probe off ReShade installs no interception on our account and the add-on is byte-identical to a build without this file. The depth lane subscribes to OMSetRenderTargets and ClearDepthStencilVie
23:47:17:675 [15812] | INFO  | Unregistered add-on "MGPU Bridge".
23:47:17:722 [15812] | INFO  | Redirecting D3D12CreateDevice(pAdapter = 0000024113F64B90, MinimumFeatureLevel = b000, riid = {189819F1-1DB6-4B57-BE54-1821339B85F7}, ppDevice = 000000F45257D718) ...
23:47:17:723 [15812] | INFO  | Searching for add-ons (*.addon, *.addon64) in 'C:\Games\DragonSword - Awakening\DS\Binaries\Win64' ...
23:47:17:723 [15812] | INFO  | Loading add-on from 'C:\Games\DragonSword - Awakening\DS\Binaries\Win64\nvngx.dll_mgpu_bridge.addon64' ...
23:47:17:723 [15812] | INFO  | Registered add-on "MGPU Bridge" v0.0.0.0 using ReShade API version 20.
23:47:17:723 [15812] | INFO  | [MGPU Bridge] [MGPU][T1] MGPU Bridge add-on registered - stock ReShade, add-on API version 20
23:47:17:724 [15812] | INFO  | [MGPU Bridge] [MGPU][P6.4] overlay panel registered - open the ReShade overlay (Home) over the BRIDGE window to get passes, the neural on/off and the intensity sliders. The CTRL+ALT+F8/F9/F11 hotkeys still work and drive the same values.
23:47:17:725 [15812] | INFO  | Redirecting CreateDXGIFactory2(Flags = 0x80000000, riid = {1BC6EA02-EF36-464F-BF0C-21CA39E5168A}, ppFactory = 000000F45257D0B8) ...
23:47:17:992 [15812] | INFO  | [MGPU Bridge] [MGPU][T2] init_device luid=0x00000000-0x00015621 captured as PROVISIONAL game luid (init_device is not trusted - a UE5 probe device is not the game's renderer; the swapchain-derived luid overrides it)
23:47:17:992 [15812] | INFO  | Redirecting CreateDXGIFactory2(Flags = 0, riid = {1BC6EA02-EF36-464F-BF0C-21CA39E5168A}, ppFactory = 000000F45257CFF8) ...
23:47:17:992 [15812] | INFO  | [MGPU Bridge] [MGPU][T2] adapter[0] luid=0x00000000-0x00013FE8 flags=0x0 vendor=0x10DE device=0x2D04 dedicated_vram=16050MB outputs=2 desc="NVIDIA GeForce RTX 5060 Ti"
23:47:17:992 [15812] | INFO  | [MGPU Bridge] [MGPU][T2] adapter[0] vmem(local) budget=15282MB current_usage=0MB avail_reservation=7769MB current_reservation=0MB (diagnostic only - this process's usage on this adapter)
23:47:17:992 [15812] | INFO  | [MGPU Bridge] [MGPU][T2] adapter[1] luid=0x00000000-0x00015621 flags=0x0 vendor=0x10DE device=0x2D04 dedicated_vram=16050MB outputs=0 desc="NVIDIA GeForce RTX 5060 Ti"
23:47:17:992 [15812] | INFO  | [MGPU Bridge] [MGPU][T2] adapter[1] vmem(local) budget=15282MB current_usage=10MB avail_reservation=7769MB current_reservation=0MB (diagnostic only - this process's usage on this adapter)
23:47:17:992 [15812] | INFO  | [MGPU Bridge] [MGPU][T2] adapter[2] luid=0x00000000-0x000155EE flags=0x2 vendor=0x1414 device=0x008C dedicated_vram=0MB outputs=0 desc="Microsoft Basic Render Driver"
23:47:17:992 [15812] | INFO  | [MGPU Bridge] [MGPU][T2] adapter[2] vmem(local) budget=15114MB current_usage=0MB avail_reservation=7685MB current_reservation=0MB (diagnostic only - this process's usage on this adapter)
23:47:17:992 [15812] | INFO  | [MGPU Bridge] [MGPU][T3] destroy_device luid=0x00000000-0x00015621
23:47:17:993 [15812] | INFO  | [MGPU Bridge] [MGPU][T3] game device released - signaling bridge thread teardown (final log lines are best effort)
23:47:17:993 [15812] | INFO  | Unloading add-on "MGPU Bridge" ...
23:47:17:993 [15812] | INFO  | [MGPU Bridge] [MGPU][T3] FreeLibrary unload - closing the NGX session from DllMain, because ReShade does not always raise destroy_device and an unclosed session poisons the next launch.
23:47:17:993 [15812] | INFO  | [MGPU Bridge] [MGPU][P9.1] PROBE CODE IS PRESENT IN THIS BUILD, probe P14.2 (R98: a UNIFORM FRACTION of the scene, and the largest one wins); MetaProbe = off. This line is printed even when the answer is off, so that a log with no other P9.1 line means the probe was OFF rather than ABSENT - those were indistinguishable once and cost a run. The key is MetaProbe, NOT Probes: Probes is the older P1.3 one-shot probe chain and reads only the literal 1. OFF MEANS UNREGISTERED, not a callback that returns early: with the probe off ReShade installs no interception on our account and the add-on is byte-identical to a build without this file. The depth lane subscribes to OMSetRenderTargets and ClearDepthStencilVie
23:47:17:993 [15812] | INFO  | Unregistered add-on "MGPU Bridge".
23:47:18:040 [15812] | INFO  | Redirecting D3D12CreateDevice(pAdapter = 0000024113F646B0, MinimumFeatureLevel = b000, riid = {189819F1-1DB6-4B57-BE54-1821339B85F7}, ppDevice = 000000F45257D718) ...
23:47:18:041 [15812] | INFO  | Searching for add-ons (*.addon, *.addon64) in 'C:\Games\DragonSword - Awakening\DS\Binaries\Win64' ...
23:47:18:041 [15812] | INFO  | Loading add-on from 'C:\Games\DragonSword - Awakening\DS\Binaries\Win64\nvngx.dll_mgpu_bridge.addon64' ...
23:47:18:041 [15812] | INFO  | Registered add-on "MGPU Bridge" v0.0.0.0 using ReShade API version 20.
23:47:18:041 [15812] | INFO  | [MGPU Bridge] [MGPU][T1] MGPU Bridge add-on registered - stock ReShade, add-on API version 20
23:47:18:041 [15812] | INFO  | [MGPU Bridge] [MGPU][P6.4] overlay panel registered - open the ReShade overlay (Home) over the BRIDGE window to get passes, the neural on/off and the intensity sliders. The CTRL+ALT+F8/F9/F11 hotkeys still work and drive the same values.
23:47:18:042 [15812] | INFO  | Redirecting CreateDXGIFactory2(Flags = 0x80000000, riid = {1BC6EA02-EF36-464F-BF0C-21CA39E5168A}, ppFactory = 000000F45257D0B8) ...
23:47:18:051 [15812] | INFO  | [MGPU Bridge] [MGPU][T2] init_device luid=0x00000000-0x000155EE captured as PROVISIONAL game luid (init_device is not trusted - a UE5 probe device is not the game's renderer; the swapchain-derived luid overrides it)
23:47:18:051 [15812] | INFO  | Redirecting CreateDXGIFactory2(Flags = 0, riid = {1BC6EA02-EF36-464F-BF0C-21CA39E5168A}, ppFactory = 000000F45257CFF8) ...
23:47:18:051 [15812] | INFO  | [MGPU Bridge] [MGPU][T2] adapter[0] luid=0x00000000-0x00013FE8 flags=0x0 vendor=0x10DE device=0x2D04 dedicated_vram=16050MB outputs=2 desc="NVIDIA GeForce RTX 5060 Ti"
23:47:18:051 [15812] | INFO  | [MGPU Bridge] [MGPU][T2] adapter[0] vmem(local) budget=15282MB current_usage=0MB avail_reservation=7769MB current_reservation=0MB (diagnostic only - this process's usage on this adapter)
23:47:18:052 [15812] | INFO  | [MGPU Bridge] [MGPU][T2] adapter[1] luid=0x00000000-0x00015621 flags=0x0 vendor=0x10DE device=0x2D04 dedicated_vram=16050MB outputs=0 desc="NVIDIA GeForce RTX 5060 Ti"
23:47:18:052 [15812] | INFO  | [MGPU Bridge] [MGPU][T2] adapter[1] vmem(local) budget=15282MB current_usage=0MB avail_reservation=7769MB current_reservation=0MB (diagnostic only - this process's usage on this adapter)
23:47:18:052 [15812] | INFO  | [MGPU Bridge] [MGPU][T2] adapter[2] luid=0x00000000-0x000155EE flags=0x2 vendor=0x1414 device=0x008C dedicated_vram=0MB outputs=0 desc="Microsoft Basic Render Driver"
23:47:18:052 [15812] | INFO  | [MGPU Bridge] [MGPU][T2] adapter[2] vmem(local) budget=15114MB current_usage=0MB avail_reservation=7685MB current_reservation=0MB (diagnostic only - this process's usage on this adapter)
23:47:18:052 [15812] | INFO  | [MGPU Bridge] [MGPU][T3] destroy_device luid=0x00000000-0x000155EE
23:47:18:052 [15812] | INFO  | [MGPU Bridge] [MGPU][T3] game device released - signaling bridge thread teardown (final log lines are best effort)
23:47:18:052 [15812] | INFO  | Unloading add-on "MGPU Bridge" ...
23:47:18:052 [15812] | INFO  | [MGPU Bridge] [MGPU][T3] FreeLibrary unload - closing the NGX session from DllMain, because ReShade does not always raise destroy_device and an unclosed session poisons the next launch.
23:47:18:052 [15812] | INFO  | [MGPU Bridge] [MGPU][P9.1] PROBE CODE IS PRESENT IN THIS BUILD, probe P14.2 (R98: a UNIFORM FRACTION of the scene, and the largest one wins); MetaProbe = off. This line is printed even when the answer is off, so that a log with no other P9.1 line means the probe was OFF rather than ABSENT - those were indistinguishable once and cost a run. The key is MetaProbe, NOT Probes: Probes is the older P1.3 one-shot probe chain and reads only the literal 1. OFF MEANS UNREGISTERED, not a callback that returns early: with the probe off ReShade installs no interception on our account and the add-on is byte-identical to a build without this file. The depth lane subscribes to OMSetRenderTargets and ClearDepthStencilVie
23:47:18:052 [15812] | INFO  | Unregistered add-on "MGPU Bridge".
23:47:18:191 [15812] | INFO  | Redirecting RegisterClassW(lpWndClass = 000000F45257ED50 { "UnrealWindow", style = 0x8 }) ...
23:47:18:191 [15812] | INFO  | > Adding 'CS_OWNDC' window class style flag to "UnrealWindow".
23:47:18:300 [15812] | INFO  | Redirecting CreateDXGIFactory2(Flags = 0, riid = {50C83A1C-E072-4C48-87B0-3630FA36A6D0}, ppFactory = 00000241129A1330) ...
23:47:18:301 [15812] | INFO  | Redirecting D3D12CreateDevice(pAdapter = 0000024113E48CC0, MinimumFeatureLevel = c200, riid = {189819F1-1DB6-4B57-BE54-1821339B85F7}, ppDevice = 00000241129A12C8) ...
23:47:18:301 [15812] | INFO  | Searching for add-ons (*.addon, *.addon64) in 'C:\Games\DragonSword - Awakening\DS\Binaries\Win64' ...
23:47:18:301 [15812] | INFO  | Loading add-on from 'C:\Games\DragonSword - Awakening\DS\Binaries\Win64\nvngx.dll_mgpu_bridge.addon64' ...
23:47:18:302 [15812] | INFO  | Registered add-on "MGPU Bridge" v0.0.0.0 using ReShade API version 20.
23:47:18:302 [15812] | INFO  | [MGPU Bridge] [MGPU][T1] MGPU Bridge add-on registered - stock ReShade, add-on API version 20
23:47:18:302 [15812] | INFO  | [MGPU Bridge] [MGPU][P6.4] overlay panel registered - open the ReShade overlay (Home) over the BRIDGE window to get passes, the neural on/off and the intensity sliders. The CTRL+ALT+F8/F9/F11 hotkeys still work and drive the same values.
23:47:18:302 [15812] | INFO  | Redirecting CreateDXGIFactory2(Flags = 0x80000000, riid = {1BC6EA02-EF36-464F-BF0C-21CA39E5168A}, ppFactory = 000000F45257E018) ...
23:47:18:542 [15812] | INFO  | [MGPU Bridge] [MGPU][T2] init_device luid=0x00000000-0x00013FE8 captured as PROVISIONAL game luid (init_device is not trusted - a UE5 probe device is not the game's renderer; the swapchain-derived luid overrides it)
23:47:18:542 [15812] | INFO  | Redirecting CreateDXGIFactory2(Flags = 0, riid = {1BC6EA02-EF36-464F-BF0C-21CA39E5168A}, ppFactory = 000000F45257DF58) ...
23:47:18:542 [15812] | INFO  | [MGPU Bridge] [MGPU][T2] adapter[0] luid=0x00000000-0x00013FE8 flags=0x0 vendor=0x10DE device=0x2D04 dedicated_vram=16050MB outputs=2 desc="NVIDIA GeForce RTX 5060 Ti"
23:47:18:542 [15812] | INFO  | [MGPU Bridge] [MGPU][T2] adapter[0] vmem(local) budget=15282MB current_usage=10MB avail_reservation=7769MB current_reservation=0MB (diagnostic only - this process's usage on this adapter)
23:47:18:543 [15812] | INFO  | [MGPU Bridge] [MGPU][T2] adapter[1] luid=0x00000000-0x00015621 flags=0x0 vendor=0x10DE device=0x2D04 dedicated_vram=16050MB outputs=0 desc="NVIDIA GeForce RTX 5060 Ti"
23:47:18:543 [15812] | INFO  | [MGPU Bridge] [MGPU][T2] adapter[1] vmem(local) budget=15282MB current_usage=0MB avail_reservation=7769MB current_reservation=0MB (diagnostic only - this process's usage on this adapter)
23:47:18:543 [15812] | INFO  | [MGPU Bridge] [MGPU][T2] adapter[2] luid=0x00000000-0x000155EE flags=0x2 vendor=0x1414 device=0x008C dedicated_vram=0MB outputs=0 desc="Microsoft Basic Render Driver"
23:47:18:543 [15812] | INFO  | [MGPU Bridge] [MGPU][T2] adapter[2] vmem(local) budget=15114MB current_usage=0MB avail_reservation=7685MB current_reservation=0MB (diagnostic only - this process's usage on this adapter)
23:47:18:544 [15812] | INFO  | Redirecting ID3D12Device::CreateCommandQueue(this = 000002411C3FCEC0, pDesc = 000000F45257E818, riid = {0EC870A6-5D7E-4C22-8CFC-5BAAE07616ED}, ppCommandQueue = 000002411BD00BB0) ...
23:47:18:544 [15812] | INFO  | > Dumping command queue description:
23:47:18:544 [15812] | INFO  |   +-----------------------------------------+-----------------------------------------+
23:47:18:544 [15812] | INFO  |   | Parameter                               | Value                                   |
23:47:18:544 [15812] | INFO  |   +-----------------------------------------+-----------------------------------------+
23:47:18:544 [15812] | INFO  |   | Type                                    | 0                                       |
23:47:18:544 [15812] | INFO  |   | Priority                                | 0                                       |
23:47:18:544 [15812] | INFO  |   | Flags                                   | 0                                       |
23:47:18:544 [15812] | INFO  |   | NodeMask                                | 1                                       |
23:47:18:544 [15812] | INFO  |   +-----------------------------------------+-----------------------------------------+
23:47:18:568 [15812] | INFO  | Redirecting ID3D12Device::CreateCommandQueue(this = 000002411C3FCEC0, pDesc = 000000F45257E818, riid = {0EC870A6-5D7E-4C22-8CFC-5BAAE07616ED}, ppCommandQueue = 000002411BD00EB0) ...
23:47:18:569 [15812] | INFO  | > Dumping command queue description:
23:47:18:569 [15812] | INFO  |   +-----------------------------------------+-----------------------------------------+
23:47:18:569 [15812] | INFO  |   | Parameter                               | Value                                   |
23:47:18:569 [15812] | INFO  |   +-----------------------------------------+-----------------------------------------+
23:47:18:569 [15812] | INFO  |   | Type                                    | 3                                       |
23:47:18:569 [15812] | INFO  |   | Priority                                | 0                                       |
23:47:18:569 [15812] | INFO  |   | Flags                                   | 0                                       |
23:47:18:569 [15812] | INFO  |   | NodeMask                                | 1                                       |
23:47:18:569 [15812] | INFO  |   +-----------------------------------------+-----------------------------------------+
23:47:18:575 [15812] | INFO  | Redirecting ID3D12Device::CreateCommandQueue(this = 000002411C3FCEC0, pDesc = 000000F45257E818, riid = {0EC870A6-5D7E-4C22-8CFC-5BAAE07616ED}, ppCommandQueue = 000002411BD011B0) ...
23:47:18:575 [15812] | INFO  | > Dumping command queue description:
23:47:18:575 [15812] | INFO  |   +-----------------------------------------+-----------------------------------------+
23:47:18:575 [15812] | INFO  |   | Parameter                               | Value                                   |
23:47:18:575 [15812] | INFO  |   +-----------------------------------------+-----------------------------------------+
23:47:18:575 [15812] | INFO  |   | Type                                    | 2                                       |
23:47:18:575 [15812] | INFO  |   | Priority                                | 0                                       |
23:47:18:575 [15812] | INFO  |   | Flags                                   | 0                                       |
23:47:18:575 [15812] | INFO  |   | NodeMask                                | 1                                       |
23:47:18:575 [15812] | INFO  |   +-----------------------------------------+-----------------------------------------+
23:47:18:599 [15812] | INFO  | Redirecting CreateDXGIFactory1(riid = {7B7166EC-21C7-44AE-B21A-C9AE321AE369}, ppFactory = 000000F45257E870) ...
23:47:18:732 [15812] | INFO  | Redirecting CreateDXGIFactory1(riid = {7B7166EC-21C7-44AE-B21A-C9AE321AE369}, ppFactory = 000000F45257CC50) ...
23:47:18:742 [15812] | INFO  | Redirecting CreateDXGIFactory1(riid = {7B7166EC-21C7-44AE-B21A-C9AE321AE369}, ppFactory = 000000F45257CC30) ...
23:47:18:752 [15812] | INFO  | Redirecting CreateDXGIFactory1(riid = {7B7166EC-21C7-44AE-B21A-C9AE321AE369}, ppFactory = 000000F45257CC50) ...
23:47:21:006 [15812] | INFO  | Redirecting ID3D12Device::CreateCommandQueue(this = 000002411C3FCEC0, pDesc = 000000F45257D5C8, riid = {0EC870A6-5D7E-4C22-8CFC-5BAAE07616ED}, ppCommandQueue = 00000241010056E8) ...
23:47:21:007 [15812] | INFO  | > Dumping command queue description:
23:47:21:007 [15812] | INFO  |   +-----------------------------------------+-----------------------------------------+
23:47:21:007 [15812] | INFO  |   | Parameter                               | Value                                   |
23:47:21:007 [15812] | INFO  |   +-----------------------------------------+-----------------------------------------+
23:47:21:007 [15812] | INFO  |   | Type                                    | 0                                       |
23:47:21:007 [15812] | INFO  |   | Priority                                | 100                                     |
23:47:21:008 [15812] | INFO  |   | Flags                                   | 0                                       |
23:47:21:008 [15812] | INFO  |   | NodeMask                                | 0                                       |
23:47:21:008 [15812] | INFO  |   +-----------------------------------------+-----------------------------------------+
23:47:21:030 [15812] | INFO  | Redirecting IDXGIFactory2::CreateSwapChainForHwnd(this = 0000024113F2DEF0, pDevice = 000002410120A040, hWnd = 00000000000407FE, pDesc = 000000F45257D5E8, pFullscreenDesc = 000000F45257D750, pRestrictToOutput = 0000000000000000, ppSwapChain = ) ...
23:47:21:031 [15812] | INFO  | > Dumping swap chain description:
23:47:21:031 [15812] | INFO  |   +-----------------------------------------+-----------------------------------------+
23:47:21:031 [15812] | INFO  |   | Parameter                               | Value                                   |
23:47:21:031 [15812] | INFO  |   +-----------------------------------------+-----------------------------------------+
23:47:21:031 [15812] | INFO  |   | Width                                   | 2560                                    |
23:47:21:031 [15812] | INFO  |   | Height                                  | 1440                                    |
23:47:21:031 [15812] | INFO  |   | RefreshRate                             | 0                   0                   |
23:47:21:031 [15812] | INFO  |   | Format                                  | DXGI_FORMAT_R10G10B10A2_UNORM           |
23:47:21:031 [15812] | INFO  |   | Stereo                                  | FALSE                                   |
23:47:21:032 [15812] | INFO  |   | ScanlineOrdering                        | 0                                       |
23:47:21:032 [15812] | INFO  |   | Scaling                                 | 0                                       |
23:47:21:032 [15812] | INFO  |   | SampleCount                             | 1                                       |
23:47:21:032 [15812] | INFO  |   | SampleQuality                           | 0                                       |
23:47:21:032 [15812] | INFO  |   | BufferUsage                             | 0x30                                    |
23:47:21:032 [15812] | INFO  |   | BufferCount                             | 3                                       |
23:47:21:032 [15812] | INFO  |   | Windowed                                | TRUE                                    |
23:47:21:032 [15812] | INFO  |   | SwapEffect                              | 4                                       |
23:47:21:032 [15812] | INFO  |   | AlphaMode                               | 0                                       |
23:47:21:032 [15812] | INFO  |   | Flags                                   | 0x842                                   |
23:47:21:032 [15812] | INFO  |   +-----------------------------------------+-----------------------------------------+
23:47:21:034 [15812] | INFO  | Installing delayed hooks for 'C:\WINDOWS\system32\d3d11.dll' (Just loaded via LoadLibrary('C:\WINDOWS\SYSTEM32\d3d11.dll')) ...
23:47:21:034 [15812] | INFO  | > Found 3 match(es). Installing ...
23:47:21:093 [15812] | INFO  | Redirecting CreateDXGIFactory2(Flags = 0, riid = {1BC6EA02-EF36-464F-BF0C-21CA39E5168A}, ppFactory = 000000F45257CE80) ...
23:47:21:095 [15812] | INFO  | Redirecting CreateDXGIFactory2(Flags = 0, riid = {1BC6EA02-EF36-464F-BF0C-21CA39E5168A}, ppFactory = 000000F45257CE80) ...
23:47:21:095 [15812] | INFO  | Redirecting CreateDXGIFactory2(Flags = 0, riid = {1BC6EA02-EF36-464F-BF0C-21CA39E5168A}, ppFactory = 000000F45257CE80) ...
23:47:21:095 [15812] | INFO  | Redirecting CreateDXGIFactory2(Flags = 0, riid = {1BC6EA02-EF36-464F-BF0C-21CA39E5168A}, ppFactory = 000000F45257CE80) ...
23:47:21:096 [15812] | INFO  | Running on NVIDIA GeForce RTX 5060 Ti Driver 616.64.
23:47:21:311 [15812] | INFO  | [MGPU Bridge] [MGPU][T3] bridge thread spawned (thread id 0x5504)
23:47:21:311 [15812] | INFO  | [MGPU Bridge] [MGPU][T2] init_swapchain: swapchain-derived game luid=0x00000000-0x00013FE8 established (the device CreateSwapChainForHwnd was called on) - overrides the provisional init_device value
23:47:21:311 [15812] | INFO  | [MGPU Bridge] [MGPU][T2] adapter[2] rejected as software (flags=0x2 vendor=0x1414) - enumerated and logged, never selectable
23:47:21:311 [15812] | INFO  | [MGPU Bridge] [MGPU][T2] SELECTED adapter[1] luid=0x00000000-0x00015621 desc="NVIDIA GeForce RTX 5060 Ti" outputs=0 rule="exclusion (luid != swapchain game luid) + software filter" | game luid=0x00000000-0x00013FE8 (source: swapchain)
23:47:21:312 [15812] | INFO  | [MGPU Bridge] [MGPU][P9.1] SIZE BAND set from the GAME swapchain: 2560x1440 (was 0x0). Candidates are accepted between 20% and 105% of that area, so at this setting a 2560x1440 scene depth is inside the band by construction. If a lateral reports zero for a whole run, check this line first.
23:47:21:312 [21764] | INFO  | [MGPU Bridge] [MGPU][T3] bridge thread started - owns all GPU 1 objects (window + message pump arrive with T4)
23:47:21:312 [21764] | INFO  | [MGPU Bridge] [MGPU][T3] D3D12CreateDevice begin: selected luid=0x00000000-0x00015621 desc="NVIDIA GeForce RTX 5060 Ti" (game luid=known, see [MGPU][T2] final line)
23:47:21:312 [21764] | INFO  | Redirecting D3D12CreateDevice(pAdapter = 000002411A4D1980, MinimumFeatureLevel = b000, riid = {189819F1-1DB6-4B57-BE54-1821339B85F7}, ppDevice = 000000F40742EAA8) ...
23:47:21:312 [21764] | INFO  | Redirecting CreateDXGIFactory2(Flags = 0x80000000, riid = {1BC6EA02-EF36-464F-BF0C-21CA39E5168A}, ppFactory = 000000F40742E438) ...
23:47:21:312 [15812] | INFO  | [MGPU Bridge] [MGPU][P9.1] PROBE CODE IS PRESENT IN THIS BUILD, probe P14.2 (R98: a UNIFORM FRACTION of the scene, and the largest one wins); MetaProbe = off. This line is printed even when the answer is off, so that a log with no other P9.1 line means the probe was OFF rather than ABSENT - those were indistinguishable once and cost a run. The key is MetaProbe, NOT Probes: Probes is the older P1.3 one-shot probe chain and reads only the literal 1. OFF MEANS UNREGISTERED, not a callback that returns early: with the probe off ReShade installs no interception on our account and the add-on is byte-identical to a build without this file. The depth lane subscribes to OMSetRenderTargets and ClearDepthStencilVie
23:47:21:351 [21764] | INFO  | [MGPU Bridge] [MGPU][T3] init_device (subsequent) luid=0x00000000-0x00015621
23:47:21:352 [21764] | INFO  | [MGPU Bridge] [MGPU][T3] CrossAdapterRowMajorTextureSupported hr=0x00000000 supported=0 (record only)
23:47:21:352 [21764] | INFO  | [MGPU Bridge] [MGPU][T3] D3D12CreateDevice hr=0x00000000 luid=0x00000000-0x00015621 - device live on the second adapter; game rendering unaffected
23:47:21:352 [21764] | INFO  | [MGPU Bridge] [MGPU][P7.2] mgpu.ini read from beside the add-on: "C:\Games\DragonSword - Awakening\DS\Binaries\Win64\mgpu.ini". This is the file whose values appear on the arm line.
23:47:21:352 [21764] | INFO  | [MGPU Bridge] [MGPU][P7.10] window placement - auto, from the DESKTOP monitor list because the bridge adapter reported no outputs of its own: the first non-primary monitor - monitor 0 of 2, rect (-2560,-174)-(0,1266). CHECK THIS ONE: it is placed away from the primary display, not proven to be on the second card, because DXGI would not say. Set Monitor=<n> if it p
23:47:21:353 [21764] | INFO  | [MGPU Bridge] [MGPU][T4] display topology: 2 active path(s) -> extended or single
23:47:21:354 [21764] | INFO  | [MGPU Bridge] [MGPU][T4] window created: class="MGPU_Bridge_Wnd_00007FFDE91E0000" hwnd=0x00000000000407BA client=1280x720 (0,0,1280,720) thread id 0x5504 (client area is the T4-fixed 1280x720)
23:47:21:357 [21764] | INFO  | [MGPU Bridge] [MGPU][P7.5] seam hotkeys: CTRL+ALT+LEFT/RIGHT move the split seam = OK/OK | add SHIFT for a coarse step = OK/OK. They repeat when held and need NO overlay open, so the seam can be dragged across a face while the game is the only thing on screen - which is the point of having them at all.
23:47:21:357 [21764] | INFO  | [MGPU Bridge] [MGPU][P7.4] view hotkey: CTRL+ALT+F7 cycles output -> input -> split = OK. Split shows the frame handed TO the model on the left and what it produced on the right, THE SAME FRAME, so the two halves cannot disagree about time, camera or lighting. The neural stage is unchanged in all three.
23:47:21:357 [21764] | INFO  | [MGPU Bridge] [MGPU][P6.3] intensity hotkeys: CTRL+ALT+F8 cycle target (all/p1/p2/...) = OK | CTRL+ALT+F9 down = OK | CTRL+ALT+F11 up = OK. Steps of 0.05, clamped 0.00-2.00, live from the next frame - NGX parameters are set per evaluate, so no re-arm and no relaunch. DOWN and UP repeat when held; the target key does not.
23:47:21:357 [21764] | INFO  | [MGPU Bridge] [MGPU][P1.3g] hotkey registered: CTRL+ALT+F10 runs the transit probe on demand, from any foreground window. Press it once the game has settled - in gameplay, not the menu - and again with a different window focused; each run labels itself and records which window held the foreground.
23:47:21:357 [21764] | INFO  | Redirecting ID3D12Device::CreateCommandQueue(this = 000002419A4C1210, pDesc = 000000F40742EA40, riid = {0EC870A6-5D7E-4C22-8CFC-5BAAE07616ED}, ppCommandQueue = 000000F40742E9B0) ...
23:47:21:357 [21764] | INFO  | > Dumping command queue description:
23:47:21:357 [21764] | INFO  |   +-----------------------------------------+-----------------------------------------+
23:47:21:357 [21764] | INFO  |   | Parameter                               | Value                                   |
23:47:21:357 [21764] | INFO  |   +-----------------------------------------+-----------------------------------------+
23:47:21:358 [21764] | INFO  |   | Type                                    | 0                                       |
23:47:21:358 [21764] | INFO  |   | Priority                                | 0                                       |
23:47:21:358 [21764] | INFO  |   | Flags                                   | 0                                       |
23:47:21:358 [21764] | INFO  |   | NodeMask                                | 0                                       |
23:47:21:358 [21764] | INFO  |   +-----------------------------------------+-----------------------------------------+
23:47:21:363 [15812] | INFO  | [MGPU Bridge] [MGPU][R101] CALIBRATOR INSTALLED mode=2 | 33 import slot(s) patched across 137 module(s). This is a POINTER SWAP, not a code patch - no instruction anywhere in this process was modified, and Calib=0 puts every slot back. Our own module is skipped so the bridge's own DLSS-NR evaluates are never mistaken for the game's.
23:47:21:372 [15812] | INFO  | Recreated runtime environment on runtime 0000024105AD7C70 ('C:\Games\DragonSword - Awakening\DS\Binaries\Win64\ReShade.ini').
23:47:21:372 [15812] | INFO  | Redirecting ID3D12Device::CreateCommandQueue(this = 000002411C3FCEC0, pDesc = 000000F45257D5D8, riid = {0EC870A6-5D7E-4C22-8CFC-5BAAE07616ED}, ppCommandQueue = 00000241010056D8) ...
23:47:21:372 [15812] | INFO  | > Dumping command queue description:
23:47:21:372 [15812] | INFO  |   +-----------------------------------------+-----------------------------------------+
23:47:21:372 [15812] | INFO  |   | Parameter                               | Value                                   |
23:47:21:372 [15812] | INFO  |   +-----------------------------------------+-----------------------------------------+
23:47:21:373 [15812] | INFO  |   | Type                                    | 2                                       |
23:47:21:373 [15812] | INFO  |   | Priority                                | 100                                     |
23:47:21:373 [15812] | INFO  |   | Flags                                   | 0                                       |
23:47:21:373 [15812] | INFO  |   | NodeMask                                | 0                                       |
23:47:21:373 [15812] | INFO  |   +-----------------------------------------+-----------------------------------------+
23:47:21:390 [21764] | INFO  | Redirecting CreateDXGIFactory2(Flags = 0, riid = {50C83A1C-E072-4C48-87B0-3630FA36A6D0}, ppFactory = 000000F40742E9A0) ...
23:47:21:390 [21764] | INFO  | Redirecting IDXGIFactory2::CreateSwapChainForHwnd(this = 00000241071E0BB0, pDevice = 000002410120A400, hWnd = 00000000000407BA, pDesc = 000000F40742EA60, pFullscreenDesc = 0000000000000000, pRestrictToOutput = 0000000000000000, ppSwapChain = ) ...
23:47:21:390 [21764] | INFO  | > Dumping swap chain description:
23:47:21:390 [21764] | INFO  |   +-----------------------------------------+-----------------------------------------+
23:47:21:390 [21764] | INFO  |   | Parameter                               | Value                                   |
23:47:21:390 [21764] | INFO  |   +-----------------------------------------+-----------------------------------------+
23:47:21:390 [21764] | INFO  |   | Width                                   | 1280                                    |
23:47:21:390 [21764] | INFO  |   | Height                                  | 720                                     |
23:47:21:390 [15812] | INFO  | Redirecting IDXGISwapChain::ResizeBuffers(this = 0000024106ADA630, BufferCount = 0, Width = 2560, Height = 1440, NewFormat = 24, SwapChainFlags = 0x842) ...
23:47:21:391 [21764] | INFO  |   | RefreshRate                             | 0                   0                   |
23:47:21:391 [21764] | INFO  |   | Format                                  | DXGI_FORMAT_R10G10B10A2_UNORM           |
23:47:21:391 [21764] | INFO  |   | Stereo                                  | FALSE                                   |
23:47:21:391 [21764] | INFO  |   | ScanlineOrdering                        | 0                                       |
23:47:21:391 [21764] | INFO  |   | Scaling                                 | 0                                       |
23:47:21:391 [21764] | INFO  |   | SampleCount                             | 1                                       |
23:47:21:392 [21764] | INFO  |   | SampleQuality                           | 0                                       |
23:47:21:392 [15812] | INFO  | Destroyed runtime environment on runtime 0000024105AD7C70 ('C:\Games\DragonSword - Awakening\DS\Binaries\Win64\ReShade.ini').
23:47:21:392 [21764] | INFO  |   | BufferUsage                             | 0x20                                    |
23:47:21:392 [21764] | INFO  |   | BufferCount                             | 2                                       |
23:47:21:392 [21764] | INFO  |   | Windowed                                | TRUE                                    |
23:47:21:392 [21764] | INFO  |   | SwapEffect                              | 4                                       |
23:47:21:392 [21764] | INFO  |   | AlphaMode                               | 0                                       |
23:47:21:392 [21764] | INFO  |   | Flags                                   | 0                                       |
23:47:21:392 [21764] | INFO  |   +-----------------------------------------+-----------------------------------------+
23:47:21:411 [15812] | INFO  | [MGPU Bridge] [MGPU][T2] init_swapchain (resize) luid=0x00000000-0x00013FE8 - swapchain-derived game luid 0x00000000-0x00013FE8 already established; not re-selecting
23:47:21:414 [15812] | INFO  | Recreated runtime environment on runtime 0000024105AD7C70 ('C:\Games\DragonSword - Awakening\DS\Binaries\Win64\ReShade.ini').
23:47:21:417 [21764] | INFO  | Redirecting CreateDXGIFactory2(Flags = 0, riid = {1BC6EA02-EF36-464F-BF0C-21CA39E5168A}, ppFactory = 000000F40742E260) ...
23:47:21:418 [21764] | INFO  | Redirecting CreateDXGIFactory2(Flags = 0, riid = {1BC6EA02-EF36-464F-BF0C-21CA39E5168A}, ppFactory = 000000F40742E260) ...
23:47:21:418 [21764] | INFO  | Redirecting CreateDXGIFactory2(Flags = 0, riid = {1BC6EA02-EF36-464F-BF0C-21CA39E5168A}, ppFactory = 000000F40742E260) ...
23:47:21:419 [21764] | INFO  | Redirecting CreateDXGIFactory2(Flags = 0, riid = {1BC6EA02-EF36-464F-BF0C-21CA39E5168A}, ppFactory = 000000F40742E260) ...
23:47:21:420 [21764] | INFO  | Running on NVIDIA GeForce RTX 5060 Ti Driver 616.64.
23:47:21:420 [21764] | INFO  | [MGPU Bridge] [MGPU][T2] init_swapchain luid=0x00000000-0x00015621 - swapchain-derived game luid 0x00000000-0x00013FE8 already established; not re-selecting
23:47:21:422 [21764] | INFO  | Recreated runtime environment on runtime 00000243FC9884E0 ('C:\Games\DragonSword - Awakening\DS\Binaries\Win64\ReShade2.ini').
23:47:21:424 [21764] | INFO  | [MGPU Bridge] [MGPU][T5] present chain created: format=DXGI_FORMAT_R10G10B10A2_UNORM buffers=2 swapeffect=FLIP_DISCARD queue=DIRECT client=1280x720 CreateSwapChainForHwnd hr=0x00000000 hwnd=0x00000000000407BA (vsync present, non-resizable window - no ResizeBuffers at P0)
23:47:21:431 [21764] | INFO  | [MGPU Bridge] [MGPU][P1.0c] ngx modules: _nvngx.dll=0x00007FFDD9300000 (already resident) nvngx_dlssnr.dll=0x00007FFDB1320000 (PRIVATE INSTANCE from mgpu\ - nothing else in this process has it) path=C:\Games\DragonSword - Awakening\DS\Binaries\Win64\mgpu\nvngx_dlssnr.dll
23:47:21:431 [21764] | INFO  | [MGPU Bridge] [MGPU][P1.0c] no copy of nvngx_dlssnr.dll beside the executable - the title cannot load it, so this add-on holds the only instance and NGX binds to the adapter WE pass. This is the correct layout.
23:47:21:431 [21764] | INFO  | [MGPU Bridge] [MGPU][P1.0c] ngx exports: Init=core+snippet(used:core) Init_Ext=core+snippet(used:core) GetCapabilityParameters=core+-(used:core) DestroyParameters=core+-(used:core) Shutdown1=core+snippet(used:core) CreateFeature=core+snippet(used:snippet) ReleaseFeature=core+snippet(used:snippet) EvaluateFeature=core+snippet(used:snippet)
23:47:21:431 [21764] | INFO  | [MGPU Bridge] [MGPU][P1.0c] snippet-only exports: Init=yes Init_Ext=yes Init_Ext2=no PopulateParameters_Impl=yes
23:47:21:431 [21764] | INFO  | [MGPU Bridge] [MGPU][P1.0c] Init: result=0xBAD0000C (FAIL_OutOfDate) device=0x000002419A4C1210 luid=00000000-00015621 app_id=0 sdk_version=0x00000015 log_callback=installed(VERBOSE) data_path="C:\Games\DragonSword - Awakening\DS\Binaries\Win64\"
23:47:21:432 [21764] | WARN  | [MGPU Bridge] [MGPU][P1.0c] FAIL_OutOfDate at init is an ENVIRONMENT fault, not a defect in this add-on - the same call succeeded repeatedly on this rig with this binary. Confirm in nvngx.log: its first line will be "NGXInitValidateSnippets: installed NGX API is older than the one used by client application" with NO telemetry blocks after it. FIX, reproduced on the rig 2026-09-03: OPEN THE NVIDIA APP, then relaunch the game. Every earlier clearing event was an instance of this - an app update, a reboot, a settings change - each of which restarted or refreshed that app. Relaunching the game ALONE does not reliably clear it. The OTA model store is NOT the cause and is exonerated: failing runs still parse C:\ProgramData\NVIDIA\NGX\models and MapProjectId succeeds in them. THIS RUN ANSWERS NOTHING ABOUT NGX and no NGX result from it may be recorded - but it does NOT void probes that never touch NGX. P1.3 builds its own devices and produced a valid cross-adapter transit result on a launch that failed here. Void the NGX portion, not the launch.
23:47:21:432 [21764] | INFO  | [MGPU Bridge] [MGPU][P1.0c] teardown: complete - D3D12 objects released, NGX session intentionally retained
23:47:21:432 [21764] | WARN  | [MGPU Bridge] [MGPU][P1.0c] PROBE FAILED at Init - see the result code above. Bridge continues.
23:47:21:432 [21764] | INFO  | [MGPU Bridge] [MGPU][P1.3] ===== RUN "startup" ===== foreground hwnd=0x0000000000030392 owner=another process (game/desktop/shell) class="Chrome_WidgetWin_1" uptime=15164312 ms. A "startup" run is contaminated by construction (menu, shaders compiling) and its timings are an upper bound only. A manual run is quieter but is STILL not a performance figure: no shared fence, no pipelining, CPU-serialised round trip. What manual runs buy is repetition and a controlled foreground - n>1 in one launch, and a named focus condition per sample.
23:47:21:432 [21764] | INFO  | [MGPU Bridge] [MGPU][P1.3] no debug layer (see comment above transit_drain_info_queue) - the split per-call HRESULTs below are the instrument.
23:47:21:432 [21764] | INFO  | Redirecting CreateDXGIFactory2(Flags = 0, riid = {50C83A1C-E072-4C48-87B0-3630FA36A6D0}, ppFactory = 000000F40742DB78) ...
23:47:21:432 [21764] | INFO  | Redirecting D3D12CreateDevice(pAdapter = 0000024100F42510, MinimumFeatureLevel = b000, riid = {189819F1-1DB6-4B57-BE54-1821339B85F7}, ppDevice = 000000F40742DE00) ...
23:47:21:432 [21764] | INFO  | Redirecting CreateDXGIFactory2(Flags = 0x80000000, riid = {1BC6EA02-EF36-464F-BF0C-21CA39E5168A}, ppFactory = 000000F40742D528) ...
23:47:21:433 [21764] | INFO  | Redirecting CreateDXGIFactory2(Flags = 0, riid = {50C83A1C-E072-4C48-87B0-3630FA36A6D0}, ppFactory = 000000F40742DB78) ...
23:47:21:433 [21764] | INFO  | Redirecting D3D12CreateDevice(pAdapter = 0000024100F42570, MinimumFeatureLevel = b000, riid = {189819F1-1DB6-4B57-BE54-1821339B85F7}, ppDevice = 000000F40742DE70) ...
23:47:21:433 [21764] | INFO  | Redirecting CreateDXGIFactory2(Flags = 0x80000000, riid = {1BC6EA02-EF36-464F-BF0C-21CA39E5168A}, ppFactory = 000000F40742D528) ...
23:47:21:434 [21764] | INFO  | [MGPU Bridge] [MGPU][P1.3] own devices: gpu0(game adapter) hr=0x00000000 luid=00000000-00013FE8 | gpu1 hr=0x00000000 luid=00000000-00015621 (the game's own device is NOT touched)
23:47:21:434 [21764] | INFO  | Redirecting ID3D12Device::CreateCommandQueue(this = 000002411C3FCEC0, pDesc = 000000F40742DCA0, riid = {0EC870A6-5D7E-4C22-8CFC-5BAAE07616ED}, ppCommandQueue = 000000F40742DE08) ...
23:47:21:434 [21764] | INFO  | > Dumping command queue description:
23:47:21:434 [21764] | INFO  |   +-----------------------------------------+-----------------------------------------+
23:47:21:434 [21764] | INFO  |   | Parameter                               | Value                                   |
23:47:21:435 [21764] | INFO  |   +-----------------------------------------+-----------------------------------------+
23:47:21:435 [21764] | INFO  |   | Type                                    | 0                                       |
23:47:21:435 [21764] | INFO  |   | Priority                                | 0                                       |
23:47:21:435 [21764] | INFO  |   | Flags                                   | 0                                       |
23:47:21:435 [21764] | INFO  |   | NodeMask                                | 0                                       |
23:47:21:435 [21764] | INFO  |   +-----------------------------------------+-----------------------------------------+
23:47:21:464 [21764] | INFO  | Redirecting ID3D12Device::CreateCommandQueue(this = 000002419A4C1210, pDesc = 000000F40742DCA0, riid = {0EC870A6-5D7E-4C22-8CFC-5BAAE07616ED}, ppCommandQueue = 000000F40742DE78) ...
23:47:21:465 [21764] | INFO  | > Dumping command queue description:
23:47:21:465 [21764] | INFO  |   +-----------------------------------------+-----------------------------------------+
23:47:21:465 [21764] | INFO  |   | Parameter                               | Value                                   |
23:47:21:466 [21764] | INFO  |   +-----------------------------------------+-----------------------------------------+
23:47:21:466 [21764] | INFO  |   | Type                                    | 0                                       |
23:47:21:466 [21764] | INFO  |   | Priority                                | 0                                       |
23:47:21:466 [21764] | INFO  |   | Flags                                   | 0                                       |
23:47:21:466 [15584] | INFO  | Successfully compiled 'C:\Games\DragonSword - Awakening\DS\Binaries\Win64\reshade-shaders\Shaders\LUT.fx' in 0.014000 s.
23:47:21:466 [17512] | INFO  | Successfully compiled 'C:\Games\DragonSword - Awakening\DS\Binaries\Win64\reshade-shaders\Shaders\Daltonize.fx' in 0.014000 s.
23:47:21:467 [21764] | INFO  |   | NodeMask                                | 0                                       |
23:47:21:469 [21764] | INFO  |   +-----------------------------------------+-----------------------------------------+
23:47:21:467 [26652] | INFO  | Successfully compiled 'C:\Games\DragonSword - Awakening\DS\Binaries\Win64\reshade-shaders\Shaders\mgpu_depth_tap.fx' in 0.014000 s.
23:47:21:467 [19560] | INFO  | Successfully compiled 'C:\Games\DragonSword - Awakening\DS\Binaries\Win64\reshade-shaders\Shaders\DisplayDepth.fx' in 0.014000 s.
23:47:21:470 [14472] | INFO  | Successfully compiled 'C:\Games\DragonSword - Awakening\DS\Binaries\Win64\reshade-shaders\Shaders\UIMask.fx' in 0.018000 s.
23:47:21:478 [11136] | INFO  | Successfully compiled 'C:\Games\DragonSword - Awakening\DS\Binaries\Win64\reshade-shaders\Shaders\Deband.fx' in 0.025000 s.
23:47:21:502 [21764] | INFO  | [MGPU Bridge] [MGPU][P1.3] ExistingHeaps support: gpu0=1 gpu1=1 (path A' needs both)
23:47:21:503 [21764] | INFO  | [MGPU Bridge] [MGPU][P1.3] 1280x720 A'.0 VirtualAlloc: addr=0x00000243E6410000 bytes=3735552 (payload 3686400, rounded to 64 KB)
23:47:21:503 [21764] | INFO  | [MGPU Bridge] [MGPU][P1.3] 1280x720 A'.1 QueryInterface(ID3D12Device3): hr=0x00000000
23:47:21:504 [21764] | INFO  | [MGPU Bridge] [MGPU][P1.3] 1280x720 A'.2 OpenExistingHeapFromAddress on GPU 0: hr=0x00000000
23:47:21:504 [21764] | INFO  | [MGPU Bridge] [MGPU][P1.3] 1280x720 A'.3 OpenExistingHeapFromAddress on GPU 1: hr=0x00000000 <- same host pages, second adapter
23:47:21:505 [21764] | INFO  | [MGPU Bridge] [MGPU][P1.3] 1280x720 A'.3b heap desc: gpu0 size=3735552 align=65536 type=4(DEFAULT=1,UPLOAD=2,READBACK=3,CUSTOM=4) cpuPage=3 pool=1(L0=1,L1=2) flags=0x421 | gpu1 size=3735552 align=65536 type=4 cpuPage=3 pool=1 flags=0x421
23:47:21:505 [21764] | INFO  | [MGPU Bridge] [MGPU][P1.3] 1280x720 A'.4 CreatePlacedResource on GPU 0, flags=NONE state=COMMON: hr=0x80070057
23:47:21:505 [21764] | INFO  | [MGPU Bridge] [MGPU][P1.3] 1280x720 A'.4 CreatePlacedResource on GPU 0, flags=ALLOW_CROSS_ADAPTER state=COMMON: hr=0x00000000  <- ACCEPTED
23:47:21:505 [21764] | INFO  | [MGPU Bridge] [MGPU][P1.3] 1280x720 A'.5 CreatePlacedResource on GPU 1, flags=NONE state=COMMON: hr=0x80070057
23:47:21:506 [21764] | INFO  | [MGPU Bridge] [MGPU][P1.3] 1280x720 A'.5 CreatePlacedResource on GPU 1, flags=ALLOW_CROSS_ADAPTER state=COMMON: hr=0x00000000  <- ACCEPTED
23:47:21:511 [21764] | INFO  | [MGPU Bridge] [MGPU][P1.4b] 1280x720 SAME-ADAPTER CONTROL (GPU 0, identical two copies, destination LOCAL to GPU 0): hr=0x00000000 sub=0.71 wait=0.00 total=0.71 ms for 3.52 MiB. Compare against wait0 in the breakdown below: the DIFFERENCE is what crossing the adapter costs on this link; what is left is GPU 0 being busy with the game.
23:47:21:519 [21764] | INFO  | [MGPU Bridge] [MGPU][P1.3] 1280x720 via A'(host-pinned): 3.52 MiB round trip in 1.48 ms (2371 MiB/s apparent) differing=0 of 921600 sentinel=0
23:47:21:519 [21764] | INFO  | [MGPU Bridge] [MGPU][P1.4a] 1280x720 path=A'(host-pinned) forced=A-prime breakdown: rec0=0.03 sub0=0.04 wait0=0.19 | rec1=0.36 sub1=0.89 wait1=0.00 | cpu(rec+sub)=1.32 waits=0.19 (13% of the trip) round_trip=1.48 verify=6.21 ms. LINK: these absolute numbers are a property of WHATEVER INTERCONNECT THIS MACHINE HAS, which this line does not know and does not guess - check the slot topology against your board's manual before quoting them. They do not decide whether the architecture is viable. What they do decide is A versus A-prime, because both are measured over the same link.
23:47:21:519 [21764] | INFO  | [MGPU Bridge] [MGPU][P1.3] PAYLOAD INTACT - every pixel crossed the bus unchanged.
23:47:21:519 [21764] | INFO  | Redirecting ID3D12Device::CreateCommandQueue(this = 000002411C3FCEC0, pDesc = 000000F40742E060, riid = {0EC870A6-5D7E-4C22-8CFC-5BAAE07616ED}, ppCommandQueue = 000000F40742DE58) ...
23:47:21:519 [21764] | INFO  | > Dumping command queue description:
23:47:21:520 [21764] | INFO  |   +-----------------------------------------+-----------------------------------------+
23:47:21:520 [21764] | INFO  |   | Parameter                               | Value                                   |
23:47:21:520 [21764] | INFO  |   +-----------------------------------------+-----------------------------------------+
23:47:21:520 [21764] | INFO  |   | Type                                    | 3                                       |
23:47:21:520 [21764] | INFO  |   | Priority                                | 0                                       |
23:47:21:520 [21764] | INFO  |   | Flags                                   | 0                                       |
23:47:21:520 [21764] | INFO  |   | NodeMask                                | 0                                       |
23:47:21:520 [21764] | INFO  |   +-----------------------------------------+-----------------------------------------+
23:47:21:528 [21764] | INFO  | Redirecting ID3D12Device::CreateCommandQueue(this = 000002419A4C1210, pDesc = 000000F40742E060, riid = {0EC870A6-5D7E-4C22-8CFC-5BAAE07616ED}, ppCommandQueue = 000000F40742DEB8) ...
23:47:21:528 [21764] | INFO  | > Dumping command queue description:
23:47:21:528 [21764] | INFO  |   +-----------------------------------------+-----------------------------------------+
23:47:21:528 [21764] | INFO  |   | Parameter                               | Value                                   |
23:47:21:528 [21764] | INFO  |   +-----------------------------------------+-----------------------------------------+
23:47:21:528 [21764] | INFO  |   | Type                                    | 3                                       |
23:47:21:529 [21764] | INFO  |   | Priority                                | 0                                       |
23:47:21:529 [21764] | INFO  |   | Flags                                   | 0                                       |
23:47:21:529 [21764] | INFO  |   | NodeMask                                | 0                                       |
23:47:21:529 [21764] | INFO  |   +-----------------------------------------+-----------------------------------------+
23:47:21:537 [21764] | INFO  | [MGPU Bridge] [MGPU][P2.1] 1280x720 setup: COPY queues on both adapters, 4-deep ring, cross-adapter producer fence (CreateFence(SHARED|SHARED_CROSS_ADAPTER) on GPU 0 -> OpenSharedHandle on GPU 1): hr=0x00000000
23:47:21:553 [21764] | INFO  | [MGPU Bridge] [MGPU][P2.1] 1280x720 bands=4 rows_per_band=180 pitch=5120
23:47:21:554 [21764] | INFO  | [MGPU Bridge] [MGPU][P2.1] 1280x720 path=A'(host-pinned) buffer-to-buffer over the shared heap, 3.52 MiB | SERIAL(1 band, CPU wait between sides): ok=yes 0.77 ms (4576 MiB/s) differing=0 sentinel=0 | PIPELINED(4 bands, COPY queues, GPU-side fence wait): ok=yes 1.15 ms (3064 MiB/s) differing=0 sentinel=0
23:47:21:554 [21764] | INFO  | [MGPU Bridge] [MGPU][P2.1] PROBE PASSED (CORRECTNESS ONLY) - both arms delivered the payload byte-exact with no sentinel survivors, so the 4-band ring transports correctly and the GPU-side fence ordering between the two adapters holds at every band boundary. NO SPEED CLAIM IS MADE OR IMPLIED. The two durations above are single noisy wall-clock samples of a NARROWER path than P1.3's (shared-heap traversal only, no texture stages), neither is a GPU timestamp, and on this rig the pipelined arm has been the SLOWER of the two - both halves cross the same link, so overlapping them adds contention, not bandwidth. The overlap that could pay is transfer against neural execution, which this block does not test.
23:47:21:560 [21764] | INFO  | [MGPU Bridge] [MGPU][P1.3] 2560x1440 A'.0 VirtualAlloc: addr=0x00000243E8120000 bytes=14745600 (payload 14745600, rounded to 64 KB)
23:47:21:560 [21764] | INFO  | [MGPU Bridge] [MGPU][P1.3] 2560x1440 A'.1 QueryInterface(ID3D12Device3): hr=0x00000000
23:47:21:562 [21764] | INFO  | [MGPU Bridge] [MGPU][P1.3] 2560x1440 A'.2 OpenExistingHeapFromAddress on GPU 0: hr=0x00000000
23:47:21:563 [21764] | INFO  | [MGPU Bridge] [MGPU][P1.3] 2560x1440 A'.3 OpenExistingHeapFromAddress on GPU 1: hr=0x00000000 <- same host pages, second adapter
23:47:21:563 [21764] | INFO  | [MGPU Bridge] [MGPU][P1.3] 2560x1440 A'.3b heap desc: gpu0 size=14745600 align=65536 type=4(DEFAULT=1,UPLOAD=2,READBACK=3,CUSTOM=4) cpuPage=3 pool=1(L0=1,L1=2) flags=0x421 | gpu1 size=14745600 align=65536 type=4 cpuPage=3 pool=1 flags=0x421
23:47:21:563 [21764] | INFO  | [MGPU Bridge] [MGPU][P1.3] 2560x1440 A'.4 CreatePlacedResource on GPU 0, flags=NONE state=COMMON: hr=0x80070057
23:47:21:563 [21764] | INFO  | [MGPU Bridge] [MGPU][P1.3] 2560x1440 A'.4 CreatePlacedResource on GPU 0, flags=ALLOW_CROSS_ADAPTER state=COMMON: hr=0x00000000  <- ACCEPTED
23:47:21:563 [21764] | INFO  | [MGPU Bridge] [MGPU][P1.3] 2560x1440 A'.5 CreatePlacedResource on GPU 1, flags=NONE state=COMMON: hr=0x80070057
23:47:21:563 [21764] | INFO  | [MGPU Bridge] [MGPU][P1.3] 2560x1440 A'.5 CreatePlacedResource on GPU 1, flags=ALLOW_CROSS_ADAPTER state=COMMON: hr=0x00000000  <- ACCEPTED
23:47:21:582 [21764] | INFO  | [MGPU Bridge] [MGPU][P1.4b] 2560x1440 SAME-ADAPTER CONTROL (GPU 0, identical two copies, destination LOCAL to GPU 0): hr=0x00000000 sub=0.08 wait=0.13 total=0.21 ms for 14.06 MiB. Compare against wait0 in the breakdown below: the DIFFERENCE is what crossing the adapter costs on this link; what is left is GPU 0 being busy with the game.
23:47:21:607 [21764] | INFO  | [MGPU Bridge] [MGPU][P1.3] 2560x1440 via A'(host-pinned): 14.06 MiB round trip in 1.82 ms (7747 MiB/s apparent) differing=0 of 3686400 sentinel=0
23:47:21:607 [21764] | INFO  | [MGPU Bridge] [MGPU][P1.4a] 2560x1440 path=A'(host-pinned) forced=A-prime breakdown: rec0=0.03 sub0=0.05 wait0=0.62 | rec1=0.02 sub1=0.05 wait1=1.08 | cpu(rec+sub)=0.15 waits=1.69 (93% of the trip) round_trip=1.82 verify=22.56 ms. LINK: these absolute numbers are a property of WHATEVER INTERCONNECT THIS MACHINE HAS, which this line does not know and does not guess - check the slot topology against your board's manual before quoting them. They do not decide whether the architecture is viable. What they do decide is A versus A-prime, because both are measured over the same link.
23:47:21:607 [21764] | INFO  | [MGPU Bridge] [MGPU][P1.3] PAYLOAD INTACT - every pixel crossed the bus unchanged.
23:47:21:608 [21764] | INFO  | Redirecting ID3D12Device::CreateCommandQueue(this = 000002411C3FCEC0, pDesc = 000000F40742E060, riid = {0EC870A6-5D7E-4C22-8CFC-5BAAE07616ED}, ppCommandQueue = 000000F40742DE58) ...
23:47:21:608 [21764] | INFO  | > Dumping command queue description:
23:47:21:608 [21764] | INFO  |   +-----------------------------------------+-----------------------------------------+
23:47:21:608 [21764] | INFO  |   | Parameter                               | Value                                   |
23:47:21:608 [21764] | INFO  |   +-----------------------------------------+-----------------------------------------+
23:47:21:608 [21764] | INFO  |   | Type                                    | 3                                       |
23:47:21:608 [21764] | INFO  |   | Priority                                | 0                                       |
23:47:21:609 [21764] | INFO  |   | Flags                                   | 0                                       |
23:47:21:609 [21764] | INFO  |   | NodeMask                                | 0                                       |
23:47:21:609 [21764] | INFO  |   +-----------------------------------------+-----------------------------------------+
23:47:21:615 [21764] | INFO  | Redirecting ID3D12Device::CreateCommandQueue(this = 000002419A4C1210, pDesc = 000000F40742E060, riid = {0EC870A6-5D7E-4C22-8CFC-5BAAE07616ED}, ppCommandQueue = 000000F40742DEB8) ...
23:47:21:615 [21764] | INFO  | > Dumping command queue description:
23:47:21:615 [21764] | INFO  |   +-----------------------------------------+-----------------------------------------+
23:47:21:616 [21764] | INFO  |   | Parameter                               | Value                                   |
23:47:21:616 [21764] | INFO  |   +-----------------------------------------+-----------------------------------------+
23:47:21:616 [21764] | INFO  |   | Type                                    | 3                                       |
23:47:21:616 [21764] | INFO  |   | Priority                                | 0                                       |
23:47:21:616 [21764] | INFO  |   | Flags                                   | 0                                       |
23:47:21:616 [21764] | INFO  |   | NodeMask                                | 0                                       |
23:47:21:616 [21764] | INFO  |   +-----------------------------------------+-----------------------------------------+
23:47:21:624 [21764] | INFO  | [MGPU Bridge] [MGPU][P2.1] 2560x1440 setup: COPY queues on both adapters, 4-deep ring, cross-adapter producer fence (CreateFence(SHARED|SHARED_CROSS_ADAPTER) on GPU 0 -> OpenSharedHandle on GPU 1): hr=0x00000000
23:47:21:693 [21764] | INFO  | [MGPU Bridge] [MGPU][P2.1] 2560x1440 bands=4 rows_per_band=360 pitch=10240
23:47:21:694 [21764] | INFO  | [MGPU Bridge] [MGPU][P2.1] 2560x1440 path=A'(host-pinned) buffer-to-buffer over the shared heap, 14.06 MiB | SERIAL(1 band, CPU wait between sides): ok=yes 1.79 ms (7865 MiB/s) differing=0 sentinel=0 | PIPELINED(4 bands, COPY queues, GPU-side fence wait): ok=yes 2.73 ms (5154 MiB/s) differing=0 sentinel=0
23:47:21:694 [21764] | INFO  | [MGPU Bridge] [MGPU][P2.1] PROBE PASSED (CORRECTNESS ONLY) - both arms delivered the payload byte-exact with no sentinel survivors, so the 4-band ring transports correctly and the GPU-side fence ordering between the two adapters holds at every band boundary. NO SPEED CLAIM IS MADE OR IMPLIED. The two durations above are single noisy wall-clock samples of a NARROWER path than P1.3's (shared-heap traversal only, no texture stages), neither is a GPU timestamp, and on this rig the pipelined arm has been the SLOWER of the two - both halves cross the same link, so overlapping them adds contention, not bandwidth. The overlap that could pay is transfer against neural execution, which this block does not test.
23:47:21:701 [21764] | INFO  | [MGPU Bridge] [MGPU][P1.3] NOTE: the timings above are a CPU-serialised round trip measured during game startup, with no shared fence and no pipelining. Treat the RATIO between the two sizes as the signal and the absolute numbers as an upper bound; a real figure needs cross-adapter GPU clock calibration and a settled scene (P2).
23:47:21:713 [21764] | INFO  | [MGPU Bridge] [MGPU][P1.3] transit probe torn down - both probe-owned devices released
23:47:21:713 [21764] | INFO  | [MGPU Bridge] [MGPU][P7.10] AutoArm is ON: the stream will arm itself after 600 presented frames AND 3000 ms with no swapchain event. For a MEASUREMENT leave it off and arm by hand in gameplay - that is what every published figure ran under.
23:47:21:723 [21764] | INFO  | [MGPU Bridge] [MGPU][T5] first successful present (frame 1) - the vsync-paced present loop is alive
23:47:21:725 [ 2800] | INFO  | Successfully compiled 'C:\Games\DragonSword - Awakening\DS\Binaries\Win64\reshade-shaders\Shaders\LUT.fx' in 0.010000 s.
23:47:21:726 [27792] | INFO  | Successfully compiled 'C:\Games\DragonSword - Awakening\DS\Binaries\Win64\reshade-shaders\Shaders\mgpu_depth_tap.fx' in 0.010000 s.
23:47:21:726 [ 2040] | INFO  | Successfully compiled 'C:\Games\DragonSword - Awakening\DS\Binaries\Win64\reshade-shaders\Shaders\DisplayDepth.fx' in 0.011000 s.
23:47:21:726 [20952] | INFO  | Successfully compiled 'C:\Games\DragonSword - Awakening\DS\Binaries\Win64\reshade-shaders\Shaders\Daltonize.fx' in 0.011000 s.
23:47:21:727 [ 8024] | INFO  | Successfully compiled 'C:\Games\DragonSword - Awakening\DS\Binaries\Win64\reshade-shaders\Shaders\UIMask.fx' in 0.011000 s.
23:47:21:730 [15652] | INFO  | Successfully compiled 'C:\Games\DragonSword - Awakening\DS\Binaries\Win64\reshade-shaders\Shaders\Deband.fx' in 0.015000 s.
23:47:21:730 [21764] | INFO  | [MGPU Bridge] [MGPU][P1.6] BRIDGE runtime preset="C:\Games\DragonSword - Awakening\DS\Binaries\Win64\gpu1.ini" | 0 of 7 techniques ENABLED. This line exists because a stale gpu1.ini once drew a motion-flow debug view over the neural output and three code hypotheses were spent on it. If anything unexpected is listed here, what is on screen is not what this add-on produced.
23:47:22:105 [20916] | INFO  | [MGPU Bridge] [MGPU][P1.6] GAME runtime preset="C:\Games\DragonSword - Awakening\DS\Binaries\Win64\ReShadePreset.ini" | 0 of 7 techniques ENABLED. This line exists because a stale gpu1.ini once drew a motion-flow debug view over the neural output and three code hypotheses were spent on it. If anything unexpected is listed here, what is on screen is not what this add-on produced.
23:47:24:326 [20916] | INFO  | [MGPU Bridge] [MGPU][P9.1] META SRC mvec lane: 0 candidate(s), 32 ns/frame over 136 frames. R72: RANKED AND SORTED BY RTV BINDS - how often each is RENDERED INTO, which is a per-frame usage signal. srvs is kept alongside as the old created over the resource. THIS DOES NOT IDENTIFY MOTION VECTORS - nothing in ReShade says which one they are - it says whether an MVec-shaped resource is visible from a subscriber at all. An empty list with a non-zero examined count is the result that says the NGX hook has to be earned or abandoned. root-descriptor SRV pushes=0 (zero here with a non-zero SRV count above means this engine binds through descriptor TABLES and push_descriptors is blind in it - a fact about the engine, not a fault).
23:47:24:326 [20916] | INFO  | [MGPU Bridge] [MGPU][R71] MVEC SIZES over ALL 0 candidate(s): || TRANSPORT SOURCE res=0x0 (0 means not identified yet - it needs a display-extent candidate with render-target binds), handed to the transport 0 times, 0 second-binds-in-a-frame skipped. || EVICTIONS: 0 resources destroyed and removed from the tables (R76 - a resolution change destroys every render target, and a stale entry is a copy from freed memory). RTV BINDS SEEN IN TOTAL: 0. THE RANK ABOVE IS NOW RENDER TARGET BINDS, NOT SRV CREATIONS. R25 ranked by SRVs created, got 6/5/3/3, and called it "a candidate, not an identification" - that flatness was the SIGNAL being wrong, not the game. An SRV creation count is a LIFETIME number; a velocity buffer is RENDERED INTO once per frame, and RTVBINDS is that. THE EXTENT TO MATCH IS THE DISPLAY EXTENT 2560x1440, not the render extent: the game's own DLSS telemetry says ColorExtentHeight=936 with MVExtentWidth=2560 MVExtentHeight=1440, so this title feeds HIGH-RESOLUTION motion vectors. A single candidate marked <-DISPLAY-EXTENT with RTVBINDS close to the frame count is the velocity buffer. RTV BINDS SEEN = 0 with candidates present means THIS EVENT did not see it, and says nothing whatever about the other two. R81 retracted the sentence that used to sit here - it named optical flow and NGX hooking as the routes left, before anyone had read the event list. READ THE [R82] LINE BELOW INS
23:47:24:326 [20916] | INFO  | [MGPU Bridge] [MGPU][R82] ACQUISITION SIGNALS - three of them, one run. || RTV VIEW TABLE: 0 of 128 entries. THAT IS THE DENOMINATOR R80 COULD NOT SEE - a bind count of zero against an empty table means nothing at all. || OMSetRenderTargets: fired=0 rtvs=0 | matched via OUR TABLE=0 | matched via get_resource_from_view=0 || BeginRenderPass: fired=0 targets=0 matched=0 || Barrier: fired=0 resources=0 matched=0, costing 0 ns/frame || NO CANDIDATE SEEN BY ANY OF THE THREE. | || HOW TO READ IT. via TABLE=0 while via get_resource_from_view is non-zero: the table was the whole bug and R76 through R81 were spent on a cache we never needed. BeginRenderPass fired while OMSetRenderTargets did not: this engine uses render passes and we were subscribed to the wrong event. Barrier matched with a per-frame count near the frame count: use THAT permanently - it needs no view, no table and no binding-path assumption, and 0x4->0xC0 (render_target -> shader_resource) is the moment AFTER the pass wrote, which is the correct moment to copy and is one the bind events cannot offer. NOTE THE STALENESS R78 DID NOT STATE: both bind events fire BEFORE the pass runs, so a copy taken there carries the PREVIOUS frame's vectors. All three silent with candidates present is the only reading that makes optical flow or NGX hooking the honest next step. Two of the barriers per frame on the published source are OURS.
23:47:26:756 [21764] | INFO  | [MGPU Bridge] [MGPU][T5] present loop alive: frame 600 thread id 0x5504
23:47:26:756 [21764] | INFO  | [MGPU Bridge] [MGPU][P7.10] AutoArm firing at frame 600 (5344 ms since the last swapchain event), from the same point in the loop the hotkey arms from. If the game is still in a menu the stream is armed against menu frames, which is correct but measures nothing.
23:47:26:757 [21764] | INFO  | [MGPU Bridge] [MGPU][P8.1] PassReset=0 - every pass keeps its history (the shipped behaviour)
23:47:26:757 [21764] | WARN  | [MGPU Bridge] [MGPU][R28] CopyQueue=2 - GPU-GATED. The unpack is on a dedicated COPY queue AND that queue waits on the GAME's fence ON THE GPU for a frame that has not arrived yet, so the copy fires the instant the payload lands rather than when the bridge thread next wakes and asks. This is the overlap P2.1 named and did not test: transfer against neural execution on GPU 1. NOTHING ABOUT PRESENTATION CHANGES - the evaluate is still CPU-gated, one frame at a time, presented on completion, so R25a's single clock is untouched. NOT THE CONTROL: every published figure was measured at CopyQueue=0. Watch cq_spec (frames armed before arrival - should be most of them) and OVERRUN, which has a one-frame-wider window in this mode.
23:47:26:757 [21764] | INFO  | [MGPU Bridge] [MGPU][P8.0] MVec=SYNTHETIC. THIS IS A CONTROL, NOT A FEATURE: mode 1 binds a CONSTANT field so two runs differ in exactly one thing - whether a NON-ZERO DLSSNR.MVec is bound. Identical output means NR does not read MVec on this path and no flow estimator is worth writing. Different output means it reads it, and the sign and scale can then be walked live instead of guessed. Compare the P2.2 mark 2->3 across the two runs for what it costs.
23:47:26:757 [21764] | INFO  | [MGPU Bridge] [MGPU][P8.0] synthetic flow dx=0.000 dy=0.000 scaleX=1.000 scaleY=1.000 (R32G32_FLOAT, full frame). A field of exactly 0,0 carries the same information as no field at all, so MVec=1 with dx=dy=0 is a wasted run.
23:47:26:758 [21764] | INFO  | [MGPU Bridge] [MGPU][P6.2] knobs | intensity p1=2.000 (0 per-pass overrides, * marks them). Set.* keys are passed to NGX VERBATIM and this add-on does not know whether the snippet reads them - a key listed here was SENT, not necessarily HONOURED. Intensity is the only one proven live (P1.2: 0.00 vs 1.60 changed 98.03% of pixels).
23:47:26:758 [21764] | INFO  | [MGPU Bridge] [MGPU][P4.0] stream REQUESTED - ring depth 6, bound 6000 frames, fault="none", neural=ON (P4.1 - DLSS-NR runs on every consumed frame), profile=off, present=nr (the neural output), passes=1, window=fit (borderless full screen). Every game frame from the next one is sealed and transited until the bound is reached, then a summary is printed. Stay in gameplay: a stream of menu frames measures identity and ordering correctly and tells you nothing about anything else.
23:47:26:764 [20916] | INFO  | [MGPU Bridge] [MGPU][R78] stream arm HELD: MVec=3 (REAL) and the probe has not published a velocity buffer yet, so the slot cannot be sized. This clears on the first frame of gameplay. If it NEVER clears, the probe found nothing: check the [R71] line for a MVEC SOURCE with a non-zero handle, and check that its width and height match the scene extents - the probe refuses to publish a candidate that does not.
23:47:26:766 [21764] | INFO  | [MGPU Bridge] [MGPU][P4.0] ignoring events from the bridge's own runtime (correct - said once)
23:47:27:047 [20916] | INFO  | [MGPU Bridge] [MGPU][R101] CALIBRATOR mode=2 site=data-scan | slots=33 data-slots=2 modules=137 gpa-calls=152 | resolved=2 creates=0 sr-handle=UNFILTERED | evaluates=0 captured=0 | cost 0 ns/frame | eval-copies=0 eval-skips=0. || HOW TO READ IT. resolved=0 with evaluates=0 means no module asked for the entry point after we installed - either the title does not use DLSS, or it resolved before the addon loaded; the barrier path is untouched either way and is still what drives. sr-handle=UNFILTERED means we were not present for CreateFeature, so the table may be from frame generation rather than super sampling - check that render/display extents look like a supersampling pair before trusting it. MVEC here is the GAME'S answer to the question every round from R70 to R100 tried to infer; if it does not equal the handle the barrier probe armed on Dragon Sword, the probe was wrong on a title we believed, and THAT is the finding. have=0 bits name the keys this producer does not populate - Streamline and the raw SDK do not set the same subset, and the difference is a fact about the route, not a bug. MVLowRes IS DEFERRED OPTION 11 ANSWERED: 1 means the game's motion vectors are at RENDER resolution, 0 means display resolution, and we have been inferring that from buffer sizes since R83. Read it together with MVecScale - a low-res field with a display-sized scale is the shape that makes reprojection look almost right.
23:47:27:329 [20916] | INFO  | [MGPU Bridge] [MGPU][P9.1] META SRC mvec lane: 0 candidate(s), 42 ns/frame over 317 frames. R72: RANKED AND SORTED BY RTV BINDS - how often each is RENDERED INTO, which is a per-frame usage signal. srvs is kept alongside as the old created over the resource. THIS DOES NOT IDENTIFY MOTION VECTORS - nothing in ReShade says which one they are - it says whether an MVec-shaped resource is visible from a subscriber at all. An empty list with a non-zero examined count is the result that says the NGX hook has to be earned or abandoned. root-descriptor SRV pushes=0 (zero here with a non-zero SRV count above means this engine binds through descriptor TABLES and push_descriptors is blind in it - a fact about the engine, not a fault).
23:47:27:329 [20916] | INFO  | [MGPU Bridge] [MGPU][R71] MVEC SIZES over ALL 0 candidate(s): || TRANSPORT SOURCE res=0x0 (0 means not identified yet - it needs a display-extent candidate with render-target binds), handed to the transport 0 times, 0 second-binds-in-a-frame skipped. || EVICTIONS: 0 resources destroyed and removed from the tables (R76 - a resolution change destroys every render target, and a stale entry is a copy from freed memory). RTV BINDS SEEN IN TOTAL: 0. THE RANK ABOVE IS NOW RENDER TARGET BINDS, NOT SRV CREATIONS. R25 ranked by SRVs created, got 6/5/3/3, and called it "a candidate, not an identification" - that flatness was the SIGNAL being wrong, not the game. An SRV creation count is a LIFETIME number; a velocity buffer is RENDERED INTO once per frame, and RTVBINDS is that. THE EXTENT TO MATCH IS THE DISPLAY EXTENT 2560x1440, not the render extent: the game's own DLSS telemetry says ColorExtentHeight=936 with MVExtentWidth=2560 MVExtentHeight=1440, so this title feeds HIGH-RESOLUTION motion vectors. A single candidate marked <-DISPLAY-EXTENT with RTVBINDS close to the frame count is the velocity buffer. RTV BINDS SEEN = 0 with candidates present means THIS EVENT did not see it, and says nothing whatever about the other two. R81 retracted the sentence that used to sit here - it named optical flow and NGX hooking as the routes left, before anyone had read the event list. READ THE [R82] LINE BELOW INS
23:47:27:329 [20916] | INFO  | [MGPU Bridge] [MGPU][R82] ACQUISITION SIGNALS - three of them, one run. || RTV VIEW TABLE: 0 of 128 entries. THAT IS THE DENOMINATOR R80 COULD NOT SEE - a bind count of zero against an empty table means nothing at all. || OMSetRenderTargets: fired=0 rtvs=0 | matched via OUR TABLE=0 | matched via get_resource_from_view=0 || BeginRenderPass: fired=0 targets=0 matched=0 || Barrier: fired=0 resources=0 matched=0, costing 0 ns/frame || NO CANDIDATE SEEN BY ANY OF THE THREE. | || HOW TO READ IT. via TABLE=0 while via get_resource_from_view is non-zero: the table was the whole bug and R76 through R81 were spent on a cache we never needed. BeginRenderPass fired while OMSetRenderTargets did not: this engine uses render passes and we were subscribed to the wrong event. Barrier matched with a per-frame count near the frame count: use THAT permanently - it needs no view, no table and no binding-path assumption, and 0x4->0xC0 (render_target -> shader_resource) is the moment AFTER the pass wrote, which is the correct moment to copy and is one the bind events cannot offer. NOTE THE STALENESS R78 DID NOT STATE: both bind events fire BEFORE the pass runs, so a copy taken there carries the PREVIOUS frame's vectors. All three silent with candidates present is the only reading that makes optical flow or NGX hooking the honest next step. Two of the barriers per frame on the published source are OURS.
23:47:30:337 [20916] | INFO  | [MGPU Bridge] [MGPU][P9.1] META SRC mvec lane: 0 candidate(s), 41 ns/frame over 498 frames. R72: RANKED AND SORTED BY RTV BINDS - how often each is RENDERED INTO, which is a per-frame usage signal. srvs is kept alongside as the old created over the resource. THIS DOES NOT IDENTIFY MOTION VECTORS - nothing in ReShade says which one they are - it says whether an MVec-shaped resource is visible from a subscriber at all. An empty list with a non-zero examined count is the result that says the NGX hook has to be earned or abandoned. root-descriptor SRV pushes=0 (zero here with a non-zero SRV count above means this engine binds through descriptor TABLES and push_descriptors is blind in it - a fact about the engine, not a fault).
23:47:30:337 [20916] | INFO  | [MGPU Bridge] [MGPU][R71] MVEC SIZES over ALL 0 candidate(s): || TRANSPORT SOURCE res=0x0 (0 means not identified yet - it needs a display-extent candidate with render-target binds), handed to the transport 0 times, 0 second-binds-in-a-frame skipped. || EVICTIONS: 0 resources destroyed and removed from the tables (R76 - a resolution change destroys every render target, and a stale entry is a copy from freed memory). RTV BINDS SEEN IN TOTAL: 0. THE RANK ABOVE IS NOW RENDER TARGET BINDS, NOT SRV CREATIONS. R25 ranked by SRVs created, got 6/5/3/3, and called it "a candidate, not an identification" - that flatness was the SIGNAL being wrong, not the game. An SRV creation count is a LIFETIME number; a velocity buffer is RENDERED INTO once per frame, and RTVBINDS is that. THE EXTENT TO MATCH IS THE DISPLAY EXTENT 2560x1440, not the render extent: the game's own DLSS telemetry says ColorExtentHeight=936 with MVExtentWidth=2560 MVExtentHeight=1440, so this title feeds HIGH-RESOLUTION motion vectors. A single candidate marked <-DISPLAY-EXTENT with RTVBINDS close to the frame count is the velocity buffer. RTV BINDS SEEN = 0 with candidates present means THIS EVENT did not see it, and says nothing whatever about the other two. R81 retracted the sentence that used to sit here - it named optical flow and NGX hooking as the routes left, before anyone had read the event list. READ THE [R82] LINE BELOW INS
23:47:30:337 [20916] | INFO  | [MGPU Bridge] [MGPU][R82] ACQUISITION SIGNALS - three of them, one run. || RTV VIEW TABLE: 0 of 128 entries. THAT IS THE DENOMINATOR R80 COULD NOT SEE - a bind count of zero against an empty table means nothing at all. || OMSetRenderTargets: fired=0 rtvs=0 | matched via OUR TABLE=0 | matched via get_resource_from_view=0 || BeginRenderPass: fired=0 targets=0 matched=0 || Barrier: fired=0 resources=0 matched=0, costing 0 ns/frame || NO CANDIDATE SEEN BY ANY OF THE THREE. | || HOW TO READ IT. via TABLE=0 while via get_resource_from_view is non-zero: the table was the whole bug and R76 through R81 were spent on a cache we never needed. BeginRenderPass fired while OMSetRenderTargets did not: this engine uses render passes and we were subscribed to the wrong event. Barrier matched with a per-frame count near the frame count: use THAT permanently - it needs no view, no table and no binding-path assumption, and 0x4->0xC0 (render_target -> shader_resource) is the moment AFTER the pass wrote, which is the correct moment to copy and is one the bind events cannot offer. NOTE THE STALENESS R78 DID NOT STATE: both bind events fire BEFORE the pass runs, so a copy taken there carries the PREVIOUS frame's vectors. All three silent with candidates present is the only reading that makes optical flow or NGX hooking the honest next step. Two of the barriers per frame on the published source are OURS.
23:47:30:682 [20916] | INFO  | [MGPU Bridge] [MGPU][R101] CALIBRATOR mode=2 site=data-scan | slots=33 data-slots=2 modules=137 gpa-calls=152 | resolved=2 creates=0 sr-handle=UNFILTERED | evaluates=0 captured=0 | cost 0 ns/frame | eval-copies=0 eval-skips=0. || HOW TO READ IT. resolved=0 with evaluates=0 means no module asked for the entry point after we installed - either the title does not use DLSS, or it resolved before the addon loaded; the barrier path is untouched either way and is still what drives. sr-handle=UNFILTERED means we were not present for CreateFeature, so the table may be from frame generation rather than super sampling - check that render/display extents look like a supersampling pair before trusting it. MVEC here is the GAME'S answer to the question every round from R70 to R100 tried to infer; if it does not equal the handle the barrier probe armed on Dragon Sword, the probe was wrong on a title we believed, and THAT is the finding. have=0 bits name the keys this producer does not populate - Streamline and the raw SDK do not set the same subset, and the difference is a fact about the route, not a bug. MVLowRes IS DEFERRED OPTION 11 ANSWERED: 1 means the game's motion vectors are at RENDER resolution, 0 means display resolution, and we have been inferring that from buffer sizes since R83. Read it together with MVecScale - a low-res field with a display-sized scale is the shape that makes reprojection look almost right.
23:47:31:236 [20916] | INFO  | [MGPU Bridge] [MGPU][R101] CALIBRATOR mode=2 site=data-scan | slots=33 data-slots=2 modules=137 gpa-calls=152 | resolved=2 creates=0 sr-handle=UNFILTERED | evaluates=0 captured=0 | cost 0 ns/frame | eval-copies=0 eval-skips=0. || HOW TO READ IT. resolved=0 with evaluates=0 means no module asked for the entry point after we installed - either the title does not use DLSS, or it resolved before the addon loaded; the barrier path is untouched either way and is still what drives. sr-handle=UNFILTERED means we were not present for CreateFeature, so the table may be from frame generation rather than super sampling - check that render/display extents look like a supersampling pair before trusting it. MVEC here is the GAME'S answer to the question every round from R70 to R100 tried to infer; if it does not equal the handle the barrier probe armed on Dragon Sword, the probe was wrong on a title we believed, and THAT is the finding. have=0 bits name the keys this producer does not populate - Streamline and the raw SDK do not set the same subset, and the difference is a fact about the route, not a bug. MVLowRes IS DEFERRED OPTION 11 ANSWERED: 1 means the game's motion vectors are at RENDER resolution, 0 means display resolution, and we have been inferring that from buffer sizes since R83. Read it together with MVecScale - a low-res field with a display-sized scale is the shape that makes reprojection look almost right.
23:47:31:808 [20916] | INFO  | [MGPU Bridge] [MGPU][R101] CALIBRATOR mode=2 site=data-scan | slots=33 data-slots=2 modules=137 gpa-calls=152 | resolved=2 creates=0 sr-handle=UNFILTERED | evaluates=0 captured=0 | cost 0 ns/frame | eval-copies=0 eval-skips=0. || HOW TO READ IT. resolved=0 with evaluates=0 means no module asked for the entry point after we installed - either the title does not use DLSS, or it resolved before the addon loaded; the barrier path is untouched either way and is still what drives. sr-handle=UNFILTERED means we were not present for CreateFeature, so the table may be from frame generation rather than super sampling - check that render/display extents look like a supersampling pair before trusting it. MVEC here is the GAME'S answer to the question every round from R70 to R100 tried to infer; if it does not equal the handle the barrier probe armed on Dragon Sword, the probe was wrong on a title we believed, and THAT is the finding. have=0 bits name the keys this producer does not populate - Streamline and the raw SDK do not set the same subset, and the difference is a fact about the route, not a bug. MVLowRes IS DEFERRED OPTION 11 ANSWERED: 1 means the game's motion vectors are at RENDER resolution, 0 means display resolution, and we have been inferring that from buffer sizes since R83. Read it together with MVecScale - a low-res field with a display-sized scale is the shape that makes reprojection look almost right.
23:47:31:832 [21764] | INFO  | [MGPU Bridge] [MGPU][T5] present loop alive: frame 1200 thread id 0x5504
23:47:32:292 [20916] | INFO  | [MGPU Bridge] [MGPU][R101] CALIBRATOR mode=2 site=data-scan | slots=33 data-slots=2 modules=137 gpa-calls=152 | resolved=2 creates=0 sr-handle=UNFILTERED | evaluates=0 captured=0 | cost 0 ns/frame | eval-copies=0 eval-skips=0. || HOW TO READ IT. resolved=0 with evaluates=0 means no module asked for the entry point after we installed - either the title does not use DLSS, or it resolved before the addon loaded; the barrier path is untouched either way and is still what drives. sr-handle=UNFILTERED means we were not present for CreateFeature, so the table may be from frame generation rather than super sampling - check that render/display extents look like a supersampling pair before trusting it. MVEC here is the GAME'S answer to the question every round from R70 to R100 tried to infer; if it does not equal the handle the barrier probe armed on Dragon Sword, the probe was wrong on a title we believed, and THAT is the finding. have=0 bits name the keys this producer does not populate - Streamline and the raw SDK do not set the same subset, and the difference is a fact about the route, not a bug. MVLowRes IS DEFERRED OPTION 11 ANSWERED: 1 means the game's motion vectors are at RENDER resolution, 0 means display resolution, and we have been inferring that from buffer sizes since R83. Read it together with MVecScale - a low-res field with a display-sized scale is the shape that makes reprojection look almost right.
23:47:32:790 [20916] | INFO  | [MGPU Bridge] [MGPU][R101] CALIBRATOR mode=2 site=data-scan | slots=33 data-slots=2 modules=137 gpa-calls=152 | resolved=2 creates=0 sr-handle=UNFILTERED | evaluates=0 captured=0 | cost 0 ns/frame | eval-copies=0 eval-skips=0. || HOW TO READ IT. resolved=0 with evaluates=0 means no module asked for the entry point after we installed - either the title does not use DLSS, or it resolved before the addon loaded; the barrier path is untouched either way and is still what drives. sr-handle=UNFILTERED means we were not present for CreateFeature, so the table may be from frame generation rather than super sampling - check that render/display extents look like a supersampling pair before trusting it. MVEC here is the GAME'S answer to the question every round from R70 to R100 tried to infer; if it does not equal the handle the barrier probe armed on Dragon Sword, the probe was wrong on a title we believed, and THAT is the finding. have=0 bits name the keys this producer does not populate - Streamline and the raw SDK do not set the same subset, and the difference is a fact about the route, not a bug. MVLowRes IS DEFERRED OPTION 11 ANSWERED: 1 means the game's motion vectors are at RENDER resolution, 0 means display resolution, and we have been inferring that from buffer sizes since R83. Read it together with MVecScale - a low-res field with a display-sized scale is the shape that makes reprojection look almost right.
23:47:33:224 [20916] | INFO  | [MGPU Bridge] [MGPU][R101] CALIBRATOR mode=2 site=data-scan | slots=33 data-slots=2 modules=137 gpa-calls=152 | resolved=2 creates=0 sr-handle=UNFILTERED | evaluates=0 captured=0 | cost 0 ns/frame | eval-copies=0 eval-skips=0. || HOW TO READ IT. resolved=0 with evaluates=0 means no module asked for the entry point after we installed - either the title does not use DLSS, or it resolved before the addon loaded; the barrier path is untouched either way and is still what drives. sr-handle=UNFILTERED means we were not present for CreateFeature, so the table may be from frame generation rather than super sampling - check that render/display extents look like a supersampling pair before trusting it. MVEC here is the GAME'S answer to the question every round from R70 to R100 tried to infer; if it does not equal the handle the barrier probe armed on Dragon Sword, the probe was wrong on a title we believed, and THAT is the finding. have=0 bits name the keys this producer does not populate - Streamline and the raw SDK do not set the same subset, and the difference is a fact about the route, not a bug. MVLowRes IS DEFERRED OPTION 11 ANSWERED: 1 means the game's motion vectors are at RENDER resolution, 0 means display resolution, and we have been inferring that from buffer sizes since R83. Read it together with MVecScale - a low-res field with a display-sized scale is the shape that makes reprojection look almost right.
23:47:33:337 [20916] | INFO  | [MGPU Bridge] [MGPU][P9.1] META SRC mvec lane: 0 candidate(s), 9 ns/frame over 2178 frames. R72: RANKED AND SORTED BY RTV BINDS - how often each is RENDERED INTO, which is a per-frame usage signal. srvs is kept alongside as the old created over the resource. THIS DOES NOT IDENTIFY MOTION VECTORS - nothing in ReShade says which one they are - it says whether an MVec-shaped resource is visible from a subscriber at all. An empty list with a non-zero examined count is the result that says the NGX hook has to be earned or abandoned. root-descriptor SRV pushes=0 (zero here with a non-zero SRV count above means this engine binds through descriptor TABLES and push_descriptors is blind in it - a fact about the engine, not a fault).
23:47:33:337 [20916] | INFO  | [MGPU Bridge] [MGPU][R71] MVEC SIZES over ALL 0 candidate(s): || TRANSPORT SOURCE res=0x0 (0 means not identified yet - it needs a display-extent candidate with render-target binds), handed to the transport 0 times, 0 second-binds-in-a-frame skipped. || EVICTIONS: 0 resources destroyed and removed from the tables (R76 - a resolution change destroys every render target, and a stale entry is a copy from freed memory). RTV BINDS SEEN IN TOTAL: 0. THE RANK ABOVE IS NOW RENDER TARGET BINDS, NOT SRV CREATIONS. R25 ranked by SRVs created, got 6/5/3/3, and called it "a candidate, not an identification" - that flatness was the SIGNAL being wrong, not the game. An SRV creation count is a LIFETIME number; a velocity buffer is RENDERED INTO once per frame, and RTVBINDS is that. THE EXTENT TO MATCH IS THE DISPLAY EXTENT 2560x1440, not the render extent: the game's own DLSS telemetry says ColorExtentHeight=936 with MVExtentWidth=2560 MVExtentHeight=1440, so this title feeds HIGH-RESOLUTION motion vectors. A single candidate marked <-DISPLAY-EXTENT with RTVBINDS close to the frame count is the velocity buffer. RTV BINDS SEEN = 0 with candidates present means THIS EVENT did not see it, and says nothing whatever about the other two. R81 retracted the sentence that used to sit here - it named optical flow and NGX hooking as the routes left, before anyone had read the event list. READ THE [R82] LINE BELOW INS
23:47:33:337 [20916] | INFO  | [MGPU Bridge] [MGPU][R82] ACQUISITION SIGNALS - three of them, one run. || RTV VIEW TABLE: 0 of 128 entries. THAT IS THE DENOMINATOR R80 COULD NOT SEE - a bind count of zero against an empty table means nothing at all. || OMSetRenderTargets: fired=0 rtvs=0 | matched via OUR TABLE=0 | matched via get_resource_from_view=0 || BeginRenderPass: fired=0 targets=0 matched=0 || Barrier: fired=0 resources=0 matched=0, costing 0 ns/frame || NO CANDIDATE SEEN BY ANY OF THE THREE. | || HOW TO READ IT. via TABLE=0 while via get_resource_from_view is non-zero: the table was the whole bug and R76 through R81 were spent on a cache we never needed. BeginRenderPass fired while OMSetRenderTargets did not: this engine uses render passes and we were subscribed to the wrong event. Barrier matched with a per-frame count near the frame count: use THAT permanently - it needs no view, no table and no binding-path assumption, and 0x4->0xC0 (render_target -> shader_resource) is the moment AFTER the pass wrote, which is the correct moment to copy and is one the bind events cannot offer. NOTE THE STALENESS R78 DID NOT STATE: both bind events fire BEFORE the pass runs, so a copy taken there carries the PREVIOUS frame's vectors. All three silent with candidates present is the only reading that makes optical flow or NGX hooking the honest next step. Two of the barriers per frame on the published source are OURS.
23:47:33:634 [20916] | INFO  | [MGPU Bridge] [MGPU][R101] CALIBRATOR mode=2 site=data-scan | slots=33 data-slots=2 modules=137 gpa-calls=152 | resolved=2 creates=0 sr-handle=UNFILTERED | evaluates=0 captured=0 | cost 0 ns/frame | eval-copies=0 eval-skips=0. || HOW TO READ IT. resolved=0 with evaluates=0 means no module asked for the entry point after we installed - either the title does not use DLSS, or it resolved before the addon loaded; the barrier path is untouched either way and is still what drives. sr-handle=UNFILTERED means we were not present for CreateFeature, so the table may be from frame generation rather than super sampling - check that render/display extents look like a supersampling pair before trusting it. MVEC here is the GAME'S answer to the question every round from R70 to R100 tried to infer; if it does not equal the handle the barrier probe armed on Dragon Sword, the probe was wrong on a title we believed, and THAT is the finding. have=0 bits name the keys this producer does not populate - Streamline and the raw SDK do not set the same subset, and the difference is a fact about the route, not a bug. MVLowRes IS DEFERRED OPTION 11 ANSWERED: 1 means the game's motion vectors are at RENDER resolution, 0 means display resolution, and we have been inferring that from buffer sizes since R83. Read it together with MVecScale - a low-res field with a display-sized scale is the shape that makes reprojection look almost right.
23:47:34:050 [15812] | INFO  | Redirecting IDXGISwapChain::ResizeBuffers(this = 0000024106ADA630, BufferCount = 0, Width = 2560, Height = 1411, NewFormat = 24, SwapChainFlags = 0x842) ...
23:47:34:053 [15812] | INFO  | Destroyed runtime environment on runtime 0000024105AD7C70 ('C:\Games\DragonSword - Awakening\DS\Binaries\Win64\ReShade.ini').
23:47:34:065 [15812] | INFO  | [MGPU Bridge] [MGPU][T2] init_swapchain (resize) luid=0x00000000-0x00013FE8 - swapchain-derived game luid 0x00000000-0x00013FE8 already established; not re-selecting
23:47:34:066 [15812] | INFO  | [MGPU Bridge] [MGPU][P9.1] SIZE BAND set from the GAME swapchain: 2560x1411 (was 2560x1440). Candidates are accepted between 20% and 105% of that area, so at this setting a 2560x1411 scene depth is inside the band by construction. If a lateral reports zero for a whole run, check this line first.
23:47:34:068 [15812] | INFO  | Recreated runtime environment on runtime 0000024105AD7C70 ('C:\Games\DragonSword - Awakening\DS\Binaries\Win64\ReShade.ini').
23:47:34:332 [ 1468] | INFO  | Successfully compiled 'C:\Games\DragonSword - Awakening\DS\Binaries\Win64\reshade-shaders\Shaders\Daltonize.fx' in 0.010000 s.
23:47:34:332 [ 5232] | INFO  | Successfully compiled 'C:\Games\DragonSword - Awakening\DS\Binaries\Win64\reshade-shaders\Shaders\LUT.fx' in 0.010000 s.
23:47:34:332 [13416] | INFO  | Successfully compiled 'C:\Games\DragonSword - Awakening\DS\Binaries\Win64\reshade-shaders\Shaders\mgpu_depth_tap.fx' in 0.010000 s.
23:47:34:335 [23608] | INFO  | Successfully compiled 'C:\Games\DragonSword - Awakening\DS\Binaries\Win64\reshade-shaders\Shaders\UIMask.fx' in 0.013000 s.
23:47:34:340 [27656] | INFO  | Successfully compiled 'C:\Games\DragonSword - Awakening\DS\Binaries\Win64\reshade-shaders\Shaders\Deband.fx' in 0.018000 s.
23:47:34:340 [10460] | INFO  | Successfully compiled 'C:\Games\DragonSword - Awakening\DS\Binaries\Win64\reshade-shaders\Shaders\DisplayDepth.fx' in 0.018000 s.
23:47:34:343 [20916] | INFO  | [MGPU Bridge] [MGPU][R63] stream arm HELD: Depth is on and ReShade has not bound a depth buffer yet, so the slot cannot be sized. This clears itself the moment a scene is on screen - R54 saw 20 seconds, R56 saw 35, both from a menu. If it NEVER clears, the tap did not load: check the [R53] TECHNIQUE LANE line for TAP = ON, and the compile lines for mgpu_depth_tap.fx.
23:47:34:946 [20916] | INFO  | [MGPU Bridge] [MGPU][R101] CALIBRATOR mode=2 site=data-scan | slots=33 data-slots=2 modules=137 gpa-calls=154 | resolved=2 creates=1 sr-handle=known | evaluates=60 captured=60 | cost 69 ns/frame | eval-copies=57 eval-skips=3. || THE GAME'S OWN TABLE: color=0x2449e30eff0 depth=0x2449b598ec0 MVEC=0x2449e310310 output=0x2449e30e660 | MVecScale 1.0000,1.0000 | jitter -0.3750,-0.0556 | Reset=0 | CreateFlags=0x49 -> DepthInverted=1 MVLowRes=0 MVJittered=0 IsHDR=1 AutoExposure=1 | quality=2 | render 1664x918 -> display 2560x1411 | dynamic 0x0..0x0 | subrect 1664x918 at color(0,0) depth(0,0) MV(0,0) out(0,0) | have=0xfff. || HOW TO READ IT. resolved=0 with evaluates=0 means no module asked for the entry point after we installed - either the title does not use DLSS, or it resolved before the addon loaded; the barrier path is untouched either way and is still what drives. sr-handle=UNFILTERED means we were not present for CreateFeature, so the table may be from frame generation rather than super sampling - check that render/display extents look like a supersampling pair before trusting it. MVEC here is the GAME'S answer to the question every round from R70 to R100 tried to infer; if it does not equal the handle the barrier probe armed on Dragon Sword, the probe was wrong on a title we believed, and THAT is the finding. have=0 bits name the keys this producer does not populate - Streamline and the raw SDK do not set the same subset, and the difference is a fact about the route, not a bug. MVLowRes IS DEFERRED OPTION 11 ANSWERED: 1 means the game's motion vectors are at RENDER resolution, 0 means display resolution, and we have been inferring that from buffer sizes since R83. Read it together with MVecScale - a low-res field with a display-sized scale is the shape that makes reprojection look almost right.
23:47:36:346 [20916] | INFO  | [MGPU Bridge] [MGPU][P9.1] META SRC mvec lane: 1 candidate(s), 11 ns/frame over 2826 frames. R72: RANKED AND SORTED BY RTV BINDS - how often each is RENDERED INTO, which is a per-frame usage signal. srvs is kept alongside as the old created over the resource. THIS DOES NOT IDENTIFY MOTION VECTORS - nothing in ReShade says which one they are - it says whether an MVec-shaped resource is visible from a subscriber at all. An empty list with a non-zero examined count is the result that says the NGX hook has to be earned or abandoned. root-descriptor SRV pushes=0 (zero here with a non-zero SRV count above means this engine binds through descriptor TABLES and push_descriptors is blind in it - a fact about the engine, not a fault). | #0 2560x1411 R16G16_FLOAT srvs=2 RTVBINDS=0 (0.00/frame) <-DISPLAY-EXTENT
23:47:36:346 [20916] | INFO  | [MGPU Bridge] [MGPU][R71] MVEC SIZES over ALL 1 candidate(s): 2560x1411 x1 | || TRANSPORT SOURCE res=0x2449e310310 (0 means not identified yet - it needs a display-extent candidate with render-target binds), handed to the transport 182 times, 0 second-binds-in-a-frame skipped. || EVICTIONS: 0 resources destroyed and removed from the tables (R76 - a resolution change destroys every render target, and a stale entry is a copy from freed memory). RTV BINDS SEEN IN TOTAL: 0. THE RANK ABOVE IS NOW RENDER TARGET BINDS, NOT SRV CREATIONS. R25 ranked by SRVs created, got 6/5/3/3, and called it "a candidate, not an identification" - that flatness was the SIGNAL being wrong, not the game. An SRV creation count is a LIFETIME number; a velocity buffer is RENDERED INTO once per frame, and RTVBINDS is that. THE EXTENT TO MATCH IS THE DISPLAY EXTENT 2560x1411, not the render extent: the game's own DLSS telemetry says ColorExtentHeight=936 with MVExtentWidth=2560 MVExtentHeight=1440, so this title feeds HIGH-RESOLUTION motion vectors. A single candidate marked <-DISPLAY-EXTENT with RTVBINDS close to the frame count is the velocity buffer. RTV BINDS SEEN = 0 with candidates present means THIS EVENT did not see it, and says nothing whatever about the other two. R81 retracted the sentence that used to sit here - it named optical flow and NGX hooking as the routes left, before anyone had read the event list. RE
23:47:36:346 [20916] | INFO  | [MGPU Bridge] [MGPU][R82] ACQUISITION SIGNALS - three of them, one run. || RTV VIEW TABLE: 0 of 128 entries. THAT IS THE DENOMINATOR R80 COULD NOT SEE - a bind count of zero against an empty table means nothing at all. || OMSetRenderTargets: fired=0 rtvs=0 | matched via OUR TABLE=0 | matched via get_resource_from_view=0 || BeginRenderPass: fired=0 targets=0 matched=0 || Barrier: fired=21086 resources=41617 matched=1482, costing 386 ns/frame || #0 2560x1411 rtv=0 rp=0 bar=1482(0x40->0x8) | || HOW TO READ IT. via TABLE=0 while via get_resource_from_view is non-zero: the table was the whole bug and R76 through R81 were spent on a cache we never needed. BeginRenderPass fired while OMSetRenderTargets did not: this engine uses render passes and we were subscribed to the wrong event. Barrier matched with a per-frame count near the frame count: use THAT permanently - it needs no view, no table and no binding-path assumption, and 0x4->0xC0 (render_target -> shader_resource) is the moment AFTER the pass wrote, which is the correct moment to copy and is one the bind events cannot offer. NOTE THE STALENESS R78 DID NOT STATE: both bind events fire BEFORE the pass runs, so a copy taken there carries the PREVIOUS frame's vectors. All three silent with candidates present is the only reading that makes optical flow or NGX hooking the honest next step. Two of the barriers per frame on the published source are OURS.
23:47:37:675 [20916] | INFO  | Redirecting ID3D12Device::CreateCommandQueue(this = 000002419A4C1210, pDesc = 000000F474EBDDA8, riid = {0EC870A6-5D7E-4C22-8CFC-5BAAE07616ED}, ppCommandQueue = 00007FFDE923E338) ...
23:47:37:675 [20916] | INFO  | > Dumping command queue description:
23:47:37:675 [20916] | INFO  |   +-----------------------------------------+-----------------------------------------+
23:47:37:675 [20916] | INFO  |   | Parameter                               | Value                                   |
23:47:37:675 [20916] | INFO  |   +-----------------------------------------+-----------------------------------------+
23:47:37:676 [20916] | INFO  |   | Type                                    | 0                                       |
23:47:37:676 [20916] | INFO  |   | Priority                                | 0                                       |
23:47:37:676 [20916] | INFO  |   | Flags                                   | 0                                       |
23:47:37:676 [20916] | INFO  |   | NodeMask                                | 0                                       |
23:47:37:676 [20916] | INFO  |   +-----------------------------------------+-----------------------------------------+
23:47:37:700 [20916] | INFO  | [MGPU Bridge] [MGPU][P2.2] GPU timestamps on GPU 1: query heap + GetTimestampFrequency hr=0x00000000 freq=1000000000 ticks/s -> ON. These are GPU time, not wall-clock; no cross-adapter clock is involved.
23:47:37:700 [20916] | INFO  | Redirecting ID3D12Device::CreateCommandQueue(this = 000002419A4C1210, pDesc = 000000F474EBDDA8, riid = {0EC870A6-5D7E-4C22-8CFC-5BAAE07616ED}, ppCommandQueue = 00007FFDE923E370) ...
23:47:37:700 [20916] | INFO  | > Dumping command queue description:
23:47:37:700 [20916] | INFO  |   +-----------------------------------------+-----------------------------------------+
23:47:37:700 [20916] | INFO  |   | Parameter                               | Value                                   |
23:47:37:700 [20916] | INFO  |   +-----------------------------------------+-----------------------------------------+
23:47:37:700 [20916] | INFO  |   | Type                                    | 3                                       |
23:47:37:701 [20916] | INFO  |   | Priority                                | 0                                       |
23:47:37:701 [20916] | INFO  |   | Flags                                   | 0                                       |
23:47:37:701 [20916] | INFO  |   | NodeMask                                | 0                                       |
23:47:37:701 [20916] | INFO  |   +-----------------------------------------+-----------------------------------------+
23:47:37:707 [20916] | INFO  | [MGPU Bridge] [MGPU][R26] COPY QUEUE UP on GPU 1, MODE 2 (GPU-gated arrival, R28-B): TYPE_COPY queue + 2 allocators + 2 lists + a copy fence. Timestamps hr=0x00000000 freq=1000000000 ticks/s -> ON. THIS CLOCK IS NOT THE DIRECT QUEUE's (1000000000 ticks/s) and the two are never mixed; the P2.2 unpack bracket on the direct queue goes to roughly zero in this mode BY CONSTRUCTION, because the copy is no longer on that queue - it is not a saving until the R26 line in the summary says the copies actually overlapped.
23:47:37:707 [20916] | INFO  | [MGPU Bridge] [MGPU][P4.0] stream arm hr=0x00000000 source=2560x1411 fmt=24 rowPitch=10240 payload=14448640 slot=43346432 ring=6 heap=260112384 bytes. The heap is created on the GAME's device: its command list can only reference resources from the device that made it. | DEPTH mode=1 (TRANSPORTED AND BOUND) 2560x1411 fmt=41 pitch=10240 bytes=14448640 at slot offset 14449152, held 58 frame(s) waiting for ReShade to bind depth. Seal v3, 192 bytes. The depth region is sized from the RESOURCE at arm time, never written down: R30's 1664x936 was true of one resolution and R60 moved the source to output resolution anyway.
23:47:37:707 [20916] | INFO  | [MGPU Bridge] [MGPU][R78] MVEC ARM: mode=3 REAL, region 2560x1411 fmt=34 pitch=10240 bytes=14448640 at slot offset 28897792 of 43346432, held 2600 frame(s) waiting for the probe. THE COST IS ON THIS LINE: 14448640 bytes per frame added to the bus on top of colour and depth. The velocity target is at the DISPLAY extent on this title while colour renders at ~65% of it, so this region is LARGER than the colour payload (14448640 bytes) - that is the engine's choice and not a mistake in the sizing. If frametime moves in this run and MVec=0 is clean, the bus is where to look first.
23:47:37:722 [21764] | INFO  | [MGPU Bridge] [MGPU][P4.1] using the PRIVATE NR snippet at C:\Games\DragonSword - Awakening\DS\Binaries\Win64\mgpu\nvngx_dlssnr.dll - this module instance is ours alone, so the Init below is the FIRST one it has seen and NGX binds to the adapter we pass.
23:47:37:723 [21764] | INFO  | [MGPU Bridge] [MGPU][P4.1] Init: result=0xBAD0000C (FAIL_OutOfDate)
23:47:37:851 [21764] | INFO  | Redirecting CreateDXGIFactory1(riid = {7B7166EC-21C7-44AE-B21A-C9AE321AE369}, ppFactory = 000000F40742C2C0) ...
23:47:37:866 [21764] | INFO  | [MGPU Bridge] [MGPU][P9.0] TITLE PROFILE exe="DSClient-Win64-Shipping.exe" source=2560x1411 dxgi=24 nr_tex=24 in_tex=24 | game(24):rtv=1 uavstore=1 uavload=1 | rgba16f(10):rtv=1 uavstore=1 uavload=1 | rg32f(16):rtv=1 uavstore=1 uavload=1 | bound: Color=yes Output=yes MVec=synthetic Depth=no. Depth has never been bound on the stream path and MVec only as a control field - two of the four buffers Streamline registers as required. Grep P9.0 across titles for the format table.
23:47:37:867 [21764] | INFO  | [MGPU Bridge] [MGPU][P4.1] arm step 1: resetting the arm command allocator and list
23:47:37:867 [21764] | INFO  | [MGPU Bridge] [MGPU][P4.1] arm step 2: list open hr=0x00000000
23:47:37:867 [21764] | INFO  | [MGPU Bridge] [MGPU][V43] writing ArmCrashed=1 before entering NGX. If this launch dies in CreateFeature the key stays set and the next launch runs without NGX to clear the residue.
23:47:37:868 [21764] | INFO  | [MGPU Bridge] [MGPU][P7.2] mgpu.ini written: ArmCrashed=1 (replaced in place). THIS DOES NOT CHANGE THE RUNNING SESSION - the key is read at arm, so it takes effect on the next launch.
23:47:37:868 [21764] | INFO  | [MGPU Bridge] [MGPU][P4.1] arm step 3.1: entering CreateFeature(Reserved18) 2560x1411 - IF THIS IS THE LAST LINE, IT DIED INSIDE NGX
23:47:38:117 [21764] | INFO  | [MGPU Bridge] [MGPU][P4.1] CreateFeature(Reserved18) handle 1/2 2560x1411 fmt=24: result=0x00000001 (Success) handle=0x000002449DA30FC0 elapsed=250ms
23:47:38:118 [21764] | INFO  | [MGPU Bridge] [MGPU][P4.1] arm step 3.2: entering CreateFeature(Reserved18) 2560x1411 - IF THIS IS THE LAST LINE, IT DIED INSIDE NGX
23:47:38:223 [21764] | INFO  | [MGPU Bridge] [MGPU][P4.1] CreateFeature(Reserved18) handle 2/2 2560x1411 fmt=24: result=0x00000001 (Success) handle=0x0000024513653640 elapsed=105ms
23:47:38:223 [21764] | INFO  | [MGPU Bridge] [MGPU][V43] CreateFeature returned - clearing ArmCrashed.
23:47:38:225 [21764] | INFO  | [MGPU Bridge] [MGPU][P7.2] mgpu.ini written: ArmCrashed=0 (replaced in place). THIS DOES NOT CHANGE THE RUNNING SESSION - the key is read at arm, so it takes effect on the next launch.
23:47:38:225 [21764] | INFO  | [MGPU Bridge] [MGPU][P4.1] arm step 4: closing the init list
23:47:38:225 [21764] | INFO  | [MGPU Bridge] [MGPU][P4.1] arm step 5: executing the init list and waiting on its fence
23:47:38:241 [21764] | INFO  | [MGPU Bridge] [MGPU][C2-SR] motion vectors are at the DISPLAY extent (2560x1411), which is what MVLowRes=0 means, so the flag stays OFF and MV_Scale is untouched. This is the DLAA / native-render case: the game is not upscaling, so its vectors cover the whole frame. R is ours from SRScale and the vectors are read as covering D, which is the truth.
23:47:38:242 [21764] | WARN  | [MGPU Bridge] [MGPU][C2-SR] THIS IS THE DLAA CASE. The game renders at native, so its render extent IS the display extent and there is nothing for SR to enlarge. SET SRScale - 50 or 67 - and R becomes ours to choose instead of inherited, which is what makes DLAA work: NR runs small and SR puts it back. That path needs the corrected MV scale and it is newer than the rest, so treat it as experimental.
23:47:38:242 [21764] | WARN  | [MGPU Bridge] [MGPU][C2-SR] render extent 2560x1411 is not SMALLER than the display extent 2560x1411, so there is nothing to upscale and nothing to save. SRUpscale off. This is what DLAA or a native-resolution preset looks like from here.
23:47:38:242 [21764] | INFO  | [MGPU Bridge] [MGPU][P7.1] resizing the present window - draining GPU 1. The producer is NOT paused, so expect one burst of DROPPED / REORDERED / STALE seals across the next few frames. That is this resize, not the transport; frames after it return to gap=1 OK.
23:47:38:243 [21764] | INFO  | Redirecting IDXGISwapChain::ResizeBuffers(this = 00000243FC987510, BufferCount = 2, Width = 2560, Height = 1411, NewFormat = 24, SwapChainFlags = 0) ...
23:47:38:246 [21764] | INFO  | Destroyed runtime environment on runtime 00000243FC9884E0 ('C:\Games\DragonSword - Awakening\DS\Binaries\Win64\ReShade2.ini').
23:47:38:254 [21764] | INFO  | [MGPU Bridge] [MGPU][T2] init_swapchain (resize) luid=0x00000000-0x00015621 - swapchain-derived game luid 0x00000000-0x00013FE8 already established; not re-selecting
23:47:38:257 [21764] | INFO  | Recreated runtime environment on runtime 00000243FC9884E0 ('C:\Games\DragonSword - Awakening\DS\Binaries\Win64\ReShade2.ini').
23:47:38:257 [21764] | INFO  | [MGPU Bridge] [MGPU][P7.3] present chain resized: mode=fit source=2560x1411 fmt=24 -> window 2560x1440 at (-2560,-174), swapchain 2560x1411 fmt=24, monitor 2560x1440 at (-2560,-174). DXGI SCALES on presentation - the copy into the backbuffer is still 1:1 and nothing in this add-on resamples, but what reaches the panel has been stretched by the compositor. Say so in any capture.
23:47:38:258 [21764] | INFO  | [MGPU Bridge] [MGPU][R105] MVecScale NOW READ, NOT TYPED: ini said 1.0000,1.0000 - the game says 1.0000,1.0000 (MVLowRes=0). If those differ, the ini was wrong and this is the fix; the ini value is still what gets used on any title where the calibrator does not resolve.
23:47:38:282 [21764] | INFO  | [MGPU Bridge] [MGPU][R63] DEPTH TRANSPORT f=1 mode=1 (TRANSPORTED AND BOUND) | producer: valid=7 invalid=0 size-rejected=0, arm held 58 frame(s) | consumer: seals seen valid=1 invalid=0 contract mismatches=0 | region 2560x1411 fmt=41 pitch=10240 bytes=14448640 at slot offset 14449152 of 43346432. INVALID IS NOT AN ERROR: ReShade unbinds depth in menus and scene changes, and R61 established that shipping the zeros it leaves behind would hand the model a false flat plane. An invalid frame carries the colour and says so. WHAT WOULD BE AN ERROR is contract mismatches above zero, or valid staying at zero once you are in gameplay - that means the tap is not feeding us. 100.0% of sealed frames carried depth. | GPU 1: unpacked=2 bound=1 skipped=0, DepthInverted=1, flag disagreements=0 (the seal crossed the adapter and the slot flag did not, so any disagreement between them is real). BOUND vs SKIPPED IS THE R61 TEST: skipped counts frames where ReShade had no depth and the model was given NONE rather than the previous frame's - open a menu mid-stream and this must move.
23:47:38:282 [21764] | INFO  | [MGPU Bridge] [MGPU][R78] MVEC TRANSPORT f=1 mode=3 REAL | producer: copies=8 missing=0 size-rejected=0 lock-skipped=0, arm held 2600 frame(s) | consumer: seals seen valid=1 invalid=0 contract mismatches=0 flag disagreements=0 | region 2560x1411 fmt=34 pitch=10240 bytes=14448640 at slot offset 28897792 of 43346432 | GPU 1: unpacked=2 bound=1 skipped=0, scale=(1.000, 1.000). 100.0% of sealed frames carried vectors. COPIES IS THE ONE TO WATCH: it counts frames where the bind hook fired and a copy was recorded. If it stays at zero the probe published a handle nobody binds, and MVec never reaches the model whatever the rest of this line says. SKIPPED IS NOT AN ERROR - it counts frames with no vectors, which is what a menu looks like, and those frames are handed NONE rather than the last frame's motion.
23:47:38:282 [21764] | INFO  | [MGPU Bridge] [MGPU][R87] MVEC FRAME ALIGNMENT f=1 | evaluates=1 | elapsed 1=1 2=0 3=0 4=0 5=0 6=0 7=0 8+=0 | worst=1 | 100.00% at 1. A motion vector describes ONE game frame; NR reprojects by whatever it is handed. When the frame NR blends against is older than one, history lands SHORT by this factor - zero error at rest, growing with speed, and no constant MVecScale can fix it. The scale is multiplied by this per evaluate. IF THIS LINE IS FLAT AT 1 AND THE ARTEFACT IS UNCHANGED, PACING IS ELIMINATED and what remains is units or sign. P4.1's skipped-frame counter predicts about 99.5% at 1, so a materially lower figure here is a desync no counter has shown us.
23:47:38:282 [21764] | INFO  | [MGPU Bridge] [MGPU][P5.0] the bridge window is now showing the NEURAL OUTPUT - every pixel on screen is a pixel DLSS-NR produced on the second adapter - THE WHOLE of the 2560x1411 frame at 2560x1411, one CopyTextureRegion, no resampling in this add-on. The cycling colour returns when the stream ends.
23:47:38:285 [24820] | INFO  | Successfully compiled 'C:\Games\DragonSword - Awakening\DS\Binaries\Win64\reshade-shaders\Shaders\Daltonize.fx' in 0.001000 s.
23:47:38:286 [22004] | INFO  | Successfully compiled 'C:\Games\DragonSword - Awakening\DS\Binaries\Win64\reshade-shaders\Shaders\LUT.fx' in 0.001000 s.
23:47:38:286 [10136] | INFO  | Successfully compiled 'C:\Games\DragonSword - Awakening\DS\Binaries\Win64\reshade-shaders\Shaders\Deband.fx' in 0.001000 s.
23:47:38:286 [18796] | INFO  | Successfully compiled 'C:\Games\DragonSword - Awakening\DS\Binaries\Win64\reshade-shaders\Shaders\mgpu_depth_tap.fx' in 0.001000 s.
23:47:38:286 [11784] | INFO  | Successfully compiled 'C:\Games\DragonSword - Awakening\DS\Binaries\Win64\reshade-shaders\Shaders\DisplayDepth.fx' in 0.001000 s.
23:47:38:286 [19992] | INFO  | Successfully compiled 'C:\Games\DragonSword - Awakening\DS\Binaries\Win64\reshade-shaders\Shaders\UIMask.fx' in 0.001000 s.
23:47:38:838 [20916] | INFO  | [MGPU Bridge] [MGPU][R101] CALIBRATOR mode=2 site=data-scan | slots=33 data-slots=2 modules=137 gpa-calls=167 | resolved=2 creates=1 sr-handle=known | evaluates=360 captured=360 | cost 384 ns/frame | eval-copies=357 eval-skips=3. || THE GAME'S OWN TABLE: color=0x2449e30eff0 depth=0x2449b598ec0 MVEC=0x2449e310310 output=0x2449e30e660 | MVecScale 1.0000,1.0000 | jitter 0.2812,-0.0926 | Reset=0 | CreateFlags=0x49 -> DepthInverted=1 MVLowRes=0 MVJittered=0 IsHDR=1 AutoExposure=1 | quality=2 | render 1664x918 -> display 2560x1411 | dynamic 0x0..0x0 | subrect 1664x918 at color(0,0) depth(0,0) MV(0,0) out(0,0) | have=0xfff. || HOW TO READ IT. resolved=0 with evaluates=0 means no module asked for the entry point after we installed - either the title does not use DLSS, or it resolved before the addon loaded; the barrier path is untouched either way and is still what drives. sr-handle=UNFILTERED means we were not present for CreateFeature, so the table may be from frame generation rather than super sampling - check that render/display extents look like a supersampling pair before trusting it. MVEC here is the GAME'S answer to the question every round from R70 to R100 tried to infer; if it does not equal the handle the barrier probe armed on Dragon Sword, the probe was wrong on a title we believed, and THAT is the finding. have=0 bits name the keys this producer does not populate - Streamline and the raw SDK do not set the same subset, and the difference is a fact about the route, not a bug. MVLowRes IS DEFERRED OPTION 11 ANSWERED: 1 means the game's motion vectors are at RENDER resolution, 0 means display resolution, and we have been inferring that from buffer sizes since R83. Read it together with MVecScale - a low-res field with a display-sized scale is the shape that makes reprojection look almost right.
23:47:38:889 [21764] | INFO  | [MGPU Bridge] [MGPU][SEAL] new f=61 slot=0 gap=1 lat=28.40ms pitch=10240 fmt=24 bytes=14448640 bc=0(unimplemented) OK
23:47:39:350 [20916] | INFO  | [MGPU Bridge] [MGPU][P9.1] META SRC mvec lane: 1 candidate(s), 10 ns/frame over 3046 frames. R72: RANKED AND SORTED BY RTV BINDS - how often each is RENDERED INTO, which is a per-frame usage signal. srvs is kept alongside as the old created over the resource. THIS DOES NOT IDENTIFY MOTION VECTORS - nothing in ReShade says which one they are - it says whether an MVec-shaped resource is visible from a subscriber at all. An empty list with a non-zero examined count is the result that says the NGX hook has to be earned or abandoned. root-descriptor SRV pushes=0 (zero here with a non-zero SRV count above means this engine binds through descriptor TABLES and push_descriptors is blind in it - a fact about the engine, not a fault). | #0 2560x1411 R16G16_FLOAT srvs=2 RTVBINDS=0 (0.00/frame) <-DISPLAY-EXTENT
23:47:39:350 [20916] | INFO  | [MGPU Bridge] [MGPU][R71] MVEC SIZES over ALL 1 candidate(s): 2560x1411 x1 | || TRANSPORT SOURCE res=0x2449e310310 (0 means not identified yet - it needs a display-extent candidate with render-target binds), handed to the transport 402 times, 0 second-binds-in-a-frame skipped. || EVICTIONS: 0 resources destroyed and removed from the tables (R76 - a resolution change destroys every render target, and a stale entry is a copy from freed memory). RTV BINDS SEEN IN TOTAL: 0. THE RANK ABOVE IS NOW RENDER TARGET BINDS, NOT SRV CREATIONS. R25 ranked by SRVs created, got 6/5/3/3, and called it "a candidate, not an identification" - that flatness was the SIGNAL being wrong, not the game. An SRV creation count is a LIFETIME number; a velocity buffer is RENDERED INTO once per frame, and RTVBINDS is that. THE EXTENT TO MATCH IS THE DISPLAY EXTENT 2560x1411, not the render extent: the game's own DLSS telemetry says ColorExtentHeight=936 with MVExtentWidth=2560 MVExtentHeight=1440, so this title feeds HIGH-RESOLUTION motion vectors. A single candidate marked <-DISPLAY-EXTENT with RTVBINDS close to the frame count is the velocity buffer. RTV BINDS SEEN = 0 with candidates present means THIS EVENT did not see it, and says nothing whatever about the other two. R81 retracted the sentence that used to sit here - it named optical flow and NGX hooking as the routes left, before anyone had read the event list. RE
23:47:39:351 [20916] | INFO  | [MGPU Bridge] [MGPU][R82] ACQUISITION SIGNALS - three of them, one run. || RTV VIEW TABLE: 0 of 128 entries. THAT IS THE DENOMINATOR R80 COULD NOT SEE - a bind count of zero against an empty table means nothing at all. || OMSetRenderTargets: fired=0 rtvs=0 | matched via OUR TABLE=0 | matched via get_resource_from_view=0 || BeginRenderPass: fired=0 targets=0 matched=0 || Barrier: fired=48076 resources=91535 matched=3242, costing 888 ns/frame || #0 2560x1411 rtv=0 rp=0 bar=3242(0x40->0x8) | || HOW TO READ IT. via TABLE=0 while via get_resource_from_view is non-zero: the table was the whole bug and R76 through R81 were spent on a cache we never needed. BeginRenderPass fired while OMSetRenderTargets did not: this engine uses render passes and we were subscribed to the wrong event. Barrier matched with a per-frame count near the frame count: use THAT permanently - it needs no view, no table and no binding-path assumption, and 0x4->0xC0 (render_target -> shader_resource) is the moment AFTER the pass wrote, which is the correct moment to copy and is one the bind events cannot offer. NOTE THE STALENESS R78 DID NOT STATE: both bind events fire BEFORE the pass runs, so a copy taken there carries the PREVIOUS frame's vectors. All three silent with candidates present is the only reading that makes optical flow or NGX hooking the honest next step. Two of the barriers per frame on the published source are OURS.
23:47:39:582 [21764] | INFO  | [MGPU Bridge] [MGPU][SEAL] new f=122 slot=1 gap=1 lat=43.59ms pitch=10240 fmt=24 bytes=14448640 bc=0(unimplemented) OK
23:47:40:258 [21764] | INFO  | [MGPU Bridge] [MGPU][SEAL] new f=183 slot=2 gap=1 lat=42.06ms pitch=10240 fmt=24 bytes=14448640 bc=0(unimplemented) OK
23:47:40:808 [21764] | INFO  | [MGPU Bridge] [MGPU][T5] present loop alive: frame 1800 thread id 0x5504
23:47:40:922 [21764] | INFO  | [MGPU Bridge] [MGPU][SEAL] new f=244 slot=3 gap=1 lat=28.37ms pitch=10240 fmt=24 bytes=14448640 bc=0(unimplemented) OK
23:47:41:560 [21764] | INFO  | [MGPU Bridge] [MGPU][R63] DEPTH TRANSPORT f=301 mode=1 (TRANSPORTED AND BOUND) | producer: valid=303 invalid=0 size-rejected=0, arm held 58 frame(s) | consumer: seals seen valid=301 invalid=0 contract mismatches=0 | region 2560x1411 fmt=41 pitch=10240 bytes=14448640 at slot offset 14449152 of 43346432. INVALID IS NOT AN ERROR: ReShade unbinds depth in menus and scene changes, and R61 established that shipping the zeros it leaves behind would hand the model a false flat plane. An invalid frame carries the colour and says so. WHAT WOULD BE AN ERROR is contract mismatches above zero, or valid staying at zero once you are in gameplay - that means the tap is not feeding us. 100.0% of sealed frames carried depth. | GPU 1: unpacked=296 bound=170 skipped=0, DepthInverted=1, flag disagreements=0 (the seal crossed the adapter and the slot flag did not, so any disagreement between them is real). BOUND vs SKIPPED IS THE R61 TEST: skipped counts frames where ReShade had no depth and the model was given NONE rather than the previous frame's - open a menu mid-stream and this must move.
23:47:41:561 [21764] | INFO  | [MGPU Bridge] [MGPU][R78] MVEC TRANSPORT f=301 mode=3 REAL | producer: copies=304 missing=0 size-rejected=0 lock-skipped=0, arm held 2600 frame(s) | consumer: seals seen valid=301 invalid=0 contract mismatches=0 flag disagreements=3 | region 2560x1411 fmt=34 pitch=10240 bytes=14448640 at slot offset 28897792 of 43346432 | GPU 1: unpacked=296 bound=170 skipped=0, scale=(1.000, 1.000). 100.0% of sealed frames carried vectors. COPIES IS THE ONE TO WATCH: it counts frames where the bind hook fired and a copy was recorded. If it stays at zero the probe published a handle nobody binds, and MVec never reaches the model whatever the rest of this line says. SKIPPED IS NOT AN ERROR - it counts frames with no vectors, which is what a menu looks like, and those frames are handed NONE rather than the last frame's motion.
23:47:41:561 [21764] | INFO  | [MGPU Bridge] [MGPU][R87] MVEC FRAME ALIGNMENT f=301 | evaluates=170 | elapsed 1=45 2=122 3=2 4=0 5=1 6=0 7=0 8+=0 | worst=5 | 26.47% at 1. A motion vector describes ONE game frame; NR reprojects by whatever it is handed. When the frame NR blends against is older than one, history lands SHORT by this factor - zero error at rest, growing with speed, and no constant MVecScale can fix it. The scale is multiplied by this per evaluate. IF THIS LINE IS FLAT AT 1 AND THE ARTEFACT IS UNCHANGED, PACING IS ELIMINATED and what remains is units or sign. P4.1's skipped-frame counter predicts about 99.5% at 1, so a materially lower figure here is a desync no counter has shown us.
23:47:41:600 [21764] | INFO  | [MGPU Bridge] [MGPU][SEAL] new f=305 slot=4 gap=1 lat=28.28ms pitch=10240 fmt=24 bytes=14448640 bc=0(unimplemented) OK
23:47:42:357 [20916] | INFO  | [MGPU Bridge] [MGPU][P9.1] META SRC mvec lane: 1 candidate(s), 9 ns/frame over 3299 frames. R72: RANKED AND SORTED BY RTV BINDS - how often each is RENDERED INTO, which is a per-frame usage signal. srvs is kept alongside as the old created over the resource. THIS DOES NOT IDENTIFY MOTION VECTORS - nothing in ReShade says which one they are - it says whether an MVec-shaped resource is visible from a subscriber at all. An empty list with a non-zero examined count is the result that says the NGX hook has to be earned or abandoned. root-descriptor SRV pushes=0 (zero here with a non-zero SRV count above means this engine binds through descriptor TABLES and push_descriptors is blind in it - a fact about the engine, not a fault). | #0 2560x1411 R16G16_FLOAT srvs=2 RTVBINDS=0 (0.00/frame) <-DISPLAY-EXTENT
23:47:42:358 [20916] | INFO  | [MGPU Bridge] [MGPU][R71] MVEC SIZES over ALL 1 candidate(s): 2560x1411 x1 | || TRANSPORT SOURCE res=0x2449e310310 (0 means not identified yet - it needs a display-extent candidate with render-target binds), handed to the transport 655 times, 0 second-binds-in-a-frame skipped. || EVICTIONS: 0 resources destroyed and removed from the tables (R76 - a resolution change destroys every render target, and a stale entry is a copy from freed memory). RTV BINDS SEEN IN TOTAL: 0. THE RANK ABOVE IS NOW RENDER TARGET BINDS, NOT SRV CREATIONS. R25 ranked by SRVs created, got 6/5/3/3, and called it "a candidate, not an identification" - that flatness was the SIGNAL being wrong, not the game. An SRV creation count is a LIFETIME number; a velocity buffer is RENDERED INTO once per frame, and RTVBINDS is that. THE EXTENT TO MATCH IS THE DISPLAY EXTENT 2560x1411, not the render extent: the game's own DLSS telemetry says ColorExtentHeight=936 with MVExtentWidth=2560 MVExtentHeight=1440, so this title feeds HIGH-RESOLUTION motion vectors. A single candidate marked <-DISPLAY-EXTENT with RTVBINDS close to the frame count is the velocity buffer. RTV BINDS SEEN = 0 with candidates present means THIS EVENT did not see it, and says nothing whatever about the other two. R81 retracted the sentence that used to sit here - it named optical flow and NGX hooking as the routes left, before anyone had read the event list. RE
23:47:42:358 [20916] | INFO  | [MGPU Bridge] [MGPU][R82] ACQUISITION SIGNALS - three of them, one run. || RTV VIEW TABLE: 0 of 128 entries. THAT IS THE DENOMINATOR R80 COULD NOT SEE - a bind count of zero against an empty table means nothing at all. || OMSetRenderTargets: fired=0 rtvs=0 | matched via OUR TABLE=0 | matched via get_resource_from_view=0 || BeginRenderPass: fired=0 targets=0 matched=0 || Barrier: fired=81138 resources=149284 matched=5266, costing 1497 ns/frame || #0 2560x1411 rtv=0 rp=0 bar=5266(0x40->0x8) | || HOW TO READ IT. via TABLE=0 while via get_resource_from_view is non-zero: the table was the whole bug and R76 through R81 were spent on a cache we never needed. BeginRenderPass fired while OMSetRenderTargets did not: this engine uses render passes and we were subscribed to the wrong event. Barrier matched with a per-frame count near the frame count: use THAT permanently - it needs no view, no table and no binding-path assumption, and 0x4->0xC0 (render_target -> shader_resource) is the moment AFTER the pass wrote, which is the correct moment to copy and is one the bind events cannot offer. NOTE THE STALENESS R78 DID NOT STATE: both bind events fire BEFORE the pass runs, so a copy taken there carries the PREVIOUS frame's vectors. All three silent with candidates present is the only reading that makes optical flow or NGX hooking the honest next step. Two of the barriers per frame on the published source are OURS.
23:47:42:368 [20916] | INFO  | [MGPU Bridge] [MGPU][R101] CALIBRATOR mode=2 site=data-scan | slots=33 data-slots=2 modules=137 gpa-calls=168 | resolved=2 creates=1 sr-handle=known | evaluates=660 captured=660 | cost 629 ns/frame | eval-copies=657 eval-skips=3. || THE GAME'S OWN TABLE: color=0x2449e30eff0 depth=0x2449b598ec0 MVEC=0x2449e310310 output=0x2449e30e660 | MVecScale 1.0000,1.0000 | jitter 0.4375,-0.2407 | Reset=0 | CreateFlags=0x49 -> DepthInverted=1 MVLowRes=0 MVJittered=0 IsHDR=1 AutoExposure=1 | quality=2 | render 1664x918 -> display 2560x1411 | dynamic 0x0..0x0 | subrect 1664x918 at color(0,0) depth(0,0) MV(0,0) out(0,0) | have=0xfff. || HOW TO READ IT. resolved=0 with evaluates=0 means no module asked for the entry point after we installed - either the title does not use DLSS, or it resolved before the addon loaded; the barrier path is untouched either way and is still what drives. sr-handle=UNFILTERED means we were not present for CreateFeature, so the table may be from frame generation rather than super sampling - check that render/display extents look like a supersampling pair before trusting it. MVEC here is the GAME'S answer to the question every round from R70 to R100 tried to infer; if it does not equal the handle the barrier probe armed on Dragon Sword, the probe was wrong on a title we believed, and THAT is the finding. have=0 bits name the keys this producer does not populate - Streamline and the raw SDK do not set the same subset, and the difference is a fact about the route, not a bug. MVLowRes IS DEFERRED OPTION 11 ANSWERED: 1 means the game's motion vectors are at RENDER resolution, 0 means display resolution, and we have been inferring that from buffer sizes since R83. Read it together with MVecScale - a low-res field with a display-sized scale is the shape that makes reprojection look almost right.
23:47:42:478 [21764] | INFO  | [MGPU Bridge] [MGPU][SEAL] new f=366 slot=5 gap=1 lat=32.08ms pitch=10240 fmt=24 bytes=14448640 bc=0(unimplemented) OK
23:47:43:475 [21764] | INFO  | [MGPU Bridge] [MGPU][SEAL] new f=427 slot=0 gap=1 lat=45.01ms pitch=10240 fmt=24 bytes=14448640 bc=0(unimplemented) OK
23:47:44:245 [21764] | INFO  | [MGPU Bridge] [MGPU][SEAL] new f=488 slot=1 gap=1 lat=93.92ms pitch=10240 fmt=24 bytes=14448640 bc=0(unimplemented) OK
23:47:45:368 [21764] | INFO  | [MGPU Bridge] [MGPU][SEAL] new f=549 slot=2 gap=1 lat=44.90ms pitch=10240 fmt=24 bytes=14448640 bc=0(unimplemented) OK
23:47:45:372 [20916] | INFO  | [MGPU Bridge] [MGPU][P9.1] META SRC mvec lane: 1 candidate(s), 47 ns/frame over 3493 frames. R72: RANKED AND SORTED BY RTV BINDS - how often each is RENDERED INTO, which is a per-frame usage signal. srvs is kept alongside as the old created over the resource. THIS DOES NOT IDENTIFY MOTION VECTORS - nothing in ReShade says which one they are - it says whether an MVec-shaped resource is visible from a subscriber at all. An empty list with a non-zero examined count is the result that says the NGX hook has to be earned or abandoned. root-descriptor SRV pushes=0 (zero here with a non-zero SRV count above means this engine binds through descriptor TABLES and push_descriptors is blind in it - a fact about the engine, not a fault). | #0 2560x1411 R16G16_FLOAT srvs=2 RTVBINDS=0 (0.00/frame) <-DISPLAY-EXTENT
23:47:45:372 [20916] | INFO  | [MGPU Bridge] [MGPU][R71] MVEC SIZES over ALL 1 candidate(s): 2560x1411 x1 | || TRANSPORT SOURCE res=0x2449e310310 (0 means not identified yet - it needs a display-extent candidate with render-target binds), handed to the transport 783 times, 1 second-binds-in-a-frame skipped. || EVICTIONS: 0 resources destroyed and removed from the tables (R76 - a resolution change destroys every render target, and a stale entry is a copy from freed memory). RTV BINDS SEEN IN TOTAL: 0. THE RANK ABOVE IS NOW RENDER TARGET BINDS, NOT SRV CREATIONS. R25 ranked by SRVs created, got 6/5/3/3, and called it "a candidate, not an identification" - that flatness was the SIGNAL being wrong, not the game. An SRV creation count is a LIFETIME number; a velocity buffer is RENDERED INTO once per frame, and RTVBINDS is that. THE EXTENT TO MATCH IS THE DISPLAY EXTENT 2560x1411, not the render extent: the game's own DLSS telemetry says ColorExtentHeight=936 with MVExtentWidth=2560 MVExtentHeight=1440, so this title feeds HIGH-RESOLUTION motion vectors. A single candidate marked <-DISPLAY-EXTENT with RTVBINDS close to the frame count is the velocity buffer. RTV BINDS SEEN = 0 with candidates present means THIS EVENT did not see it, and says nothing whatever about the other two. R81 retracted the sentence that used to sit here - it named optical flow and NGX hooking as the routes left, before anyone had read the event list. RE
23:47:45:372 [20916] | INFO  | [MGPU Bridge] [MGPU][R82] ACQUISITION SIGNALS - three of them, one run. || RTV VIEW TABLE: 0 of 128 entries. THAT IS THE DENOMINATOR R80 COULD NOT SEE - a bind count of zero against an empty table means nothing at all. || OMSetRenderTargets: fired=0 rtvs=0 | matched via OUR TABLE=0 | matched via get_resource_from_view=0 || BeginRenderPass: fired=0 targets=0 matched=0 || Barrier: fired=108100 resources=195834 matched=6296, costing 1865 ns/frame || #0 2560x1411 rtv=0 rp=0 bar=6296(0x40->0x8) | || HOW TO READ IT. via TABLE=0 while via get_resource_from_view is non-zero: the table was the whole bug and R76 through R81 were spent on a cache we never needed. BeginRenderPass fired while OMSetRenderTargets did not: this engine uses render passes and we were subscribed to the wrong event. Barrier matched with a per-frame count near the frame count: use THAT permanently - it needs no view, no table and no binding-path assumption, and 0x4->0xC0 (render_target -> shader_resource) is the moment AFTER the pass wrote, which is the correct moment to copy and is one the bind events cannot offer. NOTE THE STALENESS R78 DID NOT STATE: both bind events fire BEFORE the pass runs, so a copy taken there carries the PREVIOUS frame's vectors. All three silent with candidates present is the only reading that makes optical flow or NGX hooking the honest next step. Two of the barriers per frame on the published source are OURS.
23:47:46:229 [21764] | INFO  | [MGPU Bridge] [MGPU][R63] DEPTH TRANSPORT f=601 mode=1 (TRANSPORTED AND BOUND) | producer: valid=603 invalid=0 size-rejected=0, arm held 58 frame(s) | consumer: seals seen valid=601 invalid=0 contract mismatches=0 | region 2560x1411 fmt=41 pitch=10240 bytes=14448640 at slot offset 14449152 of 43346432. INVALID IS NOT AN ERROR: ReShade unbinds depth in menus and scene changes, and R61 established that shipping the zeros it leaves behind would hand the model a false flat plane. An invalid frame carries the colour and says so. WHAT WOULD BE AN ERROR is contract mismatches above zero, or valid staying at zero once you are in gameplay - that means the tap is not feeding us. 100.0% of sealed frames carried depth. | GPU 1: unpacked=595 bound=386 skipped=0, DepthInverted=1, flag disagreements=0 (the seal crossed the adapter and the slot flag did not, so any disagreement between them is real). BOUND vs SKIPPED IS THE R61 TEST: skipped counts frames where ReShade had no depth and the model was given NONE rather than the previous frame's - open a menu mid-stream and this must move.
23:47:46:229 [21764] | INFO  | [MGPU Bridge] [MGPU][R78] MVEC TRANSPORT f=601 mode=3 REAL | producer: copies=486 missing=117 size-rejected=0 lock-skipped=0, arm held 2600 frame(s) | consumer: seals seen valid=486 invalid=115 contract mismatches=0 flag disagreements=3 | region 2560x1411 fmt=34 pitch=10240 bytes=14448640 at slot offset 28897792 of 43346432 | GPU 1: unpacked=481 bound=277 skipped=109, scale=(1.000, 1.000). 80.9% of sealed frames carried vectors. COPIES IS THE ONE TO WATCH: it counts frames where the bind hook fired and a copy was recorded. If it stays at zero the probe published a handle nobody binds, and MVec never reaches the model whatever the rest of this line says. SKIPPED IS NOT AN ERROR - it counts frames with no vectors, which is what a menu looks like, and those frames are handed NONE rather than the last frame's motion.
23:47:46:230 [21764] | INFO  | [MGPU Bridge] [MGPU][R87] MVEC FRAME ALIGNMENT f=601 | evaluates=386 | elapsed 1=178 2=204 3=2 4=1 5=1 6=0 7=0 8+=0 | worst=5 | 46.11% at 1. A motion vector describes ONE game frame; NR reprojects by whatever it is handed. When the frame NR blends against is older than one, history lands SHORT by this factor - zero error at rest, growing with speed, and no constant MVecScale can fix it. The scale is multiplied by this per evaluate. IF THIS LINE IS FLAT AT 1 AND THE ARTEFACT IS UNCHANGED, PACING IS ELIMINATED and what remains is units or sign. P4.1's skipped-frame counter predicts about 99.5% at 1, so a materially lower figure here is a desync no counter has shown us.
23:47:46:381 [21764] | INFO  | [MGPU Bridge] [MGPU][SEAL] new f=610 slot=3 gap=1 lat=47.90ms pitch=10240 fmt=24 bytes=14448640 bc=0(unimplemented) OK
23:47:47:178 [20916] | INFO  | [MGPU Bridge] [MGPU][R101] CALIBRATOR mode=2 site=data-scan | slots=33 data-slots=2 modules=137 gpa-calls=168 | resolved=2 creates=1 sr-handle=known | evaluates=788 captured=788 | cost 678 ns/frame | eval-copies=784 eval-skips=4. || THE GAME'S OWN TABLE: color=0x2449e30eff0 depth=0x2449b598ec0 MVEC=0x2449e310310 output=0x2449e30e660 | MVecScale 1.0000,1.0000 | jitter -0.1875,-0.1296 | Reset=1 | CreateFlags=0x49 -> DepthInverted=1 MVLowRes=0 MVJittered=0 IsHDR=1 AutoExposure=1 | quality=2 | render 1664x918 -> display 2560x1411 | dynamic 0x0..0x0 | subrect 1664x918 at color(0,0) depth(0,0) MV(0,0) out(0,0) | have=0xfff. || HOW TO READ IT. resolved=0 with evaluates=0 means no module asked for the entry point after we installed - either the title does not use DLSS, or it resolved before the addon loaded; the barrier path is untouched either way and is still what drives. sr-handle=UNFILTERED means we were not present for CreateFeature, so the table may be from frame generation rather than super sampling - check that render/display extents look like a supersampling pair before trusting it. MVEC here is the GAME'S answer to the question every round from R70 to R100 tried to infer; if it does not equal the handle the barrier probe armed on Dragon Sword, the probe was wrong on a title we believed, and THAT is the finding. have=0 bits name the keys this producer does not populate - Streamline and the raw SDK do not set the same subset, and the difference is a fact about the route, not a bug. MVLowRes IS DEFERRED OPTION 11 ANSWERED: 1 means the game's motion vectors are at RENDER resolution, 0 means display resolution, and we have been inferring that from buffer sizes since R83. Read it together with MVecScale - a low-res field with a display-sized scale is the shape that makes reprojection look almost right.
23:47:47:415 [21764] | INFO  | [MGPU Bridge] [MGPU][SEAL] new f=671 slot=4 gap=1 lat=38.63ms pitch=10240 fmt=24 bytes=14448640 bc=0(unimplemented) OK
23:47:47:601 [21764] | ERROR | [MGPU Bridge] [MGPU][SEAL] DROPPED f=693 gap=7 (last_new=692)
23:47:47:601 [21764] | ERROR | [MGPU Bridge] [MGPU][SEAL] REORDERED f=694: seal says 694, last seen 699
23:47:47:601 [21764] | ERROR | [MGPU Bridge] [MGPU][SEAL] REORDERED f=695: seal says 695, last seen 699
23:47:47:601 [21764] | ERROR | [MGPU Bridge] [MGPU][SEAL] REORDERED f=696: seal says 696, last seen 699
23:47:47:636 [21764] | ERROR | [MGPU Bridge] [MGPU][SEAL] REORDERED f=697: seal says 697, last seen 699
23:47:48:078 [21764] | INFO  | [MGPU Bridge] [MGPU][R63] DEPTH TRANSPORT f=902 mode=1 (TRANSPORTED AND BOUND) | producer: valid=907 invalid=0 size-rejected=0, arm held 58 frame(s) | consumer: seals seen valid=742 invalid=0 contract mismatches=0 | region 2560x1411 fmt=41 pitch=10240 bytes=14448640 at slot offset 14449152 of 43346432. INVALID IS NOT AN ERROR: ReShade unbinds depth in menus and scene changes, and R61 established that shipping the zeros it leaves behind would hand the model a false flat plane. An invalid frame carries the colour and says so. WHAT WOULD BE AN ERROR is contract mismatches above zero, or valid staying at zero once you are in gameplay - that means the tap is not feeding us. 100.0% of sealed frames carried depth. | GPU 1: unpacked=703 bound=476 skipped=0, DepthInverted=1, flag disagreements=0 (the seal crossed the adapter and the slot flag did not, so any disagreement between them is real). BOUND vs SKIPPED IS THE R61 TEST: skipped counts frames where ReShade had no depth and the model was given NONE rather than the previous frame's - open a menu mid-stream and this must move.
23:47:48:078 [21764] | INFO  | [MGPU Bridge] [MGPU][R78] MVEC TRANSPORT f=902 mode=3 REAL | producer: copies=486 missing=421 size-rejected=0 lock-skipped=0, arm held 2600 frame(s) | consumer: seals seen valid=486 invalid=256 contract mismatches=0 flag disagreements=3 | region 2560x1411 fmt=34 pitch=10240 bytes=14448640 at slot offset 28897792 of 43346432 | GPU 1: unpacked=481 bound=277 skipped=199, scale=(1.000, 1.000). 65.5% of sealed frames carried vectors. COPIES IS THE ONE TO WATCH: it counts frames where the bind hook fired and a copy was recorded. If it stays at zero the probe published a handle nobody binds, and MVec never reaches the model whatever the rest of this line says. SKIPPED IS NOT AN ERROR - it counts frames with no vectors, which is what a menu looks like, and those frames are handed NONE rather than the last frame's motion.
23:47:48:079 [21764] | INFO  | [MGPU Bridge] [MGPU][R87] MVEC FRAME ALIGNMENT f=902 | evaluates=476 | elapsed 1=250 2=207 3=3 4=1 5=1 6=0 7=0 8+=14 | worst=17 | 52.52% at 1. A motion vector describes ONE game frame; NR reprojects by whatever it is handed. When the frame NR blends against is older than one, history lands SHORT by this factor - zero error at rest, growing with speed, and no constant MVecScale can fix it. The scale is multiplied by this per evaluate. IF THIS LINE IS FLAT AT 1 AND THE ARTEFACT IS UNCHANGED, PACING IS ELIMINATED and what remains is units or sign. P4.1's skipped-frame counter predicts about 99.5% at 1, so a materially lower figure here is a desync no counter has shown us.
23:47:48:200 [20916] | INFO  | [MGPU Bridge] [MGPU][R101] CALIBRATOR mode=2 site=data-scan | slots=33 data-slots=2 modules=137 gpa-calls=189 | resolved=2 creates=1 sr-handle=known | evaluates=788 captured=788 | cost 626 ns/frame | eval-copies=784 eval-skips=4. || THE GAME'S OWN TABLE: color=0x2449e30eff0 depth=0x2449b598ec0 MVEC=0x2449e310310 output=0x2449e30e660 | MVecScale 1.0000,1.0000 | jitter -0.1875,-0.1296 | Reset=1 | CreateFlags=0x49 -> DepthInverted=1 MVLowRes=0 MVJittered=0 IsHDR=1 AutoExposure=1 | quality=2 | render 1664x918 -> display 2560x1411 | dynamic 0x0..0x0 | subrect 1664x918 at color(0,0) depth(0,0) MV(0,0) out(0,0) | have=0xfff. || HOW TO READ IT. resolved=0 with evaluates=0 means no module asked for the entry point after we installed - either the title does not use DLSS, or it resolved before the addon loaded; the barrier path is untouched either way and is still what drives. sr-handle=UNFILTERED means we were not present for CreateFeature, so the table may be from frame generation rather than super sampling - check that render/display extents look like a supersampling pair before trusting it. MVEC here is the GAME'S answer to the question every round from R70 to R100 tried to infer; if it does not equal the handle the barrier probe armed on Dragon Sword, the probe was wrong on a title we believed, and THAT is the finding. have=0 bits name the keys this producer does not populate - Streamline and the raw SDK do not set the same subset, and the difference is a fact about the route, not a bug. MVLowRes IS DEFERRED OPTION 11 ANSWERED: 1 means the game's motion vectors are at RENDER resolution, 0 means display resolution, and we have been inferring that from buffer sizes since R83. Read it together with MVecScale - a low-res field with a display-sized scale is the shape that makes reprojection look almost right.
23:47:48:248 [21764] | INFO  | [MGPU Bridge] [MGPU][SEAL] new f=976 slot=3 gap=1 lat=8.65ms pitch=10240 fmt=24 bytes=14448640 bc=0(unimplemented) OK
23:47:48:372 [20916] | INFO  | [MGPU Bridge] [MGPU][P9.1] META SRC mvec lane: 1 candidate(s), 123 ns/frame over 3972 frames. R72: RANKED AND SORTED BY RTV BINDS - how often each is RENDERED INTO, which is a per-frame usage signal. srvs is kept alongside as the old created over the resource. THIS DOES NOT IDENTIFY MOTION VECTORS - nothing in ReShade says which one they are - it says whether an MVec-shaped resource is visible from a subscriber at all. An empty list with a non-zero examined count is the result that says the NGX hook has to be earned or abandoned. root-descriptor SRV pushes=0 (zero here with a non-zero SRV count above means this engine binds through descriptor TABLES and push_descriptors is blind in it - a fact about the engine, not a fault). | #0 2560x1411 R16G16_FLOAT srvs=2 RTVBINDS=0 (0.00/frame) <-DISPLAY-EXTENT
23:47:48:372 [20916] | INFO  | [MGPU Bridge] [MGPU][R71] MVEC SIZES over ALL 1 candidate(s): 2560x1411 x1 | || TRANSPORT SOURCE res=0x2449e310310 (0 means not identified yet - it needs a display-extent candidate with render-target binds), handed to the transport 783 times, 1 second-binds-in-a-frame skipped. || EVICTIONS: 0 resources destroyed and removed from the tables (R76 - a resolution change destroys every render target, and a stale entry is a copy from freed memory). RTV BINDS SEEN IN TOTAL: 0. THE RANK ABOVE IS NOW RENDER TARGET BINDS, NOT SRV CREATIONS. R25 ranked by SRVs created, got 6/5/3/3, and called it "a candidate, not an identification" - that flatness was the SIGNAL being wrong, not the game. An SRV creation count is a LIFETIME number; a velocity buffer is RENDERED INTO once per frame, and RTVBINDS is that. THE EXTENT TO MATCH IS THE DISPLAY EXTENT 2560x1411, not the render extent: the game's own DLSS telemetry says ColorExtentHeight=936 with MVExtentWidth=2560 MVExtentHeight=1440, so this title feeds HIGH-RESOLUTION motion vectors. A single candidate marked <-DISPLAY-EXTENT with RTVBINDS close to the frame count is the velocity buffer. RTV BINDS SEEN = 0 with candidates present means THIS EVENT did not see it, and says nothing whatever about the other two. R81 retracted the sentence that used to sit here - it named optical flow and NGX hooking as the routes left, before anyone had read the event list. RE
23:47:48:372 [20916] | INFO  | [MGPU Bridge] [MGPU][R82] ACQUISITION SIGNALS - three of them, one run. || RTV VIEW TABLE: 0 of 128 entries. THAT IS THE DENOMINATOR R80 COULD NOT SEE - a bind count of zero against an empty table means nothing at all. || OMSetRenderTargets: fired=0 rtvs=0 | matched via OUR TABLE=0 | matched via get_resource_from_view=0 || BeginRenderPass: fired=0 targets=0 matched=0 || Barrier: fired=123125 resources=217558 matched=6296, costing 1769 ns/frame || #0 2560x1411 rtv=0 rp=0 bar=6296(0x40->0x8) | || HOW TO READ IT. via TABLE=0 while via get_resource_from_view is non-zero: the table was the whole bug and R76 through R81 were spent on a cache we never needed. BeginRenderPass fired while OMSetRenderTargets did not: this engine uses render passes and we were subscribed to the wrong event. Barrier matched with a per-frame count near the frame count: use THAT permanently - it needs no view, no table and no binding-path assumption, and 0x4->0xC0 (render_target -> shader_resource) is the moment AFTER the pass wrote, which is the correct moment to copy and is one the bind events cannot offer. NOTE THE STALENESS R78 DID NOT STATE: both bind events fire BEFORE the pass runs, so a copy taken there carries the PREVIOUS frame's vectors. All three silent with candidates present is the only reading that makes optical flow or NGX hooking the honest next step. Two of the barriers per frame on the published source are OURS.
23:47:48:423 [21764] | INFO  | [MGPU Bridge] [MGPU][SEAL] new f=1037 slot=4 gap=1 lat=38.74ms pitch=10240 fmt=24 bytes=14448640 bc=0(unimplemented) OK
23:47:48:534 [21764] | INFO  | [MGPU Bridge] [MGPU][SEAL] new f=1098 slot=5 gap=1 lat=11.65ms pitch=10240 fmt=24 bytes=14448640 bc=0(unimplemented) OK
23:47:48:775 [21764] | INFO  | [MGPU Bridge] [MGPU][R63] DEPTH TRANSPORT f=1204 mode=1 (TRANSPORTED AND BOUND) | producer: valid=1208 invalid=0 size-rejected=0, arm held 58 frame(s) | consumer: seals seen valid=817 invalid=0 contract mismatches=0 | region 2560x1411 fmt=41 pitch=10240 bytes=14448640 at slot offset 14449152 of 43346432. INVALID IS NOT AN ERROR: ReShade unbinds depth in menus and scene changes, and R61 established that shipping the zeros it leaves behind would hand the model a false flat plane. An invalid frame carries the colour and says so. WHAT WOULD BE AN ERROR is contract mismatches above zero, or valid staying at zero once you are in gameplay - that means the tap is not feeding us. 100.0% of sealed frames carried depth. | GPU 1: unpacked=743 bound=496 skipped=0, DepthInverted=1, flag disagreements=0 (the seal crossed the adapter and the slot flag did not, so any disagreement between them is real). BOUND vs SKIPPED IS THE R61 TEST: skipped counts frames where ReShade had no depth and the model was given NONE rather than the previous frame's - open a menu mid-stream and this must move.
23:47:48:776 [21764] | INFO  | [MGPU Bridge] [MGPU][R78] MVEC TRANSPORT f=1204 mode=3 REAL | producer: copies=486 missing=722 size-rejected=0 lock-skipped=0, arm held 2600 frame(s) | consumer: seals seen valid=486 invalid=331 contract mismatches=0 flag disagreements=3 | region 2560x1411 fmt=34 pitch=10240 bytes=14448640 at slot offset 28897792 of 43346432 | GPU 1: unpacked=481 bound=277 skipped=219, scale=(1.000, 1.000). 59.5% of sealed frames carried vectors. COPIES IS THE ONE TO WATCH: it counts frames where the bind hook fired and a copy was recorded. If it stays at zero the probe published a handle nobody binds, and MVec never reaches the model whatever the rest of this line says. SKIPPED IS NOT AN ERROR - it counts frames with no vectors, which is what a menu looks like, and those frames are handed NONE rather than the last frame's motion.
23:47:48:776 [21764] | INFO  | [MGPU Bridge] [MGPU][R87] MVEC FRAME ALIGNMENT f=1204 | evaluates=496 | elapsed 1=250 2=207 3=3 4=1 5=1 6=0 7=0 8+=34 | worst=17 | 50.40% at 1. A motion vector describes ONE game frame; NR reprojects by whatever it is handed. When the frame NR blends against is older than one, history lands SHORT by this factor - zero error at rest, growing with speed, and no constant MVecScale can fix it. The scale is multiplied by this per evaluate. IF THIS LINE IS FLAT AT 1 AND THE ARTEFACT IS UNCHANGED, PACING IS ELIMINATED and what remains is units or sign. P4.1's skipped-frame counter predicts about 99.5% at 1, so a materially lower figure here is a desync no counter has shown us.
23:47:48:809 [21764] | INFO  | [MGPU Bridge] [MGPU][SEAL] new f=1220 slot=1 gap=1 lat=8.50ms pitch=10240 fmt=24 bytes=14448640 bc=0(unimplemented) OK
23:47:48:890 [20916] | INFO  | [MGPU Bridge] [MGPU][R101] CALIBRATOR mode=2 site=data-scan | slots=33 data-slots=2 modules=137 gpa-calls=189 | resolved=2 creates=1 sr-handle=known | evaluates=788 captured=788 | cost 581 ns/frame | eval-copies=784 eval-skips=4. || THE GAME'S OWN TABLE: color=0x2449e30eff0 depth=0x2449b598ec0 MVEC=0x2449e310310 output=0x2449e30e660 | MVecScale 1.0000,1.0000 | jitter -0.1875,-0.1296 | Reset=1 | CreateFlags=0x49 -> DepthInverted=1 MVLowRes=0 MVJittered=0 IsHDR=1 AutoExposure=1 | quality=2 | render 1664x918 -> display 2560x1411 | dynamic 0x0..0x0 | subrect 1664x918 at color(0,0) depth(0,0) MV(0,0) out(0,0) | have=0xfff. || HOW TO READ IT. resolved=0 with evaluates=0 means no module asked for the entry point after we installed - either the title does not use DLSS, or it resolved before the addon loaded; the barrier path is untouched either way and is still what drives. sr-handle=UNFILTERED means we were not present for CreateFeature, so the table may be from frame generation rather than super sampling - check that render/display extents look like a supersampling pair before trusting it. MVEC here is the GAME'S answer to the question every round from R70 to R100 tried to infer; if it does not equal the handle the barrier probe armed on Dragon Sword, the probe was wrong on a title we believed, and THAT is the finding. have=0 bits name the keys this producer does not populate - Streamline and the raw SDK do not set the same subset, and the difference is a fact about the route, not a bug. MVLowRes IS DEFERRED OPTION 11 ANSWERED: 1 means the game's motion vectors are at RENDER resolution, 0 means display resolution, and we have been inferring that from buffer sizes since R83. Read it together with MVecScale - a low-res field with a display-sized scale is the shape that makes reprojection look almost right.
23:47:48:981 [21764] | INFO  | [MGPU Bridge] [MGPU][SEAL] new f=1281 slot=2 gap=1 lat=41.69ms pitch=10240 fmt=24 bytes=14448640 bc=0(unimplemented) OK
23:47:49:088 [21764] | INFO  | [MGPU Bridge] [MGPU][SEAL] new f=1342 slot=3 gap=1 lat=8.10ms pitch=10240 fmt=24 bytes=14448640 bc=0(unimplemented) OK
23:47:49:396 [21764] | INFO  | [MGPU Bridge] [MGPU][SEAL] new f=1464 slot=5 gap=1 lat=39.10ms pitch=10240 fmt=24 bytes=14448640 bc=0(unimplemented) OK
23:47:49:468 [21764] | INFO  | [MGPU Bridge] [MGPU][R63] DEPTH TRANSPORT f=1508 mode=1 (TRANSPORTED AND BOUND) | producer: valid=1512 invalid=0 size-rejected=0, arm held 58 frame(s) | consumer: seals seen valid=876 invalid=0 contract mismatches=0 | region 2560x1411 fmt=41 pitch=10240 bytes=14448640 at slot offset 14449152 of 43346432. INVALID IS NOT AN ERROR: ReShade unbinds depth in menus and scene changes, and R61 established that shipping the zeros it leaves behind would hand the model a false flat plane. An invalid frame carries the colour and says so. WHAT WOULD BE AN ERROR is contract mismatches above zero, or valid staying at zero once you are in gameplay - that means the tap is not feeding us. 100.0% of sealed frames carried depth. | GPU 1: unpacked=783 bound=516 skipped=0, DepthInverted=1, flag disagreements=0 (the seal crossed the adapter and the slot flag did not, so any disagreement between them is real). BOUND vs SKIPPED IS THE R61 TEST: skipped counts frames where ReShade had no depth and the model was given NONE rather than the previous frame's - open a menu mid-stream and this must move.
23:47:49:468 [21764] | INFO  | [MGPU Bridge] [MGPU][R78] MVEC TRANSPORT f=1508 mode=3 REAL | producer: copies=486 missing=1026 size-rejected=0 lock-skipped=0, arm held 2600 frame(s) | consumer: seals seen valid=486 invalid=390 contract mismatches=0 flag disagreements=3 | region 2560x1411 fmt=34 pitch=10240 bytes=14448640 at slot offset 28897792 of 43346432 | GPU 1: unpacked=481 bound=277 skipped=239, scale=(1.000, 1.000). 55.5% of sealed frames carried vectors. COPIES IS THE ONE TO WATCH: it counts frames where the bind hook fired and a copy was recorded. If it stays at zero the probe published a handle nobody binds, and MVec never reaches the model whatever the rest of this line says. SKIPPED IS NOT AN ERROR - it counts frames with no vectors, which is what a menu looks like, and those frames are handed NONE rather than the last frame's motion.
23:47:49:468 [21764] | INFO  | [MGPU Bridge] [MGPU][R87] MVEC FRAME ALIGNMENT f=1508 | evaluates=516 | elapsed 1=250 2=207 3=3 4=1 5=1 6=0 7=0 8+=54 | worst=17 | 48.45% at 1. A motion vector describes ONE game frame; NR reprojects by whatever it is handed. When the frame NR blends against is older than one, history lands SHORT by this factor - zero error at rest, growing with speed, and no constant MVecScale can fix it. The scale is multiplied by this per evaluate. IF THIS LINE IS FLAT AT 1 AND THE ARTEFACT IS UNCHANGED, PACING IS ELIMINATED and what remains is units or sign. P4.1's skipped-frame counter predicts about 99.5% at 1, so a materially lower figure here is a desync no counter has shown us.
23:47:49:536 [21764] | INFO  | [MGPU Bridge] [MGPU][SEAL] new f=1525 slot=0 gap=1 lat=38.19ms pitch=10240 fmt=24 bytes=14448640 bc=0(unimplemented) OK
23:47:50:347 [20916] | INFO  | [MGPU Bridge] [MGPU][R101] CALIBRATOR mode=2 site=data-scan | slots=33 data-slots=2 modules=137 gpa-calls=192 | resolved=2 creates=2 sr-handle=known | evaluates=805 captured=805 | cost 566 ns/frame | eval-copies=800 eval-skips=5. || THE GAME'S OWN TABLE: color=0x2451071d300 depth=0x24510718680 MVEC=0x24510723c30 output=0x24408567fd0 | MVecScale 1.0000,1.0000 | jitter -0.0625,0.3148 | Reset=0 | CreateFlags=0x49 -> DepthInverted=1 MVLowRes=0 MVJittered=0 IsHDR=1 AutoExposure=1 | quality=2 | render 1631x918 -> display 2508x1411 | dynamic 0x0..0x0 | subrect 1631x918 at color(0,0) depth(0,0) MV(0,0) out(0,0) | have=0xfff. || HOW TO READ IT. resolved=0 with evaluates=0 means no module asked for the entry point after we installed - either the title does not use DLSS, or it resolved before the addon loaded; the barrier path is untouched either way and is still what drives. sr-handle=UNFILTERED means we were not present for CreateFeature, so the table may be from frame generation rather than super sampling - check that render/display extents look like a supersampling pair before trusting it. MVEC here is the GAME'S answer to the question every round from R70 to R100 tried to infer; if it does not equal the handle the barrier probe armed on Dragon Sword, the probe was wrong on a title we believed, and THAT is the finding. have=0 bits name the keys this producer does not populate - Streamline and the raw SDK do not set the same subset, and the difference is a fact about the route, not a bug. MVLowRes IS DEFERRED OPTION 11 ANSWERED: 1 means the game's motion vectors are at RENDER resolution, 0 means display resolution, and we have been inferring that from buffer sizes since R83. Read it together with MVecScale - a low-res field with a display-sized scale is the shape that makes reprojection look almost right.
23:47:51:004 [21764] | INFO  | [MGPU Bridge] [MGPU][SEAL] new f=1586 slot=1 gap=1 lat=43.97ms pitch=10240 fmt=24 bytes=14448640 bc=0(unimplemented) OK
23:47:51:384 [20916] | INFO  | [MGPU Bridge] [MGPU][P9.1] META SRC mvec lane: 13 candidate(s), 268 ns/frame over 4554 frames. R72: RANKED AND SORTED BY RTV BINDS - how often each is RENDERED INTO, which is a per-frame usage signal. srvs is kept alongside as the old created over the resource. THIS DOES NOT IDENTIFY MOTION VECTORS - nothing in ReShade says which one they are - it says whether an MVec-shaped resource is visible from a subscriber at all. An empty list with a non-zero examined count is the result that says the NGX hook has to be earned or abandoned. root-descriptor SRV pushes=0 (zero here with a non-zero SRV count above means this engine binds through descriptor TABLES and push_descriptors is blind in it - a fact about the engine, not a fault). | #0 2560x1411 R16G16_FLOAT srvs=2 RTVBINDS=0 (0.00/frame) <-DISPLAY-EXTENT | #1 2560x1411 R16G16_FLOAT srvs=2 RTVBINDS=0 (0.00/frame) <-DISPLAY-EXTENT | #2 1664x920 R16G16_FLOAT srvs=1 RTVBINDS=0 (0.00/frame) | #3 1664x920 R16G16_FLOAT srvs=1 RTVBINDS=0 (0.00/frame) | #4 2560x1411 R16G16_FLOAT srvs=2 RTVBINDS=0 (0.00/frame) <-DISPLAY-EXTENT | #5 1664x920 R16G16_FLOAT srvs=1 RTVBINDS=0 (0.00/frame) | #6 2508x1411 R16G16_FLOAT srvs=2 RTVBINDS=0 (0.00/frame) | #7 2508x1411 R16G16_FLOAT srvs=2 RTVBINDS=0 (0.00/frame)
23:47:51:385 [20916] | INFO  | [MGPU Bridge] [MGPU][R71] MVEC SIZES over ALL 13 candidate(s): 2560x1411 x3 | 1664x920 x8 | 2508x1411 x2 | || TRANSPORT SOURCE res=0x2451073f410 (0 means not identified yet - it needs a display-extent candidate with render-target binds), handed to the transport 849 times, 1 second-binds-in-a-frame skipped. || EVICTIONS: 8 resources destroyed and removed from the tables (R76 - a resolution change destroys every render target, and a stale entry is a copy from freed memory). RTV BINDS SEEN IN TOTAL: 0. THE RANK ABOVE IS NOW RENDER TARGET BINDS, NOT SRV CREATIONS. R25 ranked by SRVs created, got 6/5/3/3, and called it "a candidate, not an identification" - that flatness was the SIGNAL being wrong, not the game. An SRV creation count is a LIFETIME number; a velocity buffer is RENDERED INTO once per frame, and RTVBINDS is that. THE EXTENT TO MATCH IS THE DISPLAY EXTENT 2560x1411, not the render extent: the game's own DLSS telemetry says ColorExtentHeight=936 with MVExtentWidth=2560 MVExtentHeight=1440, so this title feeds HIGH-RESOLUTION motion vectors. A single candidate marked <-DISPLAY-EXTENT with RTVBINDS close to the frame count is the velocity buffer. RTV BINDS SEEN = 0 with candidates present means THIS EVENT did not see it, and says nothing whatever about the other two. R81 retracted the sentence that used to sit here - it named optical flow and NGX hooking as the routes left, before anyo
23:47:51:385 [20916] | INFO  | [MGPU Bridge] [MGPU][R82] ACQUISITION SIGNALS - three of them, one run. || RTV VIEW TABLE: 0 of 128 entries. THAT IS THE DENOMINATOR R80 COULD NOT SEE - a bind count of zero against an empty table means nothing at all. || OMSetRenderTargets: fired=0 rtvs=0 | matched via OUR TABLE=0 | matched via get_resource_from_view=0 || BeginRenderPass: fired=0 targets=0 matched=0 || Barrier: fired=150465 resources=286239 matched=7196, costing 1850 ns/frame || #0 2560x1411 rtv=0 rp=0 bar=6296(0x40->0x8) | #1 2560x1411 rtv=0 rp=0 bar=15(0x40->0x8) | #2 1664x920 rtv=0 rp=0 bar=158(0xC0->0x8) | #3 1664x920 rtv=0 rp=0 bar=3(0xC0->0x8) | #4 2560x1411 rtv=0 rp=0 bar=8(0x40->0x8) | #5 1664x920 rtv=0 rp=0 bar=204(0xC0->0x8) | || HOW TO READ IT. via TABLE=0 while via get_resource_from_view is non-zero: the table was the whole bug and R76 through R81 were spent on a cache we never needed. BeginRenderPass fired while OMSetRenderTargets did not: this engine uses render passes and we were subscribed to the wrong event. Barrier matched with a per-frame count near the frame count: use THAT permanently - it needs no view, no table and no binding-path assumption, and 0x4->0xC0 (render_target -> shader_resource) is the moment AFTER the pass wrote, which is the correct moment to copy and is one the bind events cannot offer. NOTE THE STALENESS R78 DID NOT STATE: both bind events fire BEFORE the pass runs, so a copy taken there carries the PREVIOUS frame's vectors. All three silent with candidates present is the only reading that makes optical flow or NGX hooking the honest next step. Two of the barriers per frame on the published source are OURS.
23:47:52:122 [21764] | INFO  | [MGPU Bridge] [MGPU][SEAL] new f=1647 slot=2 gap=1 lat=64.56ms pitch=10240 fmt=24 bytes=14448640 bc=0(unimplemented) OK
23:47:53:128 [21764] | INFO  | [MGPU Bridge] [MGPU][SEAL] new f=1708 slot=3 gap=1 lat=53.22ms pitch=10240 fmt=24 bytes=14448640 bc=0(unimplemented) OK
23:47:53:964 [21764] | INFO  | [MGPU Bridge] [MGPU][SEAL] new f=1769 slot=4 gap=1 lat=41.99ms pitch=10240 fmt=24 bytes=14448640 bc=0(unimplemented) OK
23:47:54:288 [21764] | INFO  | [MGPU Bridge] [MGPU][T5] present loop alive: frame 2400 thread id 0x5504
23:47:54:395 [20916] | INFO  | [MGPU Bridge] [MGPU][P9.1] META SRC mvec lane: 13 candidate(s), 552 ns/frame over 4748 frames. R72: RANKED AND SORTED BY RTV BINDS - how often each is RENDERED INTO, which is a per-frame usage signal. srvs is kept alongside as the old created over the resource. THIS DOES NOT IDENTIFY MOTION VECTORS - nothing in ReShade says which one they are - it says whether an MVec-shaped resource is visible from a subscriber at all. An empty list with a non-zero examined count is the result that says the NGX hook has to be earned or abandoned. root-descriptor SRV pushes=0 (zero here with a non-zero SRV count above means this engine binds through descriptor TABLES and push_descriptors is blind in it - a fact about the engine, not a fault). | #0 1664x920 R16G16_FLOAT srvs=1 RTVBINDS=0 (0.00/frame) | #1 2508x1411 R16G16_FLOAT srvs=2 RTVBINDS=0 (0.00/frame) | #2 1664x920 R16G16_FLOAT srvs=1 RTVBINDS=0 (0.00/frame) | #3 1664x920 R16G16_FLOAT srvs=1 RTVBINDS=0 (0.00/frame) | #4 2560x1411 R16G16_FLOAT srvs=6 RTVBINDS=0 (0.00/frame) <-DISPLAY-EXTENT | #5 1664x920 R16G16_FLOAT srvs=1 RTVBINDS=0 (0.00/frame) | #6 2508x1411 R16G16_FLOAT srvs=2 RTVBINDS=0 (0.00/frame) | #7 2508x1411 R16G16_FLOAT srvs=2 RTVBINDS=0 (0.00/frame)
23:47:54:395 [20916] | INFO  | [MGPU Bridge] [MGPU][R71] MVEC SIZES over ALL 13 candidate(s): 1664x920 x9 | 2508x1411 x3 | 2560x1411 x1 | || TRANSPORT SOURCE res=0x2449c56f9a0 (0 means not identified yet - it needs a display-extent candidate with render-target binds), handed to the transport 1042 times, 1 second-binds-in-a-frame skipped. || EVICTIONS: 10 resources destroyed and removed from the tables (R76 - a resolution change destroys every render target, and a stale entry is a copy from freed memory). RTV BINDS SEEN IN TOTAL: 0. THE RANK ABOVE IS NOW RENDER TARGET BINDS, NOT SRV CREATIONS. R25 ranked by SRVs created, got 6/5/3/3, and called it "a candidate, not an identification" - that flatness was the SIGNAL being wrong, not the game. An SRV creation count is a LIFETIME number; a velocity buffer is RENDERED INTO once per frame, and RTVBINDS is that. THE EXTENT TO MATCH IS THE DISPLAY EXTENT 2560x1411, not the render extent: the game's own DLSS telemetry says ColorExtentHeight=936 with MVExtentWidth=2560 MVExtentHeight=1440, so this title feeds HIGH-RESOLUTION motion vectors. A single candidate marked <-DISPLAY-EXTENT with RTVBINDS close to the frame count is the velocity buffer. RTV BINDS SEEN = 0 with candidates present means THIS EVENT did not see it, and says nothing whatever about the other two. R81 retracted the sentence that used to sit here - it named optical flow and NGX hooking as the routes left, before an
23:47:54:395 [20916] | INFO  | [MGPU Bridge] [MGPU][R82] ACQUISITION SIGNALS - three of them, one run. || RTV VIEW TABLE: 0 of 128 entries. THAT IS THE DENOMINATOR R80 COULD NOT SEE - a bind count of zero against an empty table means nothing at all. || OMSetRenderTargets: fired=0 rtvs=0 | matched via OUR TABLE=0 | matched via get_resource_from_view=0 || BeginRenderPass: fired=0 targets=0 matched=0 || Barrier: fired=211448 resources=479388 matched=9735, costing 2440 ns/frame || #0 1664x920 rtv=0 rp=0 bar=6701(0xC0->0x8) | #1 2508x1411 rtv=0 rp=0 bar=387(0x40->0x8) | #2 1664x920 rtv=0 rp=0 bar=740(0xC0->0x8) | #3 1664x920 rtv=0 rp=0 bar=3(0xC0->0x8) | #4 2560x1411 rtv=0 rp=0 bar=8(0x40->0x8) | #5 1664x920 rtv=0 rp=0 bar=204(0xC0->0x8) | || HOW TO READ IT. via TABLE=0 while via get_resource_from_view is non-zero: the table was the whole bug and R76 through R81 were spent on a cache we never needed. BeginRenderPass fired while OMSetRenderTargets did not: this engine uses render passes and we were subscribed to the wrong event. Barrier matched with a per-frame count near the frame count: use THAT permanently - it needs no view, no table and no binding-path assumption, and 0x4->0xC0 (render_target -> shader_resource) is the moment AFTER the pass wrote, which is the correct moment to copy and is one the bind events cannot offer. NOTE THE STALENESS R78 DID NOT STATE: both bind events fire BEFORE the pass runs, so a copy taken there carries the PREVIOUS frame's vectors. All three silent with candidates present is the only reading that makes optical flow or NGX hooking the honest next step. Two of the barriers per frame on the published source are OURS.
23:47:54:451 [21764] | INFO  | [MGPU Bridge] [MGPU][R63] DEPTH TRANSPORT f=1808 mode=1 (TRANSPORTED AND BOUND) | producer: valid=1811 invalid=0 size-rejected=0, arm held 58 frame(s) | consumer: seals seen valid=1149 invalid=0 contract mismatches=0 | region 2560x1411 fmt=41 pitch=10240 bytes=14448640 at slot offset 14449152 of 43346432. INVALID IS NOT AN ERROR: ReShade unbinds depth in menus and scene changes, and R61 established that shipping the zeros it leaves behind would hand the model a false flat plane. An invalid frame carries the colour and says so. WHAT WOULD BE AN ERROR is contract mismatches above zero, or valid staying at zero once you are in gameplay - that means the tap is not feeding us. 100.0% of sealed frames carried depth. | GPU 1: unpacked=1057 bound=740 skipped=0, DepthInverted=1, flag disagreements=0 (the seal crossed the adapter and the slot flag did not, so any disagreement between them is real). BOUND vs SKIPPED IS THE R61 TEST: skipped counts frames where ReShade had no depth and the model was given NONE rather than the previous frame's - open a menu mid-stream and this must move.
23:47:54:451 [21764] | INFO  | [MGPU Bridge] [MGPU][R78] MVEC TRANSPORT f=1808 mode=3 REAL | producer: copies=488 missing=1323 size-rejected=529 lock-skipped=0, arm held 2600 frame(s) | consumer: seals seen valid=488 invalid=661 contract mismatches=0 flag disagreements=3 | region 2560x1411 fmt=34 pitch=10240 bytes=14448640 at slot offset 28897792 of 43346432 | GPU 1: unpacked=483 bound=279 skipped=461, scale=(1.000, 1.000). 42.5% of sealed frames carried vectors. COPIES IS THE ONE TO WATCH: it counts frames where the bind hook fired and a copy was recorded. If it stays at zero the probe published a handle nobody binds, and MVec never reaches the model whatever the rest of this line says. SKIPPED IS NOT AN ERROR - it counts frames with no vectors, which is what a menu looks like, and those frames are handed NONE rather than the last frame's motion.
23:47:54:452 [21764] | INFO  | [MGPU Bridge] [MGPU][R87] MVEC FRAME ALIGNMENT f=1808 | evaluates=740 | elapsed 1=424 2=254 3=3 4=1 5=1 6=0 7=0 8+=57 | worst=17 | 57.30% at 1. A motion vector describes ONE game frame; NR reprojects by whatever it is handed. When the frame NR blends against is older than one, history lands SHORT by this factor - zero error at rest, growing with speed, and no constant MVecScale can fix it. The scale is multiplied by this per evaluate. IF THIS LINE IS FLAT AT 1 AND THE ARTEFACT IS UNCHANGED, PACING IS ELIMINATED and what remains is units or sign. P4.1's skipped-frame counter predicts about 99.5% at 1, so a materially lower figure here is a desync no counter has shown us.
23:47:54:709 [21764] | INFO  | [MGPU Bridge] [MGPU][SEAL] new f=1830 slot=5 gap=1 lat=39.16ms pitch=10240 fmt=24 bytes=14448640 bc=0(unimplemented) OK
23:47:54:998 [20916] | INFO  | [MGPU Bridge] [MGPU][R101] CALIBRATOR mode=2 site=data-scan | slots=33 data-slots=2 modules=137 gpa-calls=192 | resolved=2 creates=2 sr-handle=known | evaluates=1105 captured=1105 | cost 897 ns/frame | eval-copies=1100 eval-skips=5. || THE GAME'S OWN TABLE: color=0x2450e541a30 depth=0x2450e547040 MVEC=0x2450e544070 output=0x24408567fd0 | MVecScale 1.0000,1.0000 | jitter -0.1875,-0.1296 | Reset=0 | CreateFlags=0x49 -> DepthInverted=1 MVLowRes=0 MVJittered=0 IsHDR=1 AutoExposure=1 | quality=2 | render 1631x918 -> display 2508x1411 | dynamic 0x0..0x0 | subrect 1631x918 at color(0,0) depth(0,0) MV(0,0) out(0,0) | have=0xfff. || HOW TO READ IT. resolved=0 with evaluates=0 means no module asked for the entry point after we installed - either the title does not use DLSS, or it resolved before the addon loaded; the barrier path is untouched either way and is still what drives. sr-handle=UNFILTERED means we were not present for CreateFeature, so the table may be from frame generation rather than super sampling - check that render/display extents look like a supersampling pair before trusting it. MVEC here is the GAME'S answer to the question every round from R70 to R100 tried to infer; if it does not equal the handle the barrier probe armed on Dragon Sword, the probe was wrong on a title we believed, and THAT is the finding. have=0 bits name the keys this producer does not populate - Streamline and the raw SDK do not set the same subset, and the difference is a fact about the route, not a bug. MVLowRes IS DEFERRED OPTION 11 ANSWERED: 1 means the game's motion vectors are at RENDER resolution, 0 means display resolution, and we have been inferring that from buffer sizes since R83. Read it together with MVecScale - a low-res field with a display-sized scale is the shape that makes reprojection look almost right.
23:47:55:388 [21764] | INFO  | [MGPU Bridge] [MGPU][SEAL] new f=1891 slot=0 gap=1 lat=32.39ms pitch=10240 fmt=24 bytes=14448640 bc=0(unimplemented) OK
23:47:56:073 [21764] | INFO  | [MGPU Bridge] [MGPU][SEAL] new f=1952 slot=1 gap=1 lat=39.34ms pitch=10240 fmt=24 bytes=14448640 bc=0(unimplemented) OK
23:47:56:826 [21764] | INFO  | [MGPU Bridge] [MGPU][SEAL] new f=2013 slot=2 gap=1 lat=28.79ms pitch=10240 fmt=24 bytes=14448640 bc=0(unimplemented) OK
23:47:57:402 [20916] | INFO  | [MGPU Bridge] [MGPU][P9.1] META SRC mvec lane: 13 candidate(s), 632 ns/frame over 5009 frames. R72: RANKED AND SORTED BY RTV BINDS - how often each is RENDERED INTO, which is a per-frame usage signal. srvs is kept alongside as the old created over the resource. THIS DOES NOT IDENTIFY MOTION VECTORS - nothing in ReShade says which one they are - it says whether an MVec-shaped resource is visible from a subscriber at all. An empty list with a non-zero examined count is the result that says the NGX hook has to be earned or abandoned. root-descriptor SRV pushes=0 (zero here with a non-zero SRV count above means this engine binds through descriptor TABLES and push_descriptors is blind in it - a fact about the engine, not a fault). | #0 1664x920 R16G16_FLOAT srvs=1 RTVBINDS=0 (0.00/frame) | #1 2508x1411 R16G16_FLOAT srvs=2 RTVBINDS=0 (0.00/frame) | #2 1664x920 R16G16_FLOAT srvs=1 RTVBINDS=0 (0.00/frame) | #3 1664x920 R16G16_FLOAT srvs=1 RTVBINDS=0 (0.00/frame) | #4 2560x1411 R16G16_FLOAT srvs=2 RTVBINDS=0 (0.00/frame) <-DISPLAY-EXTENT | #5 1664x920 R16G16_FLOAT srvs=10 RTVBINDS=0 (0.00/frame) | #6 2508x1411 R16G16_FLOAT srvs=2 RTVBINDS=0 (0.00/frame) | #7 2508x1411 R16G16_FLOAT srvs=2 RTVBINDS=0 (0.00/frame)
23:47:57:402 [20916] | INFO  | [MGPU Bridge] [MGPU][R71] MVEC SIZES over ALL 13 candidate(s): 1664x920 x9 | 2508x1411 x3 | 2560x1411 x1 | || TRANSPORT SOURCE res=0x2449d19e5e0 (0 means not identified yet - it needs a display-extent candidate with render-target binds), handed to the transport 1302 times, 1 second-binds-in-a-frame skipped. || EVICTIONS: 13 resources destroyed and removed from the tables (R76 - a resolution change destroys every render target, and a stale entry is a copy from freed memory). RTV BINDS SEEN IN TOTAL: 0. THE RANK ABOVE IS NOW RENDER TARGET BINDS, NOT SRV CREATIONS. R25 ranked by SRVs created, got 6/5/3/3, and called it "a candidate, not an identification" - that flatness was the SIGNAL being wrong, not the game. An SRV creation count is a LIFETIME number; a velocity buffer is RENDERED INTO once per frame, and RTVBINDS is that. THE EXTENT TO MATCH IS THE DISPLAY EXTENT 2560x1411, not the render extent: the game's own DLSS telemetry says ColorExtentHeight=936 with MVExtentWidth=2560 MVExtentHeight=1440, so this title feeds HIGH-RESOLUTION motion vectors. A single candidate marked <-DISPLAY-EXTENT with RTVBINDS close to the frame count is the velocity buffer. RTV BINDS SEEN = 0 with candidates present means THIS EVENT did not see it, and says nothing whatever about the other two. R81 retracted the sentence that used to sit here - it named optical flow and NGX hooking as the routes left, before an
23:47:57:402 [20916] | INFO  | [MGPU Bridge] [MGPU][R82] ACQUISITION SIGNALS - three of them, one run. || RTV VIEW TABLE: 0 of 128 entries. THAT IS THE DENOMINATOR R80 COULD NOT SEE - a bind count of zero against an empty table means nothing at all. || OMSetRenderTargets: fired=0 rtvs=0 | matched via OUR TABLE=0 | matched via get_resource_from_view=0 || BeginRenderPass: fired=0 targets=0 matched=0 || Barrier: fired=282819 resources=667062 matched=13312, costing 3035 ns/frame || #0 1664x920 rtv=0 rp=0 bar=7253(0xC0->0x8) | #1 2508x1411 rtv=0 rp=0 bar=1491(0x40->0x8) | #2 1664x920 rtv=0 rp=0 bar=1446(0xC0->0x8) | #3 1664x920 rtv=0 rp=0 bar=234(0xC0->0x8) | #4 2560x1411 rtv=0 rp=0 bar=624(0x40->0x8) | #5 1664x920 rtv=0 rp=0 bar=204(0xC0->0x8) | || HOW TO READ IT. via TABLE=0 while via get_resource_from_view is non-zero: the table was the whole bug and R76 through R81 were spent on a cache we never needed. BeginRenderPass fired while OMSetRenderTargets did not: this engine uses render passes and we were subscribed to the wrong event. Barrier matched with a per-frame count near the frame count: use THAT permanently - it needs no view, no table and no binding-path assumption, and 0x4->0xC0 (render_target -> shader_resource) is the moment AFTER the pass wrote, which is the correct moment to copy and is one the bind events cannot offer. NOTE THE STALENESS R78 DID NOT STATE: both bind events fire BEFORE the pass runs, so a copy taken there carries the PREVIOUS frame's vectors. All three silent with candidates present is the only reading that makes optical flow or NGX hooking the honest next step. Two of the barriers per frame on the published source are OURS.
23:47:57:506 [21764] | INFO  | [MGPU Bridge] [MGPU][SEAL] new f=2074 slot=3 gap=1 lat=36.60ms pitch=10240 fmt=24 bytes=14448640 bc=0(unimplemented) OK
23:47:57:892 [21764] | INFO  | [MGPU Bridge] [MGPU][R63] DEPTH TRANSPORT f=2108 mode=1 (TRANSPORTED AND BOUND) | producer: valid=2112 invalid=0 size-rejected=0, arm held 58 frame(s) | consumer: seals seen valid=1449 invalid=0 contract mismatches=0 | region 2560x1411 fmt=41 pitch=10240 bytes=14448640 at slot offset 14449152 of 43346432. INVALID IS NOT AN ERROR: ReShade unbinds depth in menus and scene changes, and R61 established that shipping the zeros it leaves behind would hand the model a false flat plane. An invalid frame carries the colour and says so. WHAT WOULD BE AN ERROR is contract mismatches above zero, or valid staying at zero once you are in gameplay - that means the tap is not feeding us. 100.0% of sealed frames carried depth. | GPU 1: unpacked=1357 bound=922 skipped=0, DepthInverted=1, flag disagreements=0 (the seal crossed the adapter and the slot flag did not, so any disagreement between them is real). BOUND vs SKIPPED IS THE R61 TEST: skipped counts frames where ReShade had no depth and the model was given NONE rather than the previous frame's - open a menu mid-stream and this must move.
23:47:57:892 [21764] | INFO  | [MGPU Bridge] [MGPU][R78] MVEC TRANSPORT f=2108 mode=3 REAL | producer: copies=609 missing=1503 size-rejected=889 lock-skipped=0, arm held 2600 frame(s) | consumer: seals seen valid=605 invalid=844 contract mismatches=0 flag disagreements=3 | region 2560x1411 fmt=34 pitch=10240 bytes=14448640 at slot offset 28897792 of 43346432 | GPU 1: unpacked=601 bound=347 skipped=575, scale=(1.000, 1.000). 41.8% of sealed frames carried vectors. COPIES IS THE ONE TO WATCH: it counts frames where the bind hook fired and a copy was recorded. If it stays at zero the probe published a handle nobody binds, and MVec never reaches the model whatever the rest of this line says. SKIPPED IS NOT AN ERROR - it counts frames with no vectors, which is what a menu looks like, and those frames are handed NONE rather than the last frame's motion.
23:47:57:892 [21764] | INFO  | [MGPU Bridge] [MGPU][R87] MVEC FRAME ALIGNMENT f=2108 | evaluates=922 | elapsed 1=488 2=372 3=3 4=1 5=1 6=0 7=0 8+=57 | worst=17 | 52.93% at 1. A motion vector describes ONE game frame; NR reprojects by whatever it is handed. When the frame NR blends against is older than one, history lands SHORT by this factor - zero error at rest, growing with speed, and no constant MVecScale can fix it. The scale is multiplied by this per evaluate. IF THIS LINE IS FLAT AT 1 AND THE ARTEFACT IS UNCHANGED, PACING IS ELIMINATED and what remains is units or sign. P4.1's skipped-frame counter predicts about 99.5% at 1, so a materially lower figure here is a desync no counter has shown us.
23:47:58:180 [21764] | INFO  | [MGPU Bridge] [MGPU][SEAL] new f=2135 slot=4 gap=1 lat=32.18ms pitch=10240 fmt=24 bytes=14448640 bc=0(unimplemented) OK
23:47:58:418 [20916] | INFO  | [MGPU Bridge] [MGPU][R101] CALIBRATOR mode=2 site=data-scan | slots=33 data-slots=2 modules=137 gpa-calls=194 | resolved=2 creates=3 sr-handle=known | evaluates=1405 captured=1405 | cost 1018 ns/frame | eval-copies=1400 eval-skips=5. || THE GAME'S OWN TABLE: color=0x2449d19ac80 depth=0x2450e547040 MVEC=0x2449d19e5e0 output=0x2449e30e660 | MVecScale 1.0000,1.0000 | jitter -0.1250,-0.2778 | Reset=0 | CreateFlags=0x49 -> DepthInverted=1 MVLowRes=0 MVJittered=0 IsHDR=1 AutoExposure=1 | quality=2 | render 1664x918 -> display 2560x1411 | dynamic 0x0..0x0 | subrect 1664x918 at color(0,0) depth(0,0) MV(0,0) out(0,0) | have=0xfff. || HOW TO READ IT. resolved=0 with evaluates=0 means no module asked for the entry point after we installed - either the title does not use DLSS, or it resolved before the addon loaded; the barrier path is untouched either way and is still what drives. sr-handle=UNFILTERED means we were not present for CreateFeature, so the table may be from frame generation rather than super sampling - check that render/display extents look like a supersampling pair before trusting it. MVEC here is the GAME'S answer to the question every round from R70 to R100 tried to infer; if it does not equal the handle the barrier probe armed on Dragon Sword, the probe was wrong on a title we believed, and THAT is the finding. have=0 bits name the keys this producer does not populate - Streamline and the raw SDK do not set the same subset, and the difference is a fact about the route, not a bug. MVLowRes IS DEFERRED OPTION 11 ANSWERED: 1 means the game's motion vectors are at RENDER resolution, 0 means display resolution, and we have been inferring that from buffer sizes since R83. Read it together with MVecScale - a low-res field with a display-sized scale is the shape that makes reprojection look almost right.
23:47:58:867 [21764] | INFO  | [MGPU Bridge] [MGPU][SEAL] new f=2196 slot=5 gap=1 lat=39.14ms pitch=10240 fmt=24 bytes=14448640 bc=0(unimplemented) OK
23:47:59:557 [21764] | INFO  | [MGPU Bridge] [MGPU][SEAL] new f=2257 slot=0 gap=1 lat=40.92ms pitch=10240 fmt=24 bytes=14448640 bc=0(unimplemented) OK
23:48:00:262 [21764] | INFO  | [MGPU Bridge] [MGPU][SEAL] new f=2318 slot=1 gap=1 lat=45.24ms pitch=10240 fmt=24 bytes=14448640 bc=0(unimplemented) OK
23:48:00:406 [20916] | INFO  | [MGPU Bridge] [MGPU][P9.1] META SRC mvec lane: 13 candidate(s), 665 ns/frame over 5276 frames. R72: RANKED AND SORTED BY RTV BINDS - how often each is RENDERED INTO, which is a per-frame usage signal. srvs is kept alongside as the old created over the resource. THIS DOES NOT IDENTIFY MOTION VECTORS - nothing in ReShade says which one they are - it says whether an MVec-shaped resource is visible from a subscriber at all. An empty list with a non-zero examined count is the result that says the NGX hook has to be earned or abandoned. root-descriptor SRV pushes=0 (zero here with a non-zero SRV count above means this engine binds through descriptor TABLES and push_descriptors is blind in it - a fact about the engine, not a fault). | #0 1664x920 R16G16_FLOAT srvs=1 RTVBINDS=0 (0.00/frame) | #1 2508x1411 R16G16_FLOAT srvs=2 RTVBINDS=0 (0.00/frame) | #2 1664x920 R16G16_FLOAT srvs=1 RTVBINDS=0 (0.00/frame) | #3 1664x920 R16G16_FLOAT srvs=1 RTVBINDS=0 (0.00/frame) | #4 2560x1411 R16G16_FLOAT srvs=2 RTVBINDS=0 (0.00/frame) <-DISPLAY-EXTENT | #5 1664x920 R16G16_FLOAT srvs=10 RTVBINDS=0 (0.00/frame) | #6 2508x1411 R16G16_FLOAT srvs=2 RTVBINDS=0 (0.00/frame) | #7 2508x1411 R16G16_FLOAT srvs=2 RTVBINDS=0 (0.00/frame)
23:48:00:407 [20916] | INFO  | [MGPU Bridge] [MGPU][R71] MVEC SIZES over ALL 13 candidate(s): 1664x920 x9 | 2508x1411 x3 | 2560x1411 x1 | || TRANSPORT SOURCE res=0x2449d19e5e0 (0 means not identified yet - it needs a display-extent candidate with render-target binds), handed to the transport 1569 times, 1 second-binds-in-a-frame skipped. || EVICTIONS: 13 resources destroyed and removed from the tables (R76 - a resolution change destroys every render target, and a stale entry is a copy from freed memory). RTV BINDS SEEN IN TOTAL: 0. THE RANK ABOVE IS NOW RENDER TARGET BINDS, NOT SRV CREATIONS. R25 ranked by SRVs created, got 6/5/3/3, and called it "a candidate, not an identification" - that flatness was the SIGNAL being wrong, not the game. An SRV creation count is a LIFETIME number; a velocity buffer is RENDERED INTO once per frame, and RTVBINDS is that. THE EXTENT TO MATCH IS THE DISPLAY EXTENT 2560x1411, not the render extent: the game's own DLSS telemetry says ColorExtentHeight=936 with MVExtentWidth=2560 MVExtentHeight=1440, so this title feeds HIGH-RESOLUTION motion vectors. A single candidate marked <-DISPLAY-EXTENT with RTVBINDS close to the frame count is the velocity buffer. RTV BINDS SEEN = 0 with candidates present means THIS EVENT did not see it, and says nothing whatever about the other two. R81 retracted the sentence that used to sit here - it named optical flow and NGX hooking as the routes left, before an
23:48:00:407 [20916] | INFO  | [MGPU Bridge] [MGPU][R82] ACQUISITION SIGNALS - three of them, one run. || RTV VIEW TABLE: 0 of 128 entries. THAT IS THE DENOMINATOR R80 COULD NOT SEE - a bind count of zero against an empty table means nothing at all. || OMSetRenderTargets: fired=0 rtvs=0 | matched via OUR TABLE=0 | matched via get_resource_from_view=0 || BeginRenderPass: fired=0 targets=0 matched=0 || Barrier: fired=352388 resources=844536 matched=16783, costing 3586 ns/frame || #0 1664x920 rtv=0 rp=0 bar=7253(0xC0->0x8) | #1 2508x1411 rtv=0 rp=0 bar=1491(0x40->0x8) | #2 1664x920 rtv=0 rp=0 bar=1980(0xC0->0x8) | #3 1664x920 rtv=0 rp=0 bar=1035(0xC0->0x8) | #4 2560x1411 rtv=0 rp=0 bar=2760(0x40->0x8) | #5 1664x920 rtv=0 rp=0 bar=204(0xC0->0x8) | || HOW TO READ IT. via TABLE=0 while via get_resource_from_view is non-zero: the table was the whole bug and R76 through R81 were spent on a cache we never needed. BeginRenderPass fired while OMSetRenderTargets did not: this engine uses render passes and we were subscribed to the wrong event. Barrier matched with a per-frame count near the frame count: use THAT permanently - it needs no view, no table and no binding-path assumption, and 0x4->0xC0 (render_target -> shader_resource) is the moment AFTER the pass wrote, which is the correct moment to copy and is one the bind events cannot offer. NOTE THE STALENESS R78 DID NOT STATE: both bind events fire BEFORE the pass runs, so a copy taken there carries the PREVIOUS frame's vectors. All three silent with candidates present is the only reading that makes optical flow or NGX hooking the honest next step. Two of the barriers per frame on the published source are OURS.
23:48:00:934 [21764] | INFO  | [MGPU Bridge] [MGPU][SEAL] new f=2379 slot=2 gap=1 lat=33.97ms pitch=10240 fmt=24 bytes=14448640 bc=0(unimplemented) OK
23:48:01:254 [21764] | INFO  | [MGPU Bridge] [MGPU][R63] DEPTH TRANSPORT f=2408 mode=1 (TRANSPORTED AND BOUND) | producer: valid=2410 invalid=0 size-rejected=0, arm held 58 frame(s) | consumer: seals seen valid=1749 invalid=0 contract mismatches=0 | region 2560x1411 fmt=41 pitch=10240 bytes=14448640 at slot offset 14449152 of 43346432. INVALID IS NOT AN ERROR: ReShade unbinds depth in menus and scene changes, and R61 established that shipping the zeros it leaves behind would hand the model a false flat plane. An invalid frame carries the colour and says so. WHAT WOULD BE AN ERROR is contract mismatches above zero, or valid staying at zero once you are in gameplay - that means the tap is not feeding us. 100.0% of sealed frames carried depth. | GPU 1: unpacked=1656 bound=1099 skipped=0, DepthInverted=1, flag disagreements=0 (the seal crossed the adapter and the slot flag did not, so any disagreement between them is real). BOUND vs SKIPPED IS THE R61 TEST: skipped counts frames where ReShade had no depth and the model was given NONE rather than the previous frame's - open a menu mid-stream and this must move.
23:48:01:255 [21764] | INFO  | [MGPU Bridge] [MGPU][R78] MVEC TRANSPORT f=2408 mode=3 REAL | producer: copies=908 missing=1503 size-rejected=889 lock-skipped=0, arm held 2600 frame(s) | consumer: seals seen valid=905 invalid=844 contract mismatches=0 flag disagreements=3 | region 2560x1411 fmt=34 pitch=10240 bytes=14448640 at slot offset 28897792 of 43346432 | GPU 1: unpacked=900 bound=524 skipped=575, scale=(1.000, 1.000). 51.7% of sealed frames carried vectors. COPIES IS THE ONE TO WATCH: it counts frames where the bind hook fired and a copy was recorded. If it stays at zero the probe published a handle nobody binds, and MVec never reaches the model whatever the rest of this line says. SKIPPED IS NOT AN ERROR - it counts frames with no vectors, which is what a menu looks like, and those frames are handed NONE rather than the last frame's motion.
23:48:01:255 [21764] | INFO  | [MGPU Bridge] [MGPU][R87] MVEC FRAME ALIGNMENT f=2408 | evaluates=1099 | elapsed 1=543 2=494 3=3 4=1 5=1 6=0 7=0 8+=57 | worst=17 | 49.41% at 1. A motion vector describes ONE game frame; NR reprojects by whatever it is handed. When the frame NR blends against is older than one, history lands SHORT by this factor - zero error at rest, growing with speed, and no constant MVecScale can fix it. The scale is multiplied by this per evaluate. IF THIS LINE IS FLAT AT 1 AND THE ARTEFACT IS UNCHANGED, PACING IS ELIMINATED and what remains is units or sign. P4.1's skipped-frame counter predicts about 99.5% at 1, so a materially lower figure here is a desync no counter has shown us.
23:48:01:617 [21764] | INFO  | [MGPU Bridge] [MGPU][SEAL] new f=2440 slot=3 gap=1 lat=39.10ms pitch=10240 fmt=24 bytes=14448640 bc=0(unimplemented) OK
23:48:01:789 [20916] | INFO  | [MGPU Bridge] [MGPU][R101] CALIBRATOR mode=2 site=data-scan | slots=33 data-slots=2 modules=137 gpa-calls=194 | resolved=2 creates=3 sr-handle=known | evaluates=1705 captured=1705 | cost 1109 ns/frame | eval-copies=1700 eval-skips=5. || THE GAME'S OWN TABLE: color=0x2449d19ac80 depth=0x2450e547040 MVEC=0x2449d19e5e0 output=0x2449e30e660 | MVecScale 1.0000,1.0000 | jitter -0.2500,0.1667 | Reset=0 | CreateFlags=0x49 -> DepthInverted=1 MVLowRes=0 MVJittered=0 IsHDR=1 AutoExposure=1 | quality=2 | render 1664x918 -> display 2560x1411 | dynamic 0x0..0x0 | subrect 1664x918 at color(0,0) depth(0,0) MV(0,0) out(0,0) | have=0xfff. || HOW TO READ IT. resolved=0 with evaluates=0 means no module asked for the entry point after we installed - either the title does not use DLSS, or it resolved before the addon loaded; the barrier path is untouched either way and is still what drives. sr-handle=UNFILTERED means we were not present for CreateFeature, so the table may be from frame generation rather than super sampling - check that render/display extents look like a supersampling pair before trusting it. MVEC here is the GAME'S answer to the question every round from R70 to R100 tried to infer; if it does not equal the handle the barrier probe armed on Dragon Sword, the probe was wrong on a title we believed, and THAT is the finding. have=0 bits name the keys this producer does not populate - Streamline and the raw SDK do not set the same subset, and the difference is a fact about the route, not a bug. MVLowRes IS DEFERRED OPTION 11 ANSWERED: 1 means the game's motion vectors are at RENDER resolution, 0 means display resolution, and we have been inferring that from buffer sizes since R83. Read it together with MVecScale - a low-res field with a display-sized scale is the shape that makes reprojection look almost right.
23:48:02:300 [21764] | INFO  | [MGPU Bridge] [MGPU][SEAL] new f=2501 slot=4 gap=1 lat=43.60ms pitch=10240 fmt=24 bytes=14448640 bc=0(unimplemented) OK
23:48:02:968 [21764] | INFO  | [MGPU Bridge] [MGPU][SEAL] new f=2562 slot=5 gap=1 lat=34.21ms pitch=10240 fmt=24 bytes=14448640 bc=0(unimplemented) OK
23:48:03:412 [20916] | INFO  | [MGPU Bridge] [MGPU][P9.1] META SRC mvec lane: 13 candidate(s), 689 ns/frame over 5546 frames. R72: RANKED AND SORTED BY RTV BINDS - how often each is RENDERED INTO, which is a per-frame usage signal. srvs is kept alongside as the old created over the resource. THIS DOES NOT IDENTIFY MOTION VECTORS - nothing in ReShade says which one they are - it says whether an MVec-shaped resource is visible from a subscriber at all. An empty list with a non-zero examined count is the result that says the NGX hook has to be earned or abandoned. root-descriptor SRV pushes=0 (zero here with a non-zero SRV count above means this engine binds through descriptor TABLES and push_descriptors is blind in it - a fact about the engine, not a fault). | #0 1664x920 R16G16_FLOAT srvs=1 RTVBINDS=0 (0.00/frame) | #1 2508x1411 R16G16_FLOAT srvs=2 RTVBINDS=0 (0.00/frame) | #2 1664x920 R16G16_FLOAT srvs=1 RTVBINDS=0 (0.00/frame) | #3 1664x920 R16G16_FLOAT srvs=1 RTVBINDS=0 (0.00/frame) | #4 2560x1411 R16G16_FLOAT srvs=2 RTVBINDS=0 (0.00/frame) <-DISPLAY-EXTENT | #5 1664x920 R16G16_FLOAT srvs=10 RTVBINDS=0 (0.00/frame) | #6 2508x1411 R16G16_FLOAT srvs=2 RTVBINDS=0 (0.00/frame) | #7 2508x1411 R16G16_FLOAT srvs=2 RTVBINDS=0 (0.00/frame)
23:48:03:412 [20916] | INFO  | [MGPU Bridge] [MGPU][R71] MVEC SIZES over ALL 13 candidate(s): 1664x920 x9 | 2508x1411 x3 | 2560x1411 x1 | || TRANSPORT SOURCE res=0x2449d19e5e0 (0 means not identified yet - it needs a display-extent candidate with render-target binds), handed to the transport 1839 times, 1 second-binds-in-a-frame skipped. || EVICTIONS: 13 resources destroyed and removed from the tables (R76 - a resolution change destroys every render target, and a stale entry is a copy from freed memory). RTV BINDS SEEN IN TOTAL: 0. THE RANK ABOVE IS NOW RENDER TARGET BINDS, NOT SRV CREATIONS. R25 ranked by SRVs created, got 6/5/3/3, and called it "a candidate, not an identification" - that flatness was the SIGNAL being wrong, not the game. An SRV creation count is a LIFETIME number; a velocity buffer is RENDERED INTO once per frame, and RTVBINDS is that. THE EXTENT TO MATCH IS THE DISPLAY EXTENT 2560x1411, not the render extent: the game's own DLSS telemetry says ColorExtentHeight=936 with MVExtentWidth=2560 MVExtentHeight=1440, so this title feeds HIGH-RESOLUTION motion vectors. A single candidate marked <-DISPLAY-EXTENT with RTVBINDS close to the frame count is the velocity buffer. RTV BINDS SEEN = 0 with candidates present means THIS EVENT did not see it, and says nothing whatever about the other two. R81 retracted the sentence that used to sit here - it named optical flow and NGX hooking as the routes left, before an
23:48:03:412 [20916] | INFO  | [MGPU Bridge] [MGPU][R82] ACQUISITION SIGNALS - three of them, one run. || RTV VIEW TABLE: 0 of 128 entries. THAT IS THE DENOMINATOR R80 COULD NOT SEE - a bind count of zero against an empty table means nothing at all. || OMSetRenderTargets: fired=0 rtvs=0 | matched via OUR TABLE=0 | matched via get_resource_from_view=0 || BeginRenderPass: fired=0 targets=0 matched=0 || Barrier: fired=423914 resources=1023652 matched=20293, costing 4087 ns/frame || #0 1664x920 rtv=0 rp=0 bar=7253(0xC0->0x8) | #1 2508x1411 rtv=0 rp=0 bar=1491(0x40->0x8) | #2 1664x920 rtv=0 rp=0 bar=2520(0xC0->0x8) | #3 1664x920 rtv=0 rp=0 bar=1845(0xC0->0x8) | #4 2560x1411 rtv=0 rp=0 bar=4920(0x40->0x8) | #5 1664x920 rtv=0 rp=0 bar=204(0xC0->0x8) | || HOW TO READ IT. via TABLE=0 while via get_resource_from_view is non-zero: the table was the whole bug and R76 through R81 were spent on a cache we never needed. BeginRenderPass fired while OMSetRenderTargets did not: this engine uses render passes and we were subscribed to the wrong event. Barrier matched with a per-frame count near the frame count: use THAT permanently - it needs no view, no table and no binding-path assumption, and 0x4->0xC0 (render_target -> shader_resource) is the moment AFTER the pass wrote, which is the correct moment to copy and is one the bind events cannot offer. NOTE THE STALENESS R78 DID NOT STATE: both bind events fire BEFORE the pass runs, so a copy taken there carries the PREVIOUS frame's vectors. All three silent with candidates present is the only reading that makes optical flow or NGX hooking the honest next step. Two of the barriers per frame on the published source are OURS.
23:48:03:650 [21764] | INFO  | [MGPU Bridge] [MGPU][SEAL] new f=2623 slot=0 gap=1 lat=37.84ms pitch=10240 fmt=24 bytes=14448640 bc=0(unimplemented) OK
23:48:04:326 [21764] | INFO  | [MGPU Bridge] [MGPU][SEAL] new f=2684 slot=1 gap=1 lat=36.00ms pitch=10240 fmt=24 bytes=14448640 bc=0(unimplemented) OK
23:48:04:590 [21764] | INFO  | [MGPU Bridge] [MGPU][R63] DEPTH TRANSPORT f=2708 mode=1 (TRANSPORTED AND BOUND) | producer: valid=2711 invalid=0 size-rejected=0, arm held 58 frame(s) | consumer: seals seen valid=2049 invalid=0 contract mismatches=0 | region 2560x1411 fmt=41 pitch=10240 bytes=14448640 at slot offset 14449152 of 43346432. INVALID IS NOT AN ERROR: ReShade unbinds depth in menus and scene changes, and R61 established that shipping the zeros it leaves behind would hand the model a false flat plane. An invalid frame carries the colour and says so. WHAT WOULD BE AN ERROR is contract mismatches above zero, or valid staying at zero once you are in gameplay - that means the tap is not feeding us. 100.0% of sealed frames carried depth. | GPU 1: unpacked=1956 bound=1275 skipped=0, DepthInverted=1, flag disagreements=0 (the seal crossed the adapter and the slot flag did not, so any disagreement between them is real). BOUND vs SKIPPED IS THE R61 TEST: skipped counts frames where ReShade had no depth and the model was given NONE rather than the previous frame's - open a menu mid-stream and this must move.
23:48:04:591 [21764] | INFO  | [MGPU Bridge] [MGPU][R78] MVEC TRANSPORT f=2708 mode=3 REAL | producer: copies=1208 missing=1503 size-rejected=889 lock-skipped=0, arm held 2600 frame(s) | consumer: seals seen valid=1205 invalid=844 contract mismatches=0 flag disagreements=3 | region 2560x1411 fmt=34 pitch=10240 bytes=14448640 at slot offset 28897792 of 43346432 | GPU 1: unpacked=1200 bound=700 skipped=575, scale=(1.000, 1.000). 58.8% of sealed frames carried vectors. COPIES IS THE ONE TO WATCH: it counts frames where the bind hook fired and a copy was recorded. If it stays at zero the probe published a handle nobody binds, and MVec never reaches the model whatever the rest of this line says. SKIPPED IS NOT AN ERROR - it counts frames with no vectors, which is what a menu looks like, and those frames are handed NONE rather than the last frame's motion.
23:48:04:591 [21764] | INFO  | [MGPU Bridge] [MGPU][R87] MVEC FRAME ALIGNMENT f=2708 | evaluates=1275 | elapsed 1=595 2=618 3=3 4=1 5=1 6=0 7=0 8+=57 | worst=17 | 46.67% at 1. A motion vector describes ONE game frame; NR reprojects by whatever it is handed. When the frame NR blends against is older than one, history lands SHORT by this factor - zero error at rest, growing with speed, and no constant MVecScale can fix it. The scale is multiplied by this per evaluate. IF THIS LINE IS FLAT AT 1 AND THE ARTEFACT IS UNCHANGED, PACING IS ELIMINATED and what remains is units or sign. P4.1's skipped-frame counter predicts about 99.5% at 1, so a materially lower figure here is a desync no counter has shown us.
23:48:05:012 [21764] | INFO  | [MGPU Bridge] [MGPU][SEAL] new f=2745 slot=2 gap=1 lat=44.07ms pitch=10240 fmt=24 bytes=14448640 bc=0(unimplemented) OK
23:48:05:122 [20916] | INFO  | [MGPU Bridge] [MGPU][R101] CALIBRATOR mode=2 site=data-scan | slots=33 data-slots=2 modules=137 gpa-calls=194 | resolved=2 creates=3 sr-handle=known | evaluates=2005 captured=2005 | cost 1180 ns/frame | eval-copies=2000 eval-skips=5. || THE GAME'S OWN TABLE: color=0x2449d19ac80 depth=0x2450e547040 MVEC=0x2449d19e5e0 output=0x2449e30e660 | MVecScale 1.0000,1.0000 | jitter 0.0312,0.4259 | Reset=0 | CreateFlags=0x49 -> DepthInverted=1 MVLowRes=0 MVJittered=0 IsHDR=1 AutoExposure=1 | quality=2 | render 1664x918 -> display 2560x1411 | dynamic 0x0..0x0 | subrect 1664x918 at color(0,0) depth(0,0) MV(0,0) out(0,0) | have=0xfff. || HOW TO READ IT. resolved=0 with evaluates=0 means no module asked for the entry point after we installed - either the title does not use DLSS, or it resolved before the addon loaded; the barrier path is untouched either way and is still what drives. sr-handle=UNFILTERED means we were not present for CreateFeature, so the table may be from frame generation rather than super sampling - check that render/display extents look like a supersampling pair before trusting it. MVEC here is the GAME'S answer to the question every round from R70 to R100 tried to infer; if it does not equal the handle the barrier probe armed on Dragon Sword, the probe was wrong on a title we believed, and THAT is the finding. have=0 bits name the keys this producer does not populate - Streamline and the raw SDK do not set the same subset, and the difference is a fact about the route, not a bug. MVLowRes IS DEFERRED OPTION 11 ANSWERED: 1 means the game's motion vectors are at RENDER resolution, 0 means display resolution, and we have been inferring that from buffer sizes since R83. Read it together with MVecScale - a low-res field with a display-sized scale is the shape that makes reprojection look almost right.
23:48:05:660 [21764] | INFO  | [MGPU Bridge] [MGPU][T5] present loop alive: frame 3000 thread id 0x5504
23:48:05:678 [21764] | INFO  | [MGPU Bridge] [MGPU][SEAL] new f=2806 slot=3 gap=1 lat=33.18ms pitch=10240 fmt=24 bytes=14448640 bc=0(unimplemented) OK
23:48:06:363 [21764] | INFO  | [MGPU Bridge] [MGPU][SEAL] new f=2867 slot=4 gap=1 lat=40.77ms pitch=10240 fmt=24 bytes=14448640 bc=0(unimplemented) OK
23:48:06:423 [20916] | INFO  | [MGPU Bridge] [MGPU][P9.1] META SRC mvec lane: 13 candidate(s), 710 ns/frame over 5817 frames. R72: RANKED AND SORTED BY RTV BINDS - how often each is RENDERED INTO, which is a per-frame usage signal. srvs is kept alongside as the old created over the resource. THIS DOES NOT IDENTIFY MOTION VECTORS - nothing in ReShade says which one they are - it says whether an MVec-shaped resource is visible from a subscriber at all. An empty list with a non-zero examined count is the result that says the NGX hook has to be earned or abandoned. root-descriptor SRV pushes=0 (zero here with a non-zero SRV count above means this engine binds through descriptor TABLES and push_descriptors is blind in it - a fact about the engine, not a fault). | #0 1664x920 R16G16_FLOAT srvs=1 RTVBINDS=0 (0.00/frame) | #1 2508x1411 R16G16_FLOAT srvs=2 RTVBINDS=0 (0.00/frame) | #2 1664x920 R16G16_FLOAT srvs=1 RTVBINDS=0 (0.00/frame) | #3 1664x920 R16G16_FLOAT srvs=1 RTVBINDS=0 (0.00/frame) | #4 2560x1411 R16G16_FLOAT srvs=2 RTVBINDS=0 (0.00/frame) <-DISPLAY-EXTENT | #5 1664x920 R16G16_FLOAT srvs=10 RTVBINDS=0 (0.00/frame) | #6 2508x1411 R16G16_FLOAT srvs=2 RTVBINDS=0 (0.00/frame) | #7 2508x1411 R16G16_FLOAT srvs=2 RTVBINDS=0 (0.00/frame)
23:48:06:424 [20916] | INFO  | [MGPU Bridge] [MGPU][R71] MVEC SIZES over ALL 13 candidate(s): 1664x920 x9 | 2508x1411 x3 | 2560x1411 x1 | || TRANSPORT SOURCE res=0x2449d19e5e0 (0 means not identified yet - it needs a display-extent candidate with render-target binds), handed to the transport 2110 times, 1 second-binds-in-a-frame skipped. || EVICTIONS: 13 resources destroyed and removed from the tables (R76 - a resolution change destroys every render target, and a stale entry is a copy from freed memory). RTV BINDS SEEN IN TOTAL: 0. THE RANK ABOVE IS NOW RENDER TARGET BINDS, NOT SRV CREATIONS. R25 ranked by SRVs created, got 6/5/3/3, and called it "a candidate, not an identification" - that flatness was the SIGNAL being wrong, not the game. An SRV creation count is a LIFETIME number; a velocity buffer is RENDERED INTO once per frame, and RTVBINDS is that. THE EXTENT TO MATCH IS THE DISPLAY EXTENT 2560x1411, not the render extent: the game's own DLSS telemetry says ColorExtentHeight=936 with MVExtentWidth=2560 MVExtentHeight=1440, so this title feeds HIGH-RESOLUTION motion vectors. A single candidate marked <-DISPLAY-EXTENT with RTVBINDS close to the frame count is the velocity buffer. RTV BINDS SEEN = 0 with candidates present means THIS EVENT did not see it, and says nothing whatever about the other two. R81 retracted the sentence that used to sit here - it named optical flow and NGX hooking as the routes left, before an
23:48:06:424 [20916] | INFO  | [MGPU Bridge] [MGPU][R82] ACQUISITION SIGNALS - three of them, one run. || RTV VIEW TABLE: 0 of 128 entries. THAT IS THE DENOMINATOR R80 COULD NOT SEE - a bind count of zero against an empty table means nothing at all. || OMSetRenderTargets: fired=0 rtvs=0 | matched via OUR TABLE=0 | matched via get_resource_from_view=0 || BeginRenderPass: fired=0 targets=0 matched=0 || Barrier: fired=496884 resources=1203744 matched=23816, costing 4560 ns/frame || #0 1664x920 rtv=0 rp=0 bar=7253(0xC0->0x8) | #1 2508x1411 rtv=0 rp=0 bar=1491(0x40->0x8) | #2 1664x920 rtv=0 rp=0 bar=3062(0xC0->0x8) | #3 1664x920 rtv=0 rp=0 bar=2658(0xC0->0x8) | #4 2560x1411 rtv=0 rp=0 bar=7088(0x40->0x8) | #5 1664x920 rtv=0 rp=0 bar=204(0xC0->0x8) | || HOW TO READ IT. via TABLE=0 while via get_resource_from_view is non-zero: the table was the whole bug and R76 through R81 were spent on a cache we never needed. BeginRenderPass fired while OMSetRenderTargets did not: this engine uses render passes and we were subscribed to the wrong event. Barrier matched with a per-frame count near the frame count: use THAT permanently - it needs no view, no table and no binding-path assumption, and 0x4->0xC0 (render_target -> shader_resource) is the moment AFTER the pass wrote, which is the correct moment to copy and is one the bind events cannot offer. NOTE THE STALENESS R78 DID NOT STATE: both bind events fire BEFORE the pass runs, so a copy taken there carries the PREVIOUS frame's vectors. All three silent with candidates present is the only reading that makes optical flow or NGX hooking the honest next step. Two of the barriers per frame on the published source are OURS.
23:48:07:045 [21764] | INFO  | [MGPU Bridge] [MGPU][SEAL] new f=2928 slot=5 gap=1 lat=44.43ms pitch=10240 fmt=24 bytes=14448640 bc=0(unimplemented) OK
23:48:07:711 [21764] | INFO  | [MGPU Bridge] [MGPU][SEAL] new f=2989 slot=0 gap=1 lat=33.39ms pitch=10240 fmt=24 bytes=14448640 bc=0(unimplemented) OK
23:48:07:922 [21764] | INFO  | [MGPU Bridge] [MGPU][R63] DEPTH TRANSPORT f=3008 mode=1 (TRANSPORTED AND BOUND) | producer: valid=3010 invalid=0 size-rejected=0, arm held 58 frame(s) | consumer: seals seen valid=2349 invalid=0 contract mismatches=0 | region 2560x1411 fmt=41 pitch=10240 bytes=14448640 at slot offset 14449152 of 43346432. INVALID IS NOT AN ERROR: ReShade unbinds depth in menus and scene changes, and R61 established that shipping the zeros it leaves behind would hand the model a false flat plane. An invalid frame carries the colour and says so. WHAT WOULD BE AN ERROR is contract mismatches above zero, or valid staying at zero once you are in gameplay - that means the tap is not feeding us. 100.0% of sealed frames carried depth. | GPU 1: unpacked=2256 bound=1450 skipped=0, DepthInverted=1, flag disagreements=0 (the seal crossed the adapter and the slot flag did not, so any disagreement between them is real). BOUND vs SKIPPED IS THE R61 TEST: skipped counts frames where ReShade had no depth and the model was given NONE rather than the previous frame's - open a menu mid-stream and this must move.
23:48:07:922 [21764] | INFO  | [MGPU Bridge] [MGPU][R78] MVEC TRANSPORT f=3008 mode=3 REAL | producer: copies=1507 missing=1503 size-rejected=889 lock-skipped=0, arm held 2600 frame(s) | consumer: seals seen valid=1505 invalid=844 contract mismatches=0 flag disagreements=3 | region 2560x1411 fmt=34 pitch=10240 bytes=14448640 at slot offset 28897792 of 43346432 | GPU 1: unpacked=1500 bound=875 skipped=575, scale=(1.000, 1.000). 64.1% of sealed frames carried vectors. COPIES IS THE ONE TO WATCH: it counts frames where the bind hook fired and a copy was recorded. If it stays at zero the probe published a handle nobody binds, and MVec never reaches the model whatever the rest of this line says. SKIPPED IS NOT AN ERROR - it counts frames with no vectors, which is what a menu looks like, and those frames are handed NONE rather than the last frame's motion.
23:48:07:922 [21764] | INFO  | [MGPU Bridge] [MGPU][R87] MVEC FRAME ALIGNMENT f=3008 | evaluates=1450 | elapsed 1=645 2=743 3=3 4=1 5=1 6=0 7=0 8+=57 | worst=17 | 44.48% at 1. A motion vector describes ONE game frame; NR reprojects by whatever it is handed. When the frame NR blends against is older than one, history lands SHORT by this factor - zero error at rest, growing with speed, and no constant MVecScale can fix it. The scale is multiplied by this per evaluate. IF THIS LINE IS FLAT AT 1 AND THE ARTEFACT IS UNCHANGED, PACING IS ELIMINATED and what remains is units or sign. P4.1's skipped-frame counter predicts about 99.5% at 1, so a materially lower figure here is a desync no counter has shown us.
23:48:08:394 [21764] | INFO  | [MGPU Bridge] [MGPU][SEAL] new f=3050 slot=1 gap=1 lat=37.25ms pitch=10240 fmt=24 bytes=14448640 bc=0(unimplemented) OK
23:48:08:457 [20916] | INFO  | [MGPU Bridge] [MGPU][R101] CALIBRATOR mode=2 site=data-scan | slots=33 data-slots=2 modules=137 gpa-calls=194 | resolved=2 creates=3 sr-handle=known | evaluates=2305 captured=2305 | cost 1242 ns/frame | eval-copies=2300 eval-skips=5. || THE GAME'S OWN TABLE: color=0x2449d19ac80 depth=0x2450e547040 MVEC=0x2449d19e5e0 output=0x2449e30e660 | MVecScale 1.0000,1.0000 | jitter 0.1875,-0.0185 | Reset=0 | CreateFlags=0x49 -> DepthInverted=1 MVLowRes=0 MVJittered=0 IsHDR=1 AutoExposure=1 | quality=2 | render 1664x918 -> display 2560x1411 | dynamic 0x0..0x0 | subrect 1664x918 at color(0,0) depth(0,0) MV(0,0) out(0,0) | have=0xfff. || HOW TO READ IT. resolved=0 with evaluates=0 means no module asked for the entry point after we installed - either the title does not use DLSS, or it resolved before the addon loaded; the barrier path is untouched either way and is still what drives. sr-handle=UNFILTERED means we were not present for CreateFeature, so the table may be from frame generation rather than super sampling - check that render/display extents look like a supersampling pair before trusting it. MVEC here is the GAME'S answer to the question every round from R70 to R100 tried to infer; if it does not equal the handle the barrier probe armed on Dragon Sword, the probe was wrong on a title we believed, and THAT is the finding. have=0 bits name the keys this producer does not populate - Streamline and the raw SDK do not set the same subset, and the difference is a fact about the route, not a bug. MVLowRes IS DEFERRED OPTION 11 ANSWERED: 1 means the game's motion vectors are at RENDER resolution, 0 means display resolution, and we have been inferring that from buffer sizes since R83. Read it together with MVecScale - a low-res field with a display-sized scale is the shape that makes reprojection look almost right.
23:48:09:073 [21764] | INFO  | [MGPU Bridge] [MGPU][SEAL] new f=3111 slot=2 gap=1 lat=38.70ms pitch=10240 fmt=24 bytes=14448640 bc=0(unimplemented) OK
23:48:09:425 [20916] | INFO  | [MGPU Bridge] [MGPU][P9.1] META SRC mvec lane: 13 candidate(s), 730 ns/frame over 6087 frames. R72: RANKED AND SORTED BY RTV BINDS - how often each is RENDERED INTO, which is a per-frame usage signal. srvs is kept alongside as the old created over the resource. THIS DOES NOT IDENTIFY MOTION VECTORS - nothing in ReShade says which one they are - it says whether an MVec-shaped resource is visible from a subscriber at all. An empty list with a non-zero examined count is the result that says the NGX hook has to be earned or abandoned. root-descriptor SRV pushes=0 (zero here with a non-zero SRV count above means this engine binds through descriptor TABLES and push_descriptors is blind in it - a fact about the engine, not a fault). | #0 1664x920 R16G16_FLOAT srvs=1 RTVBINDS=0 (0.00/frame) | #1 2508x1411 R16G16_FLOAT srvs=2 RTVBINDS=0 (0.00/frame) | #2 1664x920 R16G16_FLOAT srvs=1 RTVBINDS=0 (0.00/frame) | #3 1664x920 R16G16_FLOAT srvs=1 RTVBINDS=0 (0.00/frame) | #4 2560x1411 R16G16_FLOAT srvs=2 RTVBINDS=0 (0.00/frame) <-DISPLAY-EXTENT | #5 1664x920 R16G16_FLOAT srvs=10 RTVBINDS=0 (0.00/frame) | #6 2508x1411 R16G16_FLOAT srvs=2 RTVBINDS=0 (0.00/frame) | #7 2508x1411 R16G16_FLOAT srvs=2 RTVBINDS=0 (0.00/frame)
23:48:09:425 [20916] | INFO  | [MGPU Bridge] [MGPU][R71] MVEC SIZES over ALL 13 candidate(s): 1664x920 x9 | 2508x1411 x3 | 2560x1411 x1 | || TRANSPORT SOURCE res=0x2449d19e5e0 (0 means not identified yet - it needs a display-extent candidate with render-target binds), handed to the transport 2380 times, 1 second-binds-in-a-frame skipped. || EVICTIONS: 13 resources destroyed and removed from the tables (R76 - a resolution change destroys every render target, and a stale entry is a copy from freed memory). RTV BINDS SEEN IN TOTAL: 0. THE RANK ABOVE IS NOW RENDER TARGET BINDS, NOT SRV CREATIONS. R25 ranked by SRVs created, got 6/5/3/3, and called it "a candidate, not an identification" - that flatness was the SIGNAL being wrong, not the game. An SRV creation count is a LIFETIME number; a velocity buffer is RENDERED INTO once per frame, and RTVBINDS is that. THE EXTENT TO MATCH IS THE DISPLAY EXTENT 2560x1411, not the render extent: the game's own DLSS telemetry says ColorExtentHeight=936 with MVExtentWidth=2560 MVExtentHeight=1440, so this title feeds HIGH-RESOLUTION motion vectors. A single candidate marked <-DISPLAY-EXTENT with RTVBINDS close to the frame count is the velocity buffer. RTV BINDS SEEN = 0 with candidates present means THIS EVENT did not see it, and says nothing whatever about the other two. R81 retracted the sentence that used to sit here - it named optical flow and NGX hooking as the routes left, before an
23:48:09:425 [20916] | INFO  | [MGPU Bridge] [MGPU][R82] ACQUISITION SIGNALS - three of them, one run. || RTV VIEW TABLE: 0 of 128 entries. THAT IS THE DENOMINATOR R80 COULD NOT SEE - a bind count of zero against an empty table means nothing at all. || OMSetRenderTargets: fired=0 rtvs=0 | matched via OUR TABLE=0 | matched via get_resource_from_view=0 || BeginRenderPass: fired=0 targets=0 matched=0 || Barrier: fired=568666 resources=1379281 matched=27326, costing 4970 ns/frame || #0 1664x920 rtv=0 rp=0 bar=7253(0xC0->0x8) | #1 2508x1411 rtv=0 rp=0 bar=1491(0x40->0x8) | #2 1664x920 rtv=0 rp=0 bar=3602(0xC0->0x8) | #3 1664x920 rtv=0 rp=0 bar=3468(0xC0->0x8) | #4 2560x1411 rtv=0 rp=0 bar=9248(0x40->0x8) | #5 1664x920 rtv=0 rp=0 bar=204(0xC0->0x8) | || HOW TO READ IT. via TABLE=0 while via get_resource_from_view is non-zero: the table was the whole bug and R76 through R81 were spent on a cache we never needed. BeginRenderPass fired while OMSetRenderTargets did not: this engine uses render passes and we were subscribed to the wrong event. Barrier matched with a per-frame count near the frame count: use THAT permanently - it needs no view, no table and no binding-path assumption, and 0x4->0xC0 (render_target -> shader_resource) is the moment AFTER the pass wrote, which is the correct moment to copy and is one the bind events cannot offer. NOTE THE STALENESS R78 DID NOT STATE: both bind events fire BEFORE the pass runs, so a copy taken there carries the PREVIOUS frame's vectors. All three silent with candidates present is the only reading that makes optical flow or NGX hooking the honest next step. Two of the barriers per frame on the published source are OURS.
23:48:09:749 [21764] | INFO  | [MGPU Bridge] [MGPU][SEAL] new f=3172 slot=3 gap=1 lat=37.63ms pitch=10240 fmt=24 bytes=14448640 bc=0(unimplemented) OK
23:48:10:429 [21764] | INFO  | [MGPU Bridge] [MGPU][SEAL] new f=3233 slot=4 gap=1 lat=38.85ms pitch=10240 fmt=24 bytes=14448640 bc=0(unimplemented) OK
23:48:11:112 [21764] | INFO  | [MGPU Bridge] [MGPU][SEAL] new f=3294 slot=5 gap=1 lat=43.31ms pitch=10240 fmt=24 bytes=14448640 bc=0(unimplemented) OK
23:48:11:262 [21764] | INFO  | [MGPU Bridge] [MGPU][R63] DEPTH TRANSPORT f=3308 mode=1 (TRANSPORTED AND BOUND) | producer: valid=3311 invalid=0 size-rejected=0, arm held 58 frame(s) | consumer: seals seen valid=2649 invalid=0 contract mismatches=0 | region 2560x1411 fmt=41 pitch=10240 bytes=14448640 at slot offset 14449152 of 43346432. INVALID IS NOT AN ERROR: ReShade unbinds depth in menus and scene changes, and R61 established that shipping the zeros it leaves behind would hand the model a false flat plane. An invalid frame carries the colour and says so. WHAT WOULD BE AN ERROR is contract mismatches above zero, or valid staying at zero once you are in gameplay - that means the tap is not feeding us. 100.0% of sealed frames carried depth. | GPU 1: unpacked=2557 bound=1627 skipped=0, DepthInverted=1, flag disagreements=0 (the seal crossed the adapter and the slot flag did not, so any disagreement between them is real). BOUND vs SKIPPED IS THE R61 TEST: skipped counts frames where ReShade had no depth and the model was given NONE rather than the previous frame's - open a menu mid-stream and this must move.
23:48:11:263 [21764] | INFO  | [MGPU Bridge] [MGPU][R78] MVEC TRANSPORT f=3308 mode=3 REAL | producer: copies=1808 missing=1503 size-rejected=889 lock-skipped=0, arm held 2600 frame(s) | consumer: seals seen valid=1805 invalid=844 contract mismatches=0 flag disagreements=3 | region 2560x1411 fmt=34 pitch=10240 bytes=14448640 at slot offset 28897792 of 43346432 | GPU 1: unpacked=1801 bound=1052 skipped=575, scale=(1.000, 1.000). 68.1% of sealed frames carried vectors. COPIES IS THE ONE TO WATCH: it counts frames where the bind hook fired and a copy was recorded. If it stays at zero the probe published a handle nobody binds, and MVec never reaches the model whatever the rest of this line says. SKIPPED IS NOT AN ERROR - it counts frames with no vectors, which is what a menu looks like, and those frames are handed NONE rather than the last frame's motion.
23:48:11:263 [21764] | INFO  | [MGPU Bridge] [MGPU][R87] MVEC FRAME ALIGNMENT f=3308 | evaluates=1627 | elapsed 1=698 2=867 3=3 4=1 5=1 6=0 7=0 8+=57 | worst=17 | 42.90% at 1. A motion vector describes ONE game frame; NR reprojects by whatever it is handed. When the frame NR blends against is older than one, history lands SHORT by this factor - zero error at rest, growing with speed, and no constant MVecScale can fix it. The scale is multiplied by this per evaluate. IF THIS LINE IS FLAT AT 1 AND THE ARTEFACT IS UNCHANGED, PACING IS ELIMINATED and what remains is units or sign. P4.1's skipped-frame counter predicts about 99.5% at 1, so a materially lower figure here is a desync no counter has shown us.
23:48:11:784 [21764] | INFO  | [MGPU Bridge] [MGPU][SEAL] new f=3355 slot=0 gap=1 lat=37.44ms pitch=10240 fmt=24 bytes=14448640 bc=0(unimplemented) OK
23:48:11:791 [20916] | INFO  | [MGPU Bridge] [MGPU][R101] CALIBRATOR mode=2 site=data-scan | slots=33 data-slots=2 modules=137 gpa-calls=194 | resolved=2 creates=3 sr-handle=known | evaluates=2605 captured=2605 | cost 1300 ns/frame | eval-copies=2600 eval-skips=5. || THE GAME'S OWN TABLE: color=0x2449d19ac80 depth=0x2450e547040 MVEC=0x2449d19e5e0 output=0x2449e30e660 | MVecScale 1.0000,1.0000 | jitter 0.0625,-0.4630 | Reset=0 | CreateFlags=0x49 -> DepthInverted=1 MVLowRes=0 MVJittered=0 IsHDR=1 AutoExposure=1 | quality=2 | render 1664x918 -> display 2560x1411 | dynamic 0x0..0x0 | subrect 1664x918 at color(0,0) depth(0,0) MV(0,0) out(0,0) | have=0xfff. || HOW TO READ IT. resolved=0 with evaluates=0 means no module asked for the entry point after we installed - either the title does not use DLSS, or it resolved before the addon loaded; the barrier path is untouched either way and is still what drives. sr-handle=UNFILTERED means we were not present for CreateFeature, so the table may be from frame generation rather than super sampling - check that render/display extents look like a supersampling pair before trusting it. MVEC here is the GAME'S answer to the question every round from R70 to R100 tried to infer; if it does not equal the handle the barrier probe armed on Dragon Sword, the probe was wrong on a title we believed, and THAT is the finding. have=0 bits name the keys this producer does not populate - Streamline and the raw SDK do not set the same subset, and the difference is a fact about the route, not a bug. MVLowRes IS DEFERRED OPTION 11 ANSWERED: 1 means the game's motion vectors are at RENDER resolution, 0 means display resolution, and we have been inferring that from buffer sizes since R83. Read it together with MVecScale - a low-res field with a display-sized scale is the shape that makes reprojection look almost right.
23:48:12:437 [20916] | INFO  | [MGPU Bridge] [MGPU][P9.1] META SRC mvec lane: 13 candidate(s), 754 ns/frame over 6358 frames. R72: RANKED AND SORTED BY RTV BINDS - how often each is RENDERED INTO, which is a per-frame usage signal. srvs is kept alongside as the old created over the resource. THIS DOES NOT IDENTIFY MOTION VECTORS - nothing in ReShade says which one they are - it says whether an MVec-shaped resource is visible from a subscriber at all. An empty list with a non-zero examined count is the result that says the NGX hook has to be earned or abandoned. root-descriptor SRV pushes=0 (zero here with a non-zero SRV count above means this engine binds through descriptor TABLES and push_descriptors is blind in it - a fact about the engine, not a fault). | #0 1664x920 R16G16_FLOAT srvs=1 RTVBINDS=0 (0.00/frame) | #1 2508x1411 R16G16_FLOAT srvs=2 RTVBINDS=0 (0.00/frame) | #2 1664x920 R16G16_FLOAT srvs=1 RTVBINDS=0 (0.00/frame) | #3 1664x920 R16G16_FLOAT srvs=1 RTVBINDS=0 (0.00/frame) | #4 2560x1411 R16G16_FLOAT srvs=2 RTVBINDS=0 (0.00/frame) <-DISPLAY-EXTENT | #5 1664x920 R16G16_FLOAT srvs=10 RTVBINDS=0 (0.00/frame) | #6 2508x1411 R16G16_FLOAT srvs=2 RTVBINDS=0 (0.00/frame) | #7 2508x1411 R16G16_FLOAT srvs=2 RTVBINDS=0 (0.00/frame)
23:48:12:437 [20916] | INFO  | [MGPU Bridge] [MGPU][R71] MVEC SIZES over ALL 13 candidate(s): 1664x920 x9 | 2508x1411 x3 | 2560x1411 x1 | || TRANSPORT SOURCE res=0x2449d19e5e0 (0 means not identified yet - it needs a display-extent candidate with render-target binds), handed to the transport 2651 times, 1 second-binds-in-a-frame skipped. || EVICTIONS: 13 resources destroyed and removed from the tables (R76 - a resolution change destroys every render target, and a stale entry is a copy from freed memory). RTV BINDS SEEN IN TOTAL: 0. THE RANK ABOVE IS NOW RENDER TARGET BINDS, NOT SRV CREATIONS. R25 ranked by SRVs created, got 6/5/3/3, and called it "a candidate, not an identification" - that flatness was the SIGNAL being wrong, not the game. An SRV creation count is a LIFETIME number; a velocity buffer is RENDERED INTO once per frame, and RTVBINDS is that. THE EXTENT TO MATCH IS THE DISPLAY EXTENT 2560x1411, not the render extent: the game's own DLSS telemetry says ColorExtentHeight=936 with MVExtentWidth=2560 MVExtentHeight=1440, so this title feeds HIGH-RESOLUTION motion vectors. A single candidate marked <-DISPLAY-EXTENT with RTVBINDS close to the frame count is the velocity buffer. RTV BINDS SEEN = 0 with candidates present means THIS EVENT did not see it, and says nothing whatever about the other two. R81 retracted the sentence that used to sit here - it named optical flow and NGX hooking as the routes left, before an
23:48:12:437 [20916] | INFO  | [MGPU Bridge] [MGPU][R82] ACQUISITION SIGNALS - three of them, one run. || RTV VIEW TABLE: 0 of 128 entries. THAT IS THE DENOMINATOR R80 COULD NOT SEE - a bind count of zero against an empty table means nothing at all. || OMSetRenderTargets: fired=0 rtvs=0 | matched via OUR TABLE=0 | matched via get_resource_from_view=0 || BeginRenderPass: fired=0 targets=0 matched=0 || Barrier: fired=641437 resources=1576333 matched=30849, costing 5396 ns/frame || #0 1664x920 rtv=0 rp=0 bar=7253(0xC0->0x8) | #1 2508x1411 rtv=0 rp=0 bar=1491(0x40->0x8) | #2 1664x920 rtv=0 rp=0 bar=4144(0xC0->0x8) | #3 1664x920 rtv=0 rp=0 bar=4281(0xC0->0x8) | #4 2560x1411 rtv=0 rp=0 bar=11416(0x40->0x8) | #5 1664x920 rtv=0 rp=0 bar=204(0xC0->0x8) | || HOW TO READ IT. via TABLE=0 while via get_resource_from_view is non-zero: the table was the whole bug and R76 through R81 were spent on a cache we never needed. BeginRenderPass fired while OMSetRenderTargets did not: this engine uses render passes and we were subscribed to the wrong event. Barrier matched with a per-frame count near the frame count: use THAT permanently - it needs no view, no table and no binding-path assumption, and 0x4->0xC0 (render_target -> shader_resource) is the moment AFTER the pass wrote, which is the correct moment to copy and is one the bind events cannot offer. NOTE THE STALENESS R78 DID NOT STATE: both bind events fire BEFORE the pass runs, so a copy taken there carries the PREVIOUS frame's vectors. All three silent with candidates present is the only reading that makes optical flow or NGX hooking the honest next step. Two of the barriers per frame on the published source are OURS.
23:48:12:465 [21764] | INFO  | [MGPU Bridge] [MGPU][SEAL] new f=3416 slot=1 gap=1 lat=40.61ms pitch=10240 fmt=24 bytes=14448640 bc=0(unimplemented) OK
23:48:13:131 [21764] | INFO  | [MGPU Bridge] [MGPU][SEAL] new f=3477 slot=2 gap=1 lat=30.70ms pitch=10240 fmt=24 bytes=14448640 bc=0(unimplemented) OK
23:48:13:814 [21764] | INFO  | [MGPU Bridge] [MGPU][SEAL] new f=3538 slot=3 gap=1 lat=35.98ms pitch=10240 fmt=24 bytes=14448640 bc=0(unimplemented) OK
23:48:14:501 [21764] | INFO  | [MGPU Bridge] [MGPU][SEAL] new f=3599 slot=4 gap=1 lat=44.35ms pitch=10240 fmt=24 bytes=14448640 bc=0(unimplemented) OK
23:48:14:596 [21764] | INFO  | [MGPU Bridge] [MGPU][R63] DEPTH TRANSPORT f=3608 mode=1 (TRANSPORTED AND BOUND) | producer: valid=3611 invalid=0 size-rejected=0, arm held 58 frame(s) | consumer: seals seen valid=2949 invalid=0 contract mismatches=0 | region 2560x1411 fmt=41 pitch=10240 bytes=14448640 at slot offset 14449152 of 43346432. INVALID IS NOT AN ERROR: ReShade unbinds depth in menus and scene changes, and R61 established that shipping the zeros it leaves behind would hand the model a false flat plane. An invalid frame carries the colour and says so. WHAT WOULD BE AN ERROR is contract mismatches above zero, or valid staying at zero once you are in gameplay - that means the tap is not feeding us. 100.0% of sealed frames carried depth. | GPU 1: unpacked=2857 bound=1802 skipped=0, DepthInverted=1, flag disagreements=0 (the seal crossed the adapter and the slot flag did not, so any disagreement between them is real). BOUND vs SKIPPED IS THE R61 TEST: skipped counts frames where ReShade had no depth and the model was given NONE rather than the previous frame's - open a menu mid-stream and this must move.
23:48:14:596 [21764] | INFO  | [MGPU Bridge] [MGPU][R78] MVEC TRANSPORT f=3608 mode=3 REAL | producer: copies=2108 missing=1503 size-rejected=889 lock-skipped=0, arm held 2600 frame(s) | consumer: seals seen valid=2105 invalid=844 contract mismatches=0 flag disagreements=3 | region 2560x1411 fmt=34 pitch=10240 bytes=14448640 at slot offset 28897792 of 43346432 | GPU 1: unpacked=2101 bound=1227 skipped=575, scale=(1.000, 1.000). 71.4% of sealed frames carried vectors. COPIES IS THE ONE TO WATCH: it counts frames where the bind hook fired and a copy was recorded. If it stays at zero the probe published a handle nobody binds, and MVec never reaches the model whatever the rest of this line says. SKIPPED IS NOT AN ERROR - it counts frames with no vectors, which is what a menu looks like, and those frames are handed NONE rather than the last frame's motion.
23:48:14:597 [21764] | INFO  | [MGPU Bridge] [MGPU][R87] MVEC FRAME ALIGNMENT f=3608 | evaluates=1802 | elapsed 1=748 2=992 3=3 4=1 5=1 6=0 7=0 8+=57 | worst=17 | 41.51% at 1. A motion vector describes ONE game frame; NR reprojects by whatever it is handed. When the frame NR blends against is older than one, history lands SHORT by this factor - zero error at rest, growing with speed, and no constant MVecScale can fix it. The scale is multiplied by this per evaluate. IF THIS LINE IS FLAT AT 1 AND THE ARTEFACT IS UNCHANGED, PACING IS ELIMINATED and what remains is units or sign. P4.1's skipped-frame counter predicts about 99.5% at 1, so a materially lower figure here is a desync no counter has shown us.
23:48:15:122 [20916] | INFO  | [MGPU Bridge] [MGPU][R101] CALIBRATOR mode=2 site=data-scan | slots=33 data-slots=2 modules=137 gpa-calls=198 | resolved=2 creates=3 sr-handle=known | evaluates=2905 captured=2905 | cost 1349 ns/frame | eval-copies=2900 eval-skips=5. || THE GAME'S OWN TABLE: color=0x2449d19ac80 depth=0x24512724b80 MVEC=0x24512725510 output=0x2449e30e660 | MVecScale 1.0000,1.0000 | jitter 0.1250,0.2778 | Reset=0 | CreateFlags=0x49 -> DepthInverted=1 MVLowRes=0 MVJittered=0 IsHDR=1 AutoExposure=1 | quality=2 | render 1664x918 -> display 2560x1411 | dynamic 0x0..0x0 | subrect 1664x918 at color(0,0) depth(0,0) MV(0,0) out(0,0) | have=0xfff. || HOW TO READ IT. resolved=0 with evaluates=0 means no module asked for the entry point after we installed - either the title does not use DLSS, or it resolved before the addon loaded; the barrier path is untouched either way and is still what drives. sr-handle=UNFILTERED means we were not present for CreateFeature, so the table may be from frame generation rather than super sampling - check that render/display extents look like a supersampling pair before trusting it. MVEC here is the GAME'S answer to the question every round from R70 to R100 tried to infer; if it does not equal the handle the barrier probe armed on Dragon Sword, the probe was wrong on a title we believed, and THAT is the finding. have=0 bits name the keys this producer does not populate - Streamline and the raw SDK do not set the same subset, and the difference is a fact about the route, not a bug. MVLowRes IS DEFERRED OPTION 11 ANSWERED: 1 means the game's motion vectors are at RENDER resolution, 0 means display resolution, and we have been inferring that from buffer sizes since R83. Read it together with MVecScale - a low-res field with a display-sized scale is the shape that makes reprojection look almost right.
23:48:15:178 [21764] | INFO  | [MGPU Bridge] [MGPU][SEAL] new f=3660 slot=5 gap=1 lat=44.62ms pitch=10240 fmt=24 bytes=14448640 bc=0(unimplemented) OK
23:48:15:445 [20916] | INFO  | [MGPU Bridge] [MGPU][P9.1] META SRC mvec lane: 13 candidate(s), 771 ns/frame over 6629 frames. R72: RANKED AND SORTED BY RTV BINDS - how often each is RENDERED INTO, which is a per-frame usage signal. srvs is kept alongside as the old created over the resource. THIS DOES NOT IDENTIFY MOTION VECTORS - nothing in ReShade says which one they are - it says whether an MVec-shaped resource is visible from a subscriber at all. An empty list with a non-zero examined count is the result that says the NGX hook has to be earned or abandoned. root-descriptor SRV pushes=0 (zero here with a non-zero SRV count above means this engine binds through descriptor TABLES and push_descriptors is blind in it - a fact about the engine, not a fault). | #0 2560x1411 R16G16_FLOAT srvs=2 RTVBINDS=0 (0.00/frame) <-DISPLAY-EXTENT | #1 2560x1411 R16G16_FLOAT srvs=2 RTVBINDS=0 (0.00/frame) <-DISPLAY-EXTENT | #2 1664x920 R16G16_FLOAT srvs=1 RTVBINDS=0 (0.00/frame) | #3 1664x920 R16G16_FLOAT srvs=1 RTVBINDS=0 (0.00/frame) | #4 2560x1411 R16G16_FLOAT srvs=8 RTVBINDS=0 (0.00/frame) <-DISPLAY-EXTENT | #5 1664x920 R16G16_FLOAT srvs=10 RTVBINDS=0 (0.00/frame) | #6 2508x1411 R16G16_FLOAT srvs=2 RTVBINDS=0 (0.00/frame) | #7 2508x1411 R16G16_FLOAT srvs=2 RTVBINDS=0 (0.00/frame)
23:48:15:445 [20916] | INFO  | [MGPU Bridge] [MGPU][R71] MVEC SIZES over ALL 13 candidate(s): 2560x1411 x3 | 1664x920 x8 | 2508x1411 x2 | || TRANSPORT SOURCE res=0x24512725510 (0 means not identified yet - it needs a display-extent candidate with render-target binds), handed to the transport 2917 times, 1 second-binds-in-a-frame skipped. || EVICTIONS: 15 resources destroyed and removed from the tables (R76 - a resolution change destroys every render target, and a stale entry is a copy from freed memory). RTV BINDS SEEN IN TOTAL: 0. THE RANK ABOVE IS NOW RENDER TARGET BINDS, NOT SRV CREATIONS. R25 ranked by SRVs created, got 6/5/3/3, and called it "a candidate, not an identification" - that flatness was the SIGNAL being wrong, not the game. An SRV creation count is a LIFETIME number; a velocity buffer is RENDERED INTO once per frame, and RTVBINDS is that. THE EXTENT TO MATCH IS THE DISPLAY EXTENT 2560x1411, not the render extent: the game's own DLSS telemetry says ColorExtentHeight=936 with MVExtentWidth=2560 MVExtentHeight=1440, so this title feeds HIGH-RESOLUTION motion vectors. A single candidate marked <-DISPLAY-EXTENT with RTVBINDS close to the frame count is the velocity buffer. RTV BINDS SEEN = 0 with candidates present means THIS EVENT did not see it, and says nothing whatever about the other two. R81 retracted the sentence that used to sit here - it named optical flow and NGX hooking as the routes left, before an
23:48:15:445 [20916] | INFO  | [MGPU Bridge] [MGPU][R82] ACQUISITION SIGNALS - three of them, one run. || RTV VIEW TABLE: 0 of 128 entries. THAT IS THE DENOMINATOR R80 COULD NOT SEE - a bind count of zero against an empty table means nothing at all. || OMSetRenderTargets: fired=0 rtvs=0 | matched via OUR TABLE=0 | matched via get_resource_from_view=0 || BeginRenderPass: fired=0 targets=0 matched=0 || Barrier: fired=712775 resources=1749588 matched=34160, costing 5745 ns/frame || #0 2560x1411 rtv=0 rp=0 bar=7889(0x40->0x8) | #1 2560x1411 rtv=0 rp=0 bar=2171(0x40->0x8) | #2 1664x920 rtv=0 rp=0 bar=4686(0xC0->0x8) | #3 1664x920 rtv=0 rp=0 bar=5094(0xC0->0x8) | #4 2560x1411 rtv=0 rp=0 bar=12056(0x40->0x8) | #5 1664x920 rtv=0 rp=0 bar=204(0xC0->0x8) | || HOW TO READ IT. via TABLE=0 while via get_resource_from_view is non-zero: the table was the whole bug and R76 through R81 were spent on a cache we never needed. BeginRenderPass fired while OMSetRenderTargets did not: this engine uses render passes and we were subscribed to the wrong event. Barrier matched with a per-frame count near the frame count: use THAT permanently - it needs no view, no table and no binding-path assumption, and 0x4->0xC0 (render_target -> shader_resource) is the moment AFTER the pass wrote, which is the correct moment to copy and is one the bind events cannot offer. NOTE THE STALENESS R78 DID NOT STATE: both bind events fire BEFORE the pass runs, so a copy taken there carries the PREVIOUS frame's vectors. All three silent with candidates present is the only reading that makes optical flow or NGX hooking the honest next step. Two of the barriers per frame on the published source are OURS.
23:48:15:850 [21764] | INFO  | [MGPU Bridge] [MGPU][SEAL] new f=3721 slot=0 gap=1 lat=39.14ms pitch=10240 fmt=24 bytes=14448640 bc=0(unimplemented) OK
23:48:16:531 [21764] | INFO  | [MGPU Bridge] [MGPU][SEAL] new f=3782 slot=1 gap=1 lat=41.64ms pitch=10240 fmt=24 bytes=14448640 bc=0(unimplemented) OK
23:48:17:062 [21764] | INFO  | [MGPU Bridge] [MGPU][T5] present loop alive: frame 3600 thread id 0x5504
23:48:17:198 [21764] | INFO  | [MGPU Bridge] [MGPU][SEAL] new f=3843 slot=2 gap=1 lat=30.74ms pitch=10240 fmt=24 bytes=14448640 bc=0(unimplemented) OK
23:48:17:882 [21764] | INFO  | [MGPU Bridge] [MGPU][SEAL] new f=3904 slot=3 gap=1 lat=38.02ms pitch=10240 fmt=24 bytes=14448640 bc=0(unimplemented) OK
23:48:17:921 [21764] | INFO  | [MGPU Bridge] [MGPU][R63] DEPTH TRANSPORT f=3908 mode=1 (TRANSPORTED AND BOUND) | producer: valid=3910 invalid=0 size-rejected=0, arm held 58 frame(s) | consumer: seals seen valid=3249 invalid=0 contract mismatches=0 | region 2560x1411 fmt=41 pitch=10240 bytes=14448640 at slot offset 14449152 of 43346432. INVALID IS NOT AN ERROR: ReShade unbinds depth in menus and scene changes, and R61 established that shipping the zeros it leaves behind would hand the model a false flat plane. An invalid frame carries the colour and says so. WHAT WOULD BE AN ERROR is contract mismatches above zero, or valid staying at zero once you are in gameplay - that means the tap is not feeding us. 100.0% of sealed frames carried depth. | GPU 1: unpacked=3156 bound=1976 skipped=0, DepthInverted=1, flag disagreements=0 (the seal crossed the adapter and the slot flag did not, so any disagreement between them is real). BOUND vs SKIPPED IS THE R61 TEST: skipped counts frames where ReShade had no depth and the model was given NONE rather than the previous frame's - open a menu mid-stream and this must move.
23:48:17:922 [21764] | INFO  | [MGPU Bridge] [MGPU][R78] MVEC TRANSPORT f=3908 mode=3 REAL | producer: copies=2407 missing=1503 size-rejected=889 lock-skipped=0, arm held 2600 frame(s) | consumer: seals seen valid=2405 invalid=844 contract mismatches=0 flag disagreements=3 | region 2560x1411 fmt=34 pitch=10240 bytes=14448640 at slot offset 28897792 of 43346432 | GPU 1: unpacked=2400 bound=1401 skipped=575, scale=(1.000, 1.000). 74.0% of sealed frames carried vectors. COPIES IS THE ONE TO WATCH: it counts frames where the bind hook fired and a copy was recorded. If it stays at zero the probe published a handle nobody binds, and MVec never reaches the model whatever the rest of this line says. SKIPPED IS NOT AN ERROR - it counts frames with no vectors, which is what a menu looks like, and those frames are handed NONE rather than the last frame's motion.
23:48:17:922 [21764] | INFO  | [MGPU Bridge] [MGPU][R87] MVEC FRAME ALIGNMENT f=3908 | evaluates=1976 | elapsed 1=797 2=1117 3=3 4=1 5=1 6=0 7=0 8+=57 | worst=17 | 40.33% at 1. A motion vector describes ONE game frame; NR reprojects by whatever it is handed. When the frame NR blends against is older than one, history lands SHORT by this factor - zero error at rest, growing with speed, and no constant MVecScale can fix it. The scale is multiplied by this per evaluate. IF THIS LINE IS FLAT AT 1 AND THE ARTEFACT IS UNCHANGED, PACING IS ELIMINATED and what remains is units or sign. P4.1's skipped-frame counter predicts about 99.5% at 1, so a materially lower figure here is a desync no counter has shown us.
23:48:18:446 [20916] | INFO  | [MGPU Bridge] [MGPU][P9.1] META SRC mvec lane: 13 candidate(s), 789 ns/frame over 6899 frames. R72: RANKED AND SORTED BY RTV BINDS - how often each is RENDERED INTO, which is a per-frame usage signal. srvs is kept alongside as the old created over the resource. THIS DOES NOT IDENTIFY MOTION VECTORS - nothing in ReShade says which one they are - it says whether an MVec-shaped resource is visible from a subscriber at all. An empty list with a non-zero examined count is the result that says the NGX hook has to be earned or abandoned. root-descriptor SRV pushes=0 (zero here with a non-zero SRV count above means this engine binds through descriptor TABLES and push_descriptors is blind in it - a fact about the engine, not a fault). | #0 2560x1411 R16G16_FLOAT srvs=2 RTVBINDS=0 (0.00/frame) <-DISPLAY-EXTENT | #1 2560x1411 R16G16_FLOAT srvs=2 RTVBINDS=0 (0.00/frame) <-DISPLAY-EXTENT | #2 1664x920 R16G16_FLOAT srvs=1 RTVBINDS=0 (0.00/frame) | #3 1664x920 R16G16_FLOAT srvs=1 RTVBINDS=0 (0.00/frame) | #4 2560x1411 R16G16_FLOAT srvs=11 RTVBINDS=0 (0.00/frame) <-DISPLAY-EXTENT | #5 1664x920 R16G16_FLOAT srvs=10 RTVBINDS=0 (0.00/frame) | #6 2508x1411 R16G16_FLOAT srvs=2 RTVBINDS=0 (0.00/frame) | #7 2508x1411 R16G16_FLOAT srvs=2 RTVBINDS=0 (0.00/frame)
23:48:18:446 [20916] | INFO  | [MGPU Bridge] [MGPU][R71] MVEC SIZES over ALL 13 candidate(s): 2560x1411 x3 | 1664x920 x8 | 2508x1411 x2 | || TRANSPORT SOURCE res=0x2449b7f9470 (0 means not identified yet - it needs a display-extent candidate with render-target binds), handed to the transport 3186 times, 1 second-binds-in-a-frame skipped. || EVICTIONS: 17 resources destroyed and removed from the tables (R76 - a resolution change destroys every render target, and a stale entry is a copy from freed memory). RTV BINDS SEEN IN TOTAL: 0. THE RANK ABOVE IS NOW RENDER TARGET BINDS, NOT SRV CREATIONS. R25 ranked by SRVs created, got 6/5/3/3, and called it "a candidate, not an identification" - that flatness was the SIGNAL being wrong, not the game. An SRV creation count is a LIFETIME number; a velocity buffer is RENDERED INTO once per frame, and RTVBINDS is that. THE EXTENT TO MATCH IS THE DISPLAY EXTENT 2560x1411, not the render extent: the game's own DLSS telemetry says ColorExtentHeight=936 with MVExtentWidth=2560 MVExtentHeight=1440, so this title feeds HIGH-RESOLUTION motion vectors. A single candidate marked <-DISPLAY-EXTENT with RTVBINDS close to the frame count is the velocity buffer. RTV BINDS SEEN = 0 with candidates present means THIS EVENT did not see it, and says nothing whatever about the other two. R81 retracted the sentence that used to sit here - it named optical flow and NGX hooking as the routes left, before an
23:48:18:446 [20916] | INFO  | [MGPU Bridge] [MGPU][R82] ACQUISITION SIGNALS - three of them, one run. || RTV VIEW TABLE: 0 of 128 entries. THAT IS THE DENOMINATOR R80 COULD NOT SEE - a bind count of zero against an empty table means nothing at all. || OMSetRenderTargets: fired=0 rtvs=0 | matched via OUR TABLE=0 | matched via get_resource_from_view=0 || BeginRenderPass: fired=0 targets=0 matched=0 || Barrier: fired=783849 resources=1917487 matched=37646, costing 6055 ns/frame || #0 2560x1411 rtv=0 rp=0 bar=7961(0x40->0x8) | #1 2560x1411 rtv=0 rp=0 bar=4235(0x40->0x8) | #2 1664x920 rtv=0 rp=0 bar=5226(0xC0->0x8) | #3 1664x920 rtv=0 rp=0 bar=5904(0xC0->0x8) | #4 2560x1411 rtv=0 rp=0 bar=12056(0x40->0x8) | #5 1664x920 rtv=0 rp=0 bar=204(0xC0->0x8) | || HOW TO READ IT. via TABLE=0 while via get_resource_from_view is non-zero: the table was the whole bug and R76 through R81 were spent on a cache we never needed. BeginRenderPass fired while OMSetRenderTargets did not: this engine uses render passes and we were subscribed to the wrong event. Barrier matched with a per-frame count near the frame count: use THAT permanently - it needs no view, no table and no binding-path assumption, and 0x4->0xC0 (render_target -> shader_resource) is the moment AFTER the pass wrote, which is the correct moment to copy and is one the bind events cannot offer. NOTE THE STALENESS R78 DID NOT STATE: both bind events fire BEFORE the pass runs, so a copy taken there carries the PREVIOUS frame's vectors. All three silent with candidates present is the only reading that makes optical flow or NGX hooking the honest next step. Two of the barriers per frame on the published source are OURS.
23:48:18:457 [20916] | INFO  | [MGPU Bridge] [MGPU][R101] CALIBRATOR mode=2 site=data-scan | slots=33 data-slots=2 modules=137 gpa-calls=212 | resolved=2 creates=3 sr-handle=known | evaluates=3205 captured=3205 | cost 1392 ns/frame | eval-copies=3200 eval-skips=5. || THE GAME'S OWN TABLE: color=0x2449d19ac80 depth=0x2449b7f47f0 MVEC=0x2449b7f9470 output=0x2449e30e660 | MVecScale 1.0000,1.0000 | jitter 0.0000,-0.1667 | Reset=0 | CreateFlags=0x49 -> DepthInverted=1 MVLowRes=0 MVJittered=0 IsHDR=1 AutoExposure=1 | quality=2 | render 1664x918 -> display 2560x1411 | dynamic 0x0..0x0 | subrect 1664x918 at color(0,0) depth(0,0) MV(0,0) out(0,0) | have=0xfff. || HOW TO READ IT. resolved=0 with evaluates=0 means no module asked for the entry point after we installed - either the title does not use DLSS, or it resolved before the addon loaded; the barrier path is untouched either way and is still what drives. sr-handle=UNFILTERED means we were not present for CreateFeature, so the table may be from frame generation rather than super sampling - check that render/display extents look like a supersampling pair before trusting it. MVEC here is the GAME'S answer to the question every round from R70 to R100 tried to infer; if it does not equal the handle the barrier probe armed on Dragon Sword, the probe was wrong on a title we believed, and THAT is the finding. have=0 bits name the keys this producer does not populate - Streamline and the raw SDK do not set the same subset, and the difference is a fact about the route, not a bug. MVLowRes IS DEFERRED OPTION 11 ANSWERED: 1 means the game's motion vectors are at RENDER resolution, 0 means display resolution, and we have been inferring that from buffer sizes since R83. Read it together with MVecScale - a low-res field with a display-sized scale is the shape that makes reprojection look almost right.
23:48:18:561 [21764] | INFO  | [MGPU Bridge] [MGPU][SEAL] new f=3965 slot=4 gap=1 lat=37.41ms pitch=10240 fmt=24 bytes=14448640 bc=0(unimplemented) OK
23:48:19:239 [21764] | INFO  | [MGPU Bridge] [MGPU][SEAL] new f=4026 slot=5 gap=1 lat=38.85ms pitch=10240 fmt=24 bytes=14448640 bc=0(unimplemented) OK
23:48:19:929 [21764] | INFO  | [MGPU Bridge] [MGPU][SEAL] new f=4087 slot=0 gap=1 lat=45.29ms pitch=10240 fmt=24 bytes=14448640 bc=0(unimplemented) OK
23:48:20:612 [21764] | INFO  | [MGPU Bridge] [MGPU][SEAL] new f=4148 slot=1 gap=1 lat=44.99ms pitch=10240 fmt=24 bytes=14448640 bc=0(unimplemented) OK
23:48:21:279 [21764] | INFO  | [MGPU Bridge] [MGPU][R63] DEPTH TRANSPORT f=4208 mode=1 (TRANSPORTED AND BOUND) | producer: valid=4211 invalid=0 size-rejected=0, arm held 58 frame(s) | consumer: seals seen valid=3549 invalid=0 contract mismatches=0 | region 2560x1411 fmt=41 pitch=10240 bytes=14448640 at slot offset 14449152 of 43346432. INVALID IS NOT AN ERROR: ReShade unbinds depth in menus and scene changes, and R61 established that shipping the zeros it leaves behind would hand the model a false flat plane. An invalid frame carries the colour and says so. WHAT WOULD BE AN ERROR is contract mismatches above zero, or valid staying at zero once you are in gameplay - that means the tap is not feeding us. 100.0% of sealed frames carried depth. | GPU 1: unpacked=3456 bound=2153 skipped=0, DepthInverted=1, flag disagreements=0 (the seal crossed the adapter and the slot flag did not, so any disagreement between them is real). BOUND vs SKIPPED IS THE R61 TEST: skipped counts frames where ReShade had no depth and the model was given NONE rather than the previous frame's - open a menu mid-stream and this must move.
23:48:21:279 [21764] | INFO  | [MGPU Bridge] [MGPU][R78] MVEC TRANSPORT f=4208 mode=3 REAL | producer: copies=2708 missing=1503 size-rejected=889 lock-skipped=0, arm held 2600 frame(s) | consumer: seals seen valid=2705 invalid=844 contract mismatches=0 flag disagreements=3 | region 2560x1411 fmt=34 pitch=10240 bytes=14448640 at slot offset 28897792 of 43346432 | GPU 1: unpacked=2700 bound=1578 skipped=575, scale=(1.000, 1.000). 76.2% of sealed frames carried vectors. COPIES IS THE ONE TO WATCH: it counts frames where the bind hook fired and a copy was recorded. If it stays at zero the probe published a handle nobody binds, and MVec never reaches the model whatever the rest of this line says. SKIPPED IS NOT AN ERROR - it counts frames with no vectors, which is what a menu looks like, and those frames are handed NONE rather than the last frame's motion.
23:48:21:279 [21764] | INFO  | [MGPU Bridge] [MGPU][R87] MVEC FRAME ALIGNMENT f=4208 | evaluates=2153 | elapsed 1=851 2=1240 3=3 4=1 5=1 6=0 7=0 8+=57 | worst=17 | 39.53% at 1. A motion vector describes ONE game frame; NR reprojects by whatever it is handed. When the frame NR blends against is older than one, history lands SHORT by this factor - zero error at rest, growing with speed, and no constant MVecScale can fix it. The scale is multiplied by this per evaluate. IF THIS LINE IS FLAT AT 1 AND THE ARTEFACT IS UNCHANGED, PACING IS ELIMINATED and what remains is units or sign. P4.1's skipped-frame counter predicts about 99.5% at 1, so a materially lower figure here is a desync no counter has shown us.
23:48:21:298 [21764] | INFO  | [MGPU Bridge] [MGPU][SEAL] new f=4209 slot=2 gap=1 lat=49.16ms pitch=10240 fmt=24 bytes=14448640 bc=0(unimplemented) OK
23:48:21:446 [20916] | INFO  | [MGPU Bridge] [MGPU][P9.1] META SRC mvec lane: 13 candidate(s), 819 ns/frame over 7168 frames. R72: RANKED AND SORTED BY RTV BINDS - how often each is RENDERED INTO, which is a per-frame usage signal. srvs is kept alongside as the old created over the resource. THIS DOES NOT IDENTIFY MOTION VECTORS - nothing in ReShade says which one they are - it says whether an MVec-shaped resource is visible from a subscriber at all. An empty list with a non-zero examined count is the result that says the NGX hook has to be earned or abandoned. root-descriptor SRV pushes=0 (zero here with a non-zero SRV count above means this engine binds through descriptor TABLES and push_descriptors is blind in it - a fact about the engine, not a fault). | #0 2560x1411 R16G16_FLOAT srvs=2 RTVBINDS=0 (0.00/frame) <-DISPLAY-EXTENT | #1 2560x1411 R16G16_FLOAT srvs=2 RTVBINDS=0 (0.00/frame) <-DISPLAY-EXTENT | #2 1664x920 R16G16_FLOAT srvs=1 RTVBINDS=0 (0.00/frame) | #3 1664x920 R16G16_FLOAT srvs=1 RTVBINDS=0 (0.00/frame) | #4 2560x1411 R16G16_FLOAT srvs=19 RTVBINDS=0 (0.00/frame) <-DISPLAY-EXTENT | #5 1664x920 R16G16_FLOAT srvs=10 RTVBINDS=0 (0.00/frame) | #6 2508x1411 R16G16_FLOAT srvs=2 RTVBINDS=0 (0.00/frame) | #7 2508x1411 R16G16_FLOAT srvs=2 RTVBINDS=0 (0.00/frame)
23:48:21:447 [20916] | INFO  | [MGPU Bridge] [MGPU][R71] MVEC SIZES over ALL 13 candidate(s): 2560x1411 x3 | 1664x920 x8 | 2508x1411 x2 | || TRANSPORT SOURCE res=0x2450e558590 (0 means not identified yet - it needs a display-extent candidate with render-target binds), handed to the transport 3447 times, 1 second-binds-in-a-frame skipped. || EVICTIONS: 18 resources destroyed and removed from the tables (R76 - a resolution change destroys every render target, and a stale entry is a copy from freed memory). RTV BINDS SEEN IN TOTAL: 0. THE RANK ABOVE IS NOW RENDER TARGET BINDS, NOT SRV CREATIONS. R25 ranked by SRVs created, got 6/5/3/3, and called it "a candidate, not an identification" - that flatness was the SIGNAL being wrong, not the game. An SRV creation count is a LIFETIME number; a velocity buffer is RENDERED INTO once per frame, and RTVBINDS is that. THE EXTENT TO MATCH IS THE DISPLAY EXTENT 2560x1411, not the render extent: the game's own DLSS telemetry says ColorExtentHeight=936 with MVExtentWidth=2560 MVExtentHeight=1440, so this title feeds HIGH-RESOLUTION motion vectors. A single candidate marked <-DISPLAY-EXTENT with RTVBINDS close to the frame count is the velocity buffer. RTV BINDS SEEN = 0 with candidates present means THIS EVENT did not see it, and says nothing whatever about the other two. R81 retracted the sentence that used to sit here - it named optical flow and NGX hooking as the routes left, before an
23:48:21:448 [20916] | INFO  | [MGPU Bridge] [MGPU][R82] ACQUISITION SIGNALS - three of them, one run. || RTV VIEW TABLE: 0 of 128 entries. THAT IS THE DENOMINATOR R80 COULD NOT SEE - a bind count of zero against an empty table means nothing at all. || OMSetRenderTargets: fired=0 rtvs=0 | matched via OUR TABLE=0 | matched via get_resource_from_view=0 || BeginRenderPass: fired=0 targets=0 matched=0 || Barrier: fired=854376 resources=2097048 matched=41143, costing 6349 ns/frame || #0 2560x1411 rtv=0 rp=0 bar=8305(0x40->0x8) | #1 2560x1411 rtv=0 rp=0 bar=6043(0x40->0x8) | #2 1664x920 rtv=0 rp=0 bar=5764(0xC0->0x8) | #3 1664x920 rtv=0 rp=0 bar=6711(0xC0->0x8) | #4 2560x1411 rtv=0 rp=0 bar=12056(0x40->0x8) | #5 1664x920 rtv=0 rp=0 bar=204(0xC0->0x8) | || HOW TO READ IT. via TABLE=0 while via get_resource_from_view is non-zero: the table was the whole bug and R76 through R81 were spent on a cache we never needed. BeginRenderPass fired while OMSetRenderTargets did not: this engine uses render passes and we were subscribed to the wrong event. Barrier matched with a per-frame count near the frame count: use THAT permanently - it needs no view, no table and no binding-path assumption, and 0x4->0xC0 (render_target -> shader_resource) is the moment AFTER the pass wrote, which is the correct moment to copy and is one the bind events cannot offer. NOTE THE STALENESS R78 DID NOT STATE: both bind events fire BEFORE the pass runs, so a copy taken there carries the PREVIOUS frame's vectors. All three silent with candidates present is the only reading that makes optical flow or NGX hooking the honest next step. Two of the barriers per frame on the published source are OURS.
23:48:21:802 [20916] | INFO  | [MGPU Bridge] [MGPU][R101] CALIBRATOR mode=2 site=data-scan | slots=33 data-slots=2 modules=137 gpa-calls=214 | resolved=2 creates=3 sr-handle=known | evaluates=3505 captured=3505 | cost 1441 ns/frame | eval-copies=3500 eval-skips=5. || THE GAME'S OWN TABLE: color=0x24515a645d0 depth=0x2450da13030 MVEC=0x24515a67f30 output=0x2449e30e660 | MVecScale 1.0000,1.0000 | jitter -0.4688,0.0926 | Reset=0 | CreateFlags=0x49 -> DepthInverted=1 MVLowRes=0 MVJittered=0 IsHDR=1 AutoExposure=1 | quality=2 | render 1664x918 -> display 2560x1411 | dynamic 0x0..0x0 | subrect 1664x918 at color(0,0) depth(0,0) MV(0,0) out(0,0) | have=0xfff. || HOW TO READ IT. resolved=0 with evaluates=0 means no module asked for the entry point after we installed - either the title does not use DLSS, or it resolved before the addon loaded; the barrier path is untouched either way and is still what drives. sr-handle=UNFILTERED means we were not present for CreateFeature, so the table may be from frame generation rather than super sampling - check that render/display extents look like a supersampling pair before trusting it. MVEC here is the GAME'S answer to the question every round from R70 to R100 tried to infer; if it does not equal the handle the barrier probe armed on Dragon Sword, the probe was wrong on a title we believed, and THAT is the finding. have=0 bits name the keys this producer does not populate - Streamline and the raw SDK do not set the same subset, and the difference is a fact about the route, not a bug. MVLowRes IS DEFERRED OPTION 11 ANSWERED: 1 means the game's motion vectors are at RENDER resolution, 0 means display resolution, and we have been inferring that from buffer sizes since R83. Read it together with MVecScale - a low-res field with a display-sized scale is the shape that makes reprojection look almost right.
23:48:21:953 [21764] | INFO  | [MGPU Bridge] [MGPU][SEAL] new f=4270 slot=3 gap=1 lat=29.76ms pitch=10240 fmt=24 bytes=14448640 bc=0(unimplemented) OK
23:48:22:639 [21764] | INFO  | [MGPU Bridge] [MGPU][SEAL] new f=4331 slot=4 gap=1 lat=37.21ms pitch=10240 fmt=24 bytes=14448640 bc=0(unimplemented) OK
23:48:23:320 [21764] | INFO  | [MGPU Bridge] [MGPU][SEAL] new f=4392 slot=5 gap=1 lat=40.69ms pitch=10240 fmt=24 bytes=14448640 bc=0(unimplemented) OK
23:48:24:001 [21764] | INFO  | [MGPU Bridge] [MGPU][SEAL] new f=4453 slot=0 gap=1 lat=44.28ms pitch=10240 fmt=24 bytes=14448640 bc=0(unimplemented) OK
23:48:24:457 [20916] | INFO  | [MGPU Bridge] [MGPU][P9.1] META SRC mvec lane: 13 candidate(s), 836 ns/frame over 7439 frames. R72: RANKED AND SORTED BY RTV BINDS - how often each is RENDERED INTO, which is a per-frame usage signal. srvs is kept alongside as the old created over the resource. THIS DOES NOT IDENTIFY MOTION VECTORS - nothing in ReShade says which one they are - it says whether an MVec-shaped resource is visible from a subscriber at all. An empty list with a non-zero examined count is the result that says the NGX hook has to be earned or abandoned. root-descriptor SRV pushes=0 (zero here with a non-zero SRV count above means this engine binds through descriptor TABLES and push_descriptors is blind in it - a fact about the engine, not a fault). | #0 2560x1411 R16G16_FLOAT srvs=2 RTVBINDS=0 (0.00/frame) <-DISPLAY-EXTENT | #1 2560x1411 R16G16_FLOAT srvs=2 RTVBINDS=0 (0.00/frame) <-DISPLAY-EXTENT | #2 1664x920 R16G16_FLOAT srvs=1 RTVBINDS=0 (0.00/frame) | #3 1664x920 R16G16_FLOAT srvs=1 RTVBINDS=0 (0.00/frame) | #4 2560x1411 R16G16_FLOAT srvs=19 RTVBINDS=0 (0.00/frame) <-DISPLAY-EXTENT | #5 1664x920 R16G16_FLOAT srvs=10 RTVBINDS=0 (0.00/frame) | #6 2508x1411 R16G16_FLOAT srvs=2 RTVBINDS=0 (0.00/frame) | #7 2508x1411 R16G16_FLOAT srvs=2 RTVBINDS=0 (0.00/frame)
23:48:24:458 [20916] | INFO  | [MGPU Bridge] [MGPU][R71] MVEC SIZES over ALL 13 candidate(s): 2560x1411 x3 | 1664x920 x8 | 2508x1411 x2 | || TRANSPORT SOURCE res=0x24515a67f30 (0 means not identified yet - it needs a display-extent candidate with render-target binds), handed to the transport 3718 times, 1 second-binds-in-a-frame skipped. || EVICTIONS: 19 resources destroyed and removed from the tables (R76 - a resolution change destroys every render target, and a stale entry is a copy from freed memory). RTV BINDS SEEN IN TOTAL: 0. THE RANK ABOVE IS NOW RENDER TARGET BINDS, NOT SRV CREATIONS. R25 ranked by SRVs created, got 6/5/3/3, and called it "a candidate, not an identification" - that flatness was the SIGNAL being wrong, not the game. An SRV creation count is a LIFETIME number; a velocity buffer is RENDERED INTO once per frame, and RTVBINDS is that. THE EXTENT TO MATCH IS THE DISPLAY EXTENT 2560x1411, not the render extent: the game's own DLSS telemetry says ColorExtentHeight=936 with MVExtentWidth=2560 MVExtentHeight=1440, so this title feeds HIGH-RESOLUTION motion vectors. A single candidate marked <-DISPLAY-EXTENT with RTVBINDS close to the frame count is the velocity buffer. RTV BINDS SEEN = 0 with candidates present means THIS EVENT did not see it, and says nothing whatever about the other two. R81 retracted the sentence that used to sit here - it named optical flow and NGX hooking as the routes left, before an
23:48:24:458 [20916] | INFO  | [MGPU Bridge] [MGPU][R82] ACQUISITION SIGNALS - three of them, one run. || RTV VIEW TABLE: 0 of 128 entries. THAT IS THE DENOMINATOR R80 COULD NOT SEE - a bind count of zero against an empty table means nothing at all. || OMSetRenderTargets: fired=0 rtvs=0 | matched via OUR TABLE=0 | matched via get_resource_from_view=0 || BeginRenderPass: fired=0 targets=0 matched=0 || Barrier: fired=924790 resources=2282524 matched=44666, costing 6630 ns/frame || #0 2560x1411 rtv=0 rp=0 bar=8305(0x40->0x8) | #1 2560x1411 rtv=0 rp=0 bar=8211(0x40->0x8) | #2 1664x920 rtv=0 rp=0 bar=6306(0xC0->0x8) | #3 1664x920 rtv=0 rp=0 bar=7524(0xC0->0x8) | #4 2560x1411 rtv=0 rp=0 bar=12056(0x40->0x8) | #5 1664x920 rtv=0 rp=0 bar=204(0xC0->0x8) | || HOW TO READ IT. via TABLE=0 while via get_resource_from_view is non-zero: the table was the whole bug and R76 through R81 were spent on a cache we never needed. BeginRenderPass fired while OMSetRenderTargets did not: this engine uses render passes and we were subscribed to the wrong event. Barrier matched with a per-frame count near the frame count: use THAT permanently - it needs no view, no table and no binding-path assumption, and 0x4->0xC0 (render_target -> shader_resource) is the moment AFTER the pass wrote, which is the correct moment to copy and is one the bind events cannot offer. NOTE THE STALENESS R78 DID NOT STATE: both bind events fire BEFORE the pass runs, so a copy taken there carries the PREVIOUS frame's vectors. All three silent with candidates present is the only reading that makes optical flow or NGX hooking the honest next step. Two of the barriers per frame on the published source are OURS.
23:48:24:597 [21764] | INFO  | [MGPU Bridge] [MGPU][R63] DEPTH TRANSPORT f=4508 mode=1 (TRANSPORTED AND BOUND) | producer: valid=4510 invalid=0 size-rejected=0, arm held 58 frame(s) | consumer: seals seen valid=3849 invalid=0 contract mismatches=0 | region 2560x1411 fmt=41 pitch=10240 bytes=14448640 at slot offset 14449152 of 43346432. INVALID IS NOT AN ERROR: ReShade unbinds depth in menus and scene changes, and R61 established that shipping the zeros it leaves behind would hand the model a false flat plane. An invalid frame carries the colour and says so. WHAT WOULD BE AN ERROR is contract mismatches above zero, or valid staying at zero once you are in gameplay - that means the tap is not feeding us. 100.0% of sealed frames carried depth. | GPU 1: unpacked=3756 bound=2327 skipped=0, DepthInverted=1, flag disagreements=0 (the seal crossed the adapter and the slot flag did not, so any disagreement between them is real). BOUND vs SKIPPED IS THE R61 TEST: skipped counts frames where ReShade had no depth and the model was given NONE rather than the previous frame's - open a menu mid-stream and this must move.
23:48:24:598 [21764] | INFO  | [MGPU Bridge] [MGPU][R78] MVEC TRANSPORT f=4508 mode=3 REAL | producer: copies=3007 missing=1503 size-rejected=889 lock-skipped=0, arm held 2600 frame(s) | consumer: seals seen valid=3005 invalid=844 contract mismatches=0 flag disagreements=3 | region 2560x1411 fmt=34 pitch=10240 bytes=14448640 at slot offset 28897792 of 43346432 | GPU 1: unpacked=3000 bound=1752 skipped=575, scale=(1.000, 1.000). 78.1% of sealed frames carried vectors. COPIES IS THE ONE TO WATCH: it counts frames where the bind hook fired and a copy was recorded. If it stays at zero the probe published a handle nobody binds, and MVec never reaches the model whatever the rest of this line says. SKIPPED IS NOT AN ERROR - it counts frames with no vectors, which is what a menu looks like, and those frames are handed NONE rather than the last frame's motion.
23:48:24:598 [21764] | INFO  | [MGPU Bridge] [MGPU][R87] MVEC FRAME ALIGNMENT f=4508 | evaluates=2327 | elapsed 1=899 2=1366 3=3 4=1 5=1 6=0 7=0 8+=57 | worst=17 | 38.63% at 1. A motion vector describes ONE game frame; NR reprojects by whatever it is handed. When the frame NR blends against is older than one, history lands SHORT by this factor - zero error at rest, growing with speed, and no constant MVecScale can fix it. The scale is multiplied by this per evaluate. IF THIS LINE IS FLAT AT 1 AND THE ARTEFACT IS UNCHANGED, PACING IS ELIMINATED and what remains is units or sign. P4.1's skipped-frame counter predicts about 99.5% at 1, so a materially lower figure here is a desync no counter has shown us.
23:48:24:675 [21764] | INFO  | [MGPU Bridge] [MGPU][SEAL] new f=4514 slot=1 gap=1 lat=38.75ms pitch=10240 fmt=24 bytes=14448640 bc=0(unimplemented) OK
23:48:25:135 [20916] | INFO  | [MGPU Bridge] [MGPU][R101] CALIBRATOR mode=2 site=data-scan | slots=33 data-slots=2 modules=137 gpa-calls=214 | resolved=2 creates=3 sr-handle=known | evaluates=3805 captured=3805 | cost 1478 ns/frame | eval-copies=3800 eval-skips=5. || THE GAME'S OWN TABLE: color=0x24515a645d0 depth=0x2450da13030 MVEC=0x24515a67f30 output=0x2449e30e660 | MVecScale 1.0000,1.0000 | jitter -0.3125,-0.3519 | Reset=0 | CreateFlags=0x49 -> DepthInverted=1 MVLowRes=0 MVJittered=0 IsHDR=1 AutoExposure=1 | quality=2 | render 1664x918 -> display 2560x1411 | dynamic 0x0..0x0 | subrect 1664x918 at color(0,0) depth(0,0) MV(0,0) out(0,0) | have=0xfff. || HOW TO READ IT. resolved=0 with evaluates=0 means no module asked for the entry point after we installed - either the title does not use DLSS, or it resolved before the addon loaded; the barrier path is untouched either way and is still what drives. sr-handle=UNFILTERED means we were not present for CreateFeature, so the table may be from frame generation rather than super sampling - check that render/display extents look like a supersampling pair before trusting it. MVEC here is the GAME'S answer to the question every round from R70 to R100 tried to infer; if it does not equal the handle the barrier probe armed on Dragon Sword, the probe was wrong on a title we believed, and THAT is the finding. have=0 bits name the keys this producer does not populate - Streamline and the raw SDK do not set the same subset, and the difference is a fact about the route, not a bug. MVLowRes IS DEFERRED OPTION 11 ANSWERED: 1 means the game's motion vectors are at RENDER resolution, 0 means display resolution, and we have been inferring that from buffer sizes since R83. Read it together with MVecScale - a low-res field with a display-sized scale is the shape that makes reprojection look almost right.
23:48:25:352 [21764] | INFO  | [MGPU Bridge] [MGPU][SEAL] new f=4575 slot=2 gap=1 lat=37.35ms pitch=10240 fmt=24 bytes=14448640 bc=0(unimplemented) OK
23:48:26:055 [21764] | INFO  | [MGPU Bridge] [MGPU][SEAL] new f=4636 slot=3 gap=1 lat=45.33ms pitch=10240 fmt=24 bytes=14448640 bc=0(unimplemented) OK
23:48:26:753 [21764] | INFO  | [MGPU Bridge] [MGPU][SEAL] new f=4697 slot=4 gap=1 lat=33.20ms pitch=10240 fmt=24 bytes=14448640 bc=0(unimplemented) OK
23:48:27:462 [20916] | INFO  | [MGPU Bridge] [MGPU][P9.1] META SRC mvec lane: 13 candidate(s), 856 ns/frame over 7701 frames. R72: RANKED AND SORTED BY RTV BINDS - how often each is RENDERED INTO, which is a per-frame usage signal. srvs is kept alongside as the old created over the resource. THIS DOES NOT IDENTIFY MOTION VECTORS - nothing in ReShade says which one they are - it says whether an MVec-shaped resource is visible from a subscriber at all. An empty list with a non-zero examined count is the result that says the NGX hook has to be earned or abandoned. root-descriptor SRV pushes=0 (zero here with a non-zero SRV count above means this engine binds through descriptor TABLES and push_descriptors is blind in it - a fact about the engine, not a fault). | #0 2560x1411 R16G16_FLOAT srvs=2 RTVBINDS=0 (0.00/frame) <-DISPLAY-EXTENT | #1 2560x1411 R16G16_FLOAT srvs=2 RTVBINDS=0 (0.00/frame) <-DISPLAY-EXTENT | #2 1664x920 R16G16_FLOAT srvs=1 RTVBINDS=0 (0.00/frame) | #3 1664x920 R16G16_FLOAT srvs=1 RTVBINDS=0 (0.00/frame) | #4 2560x1411 R16G16_FLOAT srvs=23 RTVBINDS=0 (0.00/frame) <-DISPLAY-EXTENT | #5 1664x920 R16G16_FLOAT srvs=10 RTVBINDS=0 (0.00/frame) | #6 2508x1411 R16G16_FLOAT srvs=2 RTVBINDS=0 (0.00/frame) | #7 2508x1411 R16G16_FLOAT srvs=2 RTVBINDS=0 (0.00/frame)
23:48:27:463 [20916] | INFO  | [MGPU Bridge] [MGPU][R71] MVEC SIZES over ALL 13 candidate(s): 2560x1411 x3 | 1664x920 x8 | 2508x1411 x2 | || TRANSPORT SOURCE res=0x2449bcc3310 (0 means not identified yet - it needs a display-extent candidate with render-target binds), handed to the transport 3979 times, 1 second-binds-in-a-frame skipped. || EVICTIONS: 20 resources destroyed and removed from the tables (R76 - a resolution change destroys every render target, and a stale entry is a copy from freed memory). RTV BINDS SEEN IN TOTAL: 0. THE RANK ABOVE IS NOW RENDER TARGET BINDS, NOT SRV CREATIONS. R25 ranked by SRVs created, got 6/5/3/3, and called it "a candidate, not an identification" - that flatness was the SIGNAL being wrong, not the game. An SRV creation count is a LIFETIME number; a velocity buffer is RENDERED INTO once per frame, and RTVBINDS is that. THE EXTENT TO MATCH IS THE DISPLAY EXTENT 2560x1411, not the render extent: the game's own DLSS telemetry says ColorExtentHeight=936 with MVExtentWidth=2560 MVExtentHeight=1440, so this title feeds HIGH-RESOLUTION motion vectors. A single candidate marked <-DISPLAY-EXTENT with RTVBINDS close to the frame count is the velocity buffer. RTV BINDS SEEN = 0 with candidates present means THIS EVENT did not see it, and says nothing whatever about the other two. R81 retracted the sentence that used to sit here - it named optical flow and NGX hooking as the routes left, before an
23:48:27:463 [20916] | INFO  | [MGPU Bridge] [MGPU][R82] ACQUISITION SIGNALS - three of them, one run. || RTV VIEW TABLE: 0 of 128 entries. THAT IS THE DENOMINATOR R80 COULD NOT SEE - a bind count of zero against an empty table means nothing at all. || OMSetRenderTargets: fired=0 rtvs=0 | matched via OUR TABLE=0 | matched via get_resource_from_view=0 || BeginRenderPass: fired=0 targets=0 matched=0 || Barrier: fired=991717 resources=2453925 matched=48072, costing 6869 ns/frame || #0 2560x1411 rtv=0 rp=0 bar=9913(0x40->0x8) | #1 2560x1411 rtv=0 rp=0 bar=8699(0x40->0x8) | #2 1664x920 rtv=0 rp=0 bar=6830(0xC0->0x8) | #3 1664x920 rtv=0 rp=0 bar=8310(0xC0->0x8) | #4 2560x1411 rtv=0 rp=0 bar=12056(0x40->0x8) | #5 1664x920 rtv=0 rp=0 bar=204(0xC0->0x8) | || HOW TO READ IT. via TABLE=0 while via get_resource_from_view is non-zero: the table was the whole bug and R76 through R81 were spent on a cache we never needed. BeginRenderPass fired while OMSetRenderTargets did not: this engine uses render passes and we were subscribed to the wrong event. Barrier matched with a per-frame count near the frame count: use THAT permanently - it needs no view, no table and no binding-path assumption, and 0x4->0xC0 (render_target -> shader_resource) is the moment AFTER the pass wrote, which is the correct moment to copy and is one the bind events cannot offer. NOTE THE STALENESS R78 DID NOT STATE: both bind events fire BEFORE the pass runs, so a copy taken there carries the PREVIOUS frame's vectors. All three silent with candidates present is the only reading that makes optical flow or NGX hooking the honest next step. Two of the barriers per frame on the published source are OURS.
23:48:27:480 [21764] | INFO  | [MGPU Bridge] [MGPU][SEAL] new f=4758 slot=5 gap=1 lat=42.56ms pitch=10240 fmt=24 bytes=14448640 bc=0(unimplemented) OK
23:48:28:083 [21764] | INFO  | [MGPU Bridge] [MGPU][R63] DEPTH TRANSPORT f=4808 mode=1 (TRANSPORTED AND BOUND) | producer: valid=4812 invalid=0 size-rejected=0, arm held 58 frame(s) | consumer: seals seen valid=4149 invalid=0 contract mismatches=0 | region 2560x1411 fmt=41 pitch=10240 bytes=14448640 at slot offset 14449152 of 43346432. INVALID IS NOT AN ERROR: ReShade unbinds depth in menus and scene changes, and R61 established that shipping the zeros it leaves behind would hand the model a false flat plane. An invalid frame carries the colour and says so. WHAT WOULD BE AN ERROR is contract mismatches above zero, or valid staying at zero once you are in gameplay - that means the tap is not feeding us. 100.0% of sealed frames carried depth. | GPU 1: unpacked=4057 bound=2514 skipped=0, DepthInverted=1, flag disagreements=0 (the seal crossed the adapter and the slot flag did not, so any disagreement between them is real). BOUND vs SKIPPED IS THE R61 TEST: skipped counts frames where ReShade had no depth and the model was given NONE rather than the previous frame's - open a menu mid-stream and this must move.
23:48:28:084 [21764] | INFO  | [MGPU Bridge] [MGPU][R78] MVEC TRANSPORT f=4808 mode=3 REAL | producer: copies=3309 missing=1503 size-rejected=889 lock-skipped=0, arm held 2600 frame(s) | consumer: seals seen valid=3305 invalid=844 contract mismatches=0 flag disagreements=3 | region 2560x1411 fmt=34 pitch=10240 bytes=14448640 at slot offset 28897792 of 43346432 | GPU 1: unpacked=3301 bound=1939 skipped=575, scale=(1.000, 1.000). 79.7% of sealed frames carried vectors. COPIES IS THE ONE TO WATCH: it counts frames where the bind hook fired and a copy was recorded. If it stays at zero the probe published a handle nobody binds, and MVec never reaches the model whatever the rest of this line says. SKIPPED IS NOT AN ERROR - it counts frames with no vectors, which is what a menu looks like, and those frames are handed NONE rather than the last frame's motion.
23:48:28:084 [21764] | INFO  | [MGPU Bridge] [MGPU][R87] MVEC FRAME ALIGNMENT f=4808 | evaluates=2514 | elapsed 1=972 2=1480 3=3 4=1 5=1 6=0 7=0 8+=57 | worst=17 | 38.66% at 1. A motion vector describes ONE game frame; NR reprojects by whatever it is handed. When the frame NR blends against is older than one, history lands SHORT by this factor - zero error at rest, growing with speed, and no constant MVecScale can fix it. The scale is multiplied by this per evaluate. IF THIS LINE IS FLAT AT 1 AND THE ARTEFACT IS UNCHANGED, PACING IS ELIMINATED and what remains is units or sign. P4.1's skipped-frame counter predicts about 99.5% at 1, so a materially lower figure here is a desync no counter has shown us.
23:48:28:216 [21764] | INFO  | [MGPU Bridge] [MGPU][SEAL] new f=4819 slot=0 gap=1 lat=49.53ms pitch=10240 fmt=24 bytes=14448640 bc=0(unimplemented) OK
23:48:28:397 [21764] | INFO  | [MGPU Bridge] [MGPU][T5] present loop alive: frame 4200 thread id 0x5504
23:48:28:643 [20916] | INFO  | [MGPU Bridge] [MGPU][R101] CALIBRATOR mode=2 site=data-scan | slots=33 data-slots=2 modules=137 gpa-calls=214 | resolved=2 creates=3 sr-handle=known | evaluates=4105 captured=4105 | cost 1519 ns/frame | eval-copies=4100 eval-skips=5. || THE GAME'S OWN TABLE: color=0x245127951a0 depth=0x2449b58bc60 MVEC=0x24512798b00 output=0x2449e30e660 | MVecScale 1.0000,1.0000 | jitter -0.4375,0.3889 | Reset=0 | CreateFlags=0x49 -> DepthInverted=1 MVLowRes=0 MVJittered=0 IsHDR=1 AutoExposure=1 | quality=2 | render 1664x918 -> display 2560x1411 | dynamic 0x0..0x0 | subrect 1664x918 at color(0,0) depth(0,0) MV(0,0) out(0,0) | have=0xfff. || HOW TO READ IT. resolved=0 with evaluates=0 means no module asked for the entry point after we installed - either the title does not use DLSS, or it resolved before the addon loaded; the barrier path is untouched either way and is still what drives. sr-handle=UNFILTERED means we were not present for CreateFeature, so the table may be from frame generation rather than super sampling - check that render/display extents look like a supersampling pair before trusting it. MVEC here is the GAME'S answer to the question every round from R70 to R100 tried to infer; if it does not equal the handle the barrier probe armed on Dragon Sword, the probe was wrong on a title we believed, and THAT is the finding. have=0 bits name the keys this producer does not populate - Streamline and the raw SDK do not set the same subset, and the difference is a fact about the route, not a bug. MVLowRes IS DEFERRED OPTION 11 ANSWERED: 1 means the game's motion vectors are at RENDER resolution, 0 means display resolution, and we have been inferring that from buffer sizes since R83. Read it together with MVecScale - a low-res field with a display-sized scale is the shape that makes reprojection look almost right.
23:48:28:933 [21764] | INFO  | [MGPU Bridge] [MGPU][SEAL] new f=4880 slot=1 gap=1 lat=40.61ms pitch=10240 fmt=24 bytes=14448640 bc=0(unimplemented) OK
23:48:29:655 [21764] | INFO  | [MGPU Bridge] [MGPU][SEAL] new f=4941 slot=2 gap=1 lat=47.55ms pitch=10240 fmt=24 bytes=14448640 bc=0(unimplemented) OK
23:48:30:336 [21764] | INFO  | [MGPU Bridge] [MGPU][SEAL] new f=5002 slot=3 gap=1 lat=47.85ms pitch=10240 fmt=24 bytes=14448640 bc=0(unimplemented) OK
23:48:30:467 [20916] | INFO  | [MGPU Bridge] [MGPU][P9.1] META SRC mvec lane: 13 candidate(s), 918 ns/frame over 7959 frames. R72: RANKED AND SORTED BY RTV BINDS - how often each is RENDERED INTO, which is a per-frame usage signal. srvs is kept alongside as the old created over the resource. THIS DOES NOT IDENTIFY MOTION VECTORS - nothing in ReShade says which one they are - it says whether an MVec-shaped resource is visible from a subscriber at all. An empty list with a non-zero examined count is the result that says the NGX hook has to be earned or abandoned. root-descriptor SRV pushes=0 (zero here with a non-zero SRV count above means this engine binds through descriptor TABLES and push_descriptors is blind in it - a fact about the engine, not a fault). | #0 2560x1411 R16G16_FLOAT srvs=2 RTVBINDS=0 (0.00/frame) <-DISPLAY-EXTENT | #1 2560x1411 R16G16_FLOAT srvs=2 RTVBINDS=0 (0.00/frame) <-DISPLAY-EXTENT | #2 1664x920 R16G16_FLOAT srvs=1 RTVBINDS=0 (0.00/frame) | #3 1664x920 R16G16_FLOAT srvs=1 RTVBINDS=0 (0.00/frame) | #4 2560x1411 R16G16_FLOAT srvs=27 RTVBINDS=0 (0.00/frame) <-DISPLAY-EXTENT | #5 1664x920 R16G16_FLOAT srvs=10 RTVBINDS=0 (0.00/frame) | #6 2508x1411 R16G16_FLOAT srvs=2 RTVBINDS=0 (0.00/frame) | #7 2508x1411 R16G16_FLOAT srvs=2 RTVBINDS=0 (0.00/frame)
23:48:30:468 [20916] | INFO  | [MGPU Bridge] [MGPU][R71] MVEC SIZES over ALL 13 candidate(s): 2560x1411 x3 | 1664x920 x8 | 2508x1411 x2 | || TRANSPORT SOURCE res=0x24512798b00 (0 means not identified yet - it needs a display-extent candidate with render-target binds), handed to the transport 4236 times, 1 second-binds-in-a-frame skipped. || EVICTIONS: 21 resources destroyed and removed from the tables (R76 - a resolution change destroys every render target, and a stale entry is a copy from freed memory). RTV BINDS SEEN IN TOTAL: 0. THE RANK ABOVE IS NOW RENDER TARGET BINDS, NOT SRV CREATIONS. R25 ranked by SRVs created, got 6/5/3/3, and called it "a candidate, not an identification" - that flatness was the SIGNAL being wrong, not the game. An SRV creation count is a LIFETIME number; a velocity buffer is RENDERED INTO once per frame, and RTVBINDS is that. THE EXTENT TO MATCH IS THE DISPLAY EXTENT 2560x1411, not the render extent: the game's own DLSS telemetry says ColorExtentHeight=936 with MVExtentWidth=2560 MVExtentHeight=1440, so this title feeds HIGH-RESOLUTION motion vectors. A single candidate marked <-DISPLAY-EXTENT with RTVBINDS close to the frame count is the velocity buffer. RTV BINDS SEEN = 0 with candidates present means THIS EVENT did not see it, and says nothing whatever about the other two. R81 retracted the sentence that used to sit here - it named optical flow and NGX hooking as the routes left, before an
23:48:30:468 [20916] | INFO  | [MGPU Bridge] [MGPU][R82] ACQUISITION SIGNALS - three of them, one run. || RTV VIEW TABLE: 0 of 128 entries. THAT IS THE DENOMINATOR R80 COULD NOT SEE - a bind count of zero against an empty table means nothing at all. || OMSetRenderTargets: fired=0 rtvs=0 | matched via OUR TABLE=0 | matched via get_resource_from_view=0 || BeginRenderPass: fired=0 targets=0 matched=0 || Barrier: fired=1058674 resources=2622145 matched=51426, costing 7144 ns/frame || #0 2560x1411 rtv=0 rp=0 bar=10225(0x40->0x8) | #1 2560x1411 rtv=0 rp=0 bar=10451(0x40->0x8) | #2 1664x920 rtv=0 rp=0 bar=7346(0xC0->0x8) | #3 1664x920 rtv=0 rp=0 bar=9084(0xC0->0x8) | #4 2560x1411 rtv=0 rp=0 bar=12056(0x40->0x8) | #5 1664x920 rtv=0 rp=0 bar=204(0xC0->0x8) | || HOW TO READ IT. via TABLE=0 while via get_resource_from_view is non-zero: the table was the whole bug and R76 through R81 were spent on a cache we never needed. BeginRenderPass fired while OMSetRenderTargets did not: this engine uses render passes and we were subscribed to the wrong event. Barrier matched with a per-frame count near the frame count: use THAT permanently - it needs no view, no table and no binding-path assumption, and 0x4->0xC0 (render_target -> shader_resource) is the moment AFTER the pass wrote, which is the correct moment to copy and is one the bind events cannot offer. NOTE THE STALENESS R78 DID NOT STATE: both bind events fire BEFORE the pass runs, so a copy taken there carries the PREVIOUS frame's vectors. All three silent with candidates present is the only reading that makes optical flow or NGX hooking the honest next step. Two of the barriers per frame on the published source are OURS.
23:48:31:021 [21764] | INFO  | [MGPU Bridge] [MGPU][SEAL] new f=5063 slot=4 gap=1 lat=49.26ms pitch=10240 fmt=24 bytes=14448640 bc=0(unimplemented) OK
23:48:31:534 [21764] | INFO  | [MGPU Bridge] [MGPU][R63] DEPTH TRANSPORT f=5108 mode=1 (TRANSPORTED AND BOUND) | producer: valid=5110 invalid=0 size-rejected=0, arm held 58 frame(s) | consumer: seals seen valid=4449 invalid=0 contract mismatches=0 | region 2560x1411 fmt=41 pitch=10240 bytes=14448640 at slot offset 14449152 of 43346432. INVALID IS NOT AN ERROR: ReShade unbinds depth in menus and scene changes, and R61 established that shipping the zeros it leaves behind would hand the model a false flat plane. An invalid frame carries the colour and says so. WHAT WOULD BE AN ERROR is contract mismatches above zero, or valid staying at zero once you are in gameplay - that means the tap is not feeding us. 100.0% of sealed frames carried depth. | GPU 1: unpacked=4356 bound=2699 skipped=0, DepthInverted=1, flag disagreements=0 (the seal crossed the adapter and the slot flag did not, so any disagreement between them is real). BOUND vs SKIPPED IS THE R61 TEST: skipped counts frames where ReShade had no depth and the model was given NONE rather than the previous frame's - open a menu mid-stream and this must move.
23:48:31:535 [21764] | INFO  | [MGPU Bridge] [MGPU][R78] MVEC TRANSPORT f=5108 mode=3 REAL | producer: copies=3608 missing=1503 size-rejected=889 lock-skipped=0, arm held 2600 frame(s) | consumer: seals seen valid=3605 invalid=844 contract mismatches=0 flag disagreements=3 | region 2560x1411 fmt=34 pitch=10240 bytes=14448640 at slot offset 28897792 of 43346432 | GPU 1: unpacked=3600 bound=2124 skipped=575, scale=(1.000, 1.000). 81.0% of sealed frames carried vectors. COPIES IS THE ONE TO WATCH: it counts frames where the bind hook fired and a copy was recorded. If it stays at zero the probe published a handle nobody binds, and MVec never reaches the model whatever the rest of this line says. SKIPPED IS NOT AN ERROR - it counts frames with no vectors, which is what a menu looks like, and those frames are handed NONE rather than the last frame's motion.
23:48:31:535 [21764] | INFO  | [MGPU Bridge] [MGPU][R87] MVEC FRAME ALIGNMENT f=5108 | evaluates=2699 | elapsed 1=1043 2=1594 3=3 4=1 5=1 6=0 7=0 8+=57 | worst=17 | 38.64% at 1. A motion vector describes ONE game frame; NR reprojects by whatever it is handed. When the frame NR blends against is older than one, history lands SHORT by this factor - zero error at rest, growing with speed, and no constant MVecScale can fix it. The scale is multiplied by this per evaluate. IF THIS LINE IS FLAT AT 1 AND THE ARTEFACT IS UNCHANGED, PACING IS ELIMINATED and what remains is units or sign. P4.1's skipped-frame counter predicts about 99.5% at 1, so a materially lower figure here is a desync no counter has shown us.
23:48:31:751 [21764] | INFO  | [MGPU Bridge] [MGPU][SEAL] new f=5124 slot=5 gap=1 lat=55.65ms pitch=10240 fmt=24 bytes=14448640 bc=0(unimplemented) OK
23:48:32:132 [20916] | INFO  | [MGPU Bridge] [MGPU][R101] CALIBRATOR mode=2 site=data-scan | slots=33 data-slots=2 modules=137 gpa-calls=214 | resolved=2 creates=3 sr-handle=known | evaluates=4405 captured=4405 | cost 1553 ns/frame | eval-copies=4400 eval-skips=5. || THE GAME'S OWN TABLE: color=0x24515a658f0 depth=0x2451603aa60 MVEC=0x24515a66c10 output=0x2449e30e660 | MVecScale 1.0000,1.0000 | jitter -0.3750,-0.0556 | Reset=0 | CreateFlags=0x49 -> DepthInverted=1 MVLowRes=0 MVJittered=0 IsHDR=1 AutoExposure=1 | quality=2 | render 1664x918 -> display 2560x1411 | dynamic 0x0..0x0 | subrect 1664x918 at color(0,0) depth(0,0) MV(0,0) out(0,0) | have=0xfff. || HOW TO READ IT. resolved=0 with evaluates=0 means no module asked for the entry point after we installed - either the title does not use DLSS, or it resolved before the addon loaded; the barrier path is untouched either way and is still what drives. sr-handle=UNFILTERED means we were not present for CreateFeature, so the table may be from frame generation rather than super sampling - check that render/display extents look like a supersampling pair before trusting it. MVEC here is the GAME'S answer to the question every round from R70 to R100 tried to infer; if it does not equal the handle the barrier probe armed on Dragon Sword, the probe was wrong on a title we believed, and THAT is the finding. have=0 bits name the keys this producer does not populate - Streamline and the raw SDK do not set the same subset, and the difference is a fact about the route, not a bug. MVLowRes IS DEFERRED OPTION 11 ANSWERED: 1 means the game's motion vectors are at RENDER resolution, 0 means display resolution, and we have been inferring that from buffer sizes since R83. Read it together with MVecScale - a low-res field with a display-sized scale is the shape that makes reprojection look almost right.
23:48:32:502 [21764] | INFO  | [MGPU Bridge] [MGPU][SEAL] new f=5185 slot=0 gap=1 lat=38.61ms pitch=10240 fmt=24 bytes=14448640 bc=0(unimplemented) OK
23:48:33:261 [21764] | INFO  | [MGPU Bridge] [MGPU][SEAL] new f=5246 slot=1 gap=1 lat=42.13ms pitch=10240 fmt=24 bytes=14448640 bc=0(unimplemented) OK
23:48:33:474 [20916] | INFO  | [MGPU Bridge] [MGPU][P9.1] META SRC mvec lane: 13 candidate(s), 937 ns/frame over 8208 frames. R72: RANKED AND SORTED BY RTV BINDS - how often each is RENDERED INTO, which is a per-frame usage signal. srvs is kept alongside as the old created over the resource. THIS DOES NOT IDENTIFY MOTION VECTORS - nothing in ReShade says which one they are - it says whether an MVec-shaped resource is visible from a subscriber at all. An empty list with a non-zero examined count is the result that says the NGX hook has to be earned or abandoned. root-descriptor SRV pushes=0 (zero here with a non-zero SRV count above means this engine binds through descriptor TABLES and push_descriptors is blind in it - a fact about the engine, not a fault). | #0 2560x1411 R16G16_FLOAT srvs=2 RTVBINDS=0 (0.00/frame) <-DISPLAY-EXTENT | #1 2560x1411 R16G16_FLOAT srvs=2 RTVBINDS=0 (0.00/frame) <-DISPLAY-EXTENT | #2 1664x920 R16G16_FLOAT srvs=1 RTVBINDS=0 (0.00/frame) | #3 1664x920 R16G16_FLOAT srvs=1 RTVBINDS=0 (0.00/frame) | #4 2560x1411 R16G16_FLOAT srvs=35 RTVBINDS=0 (0.00/frame) <-DISPLAY-EXTENT | #5 1664x920 R16G16_FLOAT srvs=10 RTVBINDS=0 (0.00/frame) | #6 2508x1411 R16G16_FLOAT srvs=2 RTVBINDS=0 (0.00/frame) | #7 2508x1411 R16G16_FLOAT srvs=2 RTVBINDS=0 (0.00/frame)
23:48:33:475 [20916] | INFO  | [MGPU Bridge] [MGPU][R71] MVEC SIZES over ALL 13 candidate(s): 2560x1411 x3 | 1664x920 x8 | 2508x1411 x2 | || TRANSPORT SOURCE res=0x24515a66c10 (0 means not identified yet - it needs a display-extent candidate with render-target binds), handed to the transport 4483 times, 1 second-binds-in-a-frame skipped. || EVICTIONS: 22 resources destroyed and removed from the tables (R76 - a resolution change destroys every render target, and a stale entry is a copy from freed memory). RTV BINDS SEEN IN TOTAL: 0. THE RANK ABOVE IS NOW RENDER TARGET BINDS, NOT SRV CREATIONS. R25 ranked by SRVs created, got 6/5/3/3, and called it "a candidate, not an identification" - that flatness was the SIGNAL being wrong, not the game. An SRV creation count is a LIFETIME number; a velocity buffer is RENDERED INTO once per frame, and RTVBINDS is that. THE EXTENT TO MATCH IS THE DISPLAY EXTENT 2560x1411, not the render extent: the game's own DLSS telemetry says ColorExtentHeight=936 with MVExtentWidth=2560 MVExtentHeight=1440, so this title feeds HIGH-RESOLUTION motion vectors. A single candidate marked <-DISPLAY-EXTENT with RTVBINDS close to the frame count is the velocity buffer. RTV BINDS SEEN = 0 with candidates present means THIS EVENT did not see it, and says nothing whatever about the other two. R81 retracted the sentence that used to sit here - it named optical flow and NGX hooking as the routes left, before an
23:48:33:475 [20916] | INFO  | [MGPU Bridge] [MGPU][R82] ACQUISITION SIGNALS - three of them, one run. || RTV VIEW TABLE: 0 of 128 entries. THAT IS THE DENOMINATOR R80 COULD NOT SEE - a bind count of zero against an empty table means nothing at all. || OMSetRenderTargets: fired=0 rtvs=0 | matched via OUR TABLE=0 | matched via get_resource_from_view=0 || BeginRenderPass: fired=0 targets=0 matched=0 || Barrier: fired=1121929 resources=2778342 matched=54663, costing 7330 ns/frame || #0 2560x1411 rtv=0 rp=0 bar=11361(0x40->0x8) | #1 2560x1411 rtv=0 rp=0 bar=11307(0x40->0x8) | #2 1664x920 rtv=0 rp=0 bar=7844(0xC0->0x8) | #3 1664x920 rtv=0 rp=0 bar=9831(0xC0->0x8) | #4 2560x1411 rtv=0 rp=0 bar=12056(0x40->0x8) | #5 1664x920 rtv=0 rp=0 bar=204(0xC0->0x8) | || HOW TO READ IT. via TABLE=0 while via get_resource_from_view is non-zero: the table was the whole bug and R76 through R81 were spent on a cache we never needed. BeginRenderPass fired while OMSetRenderTargets did not: this engine uses render passes and we were subscribed to the wrong event. Barrier matched with a per-frame count near the frame count: use THAT permanently - it needs no view, no table and no binding-path assumption, and 0x4->0xC0 (render_target -> shader_resource) is the moment AFTER the pass wrote, which is the correct moment to copy and is one the bind events cannot offer. NOTE THE STALENESS R78 DID NOT STATE: both bind events fire BEFORE the pass runs, so a copy taken there carries the PREVIOUS frame's vectors. All three silent with candidates present is the only reading that makes optical flow or NGX hooking the honest next step. Two of the barriers per frame on the published source are OURS.
23:48:33:996 [21764] | INFO  | [MGPU Bridge] [MGPU][SEAL] new f=5307 slot=2 gap=1 lat=48.04ms pitch=10240 fmt=24 bytes=14448640 bc=0(unimplemented) OK
23:48:34:695 [21764] | INFO  | [MGPU Bridge] [MGPU][SEAL] new f=5368 slot=3 gap=1 lat=42.46ms pitch=10240 fmt=24 bytes=14448640 bc=0(unimplemented) OK
23:48:35:168 [21764] | INFO  | [MGPU Bridge] [MGPU][R63] DEPTH TRANSPORT f=5408 mode=1 (TRANSPORTED AND BOUND) | producer: valid=5411 invalid=0 size-rejected=0, arm held 58 frame(s) | consumer: seals seen valid=4749 invalid=0 contract mismatches=0 | region 2560x1411 fmt=41 pitch=10240 bytes=14448640 at slot offset 14449152 of 43346432. INVALID IS NOT AN ERROR: ReShade unbinds depth in menus and scene changes, and R61 established that shipping the zeros it leaves behind would hand the model a false flat plane. An invalid frame carries the colour and says so. WHAT WOULD BE AN ERROR is contract mismatches above zero, or valid staying at zero once you are in gameplay - that means the tap is not feeding us. 100.0% of sealed frames carried depth. | GPU 1: unpacked=4656 bound=2895 skipped=0, DepthInverted=1, flag disagreements=0 (the seal crossed the adapter and the slot flag did not, so any disagreement between them is real). BOUND vs SKIPPED IS THE R61 TEST: skipped counts frames where ReShade had no depth and the model was given NONE rather than the previous frame's - open a menu mid-stream and this must move.
23:48:35:168 [21764] | INFO  | [MGPU Bridge] [MGPU][R78] MVEC TRANSPORT f=5408 mode=3 REAL | producer: copies=3908 missing=1503 size-rejected=889 lock-skipped=0, arm held 2600 frame(s) | consumer: seals seen valid=3905 invalid=844 contract mismatches=0 flag disagreements=3 | region 2560x1411 fmt=34 pitch=10240 bytes=14448640 at slot offset 28897792 of 43346432 | GPU 1: unpacked=3900 bound=2320 skipped=575, scale=(1.000, 1.000). 82.2% of sealed frames carried vectors. COPIES IS THE ONE TO WATCH: it counts frames where the bind hook fired and a copy was recorded. If it stays at zero the probe published a handle nobody binds, and MVec never reaches the model whatever the rest of this line says. SKIPPED IS NOT AN ERROR - it counts frames with no vectors, which is what a menu looks like, and those frames are handed NONE rather than the last frame's motion.
23:48:35:168 [21764] | INFO  | [MGPU Bridge] [MGPU][R87] MVEC FRAME ALIGNMENT f=5408 | evaluates=2895 | elapsed 1=1135 2=1698 3=3 4=1 5=1 6=0 7=0 8+=57 | worst=17 | 39.21% at 1. A motion vector describes ONE game frame; NR reprojects by whatever it is handed. When the frame NR blends against is older than one, history lands SHORT by this factor - zero error at rest, growing with speed, and no constant MVecScale can fix it. The scale is multiplied by this per evaluate. IF THIS LINE IS FLAT AT 1 AND THE ARTEFACT IS UNCHANGED, PACING IS ELIMINATED and what remains is units or sign. P4.1's skipped-frame counter predicts about 99.5% at 1, so a materially lower figure here is a desync no counter has shown us.
23:48:35:412 [21764] | INFO  | [MGPU Bridge] [MGPU][SEAL] new f=5429 slot=4 gap=1 lat=33.48ms pitch=10240 fmt=24 bytes=14448640 bc=0(unimplemented) OK
23:48:35:737 [20916] | INFO  | [MGPU Bridge] [MGPU][R101] CALIBRATOR mode=2 site=data-scan | slots=33 data-slots=2 modules=137 gpa-calls=214 | resolved=2 creates=3 sr-handle=known | evaluates=4705 captured=4705 | cost 1591 ns/frame | eval-copies=4700 eval-skips=5. || THE GAME'S OWN TABLE: color=0x2451604e5f0 depth=0x24516062b10 MVEC=0x245160528e0 output=0x2449e30e660 | MVecScale 1.0000,1.0000 | jitter 0.2812,-0.0926 | Reset=0 | CreateFlags=0x49 -> DepthInverted=1 MVLowRes=0 MVJittered=0 IsHDR=1 AutoExposure=1 | quality=2 | render 1664x918 -> display 2560x1411 | dynamic 0x0..0x0 | subrect 1664x918 at color(0,0) depth(0,0) MV(0,0) out(0,0) | have=0xfff. || HOW TO READ IT. resolved=0 with evaluates=0 means no module asked for the entry point after we installed - either the title does not use DLSS, or it resolved before the addon loaded; the barrier path is untouched either way and is still what drives. sr-handle=UNFILTERED means we were not present for CreateFeature, so the table may be from frame generation rather than super sampling - check that render/display extents look like a supersampling pair before trusting it. MVEC here is the GAME'S answer to the question every round from R70 to R100 tried to infer; if it does not equal the handle the barrier probe armed on Dragon Sword, the probe was wrong on a title we believed, and THAT is the finding. have=0 bits name the keys this producer does not populate - Streamline and the raw SDK do not set the same subset, and the difference is a fact about the route, not a bug. MVLowRes IS DEFERRED OPTION 11 ANSWERED: 1 means the game's motion vectors are at RENDER resolution, 0 means display resolution, and we have been inferring that from buffer sizes since R83. Read it together with MVecScale - a low-res field with a display-sized scale is the shape that makes reprojection look almost right.
23:48:36:152 [21764] | INFO  | [MGPU Bridge] [MGPU][SEAL] new f=5490 slot=5 gap=1 lat=44.50ms pitch=10240 fmt=24 bytes=14448640 bc=0(unimplemented) OK
23:48:36:478 [20916] | INFO  | [MGPU Bridge] [MGPU][P9.1] META SRC mvec lane: 13 candidate(s), 956 ns/frame over 8462 frames. R72: RANKED AND SORTED BY RTV BINDS - how often each is RENDERED INTO, which is a per-frame usage signal. srvs is kept alongside as the old created over the resource. THIS DOES NOT IDENTIFY MOTION VECTORS - nothing in ReShade says which one they are - it says whether an MVec-shaped resource is visible from a subscriber at all. An empty list with a non-zero examined count is the result that says the NGX hook has to be earned or abandoned. root-descriptor SRV pushes=0 (zero here with a non-zero SRV count above means this engine binds through descriptor TABLES and push_descriptors is blind in it - a fact about the engine, not a fault). | #0 2560x1411 R16G16_FLOAT srvs=2 RTVBINDS=0 (0.00/frame) <-DISPLAY-EXTENT | #1 2560x1411 R16G16_FLOAT srvs=2 RTVBINDS=0 (0.00/frame) <-DISPLAY-EXTENT | #2 1664x920 R16G16_FLOAT srvs=1 RTVBINDS=0 (0.00/frame) | #3 1664x920 R16G16_FLOAT srvs=1 RTVBINDS=0 (0.00/frame) | #4 2560x1411 R16G16_FLOAT srvs=35 RTVBINDS=0 (0.00/frame) <-DISPLAY-EXTENT | #5 1664x920 R16G16_FLOAT srvs=10 RTVBINDS=0 (0.00/frame) | #6 2508x1411 R16G16_FLOAT srvs=2 RTVBINDS=0 (0.00/frame) | #7 2508x1411 R16G16_FLOAT srvs=2 RTVBINDS=0 (0.00/frame)
23:48:36:478 [20916] | INFO  | [MGPU Bridge] [MGPU][R71] MVEC SIZES over ALL 13 candidate(s): 2560x1411 x3 | 1664x920 x8 | 2508x1411 x2 | || TRANSPORT SOURCE res=0x245160528e0 (0 means not identified yet - it needs a display-extent candidate with render-target binds), handed to the transport 4737 times, 1 second-binds-in-a-frame skipped. || EVICTIONS: 23 resources destroyed and removed from the tables (R76 - a resolution change destroys every render target, and a stale entry is a copy from freed memory). RTV BINDS SEEN IN TOTAL: 0. THE RANK ABOVE IS NOW RENDER TARGET BINDS, NOT SRV CREATIONS. R25 ranked by SRVs created, got 6/5/3/3, and called it "a candidate, not an identification" - that flatness was the SIGNAL being wrong, not the game. An SRV creation count is a LIFETIME number; a velocity buffer is RENDERED INTO once per frame, and RTVBINDS is that. THE EXTENT TO MATCH IS THE DISPLAY EXTENT 2560x1411, not the render extent: the game's own DLSS telemetry says ColorExtentHeight=936 with MVExtentWidth=2560 MVExtentHeight=1440, so this title feeds HIGH-RESOLUTION motion vectors. A single candidate marked <-DISPLAY-EXTENT with RTVBINDS close to the frame count is the velocity buffer. RTV BINDS SEEN = 0 with candidates present means THIS EVENT did not see it, and says nothing whatever about the other two. R81 retracted the sentence that used to sit here - it named optical flow and NGX hooking as the routes left, before an
23:48:36:479 [20916] | INFO  | [MGPU Bridge] [MGPU][R82] ACQUISITION SIGNALS - three of them, one run. || RTV VIEW TABLE: 0 of 128 entries. THAT IS THE DENOMINATOR R80 COULD NOT SEE - a bind count of zero against an empty table means nothing at all. || OMSetRenderTargets: fired=0 rtvs=0 | matched via OUR TABLE=0 | matched via get_resource_from_view=0 || BeginRenderPass: fired=0 targets=0 matched=0 || Barrier: fired=1186176 resources=2934784 matched=57965, costing 7507 ns/frame || #0 2560x1411 rtv=0 rp=0 bar=11361(0x40->0x8) | #1 2560x1411 rtv=0 rp=0 bar=13339(0x40->0x8) | #2 1664x920 rtv=0 rp=0 bar=8352(0xC0->0x8) | #3 1664x920 rtv=0 rp=0 bar=10593(0xC0->0x8) | #4 2560x1411 rtv=0 rp=0 bar=12056(0x40->0x8) | #5 1664x920 rtv=0 rp=0 bar=204(0xC0->0x8) | || HOW TO READ IT. via TABLE=0 while via get_resource_from_view is non-zero: the table was the whole bug and R76 through R81 were spent on a cache we never needed. BeginRenderPass fired while OMSetRenderTargets did not: this engine uses render passes and we were subscribed to the wrong event. Barrier matched with a per-frame count near the frame count: use THAT permanently - it needs no view, no table and no binding-path assumption, and 0x4->0xC0 (render_target -> shader_resource) is the moment AFTER the pass wrote, which is the correct moment to copy and is one the bind events cannot offer. NOTE THE STALENESS R78 DID NOT STATE: both bind events fire BEFORE the pass runs, so a copy taken there carries the PREVIOUS frame's vectors. All three silent with candidates present is the only reading that makes optical flow or NGX hooking the honest next step. Two of the barriers per frame on the published source are OURS.
23:48:36:857 [21764] | INFO  | [MGPU Bridge] [MGPU][SEAL] new f=5551 slot=0 gap=1 lat=44.67ms pitch=10240 fmt=24 bytes=14448640 bc=0(unimplemented) OK
23:48:37:577 [21764] | INFO  | [MGPU Bridge] [MGPU][SEAL] new f=5612 slot=1 gap=1 lat=40.75ms pitch=10240 fmt=24 bytes=14448640 bc=0(unimplemented) OK
23:48:38:338 [21764] | INFO  | [MGPU Bridge] [MGPU][SEAL] new f=5673 slot=2 gap=1 lat=45.55ms pitch=10240 fmt=24 bytes=14448640 bc=0(unimplemented) OK
23:48:38:761 [21764] | INFO  | [MGPU Bridge] [MGPU][R63] DEPTH TRANSPORT f=5708 mode=1 (TRANSPORTED AND BOUND) | producer: valid=5711 invalid=0 size-rejected=0, arm held 58 frame(s) | consumer: seals seen valid=5049 invalid=0 contract mismatches=0 | region 2560x1411 fmt=41 pitch=10240 bytes=14448640 at slot offset 14449152 of 43346432. INVALID IS NOT AN ERROR: ReShade unbinds depth in menus and scene changes, and R61 established that shipping the zeros it leaves behind would hand the model a false flat plane. An invalid frame carries the colour and says so. WHAT WOULD BE AN ERROR is contract mismatches above zero, or valid staying at zero once you are in gameplay - that means the tap is not feeding us. 100.0% of sealed frames carried depth. | GPU 1: unpacked=4957 bound=3089 skipped=0, DepthInverted=1, flag disagreements=0 (the seal crossed the adapter and the slot flag did not, so any disagreement between them is real). BOUND vs SKIPPED IS THE R61 TEST: skipped counts frames where ReShade had no depth and the model was given NONE rather than the previous frame's - open a menu mid-stream and this must move.
23:48:38:762 [21764] | INFO  | [MGPU Bridge] [MGPU][R78] MVEC TRANSPORT f=5708 mode=3 REAL | producer: copies=4208 missing=1503 size-rejected=889 lock-skipped=0, arm held 2600 frame(s) | consumer: seals seen valid=4205 invalid=844 contract mismatches=0 flag disagreements=3 | region 2560x1411 fmt=34 pitch=10240 bytes=14448640 at slot offset 28897792 of 43346432 | GPU 1: unpacked=4201 bound=2514 skipped=575, scale=(1.000, 1.000). 83.3% of sealed frames carried vectors. COPIES IS THE ONE TO WATCH: it counts frames where the bind hook fired and a copy was recorded. If it stays at zero the probe published a handle nobody binds, and MVec never reaches the model whatever the rest of this line says. SKIPPED IS NOT AN ERROR - it counts frames with no vectors, which is what a menu looks like, and those frames are handed NONE rather than the last frame's motion.
23:48:38:762 [21764] | INFO  | [MGPU Bridge] [MGPU][R87] MVEC FRAME ALIGNMENT f=5708 | evaluates=3089 | elapsed 1=1222 2=1805 3=3 4=1 5=1 6=0 7=0 8+=57 | worst=17 | 39.56% at 1. A motion vector describes ONE game frame; NR reprojects by whatever it is handed. When the frame NR blends against is older than one, history lands SHORT by this factor - zero error at rest, growing with speed, and no constant MVecScale can fix it. The scale is multiplied by this per evaluate. IF THIS LINE IS FLAT AT 1 AND THE ARTEFACT IS UNCHANGED, PACING IS ELIMINATED and what remains is units or sign. P4.1's skipped-frame counter predicts about 99.5% at 1, so a materially lower figure here is a desync no counter has shown us.
23:48:39:074 [21764] | INFO  | [MGPU Bridge] [MGPU][SEAL] new f=5734 slot=3 gap=1 lat=32.85ms pitch=10240 fmt=24 bytes=14448640 bc=0(unimplemented) OK
23:48:39:350 [20916] | INFO  | [MGPU Bridge] [MGPU][R101] CALIBRATOR mode=2 site=data-scan | slots=33 data-slots=2 modules=137 gpa-calls=214 | resolved=2 creates=3 sr-handle=known | evaluates=5005 captured=5005 | cost 1624 ns/frame | eval-copies=5000 eval-skips=5. || THE GAME'S OWN TABLE: color=0x2451604e5f0 depth=0x24516062b10 MVEC=0x245160528e0 output=0x2449e30e660 | MVecScale 1.0000,1.0000 | jitter 0.4375,-0.2407 | Reset=0 | CreateFlags=0x49 -> DepthInverted=1 MVLowRes=0 MVJittered=0 IsHDR=1 AutoExposure=1 | quality=2 | render 1664x918 -> display 2560x1411 | dynamic 0x0..0x0 | subrect 1664x918 at color(0,0) depth(0,0) MV(0,0) out(0,0) | have=0xfff. || HOW TO READ IT. resolved=0 with evaluates=0 means no module asked for the entry point after we installed - either the title does not use DLSS, or it resolved before the addon loaded; the barrier path is untouched either way and is still what drives. sr-handle=UNFILTERED means we were not present for CreateFeature, so the table may be from frame generation rather than super sampling - check that render/display extents look like a supersampling pair before trusting it. MVEC here is the GAME'S answer to the question every round from R70 to R100 tried to infer; if it does not equal the handle the barrier probe armed on Dragon Sword, the probe was wrong on a title we believed, and THAT is the finding. have=0 bits name the keys this producer does not populate - Streamline and the raw SDK do not set the same subset, and the difference is a fact about the route, not a bug. MVLowRes IS DEFERRED OPTION 11 ANSWERED: 1 means the game's motion vectors are at RENDER resolution, 0 means display resolution, and we have been inferring that from buffer sizes since R83. Read it together with MVecScale - a low-res field with a display-sized scale is the shape that makes reprojection look almost right.
23:48:39:481 [20916] | INFO  | [MGPU Bridge] [MGPU][P9.1] META SRC mvec lane: 13 candidate(s), 968 ns/frame over 8710 frames. R72: RANKED AND SORTED BY RTV BINDS - how often each is RENDERED INTO, which is a per-frame usage signal. srvs is kept alongside as the old created over the resource. THIS DOES NOT IDENTIFY MOTION VECTORS - nothing in ReShade says which one they are - it says whether an MVec-shaped resource is visible from a subscriber at all. An empty list with a non-zero examined count is the result that says the NGX hook has to be earned or abandoned. root-descriptor SRV pushes=0 (zero here with a non-zero SRV count above means this engine binds through descriptor TABLES and push_descriptors is blind in it - a fact about the engine, not a fault). | #0 2560x1411 R16G16_FLOAT srvs=2 RTVBINDS=0 (0.00/frame) <-DISPLAY-EXTENT | #1 2560x1411 R16G16_FLOAT srvs=2 RTVBINDS=0 (0.00/frame) <-DISPLAY-EXTENT | #2 1664x920 R16G16_FLOAT srvs=1 RTVBINDS=0 (0.00/frame) | #3 1664x920 R16G16_FLOAT srvs=1 RTVBINDS=0 (0.00/frame) | #4 2560x1411 R16G16_FLOAT srvs=39 RTVBINDS=0 (0.00/frame) <-DISPLAY-EXTENT | #5 1664x920 R16G16_FLOAT srvs=10 RTVBINDS=0 (0.00/frame) | #6 2508x1411 R16G16_FLOAT srvs=2 RTVBINDS=0 (0.00/frame) | #7 2508x1411 R16G16_FLOAT srvs=2 RTVBINDS=0 (0.00/frame)
23:48:39:481 [20916] | INFO  | [MGPU Bridge] [MGPU][R71] MVEC SIZES over ALL 13 candidate(s): 2560x1411 x3 | 1664x920 x8 | 2508x1411 x2 | || TRANSPORT SOURCE res=0x245160528e0 (0 means not identified yet - it needs a display-extent candidate with render-target binds), handed to the transport 4984 times, 1 second-binds-in-a-frame skipped. || EVICTIONS: 23 resources destroyed and removed from the tables (R76 - a resolution change destroys every render target, and a stale entry is a copy from freed memory). RTV BINDS SEEN IN TOTAL: 0. THE RANK ABOVE IS NOW RENDER TARGET BINDS, NOT SRV CREATIONS. R25 ranked by SRVs created, got 6/5/3/3, and called it "a candidate, not an identification" - that flatness was the SIGNAL being wrong, not the game. An SRV creation count is a LIFETIME number; a velocity buffer is RENDERED INTO once per frame, and RTVBINDS is that. THE EXTENT TO MATCH IS THE DISPLAY EXTENT 2560x1411, not the render extent: the game's own DLSS telemetry says ColorExtentHeight=936 with MVExtentWidth=2560 MVExtentHeight=1440, so this title feeds HIGH-RESOLUTION motion vectors. A single candidate marked <-DISPLAY-EXTENT with RTVBINDS close to the frame count is the velocity buffer. RTV BINDS SEEN = 0 with candidates present means THIS EVENT did not see it, and says nothing whatever about the other two. R81 retracted the sentence that used to sit here - it named optical flow and NGX hooking as the routes left, before an
23:48:39:481 [20916] | INFO  | [MGPU Bridge] [MGPU][R82] ACQUISITION SIGNALS - three of them, one run. || RTV VIEW TABLE: 0 of 128 entries. THAT IS THE DENOMINATOR R80 COULD NOT SEE - a bind count of zero against an empty table means nothing at all. || OMSetRenderTargets: fired=0 rtvs=0 | matched via OUR TABLE=0 | matched via get_resource_from_view=0 || BeginRenderPass: fired=0 targets=0 matched=0 || Barrier: fired=1253235 resources=3113836 matched=61189, costing 7705 ns/frame || #0 2560x1411 rtv=0 rp=0 bar=11377(0x40->0x8) | #1 2560x1411 rtv=0 rp=0 bar=15307(0x40->0x8) | #2 1664x920 rtv=0 rp=0 bar=8848(0xC0->0x8) | #3 1664x920 rtv=0 rp=0 bar=11337(0xC0->0x8) | #4 2560x1411 rtv=0 rp=0 bar=12056(0x40->0x8) | #5 1664x920 rtv=0 rp=0 bar=204(0xC0->0x8) | || HOW TO READ IT. via TABLE=0 while via get_resource_from_view is non-zero: the table was the whole bug and R76 through R81 were spent on a cache we never needed. BeginRenderPass fired while OMSetRenderTargets did not: this engine uses render passes and we were subscribed to the wrong event. Barrier matched with a per-frame count near the frame count: use THAT permanently - it needs no view, no table and no binding-path assumption, and 0x4->0xC0 (render_target -> shader_resource) is the moment AFTER the pass wrote, which is the correct moment to copy and is one the bind events cannot offer. NOTE THE STALENESS R78 DID NOT STATE: both bind events fire BEFORE the pass runs, so a copy taken there carries the PREVIOUS frame's vectors. All three silent with candidates present is the only reading that makes optical flow or NGX hooking the honest next step. Two of the barriers per frame on the published source are OURS.
23:48:39:532 [21764] | INFO  | [MGPU Bridge] [MGPU][T5] present loop alive: frame 4800 thread id 0x5504
23:48:39:844 [21764] | INFO  | [MGPU Bridge] [MGPU][SEAL] new f=5795 slot=4 gap=1 lat=46.96ms pitch=10240 fmt=24 bytes=14448640 bc=0(unimplemented) OK
23:48:40:582 [21764] | INFO  | [MGPU Bridge] [MGPU][SEAL] new f=5856 slot=5 gap=1 lat=38.86ms pitch=10240 fmt=24 bytes=14448640 bc=0(unimplemented) OK
23:48:41:305 [21764] | INFO  | [MGPU Bridge] [MGPU][SEAL] new f=5917 slot=0 gap=1 lat=40.67ms pitch=10240 fmt=24 bytes=14448640 bc=0(unimplemented) OK
23:48:42:034 [21764] | INFO  | [MGPU Bridge] [MGPU][SEAL] new f=5978 slot=1 gap=1 lat=49.78ms pitch=10240 fmt=24 bytes=14448640 bc=0(unimplemented) OK
23:48:42:295 [21764] | INFO  | [MGPU Bridge] [MGPU][R89] FINAL COUNTERS at 6000 consumed frames. | DEPTH mode=1 valid=6000 invalid=0 bound=3280 skipped=0 mismatches=0 disagreements=0 | MVEC mode=3 copies=4498 missing=1503 lock-skipped=0 size-rejected=889 bound=2705 skipped=575 mismatches=0 disagreements=3 | ALIGNMENT 1=1312 2=1906 3+=62 worst=17. EVERY MISMATCH AND EVERY DISAGREEMENT SHOULD BE 0; lock-skipped above a handful means the consumer is holding its mutex too long; ALIGNMENT well below 100% at 1 means GPU 1 is not keeping up with the frame interval, which is a throughput fact and not a vsync bug.
23:48:42:295 [21764] | INFO  | [MGPU Bridge] [MGPU][SEAL] summary: produced=6000 consumed=6000 new=5337 dropped=1 reordered=4 overrun=0 bad_magic=0 contract=0 alias=0 resync=0 fault="none" seal_version=3
23:48:42:296 [21764] | INFO  | [MGPU Bridge] [MGPU][SEAL] pacing: polls=3771 idle=491 busy=3280 -> the consumer ran 0.71x the producer's rate (polls per new frame). slot hits: 0:889 1:889 2:890 3:887 4:893 5:889 - all 6 slots must appear and should be within one of each other.
23:48:42:296 [21764] | WARN  | [MGPU Bridge] [MGPU][SEAL] PACING MARGIN GONE (0.71x) - the consumer is not keeping up with the producer. Read `idle` on the line above FIRST, because it says which of two different problems this is. idle near ZERO means the consumer is SATURATED: it found work on almost every poll and its service time is the limit, so the question is what that time is spent on - see the P2.2 breakdown, and compare the GPU total there against the wall-clock interval per consumed frame; the difference is CPU. idle HIGH with a low ratio means the opposite, that the consumer is being woken too rarely rather than running too slowly. Ring depth 6 is absorbing this for now and overrun is still 0, but one hitch or a faster scene spends that margin.
23:48:42:296 [21764] | INFO  | [MGPU Bridge] [MGPU][SEAL] latency ms: min=5.48 mean=39.16 max=575.10 (at f=2) n=5337 | first sample 571.05 (arm-to-first-poll, NOT transit); mean excluding it 39.06. SUBMIT-TO-CONSUME only - it excludes the game's render before it and GPU 1's present after it, and it is wall-clock around a CPU-visible completion rather than a GPU timestamp. Perishable: one cabling, one link width.
23:48:42:296 [21764] | INFO  | [MGPU Bridge] [MGPU][L1] GPU 0 BACKLOG AT COPY-RECORD TIME, n=6000 mean=1.11 max=3 | frames behind: 0=0 1=5351 2=648 3=1 4=0 5=0 6=0 7+=0. THIS IS WHERE THE SUBMIT-TO-CONSUME LATENCY LIVES, and two explanations have already been ruled out by measurement: ring depth (the consumer idles on three quarters of its polls, so the ring is nearly empty) and the game's queue depth (ReflexMode made no difference, 62.68 -> 64.14 ms). A BACKLOG OF 1 IS THE FLOOR AND IS STRUCTURAL: the signal for frame N is issued on frame N+1's event because ReShade executes our list after the handler returns. Mass at 1 means that fence lag IS the latency and the only lever is where the signal is issued. Mass at 3-4 means GPU 0 is genuinely that far behind. Mass at 0 with the latency unchanged would mean the copy itself is slow, which would be the most interesting answer of the three.
23:48:42:296 [21764] | INFO  | [MGPU Bridge] [MGPU][RW] RING WINDOW ended at 2 of 6 slots, skipped 659 frame(s) to stay inside it | held: 2=38 3=3 4=3 5=3 6=2. ALL SIX SLOTS STAY ALLOCATED - only the usable depth moves, because reallocating mid-stream is how P1.0's teardown crash comes back. Skipped frames are NOT drops and NOT overruns: the consumer chose the newest frame on purpose. Settling at 2 with zero skips means the depth was never needed; growing back to 6 means it was.
23:48:42:296 [21764] | INFO  | [MGPU Bridge] [MGPU][L6] The game's queue is shallow (backlog under 1.6 frames), which is what a working low-latency mode looks like. The latency left is the bridge's own and it is small.
23:48:42:296 [21764] | INFO  | [MGPU Bridge] [MGPU][L2] READY-TO-CONSUME ms: min=0.15 mean=11.75 max=559.54 n=5337. THIS IS THE LATENCY A PLAYER EXPERIENCES. It starts at the first poll that saw the produced fence reach the frame - the earliest instant the data existed and we could have known - rather than at the copy-record timestamp the line above uses. L1 showed GPU 0 is 3 frames behind when we record, because the CPU runs 3 frames ahead and THE FRAME HAS NOT BEEN RENDERED YET at that point. The copy is appended to that frame's own list, so it executes the moment that frame's graphics finish and is not queued behind anything. If this figure is near 10 ms, the 3-frame floor was an artifact of where a timestamp was taken, three proposed fixes were all aimed at nothing, and the GPU 0 copy queue is unnecessary. If it is near 60, that reasoning is wrong.
23:48:42:296 [21764] | INFO  | [MGPU Bridge] [MGPU][P4.1] neural stage: UP | passes=1 | evaluates=3280 (=3280 frames x 1 passes) failures=0 | output sample identical to the previous frame 0 times (0.0%) | 2061 frames had their NEURAL WORK SKIPPED because a newer frame was already waiting - those are not drops, their seals were checked and they are counted here so the evaluate count and the frame count are not expected to agree. ONE FEATURE HANDLE PER PASS, DLSSNR.Reset=1 on the first frame only, so each pass's temporal history is its OWN output a frame ago rather than the previous pass of this frame. NOTE evaluates COUNTS PASSES, not frames - divide by 1 before comparing it with the frame count above. The identical-rate is NOT a verdict: a static scene produces identical output legitimately, so read it against what was on screen. A rate near 100% with a moving scene is the signal that NR stopped writing.
23:48:42:296 [21764] | INFO  | [MGPU Bridge] [MGPU][P6.3] intensity AT THE END of this run: p1=2.00 | 0 hotkey edits during the run. Unchanged from the ini for the whole run, so the summary above describes a single configuration.
23:48:42:296 [21764] | INFO  | [MGPU Bridge] [MGPU][P5.1] present gate: presents=4948 idle=491 fence waits=491. The bridge presented once per NEW neural frame instead of once per vsync, so the full-frame backbuffer copy and the DWM cross-adapter copy of this window happen at the producer's rate rather than the display's. The idle path blocks on the shared fence, so the consumer's cadence no longer depends on which display GPU 1 is attached to.
23:48:42:296 [21764] | INFO  | [MGPU Bridge] [MGPU][P2.2] GPU TIME on GPU 1, per consumed frame, n=3280 | seal copy mean=0.007 | unpack (cross-adapter buffer -> NR input) mean=0.002 min=0.000 max=0.665 | EVALUATE(1 pass) mean=16.349 min=13.587 max=30.389 -> per pass mean=16.349 min=13.587 | output sample mean=0.005 ms. These are GPU 1's own timestamps on GPU 1's own queue - execution, not wall-clock, and no cross-adapter clock is involved. THE EVALUATE BRACKET SPANS EVERY PASS, so the per-pass figure is the one to compare against the reference tool's 14.2 ms evaluateGPU and against earlier single-pass runs; the total is what GPU 1 actually spends. Transport is paid ONCE per frame whatever the pass count is - that asymmetry is the whole point of the run. STILL PERISHABLE: one rig, one link, one resolution, one scene. The on-screen output is enabled in this run. That costs consumer-thread CPU but does NOT inflate these brackets: measured 15.049 mean with the output off against 14.959 with it on, so the min-to-mean spread here is the model's own variance rather than contention from the present.
23:48:42:297 [21764] | INFO  | [MGPU Bridge] [MGPU][D5] EVALUATE DISTRIBUTION over the floor (13.587 ms), n=3280 | <5%=50 5-10%=219 10-20%=1846 20-30%=1041 30-40%=66 40-50%=1 50-75%=1 75%+=56. HOW TO READ IT: mass piled at <5% with a thin tail is occasional interference and the floor is the real cost. TWO humps is two code paths or two clock states. A broad even spread is content-dependent work. A run that starts left and ends right is thermal or power, and no code change will touch it. Buckets are percent over the floor, so this reads the same at any subrect and on any card.
23:48:42:297 [21764] | INFO  | [MGPU Bridge] [MGPU][D5b] EVALUATE OVER TIME, 4 segments | q1: min=13.714 mean=17.301 max=30.389 n=516 | q2: min=13.587 mean=16.119 max=29.727 n=929 | q3: min=14.527 mean=16.295 max=18.458 n=877 | q4: min=14.555 mean=16.109 max=18.728 n=958 | READ THE MIN ACROSS THE QUARTERS FIRST. Content-dependent work does NOT move the floor - the cheapest frame in a scene stays cheap however hard the others get. A floor that CLIMBS is the card: clocks, power or temperature, and no change to this code touches it. A flat floor with a climbing mean is the scene getting harder, which is a fact about where you walked and not about the pipeline. Both flat means the D5 spread above is genuinely content and is the honest description of it.
23:48:42:297 [21764] | INFO  | [MGPU Bridge] [MGPU][R26] COPY QUEUE mode 2, n=3280 | unpack on the COPY queue's own clock (1000000000 ticks/s, NOT the direct queue's 1000000000) mean=2.332 min=1.005 max=5.681 ms | armed AHEAD of the previous frame's evaluate: 3280 | armed BEFORE THE FRAME ARRIVED (the GPU gate, mode 2 only): 3280 | fell back to the inline unpack: 0.
23:48:42:297 [21764] | INFO  | [MGPU Bridge] [MGPU][R28] THE GPU GATE FIRED on 3280 frames - each armed on the copy queue before it existed and released by the GAME's own fence signal rather than by the bridge thread noticing. Those unpacks ran on the DMA engine while the 3D engine was inside the previous frame's EvaluateFeature, which is the overlap P2.1 named and did not test. THE ACCEPTANCE TEST IS THE COMPARISON, NOT THIS LINE: per-frame GPU 1 time down by roughly the unpack against the CopyQueue=0 control, with overrun, dropped and the identical-rate ALL unmoved. Check OVERRUN first - this mode arms a copy one frame earlier, so a producer that laps the ring has a wider window to rewrite a slot under an armed copy. It is not silent when it happens: the seal is read by the DIRECT queue from the same slot, so a rewritten slot shows up as DROPPED or REORDERED above rather than as a quietly wrong picture.
23:48:42:297 [21764] | ERROR | [MGPU Bridge] [MGPU][P4.0] STREAM FAILED - see the counters above; each non-zero one names its own failure and they have different causes. Do not average them into a verdict.
23:48:42:484 [20916] | INFO  | [MGPU Bridge] [MGPU][P9.1] META SRC mvec lane: 13 candidate(s), 1005 ns/frame over 8958 frames. R72: RANKED AND SORTED BY RTV BINDS - how often each is RENDERED INTO, which is a per-frame usage signal. srvs is kept alongside as the old created over the resource. THIS DOES NOT IDENTIFY MOTION VECTORS - nothing in ReShade says which one they are - it says whether an MVec-shaped resource is visible from a subscriber at all. An empty list with a non-zero examined count is the result that says the NGX hook has to be earned or abandoned. root-descriptor SRV pushes=0 (zero here with a non-zero SRV count above means this engine binds through descriptor TABLES and push_descriptors is blind in it - a fact about the engine, not a fault). | #0 2560x1411 R16G16_FLOAT srvs=2 RTVBINDS=0 (0.00/frame) <-DISPLAY-EXTENT | #1 2560x1411 R16G16_FLOAT srvs=2 RTVBINDS=0 (0.00/frame) <-DISPLAY-EXTENT | #2 1664x920 R16G16_FLOAT srvs=1 RTVBINDS=0 (0.00/frame) | #3 1664x920 R16G16_FLOAT srvs=1 RTVBINDS=0 (0.00/frame) | #4 2560x1411 R16G16_FLOAT srvs=40 RTVBINDS=0 (0.00/frame) <-DISPLAY-EXTENT | #5 1664x920 R16G16_FLOAT srvs=10 RTVBINDS=0 (0.00/frame) | #6 2508x1411 R16G16_FLOAT srvs=2 RTVBINDS=0 (0.00/frame) | #7 2508x1411 R16G16_FLOAT srvs=2 RTVBINDS=0 (0.00/frame)
23:48:42:485 [20916] | INFO  | [MGPU Bridge] [MGPU][R71] MVEC SIZES over ALL 13 candidate(s): 2560x1411 x3 | 1664x920 x8 | 2508x1411 x2 | || TRANSPORT SOURCE res=0x2450e55dba0 (0 means not identified yet - it needs a display-extent candidate with render-target binds), handed to the transport 5228 times, 1 second-binds-in-a-frame skipped. || EVICTIONS: 24 resources destroyed and removed from the tables (R76 - a resolution change destroys every render target, and a stale entry is a copy from freed memory). RTV BINDS SEEN IN TOTAL: 0. THE RANK ABOVE IS NOW RENDER TARGET BINDS, NOT SRV CREATIONS. R25 ranked by SRVs created, got 6/5/3/3, and called it "a candidate, not an identification" - that flatness was the SIGNAL being wrong, not the game. An SRV creation count is a LIFETIME number; a velocity buffer is RENDERED INTO once per frame, and RTVBINDS is that. THE EXTENT TO MATCH IS THE DISPLAY EXTENT 2560x1411, not the render extent: the game's own DLSS telemetry says ColorExtentHeight=936 with MVExtentWidth=2560 MVExtentHeight=1440, so this title feeds HIGH-RESOLUTION motion vectors. A single candidate marked <-DISPLAY-EXTENT with RTVBINDS close to the frame count is the velocity buffer. RTV BINDS SEEN = 0 with candidates present means THIS EVENT did not see it, and says nothing whatever about the other two. R81 retracted the sentence that used to sit here - it named optical flow and NGX hooking as the routes left, before an
23:48:42:485 [20916] | INFO  | [MGPU Bridge] [MGPU][R82] ACQUISITION SIGNALS - three of them, one run. || RTV VIEW TABLE: 0 of 128 entries. THAT IS THE DENOMINATOR R80 COULD NOT SEE - a bind count of zero against an empty table means nothing at all. || OMSetRenderTargets: fired=0 rtvs=0 | matched via OUR TABLE=0 | matched via get_resource_from_view=0 || BeginRenderPass: fired=0 targets=0 matched=0 || Barrier: fired=1317500 resources=3291954 matched=64413, costing 7881 ns/frame || #0 2560x1411 rtv=0 rp=0 bar=13113(0x40->0x8) | #1 2560x1411 rtv=0 rp=0 bar=15555(0x40->0x8) | #2 1664x920 rtv=0 rp=0 bar=9344(0xC0->0x8) | #3 1664x920 rtv=0 rp=0 bar=12081(0xC0->0x8) | #4 2560x1411 rtv=0 rp=0 bar=12056(0x40->0x8) | #5 1664x920 rtv=0 rp=0 bar=204(0xC0->0x8) | || HOW TO READ IT. via TABLE=0 while via get_resource_from_view is non-zero: the table was the whole bug and R76 through R81 were spent on a cache we never needed. BeginRenderPass fired while OMSetRenderTargets did not: this engine uses render passes and we were subscribed to the wrong event. Barrier matched with a per-frame count near the frame count: use THAT permanently - it needs no view, no table and no binding-path assumption, and 0x4->0xC0 (render_target -> shader_resource) is the moment AFTER the pass wrote, which is the correct moment to copy and is one the bind events cannot offer. NOTE THE STALENESS R78 DID NOT STATE: both bind events fire BEFORE the pass runs, so a copy taken there carries the PREVIOUS frame's vectors. All three silent with candidates present is the only reading that makes optical flow or NGX hooking the honest next step. Two of the barriers per frame on the published source are OURS.
23:48:42:975 [20916] | INFO  | [MGPU Bridge] [MGPU][R101] CALIBRATOR mode=2 site=data-scan | slots=33 data-slots=2 modules=137 gpa-calls=214 | resolved=2 creates=3 sr-handle=known | evaluates=5305 captured=5305 | cost 1667 ns/frame | eval-copies=5300 eval-skips=5. || THE GAME'S OWN TABLE: color=0x2449df34370 depth=0x2450da19960 MVEC=0x2449df369b0 output=0x2449e30e660 | MVecScale 1.0000,1.0000 | jitter 0.3125,0.2037 | Reset=0 | CreateFlags=0x49 -> DepthInverted=1 MVLowRes=0 MVJittered=0 IsHDR=1 AutoExposure=1 | quality=2 | render 1664x918 -> display 2560x1411 | dynamic 0x0..0x0 | subrect 1664x918 at color(0,0) depth(0,0) MV(0,0) out(0,0) | have=0xfff. || HOW TO READ IT. resolved=0 with evaluates=0 means no module asked for the entry point after we installed - either the title does not use DLSS, or it resolved before the addon loaded; the barrier path is untouched either way and is still what drives. sr-handle=UNFILTERED means we were not present for CreateFeature, so the table may be from frame generation rather than super sampling - check that render/display extents look like a supersampling pair before trusting it. MVEC here is the GAME'S answer to the question every round from R70 to R100 tried to infer; if it does not equal the handle the barrier probe armed on Dragon Sword, the probe was wrong on a title we believed, and THAT is the finding. have=0 bits name the keys this producer does not populate - Streamline and the raw SDK do not set the same subset, and the difference is a fact about the route, not a bug. MVLowRes IS DEFERRED OPTION 11 ANSWERED: 1 means the game's motion vectors are at RENDER resolution, 0 means display resolution, and we have been inferring that from buffer sizes since R83. Read it together with MVecScale - a low-res field with a display-sized scale is the shape that makes reprojection look almost right.
23:48:44:501 [21764] | INFO  | [MGPU Bridge] [MGPU][T5] present loop alive: frame 5400 thread id 0x5504
23:48:45:493 [20916] | INFO  | [MGPU Bridge] [MGPU][P9.1] META SRC mvec lane: 13 candidate(s), 1020 ns/frame over 9225 frames. R72: RANKED AND SORTED BY RTV BINDS - how often each is RENDERED INTO, which is a per-frame usage signal. srvs is kept alongside as the old created over the resource. THIS DOES NOT IDENTIFY MOTION VECTORS - nothing in ReShade says which one they are - it says whether an MVec-shaped resource is visible from a subscriber at all. An empty list with a non-zero examined count is the result that says the NGX hook has to be earned or abandoned. root-descriptor SRV pushes=0 (zero here with a non-zero SRV count above means this engine binds through descriptor TABLES and push_descriptors is blind in it - a fact about the engine, not a fault). | #0 2560x1411 R16G16_FLOAT srvs=2 RTVBINDS=0 (0.00/frame) <-DISPLAY-EXTENT | #1 2560x1411 R16G16_FLOAT srvs=2 RTVBINDS=0 (0.00/frame) <-DISPLAY-EXTENT | #2 1664x920 R16G16_FLOAT srvs=1 RTVBINDS=0 (0.00/frame) | #3 1664x920 R16G16_FLOAT srvs=1 RTVBINDS=0 (0.00/frame) | #4 2560x1411 R16G16_FLOAT srvs=44 RTVBINDS=0 (0.00/frame) <-DISPLAY-EXTENT | #5 1664x920 R16G16_FLOAT srvs=10 RTVBINDS=0 (0.00/frame) | #6 2508x1411 R16G16_FLOAT srvs=2 RTVBINDS=0 (0.00/frame) | #7 2508x1411 R16G16_FLOAT srvs=2 RTVBINDS=0 (0.00/frame)
23:48:45:493 [20916] | INFO  | [MGPU Bridge] [MGPU][R71] MVEC SIZES over ALL 13 candidate(s): 2560x1411 x3 | 1664x920 x8 | 2508x1411 x2 | || TRANSPORT SOURCE res=0x2449df369b0 (0 means not identified yet - it needs a display-extent candidate with render-target binds), handed to the transport 5494 times, 1 second-binds-in-a-frame skipped. || EVICTIONS: 25 resources destroyed and removed from the tables (R76 - a resolution change destroys every render target, and a stale entry is a copy from freed memory). RTV BINDS SEEN IN TOTAL: 0. THE RANK ABOVE IS NOW RENDER TARGET BINDS, NOT SRV CREATIONS. R25 ranked by SRVs created, got 6/5/3/3, and called it "a candidate, not an identification" - that flatness was the SIGNAL being wrong, not the game. An SRV creation count is a LIFETIME number; a velocity buffer is RENDERED INTO once per frame, and RTVBINDS is that. THE EXTENT TO MATCH IS THE DISPLAY EXTENT 2560x1411, not the render extent: the game's own DLSS telemetry says ColorExtentHeight=936 with MVExtentWidth=2560 MVExtentHeight=1440, so this title feeds HIGH-RESOLUTION motion vectors. A single candidate marked <-DISPLAY-EXTENT with RTVBINDS close to the frame count is the velocity buffer. RTV BINDS SEEN = 0 with candidates present means THIS EVENT did not see it, and says nothing whatever about the other two. R81 retracted the sentence that used to sit here - it named optical flow and NGX hooking as the routes left, before an
23:48:45:494 [20916] | INFO  | [MGPU Bridge] [MGPU][R82] ACQUISITION SIGNALS - three of them, one run. || RTV VIEW TABLE: 0 of 128 entries. THAT IS THE DENOMINATOR R80 COULD NOT SEE - a bind count of zero against an empty table means nothing at all. || OMSetRenderTargets: fired=0 rtvs=0 | matched via OUR TABLE=0 | matched via get_resource_from_view=0 || BeginRenderPass: fired=0 targets=0 matched=0 || Barrier: fired=1379328 resources=3446283 matched=67884, costing 7970 ns/frame || #0 2560x1411 rtv=0 rp=0 bar=13201(0x40->0x8) | #1 2560x1411 rtv=0 rp=0 bar=17603(0x40->0x8) | #2 1664x920 rtv=0 rp=0 bar=9878(0xC0->0x8) | #3 1664x920 rtv=0 rp=0 bar=12882(0xC0->0x8) | #4 2560x1411 rtv=0 rp=0 bar=12056(0x40->0x8) | #5 1664x920 rtv=0 rp=0 bar=204(0xC0->0x8) | || HOW TO READ IT. via TABLE=0 while via get_resource_from_view is non-zero: the table was the whole bug and R76 through R81 were spent on a cache we never needed. BeginRenderPass fired while OMSetRenderTargets did not: this engine uses render passes and we were subscribed to the wrong event. Barrier matched with a per-frame count near the frame count: use THAT permanently - it needs no view, no table and no binding-path assumption, and 0x4->0xC0 (render_target -> shader_resource) is the moment AFTER the pass wrote, which is the correct moment to copy and is one the bind events cannot offer. NOTE THE STALENESS R78 DID NOT STATE: both bind events fire BEFORE the pass runs, so a copy taken there carries the PREVIOUS frame's vectors. All three silent with candidates present is the only reading that makes optical flow or NGX hooking the honest next step. Two of the barriers per frame on the published source are OURS.
23:48:46:326 [20916] | INFO  | [MGPU Bridge] [MGPU][R101] CALIBRATOR mode=2 site=data-scan | slots=33 data-slots=2 modules=137 gpa-calls=214 | resolved=2 creates=3 sr-handle=known | evaluates=5605 captured=5605 | cost 1694 ns/frame | eval-copies=5600 eval-skips=5. || THE GAME'S OWN TABLE: color=0x2449df34370 depth=0x2450da19960 MVEC=0x2449df369b0 output=0x2449e30e660 | MVecScale 1.0000,1.0000 | jitter 0.3750,0.0556 | Reset=0 | CreateFlags=0x49 -> DepthInverted=1 MVLowRes=0 MVJittered=0 IsHDR=1 AutoExposure=1 | quality=2 | render 1664x918 -> display 2560x1411 | dynamic 0x0..0x0 | subrect 1664x918 at color(0,0) depth(0,0) MV(0,0) out(0,0) | have=0xfff. || HOW TO READ IT. resolved=0 with evaluates=0 means no module asked for the entry point after we installed - either the title does not use DLSS, or it resolved before the addon loaded; the barrier path is untouched either way and is still what drives. sr-handle=UNFILTERED means we were not present for CreateFeature, so the table may be from frame generation rather than super sampling - check that render/display extents look like a supersampling pair before trusting it. MVEC here is the GAME'S answer to the question every round from R70 to R100 tried to infer; if it does not equal the handle the barrier probe armed on Dragon Sword, the probe was wrong on a title we believed, and THAT is the finding. have=0 bits name the keys this producer does not populate - Streamline and the raw SDK do not set the same subset, and the difference is a fact about the route, not a bug. MVLowRes IS DEFERRED OPTION 11 ANSWERED: 1 means the game's motion vectors are at RENDER resolution, 0 means display resolution, and we have been inferring that from buffer sizes since R83. Read it together with MVecScale - a low-res field with a display-sized scale is the shape that makes reprojection look almost right.
23:48:47:358 [21764] | INFO  | [MGPU Bridge] [MGPU][T5] present loop alive: frame 6000 thread id 0x5504
23:48:48:506 [20916] | INFO  | [MGPU Bridge] [MGPU][P9.1] META SRC mvec lane: 13 candidate(s), 1016 ns/frame over 9416 frames. R72: RANKED AND SORTED BY RTV BINDS - how often each is RENDERED INTO, which is a per-frame usage signal. srvs is kept alongside as the old created over the resource. THIS DOES NOT IDENTIFY MOTION VECTORS - nothing in ReShade says which one they are - it says whether an MVec-shaped resource is visible from a subscriber at all. An empty list with a non-zero examined count is the result that says the NGX hook has to be earned or abandoned. root-descriptor SRV pushes=0 (zero here with a non-zero SRV count above means this engine binds through descriptor TABLES and push_descriptors is blind in it - a fact about the engine, not a fault). | #0 2560x1411 R16G16_FLOAT srvs=2 RTVBINDS=0 (0.00/frame) <-DISPLAY-EXTENT | #1 2560x1411 R16G16_FLOAT srvs=2 RTVBINDS=0 (0.00/frame) <-DISPLAY-EXTENT | #2 1664x920 R16G16_FLOAT srvs=1 RTVBINDS=0 (0.00/frame) | #3 1664x920 R16G16_FLOAT srvs=1 RTVBINDS=0 (0.00/frame) | #4 2560x1411 R16G16_FLOAT srvs=44 RTVBINDS=0 (0.00/frame) <-DISPLAY-EXTENT | #5 1664x920 R16G16_FLOAT srvs=10 RTVBINDS=0 (0.00/frame) | #6 2508x1411 R16G16_FLOAT srvs=2 RTVBINDS=0 (0.00/frame) | #7 2508x1411 R16G16_FLOAT srvs=2 RTVBINDS=0 (0.00/frame)
23:48:48:507 [20916] | INFO  | [MGPU Bridge] [MGPU][R71] MVEC SIZES over ALL 13 candidate(s): 2560x1411 x3 | 1664x920 x8 | 2508x1411 x2 | || TRANSPORT SOURCE res=0x2449df369b0 (0 means not identified yet - it needs a display-extent candidate with render-target binds), handed to the transport 5605 times, 1 second-binds-in-a-frame skipped. || EVICTIONS: 27 resources destroyed and removed from the tables (R76 - a resolution change destroys every render target, and a stale entry is a copy from freed memory). RTV BINDS SEEN IN TOTAL: 0. THE RANK ABOVE IS NOW RENDER TARGET BINDS, NOT SRV CREATIONS. R25 ranked by SRVs created, got 6/5/3/3, and called it "a candidate, not an identification" - that flatness was the SIGNAL being wrong, not the game. An SRV creation count is a LIFETIME number; a velocity buffer is RENDERED INTO once per frame, and RTVBINDS is that. THE EXTENT TO MATCH IS THE DISPLAY EXTENT 2560x1411, not the render extent: the game's own DLSS telemetry says ColorExtentHeight=936 with MVExtentWidth=2560 MVExtentHeight=1440, so this title feeds HIGH-RESOLUTION motion vectors. A single candidate marked <-DISPLAY-EXTENT with RTVBINDS close to the frame count is the velocity buffer. RTV BINDS SEEN = 0 with candidates present means THIS EVENT did not see it, and says nothing whatever about the other two. R81 retracted the sentence that used to sit here - it named optical flow and NGX hooking as the routes left, before an
23:48:48:507 [20916] | INFO  | [MGPU Bridge] [MGPU][R82] ACQUISITION SIGNALS - three of them, one run. || RTV VIEW TABLE: 0 of 128 entries. THAT IS THE DENOMINATOR R80 COULD NOT SEE - a bind count of zero against an empty table means nothing at all. || OMSetRenderTargets: fired=0 rtvs=0 | matched via OUR TABLE=0 | matched via get_resource_from_view=0 || BeginRenderPass: fired=0 targets=0 matched=0 || Barrier: fired=1407030 resources=3511587 matched=69327, costing 7945 ns/frame || #0 2560x1411 rtv=0 rp=0 bar=13201(0x40->0x8) | #1 2560x1411 rtv=0 rp=0 bar=18491(0x40->0x8) | #2 1664x920 rtv=0 rp=0 bar=10100(0xC0->0x8) | #3 1664x920 rtv=0 rp=0 bar=13215(0xC0->0x8) | #4 2560x1411 rtv=0 rp=0 bar=12056(0x40->0x8) | #5 1664x920 rtv=0 rp=0 bar=204(0xC0->0x8) | || HOW TO READ IT. via TABLE=0 while via get_resource_from_view is non-zero: the table was the whole bug and R76 through R81 were spent on a cache we never needed. BeginRenderPass fired while OMSetRenderTargets did not: this engine uses render passes and we were subscribed to the wrong event. Barrier matched with a per-frame count near the frame count: use THAT permanently - it needs no view, no table and no binding-path assumption, and 0x4->0xC0 (render_target -> shader_resource) is the moment AFTER the pass wrote, which is the correct moment to copy and is one the bind events cannot offer. NOTE THE STALENESS R78 DID NOT STATE: both bind events fire BEFORE the pass runs, so a copy taken there carries the PREVIOUS frame's vectors. All three silent with candidates present is the only reading that makes optical flow or NGX hooking the honest next step. Two of the barriers per frame on the published source are OURS.
23:48:50:215 [21764] | INFO  | [MGPU Bridge] [MGPU][T5] present loop alive: frame 6600 thread id 0x5504
23:48:50:352 [20916] | INFO  | [MGPU Bridge] [MGPU][R101] CALIBRATOR mode=2 site=data-scan | slots=33 data-slots=2 modules=137 gpa-calls=214 | resolved=2 creates=3 sr-handle=known | evaluates=5641 captured=5641 | cost 1650 ns/frame | eval-copies=5636 eval-skips=5. || THE GAME'S OWN TABLE: color=0x2449df34370 depth=0x2450da19960 MVEC=0x2449df369b0 output=0x2449e30e660 | MVecScale 1.0000,1.0000 | jitter 0.1250,0.2778 | Reset=0 | CreateFlags=0x49 -> DepthInverted=1 MVLowRes=0 MVJittered=0 IsHDR=1 AutoExposure=1 | quality=2 | render 1664x918 -> display 2560x1411 | dynamic 0x0..0x0 | subrect 1664x918 at color(0,0) depth(0,0) MV(0,0) out(0,0) | have=0xfff. || HOW TO READ IT. resolved=0 with evaluates=0 means no module asked for the entry point after we installed - either the title does not use DLSS, or it resolved before the addon loaded; the barrier path is untouched either way and is still what drives. sr-handle=UNFILTERED means we were not present for CreateFeature, so the table may be from frame generation rather than super sampling - check that render/display extents look like a supersampling pair before trusting it. MVEC here is the GAME'S answer to the question every round from R70 to R100 tried to infer; if it does not equal the handle the barrier probe armed on Dragon Sword, the probe was wrong on a title we believed, and THAT is the finding. have=0 bits name the keys this producer does not populate - Streamline and the raw SDK do not set the same subset, and the difference is a fact about the route, not a bug. MVLowRes IS DEFERRED OPTION 11 ANSWERED: 1 means the game's motion vectors are at RENDER resolution, 0 means display resolution, and we have been inferring that from buffer sizes since R83. Read it together with MVecScale - a low-res field with a display-sized scale is the shape that makes reprojection look almost right.
23:48:50:797 [20916] | INFO  | [MGPU Bridge] [MGPU][R101] CALIBRATOR mode=2 site=data-scan | slots=33 data-slots=2 modules=137 gpa-calls=214 | resolved=2 creates=3 sr-handle=known | evaluates=5641 captured=5641 | cost 1600 ns/frame | eval-copies=5636 eval-skips=5. || THE GAME'S OWN TABLE: color=0x2449df34370 depth=0x2450da19960 MVEC=0x2449df369b0 output=0x2449e30e660 | MVecScale 1.0000,1.0000 | jitter 0.1250,0.2778 | Reset=0 | CreateFlags=0x49 -> DepthInverted=1 MVLowRes=0 MVJittered=0 IsHDR=1 AutoExposure=1 | quality=2 | render 1664x918 -> display 2560x1411 | dynamic 0x0..0x0 | subrect 1664x918 at color(0,0) depth(0,0) MV(0,0) out(0,0) | have=0xfff. || HOW TO READ IT. resolved=0 with evaluates=0 means no module asked for the entry point after we installed - either the title does not use DLSS, or it resolved before the addon loaded; the barrier path is untouched either way and is still what drives. sr-handle=UNFILTERED means we were not present for CreateFeature, so the table may be from frame generation rather than super sampling - check that render/display extents look like a supersampling pair before trusting it. MVEC here is the GAME'S answer to the question every round from R70 to R100 tried to infer; if it does not equal the handle the barrier probe armed on Dragon Sword, the probe was wrong on a title we believed, and THAT is the finding. have=0 bits name the keys this producer does not populate - Streamline and the raw SDK do not set the same subset, and the difference is a fact about the route, not a bug. MVLowRes IS DEFERRED OPTION 11 ANSWERED: 1 means the game's motion vectors are at RENDER resolution, 0 means display resolution, and we have been inferring that from buffer sizes since R83. Read it together with MVecScale - a low-res field with a display-sized scale is the shape that makes reprojection look almost right.
23:48:51:240 [20916] | INFO  | [MGPU Bridge] [MGPU][R101] CALIBRATOR mode=2 site=data-scan | slots=33 data-slots=2 modules=137 gpa-calls=214 | resolved=2 creates=3 sr-handle=known | evaluates=5641 captured=5641 | cost 1553 ns/frame | eval-copies=5636 eval-skips=5. || THE GAME'S OWN TABLE: color=0x2449df34370 depth=0x2450da19960 MVEC=0x2449df369b0 output=0x2449e30e660 | MVecScale 1.0000,1.0000 | jitter 0.1250,0.2778 | Reset=0 | CreateFlags=0x49 -> DepthInverted=1 MVLowRes=0 MVJittered=0 IsHDR=1 AutoExposure=1 | quality=2 | render 1664x918 -> display 2560x1411 | dynamic 0x0..0x0 | subrect 1664x918 at color(0,0) depth(0,0) MV(0,0) out(0,0) | have=0xfff. || HOW TO READ IT. resolved=0 with evaluates=0 means no module asked for the entry point after we installed - either the title does not use DLSS, or it resolved before the addon loaded; the barrier path is untouched either way and is still what drives. sr-handle=UNFILTERED means we were not present for CreateFeature, so the table may be from frame generation rather than super sampling - check that render/display extents look like a supersampling pair before trusting it. MVEC here is the GAME'S answer to the question every round from R70 to R100 tried to infer; if it does not equal the handle the barrier probe armed on Dragon Sword, the probe was wrong on a title we believed, and THAT is the finding. have=0 bits name the keys this producer does not populate - Streamline and the raw SDK do not set the same subset, and the difference is a fact about the route, not a bug. MVLowRes IS DEFERRED OPTION 11 ANSWERED: 1 means the game's motion vectors are at RENDER resolution, 0 means display resolution, and we have been inferring that from buffer sizes since R83. Read it together with MVecScale - a low-res field with a display-sized scale is the shape that makes reprojection look almost right.
23:48:51:508 [20916] | INFO  | [MGPU Bridge] [MGPU][P9.1] META SRC mvec lane: 13 candidate(s), 922 ns/frame over 10382 frames. R72: RANKED AND SORTED BY RTV BINDS - how often each is RENDERED INTO, which is a per-frame usage signal. srvs is kept alongside as the old created over the resource. THIS DOES NOT IDENTIFY MOTION VECTORS - nothing in ReShade says which one they are - it says whether an MVec-shaped resource is visible from a subscriber at all. An empty list with a non-zero examined count is the result that says the NGX hook has to be earned or abandoned. root-descriptor SRV pushes=0 (zero here with a non-zero SRV count above means this engine binds through descriptor TABLES and push_descriptors is blind in it - a fact about the engine, not a fault). | #0 2560x1411 R16G16_FLOAT srvs=2 RTVBINDS=0 (0.00/frame) <-DISPLAY-EXTENT | #1 2560x1411 R16G16_FLOAT srvs=2 RTVBINDS=0 (0.00/frame) <-DISPLAY-EXTENT | #2 1664x920 R16G16_FLOAT srvs=1 RTVBINDS=0 (0.00/frame) | #3 1664x920 R16G16_FLOAT srvs=1 RTVBINDS=0 (0.00/frame) | #4 2560x1411 R16G16_FLOAT srvs=44 RTVBINDS=0 (0.00/frame) <-DISPLAY-EXTENT | #5 1664x920 R16G16_FLOAT srvs=10 RTVBINDS=0 (0.00/frame) | #6 2508x1411 R16G16_FLOAT srvs=2 RTVBINDS=0 (0.00/frame) | #7 2508x1411 R16G16_FLOAT srvs=2 RTVBINDS=0 (0.00/frame)
23:48:51:508 [20916] | INFO  | [MGPU Bridge] [MGPU][R71] MVEC SIZES over ALL 13 candidate(s): 2560x1411 x3 | 1664x920 x8 | 2508x1411 x2 | || TRANSPORT SOURCE res=0x2449df369b0 (0 means not identified yet - it needs a display-extent candidate with render-target binds), handed to the transport 5605 times, 1 second-binds-in-a-frame skipped. || EVICTIONS: 27 resources destroyed and removed from the tables (R76 - a resolution change destroys every render target, and a stale entry is a copy from freed memory). RTV BINDS SEEN IN TOTAL: 0. THE RANK ABOVE IS NOW RENDER TARGET BINDS, NOT SRV CREATIONS. R25 ranked by SRVs created, got 6/5/3/3, and called it "a candidate, not an identification" - that flatness was the SIGNAL being wrong, not the game. An SRV creation count is a LIFETIME number; a velocity buffer is RENDERED INTO once per frame, and RTVBINDS is that. THE EXTENT TO MATCH IS THE DISPLAY EXTENT 2560x1411, not the render extent: the game's own DLSS telemetry says ColorExtentHeight=936 with MVExtentWidth=2560 MVExtentHeight=1440, so this title feeds HIGH-RESOLUTION motion vectors. A single candidate marked <-DISPLAY-EXTENT with RTVBINDS close to the frame count is the velocity buffer. RTV BINDS SEEN = 0 with candidates present means THIS EVENT did not see it, and says nothing whatever about the other two. R81 retracted the sentence that used to sit here - it named optical flow and NGX hooking as the routes left, before an
23:48:51:509 [20916] | INFO  | [MGPU Bridge] [MGPU][R82] ACQUISITION SIGNALS - three of them, one run. || RTV VIEW TABLE: 0 of 128 entries. THAT IS THE DENOMINATOR R80 COULD NOT SEE - a bind count of zero against an empty table means nothing at all. || OMSetRenderTargets: fired=0 rtvs=0 | matched via OUR TABLE=0 | matched via get_resource_from_view=0 || BeginRenderPass: fired=0 targets=0 matched=0 || Barrier: fired=1412258 resources=3519009 matched=69327, costing 7230 ns/frame || #0 2560x1411 rtv=0 rp=0 bar=13201(0x40->0x8) | #1 2560x1411 rtv=0 rp=0 bar=18491(0x40->0x8) | #2 1664x920 rtv=0 rp=0 bar=10100(0xC0->0x8) | #3 1664x920 rtv=0 rp=0 bar=13215(0xC0->0x8) | #4 2560x1411 rtv=0 rp=0 bar=12056(0x40->0x8) | #5 1664x920 rtv=0 rp=0 bar=204(0xC0->0x8) | || HOW TO READ IT. via TABLE=0 while via get_resource_from_view is non-zero: the table was the whole bug and R76 through R81 were spent on a cache we never needed. BeginRenderPass fired while OMSetRenderTargets did not: this engine uses render passes and we were subscribed to the wrong event. Barrier matched with a per-frame count near the frame count: use THAT permanently - it needs no view, no table and no binding-path assumption, and 0x4->0xC0 (render_target -> shader_resource) is the moment AFTER the pass wrote, which is the correct moment to copy and is one the bind events cannot offer. NOTE THE STALENESS R78 DID NOT STATE: both bind events fire BEFORE the pass runs, so a copy taken there carries the PREVIOUS frame's vectors. All three silent with candidates present is the only reading that makes optical flow or NGX hooking the honest next step. Two of the barriers per frame on the published source are OURS.
23:48:51:682 [20916] | INFO  | [MGPU Bridge] [MGPU][R101] CALIBRATOR mode=2 site=data-scan | slots=33 data-slots=2 modules=137 gpa-calls=214 | resolved=2 creates=3 sr-handle=known | evaluates=5641 captured=5641 | cost 1509 ns/frame | eval-copies=5636 eval-skips=5. || THE GAME'S OWN TABLE: color=0x2449df34370 depth=0x2450da19960 MVEC=0x2449df369b0 output=0x2449e30e660 | MVecScale 1.0000,1.0000 | jitter 0.1250,0.2778 | Reset=0 | CreateFlags=0x49 -> DepthInverted=1 MVLowRes=0 MVJittered=0 IsHDR=1 AutoExposure=1 | quality=2 | render 1664x918 -> display 2560x1411 | dynamic 0x0..0x0 | subrect 1664x918 at color(0,0) depth(0,0) MV(0,0) out(0,0) | have=0xfff. || HOW TO READ IT. resolved=0 with evaluates=0 means no module asked for the entry point after we installed - either the title does not use DLSS, or it resolved before the addon loaded; the barrier path is untouched either way and is still what drives. sr-handle=UNFILTERED means we were not present for CreateFeature, so the table may be from frame generation rather than super sampling - check that render/display extents look like a supersampling pair before trusting it. MVEC here is the GAME'S answer to the question every round from R70 to R100 tried to infer; if it does not equal the handle the barrier probe armed on Dragon Sword, the probe was wrong on a title we believed, and THAT is the finding. have=0 bits name the keys this producer does not populate - Streamline and the raw SDK do not set the same subset, and the difference is a fact about the route, not a bug. MVLowRes IS DEFERRED OPTION 11 ANSWERED: 1 means the game's motion vectors are at RENDER resolution, 0 means display resolution, and we have been inferring that from buffer sizes since R83. Read it together with MVecScale - a low-res field with a display-sized scale is the shape that makes reprojection look almost right.
23:48:52:126 [20916] | INFO  | [MGPU Bridge] [MGPU][R101] CALIBRATOR mode=2 site=data-scan | slots=33 data-slots=2 modules=137 gpa-calls=214 | resolved=2 creates=3 sr-handle=known | evaluates=5641 captured=5641 | cost 1467 ns/frame | eval-copies=5636 eval-skips=5. || THE GAME'S OWN TABLE: color=0x2449df34370 depth=0x2450da19960 MVEC=0x2449df369b0 output=0x2449e30e660 | MVecScale 1.0000,1.0000 | jitter 0.1250,0.2778 | Reset=0 | CreateFlags=0x49 -> DepthInverted=1 MVLowRes=0 MVJittered=0 IsHDR=1 AutoExposure=1 | quality=2 | render 1664x918 -> display 2560x1411 | dynamic 0x0..0x0 | subrect 1664x918 at color(0,0) depth(0,0) MV(0,0) out(0,0) | have=0xfff. || HOW TO READ IT. resolved=0 with evaluates=0 means no module asked for the entry point after we installed - either the title does not use DLSS, or it resolved before the addon loaded; the barrier path is untouched either way and is still what drives. sr-handle=UNFILTERED means we were not present for CreateFeature, so the table may be from frame generation rather than super sampling - check that render/display extents look like a supersampling pair before trusting it. MVEC here is the GAME'S answer to the question every round from R70 to R100 tried to infer; if it does not equal the handle the barrier probe armed on Dragon Sword, the probe was wrong on a title we believed, and THAT is the finding. have=0 bits name the keys this producer does not populate - Streamline and the raw SDK do not set the same subset, and the difference is a fact about the route, not a bug. MVLowRes IS DEFERRED OPTION 11 ANSWERED: 1 means the game's motion vectors are at RENDER resolution, 0 means display resolution, and we have been inferring that from buffer sizes since R83. Read it together with MVecScale - a low-res field with a display-sized scale is the shape that makes reprojection look almost right.
23:48:53:072 [21764] | INFO  | [MGPU Bridge] [MGPU][T5] present loop alive: frame 7200 thread id 0x5504
23:48:54:230 [20916] | INFO  | [MGPU Bridge] [MGPU][R101] CALIBRATOR mode=2 site=data-scan | slots=33 data-slots=2 modules=137 gpa-calls=214 | resolved=2 creates=3 sr-handle=known | evaluates=5806 captured=5806 | cost 1474 ns/frame | eval-copies=5800 eval-skips=6. || THE GAME'S OWN TABLE: color=0x24515b4fa40 depth=0x24512a5cf00 MVEC=0x24515b503d0 output=0x2449e30e660 | MVecScale 1.0000,1.0000 | jitter -0.2188,-0.4259 | Reset=0 | CreateFlags=0x49 -> DepthInverted=1 MVLowRes=0 MVJittered=0 IsHDR=1 AutoExposure=1 | quality=2 | render 1664x918 -> display 2560x1411 | dynamic 0x0..0x0 | subrect 1664x918 at color(0,0) depth(0,0) MV(0,0) out(0,0) | have=0xfff. || HOW TO READ IT. resolved=0 with evaluates=0 means no module asked for the entry point after we installed - either the title does not use DLSS, or it resolved before the addon loaded; the barrier path is untouched either way and is still what drives. sr-handle=UNFILTERED means we were not present for CreateFeature, so the table may be from frame generation rather than super sampling - check that render/display extents look like a supersampling pair before trusting it. MVEC here is the GAME'S answer to the question every round from R70 to R100 tried to infer; if it does not equal the handle the barrier probe armed on Dragon Sword, the probe was wrong on a title we believed, and THAT is the finding. have=0 bits name the keys this producer does not populate - Streamline and the raw SDK do not set the same subset, and the difference is a fact about the route, not a bug. MVLowRes IS DEFERRED OPTION 11 ANSWERED: 1 means the game's motion vectors are at RENDER resolution, 0 means display resolution, and we have been inferring that from buffer sizes since R83. Read it together with MVecScale - a low-res field with a display-sized scale is the shape that makes reprojection look almost right.
23:48:54:518 [20916] | INFO  | [MGPU Bridge] [MGPU][P9.1] META SRC mvec lane: 13 candidate(s), 861 ns/frame over 11126 frames. R72: RANKED AND SORTED BY RTV BINDS - how often each is RENDERED INTO, which is a per-frame usage signal. srvs is kept alongside as the old created over the resource. THIS DOES NOT IDENTIFY MOTION VECTORS - nothing in ReShade says which one they are - it says whether an MVec-shaped resource is visible from a subscriber at all. An empty list with a non-zero examined count is the result that says the NGX hook has to be earned or abandoned. root-descriptor SRV pushes=0 (zero here with a non-zero SRV count above means this engine binds through descriptor TABLES and push_descriptors is blind in it - a fact about the engine, not a fault). | #0 2560x1411 R16G16_FLOAT srvs=2 RTVBINDS=0 (0.00/frame) <-DISPLAY-EXTENT | #1 2560x1411 R16G16_FLOAT srvs=2 RTVBINDS=0 (0.00/frame) <-DISPLAY-EXTENT | #2 1664x920 R16G16_FLOAT srvs=5 RTVBINDS=0 (0.00/frame) | #3 1664x920 R16G16_FLOAT srvs=1 RTVBINDS=0 (0.00/frame) | #4 2560x1411 R16G16_FLOAT srvs=44 RTVBINDS=0 (0.00/frame) <-DISPLAY-EXTENT | #5 1664x920 R16G16_FLOAT srvs=10 RTVBINDS=0 (0.00/frame) | #6 2508x1411 R16G16_FLOAT srvs=2 RTVBINDS=0 (0.00/frame) | #7 2508x1411 R16G16_FLOAT srvs=2 RTVBINDS=0 (0.00/frame)
23:48:54:519 [20916] | INFO  | [MGPU Bridge] [MGPU][R71] MVEC SIZES over ALL 13 candidate(s): 2560x1411 x3 | 1664x920 x8 | 2508x1411 x2 | || TRANSPORT SOURCE res=0x24515b503d0 (0 means not identified yet - it needs a display-extent candidate with render-target binds), handed to the transport 5794 times, 1 second-binds-in-a-frame skipped. || EVICTIONS: 28 resources destroyed and removed from the tables (R76 - a resolution change destroys every render target, and a stale entry is a copy from freed memory). RTV BINDS SEEN IN TOTAL: 0. THE RANK ABOVE IS NOW RENDER TARGET BINDS, NOT SRV CREATIONS. R25 ranked by SRVs created, got 6/5/3/3, and called it "a candidate, not an identification" - that flatness was the SIGNAL being wrong, not the game. An SRV creation count is a LIFETIME number; a velocity buffer is RENDERED INTO once per frame, and RTVBINDS is that. THE EXTENT TO MATCH IS THE DISPLAY EXTENT 2560x1411, not the render extent: the game's own DLSS telemetry says ColorExtentHeight=936 with MVExtentWidth=2560 MVExtentHeight=1440, so this title feeds HIGH-RESOLUTION motion vectors. A single candidate marked <-DISPLAY-EXTENT with RTVBINDS close to the frame count is the velocity buffer. RTV BINDS SEEN = 0 with candidates present means THIS EVENT did not see it, and says nothing whatever about the other two. R81 retracted the sentence that used to sit here - it named optical flow and NGX hooking as the routes left, before an
23:48:54:519 [20916] | INFO  | [MGPU Bridge] [MGPU][R82] ACQUISITION SIGNALS - three of them, one run. || RTV VIEW TABLE: 0 of 128 entries. THAT IS THE DENOMINATOR R80 COULD NOT SEE - a bind count of zero against an empty table means nothing at all. || OMSetRenderTargets: fired=0 rtvs=0 | matched via OUR TABLE=0 | matched via get_resource_from_view=0 || BeginRenderPass: fired=0 targets=0 matched=0 || Barrier: fired=1437289 resources=3566207 matched=70853, costing 6888 ns/frame || #0 2560x1411 rtv=0 rp=0 bar=14727(0x40->0x8) | #1 2560x1411 rtv=0 rp=0 bar=18491(0x40->0x8) | #2 1664x920 rtv=0 rp=0 bar=10100(0xC0->0x8) | #3 1664x920 rtv=0 rp=0 bar=13215(0xC0->0x8) | #4 2560x1411 rtv=0 rp=0 bar=12056(0x40->0x8) | #5 1664x920 rtv=0 rp=0 bar=204(0xC0->0x8) | || HOW TO READ IT. via TABLE=0 while via get_resource_from_view is non-zero: the table was the whole bug and R76 through R81 were spent on a cache we never needed. BeginRenderPass fired while OMSetRenderTargets did not: this engine uses render passes and we were subscribed to the wrong event. Barrier matched with a per-frame count near the frame count: use THAT permanently - it needs no view, no table and no binding-path assumption, and 0x4->0xC0 (render_target -> shader_resource) is the moment AFTER the pass wrote, which is the correct moment to copy and is one the bind events cannot offer. NOTE THE STALENESS R78 DID NOT STATE: both bind events fire BEFORE the pass runs, so a copy taken there carries the PREVIOUS frame's vectors. All three silent with candidates present is the only reading that makes optical flow or NGX hooking the honest next step. Two of the barriers per frame on the published source are OURS.
23:48:55:930 [21764] | INFO  | [MGPU Bridge] [MGPU][T5] present loop alive: frame 7800 thread id 0x5504
23:48:57:519 [20916] | INFO  | [MGPU Bridge] [MGPU][P9.1] META SRC mvec lane: 13 candidate(s), 840 ns/frame over 11396 frames. R72: RANKED AND SORTED BY RTV BINDS - how often each is RENDERED INTO, which is a per-frame usage signal. srvs is kept alongside as the old created over the resource. THIS DOES NOT IDENTIFY MOTION VECTORS - nothing in ReShade says which one they are - it says whether an MVec-shaped resource is visible from a subscriber at all. An empty list with a non-zero examined count is the result that says the NGX hook has to be earned or abandoned. root-descriptor SRV pushes=0 (zero here with a non-zero SRV count above means this engine binds through descriptor TABLES and push_descriptors is blind in it - a fact about the engine, not a fault). | #0 2560x1411 R16G16_FLOAT srvs=2 RTVBINDS=0 (0.00/frame) <-DISPLAY-EXTENT | #1 2560x1411 R16G16_FLOAT srvs=2 RTVBINDS=0 (0.00/frame) <-DISPLAY-EXTENT | #2 1664x920 R16G16_FLOAT srvs=5 RTVBINDS=0 (0.00/frame) | #3 1664x920 R16G16_FLOAT srvs=1 RTVBINDS=0 (0.00/frame) | #4 2560x1411 R16G16_FLOAT srvs=44 RTVBINDS=0 (0.00/frame) <-DISPLAY-EXTENT | #5 1664x920 R16G16_FLOAT srvs=10 RTVBINDS=0 (0.00/frame) | #6 2508x1411 R16G16_FLOAT srvs=2 RTVBINDS=0 (0.00/frame) | #7 2508x1411 R16G16_FLOAT srvs=2 RTVBINDS=0 (0.00/frame)
23:48:57:519 [20916] | INFO  | [MGPU Bridge] [MGPU][R71] MVEC SIZES over ALL 13 candidate(s): 2560x1411 x3 | 1664x920 x8 | 2508x1411 x2 | || TRANSPORT SOURCE res=0x24515b503d0 (0 means not identified yet - it needs a display-extent candidate with render-target binds), handed to the transport 6064 times, 1 second-binds-in-a-frame skipped. || EVICTIONS: 28 resources destroyed and removed from the tables (R76 - a resolution change destroys every render target, and a stale entry is a copy from freed memory). RTV BINDS SEEN IN TOTAL: 0. THE RANK ABOVE IS NOW RENDER TARGET BINDS, NOT SRV CREATIONS. R25 ranked by SRVs created, got 6/5/3/3, and called it "a candidate, not an identification" - that flatness was the SIGNAL being wrong, not the game. An SRV creation count is a LIFETIME number; a velocity buffer is RENDERED INTO once per frame, and RTVBINDS is that. THE EXTENT TO MATCH IS THE DISPLAY EXTENT 2560x1411, not the render extent: the game's own DLSS telemetry says ColorExtentHeight=936 with MVExtentWidth=2560 MVExtentHeight=1440, so this title feeds HIGH-RESOLUTION motion vectors. A single candidate marked <-DISPLAY-EXTENT with RTVBINDS close to the frame count is the velocity buffer. RTV BINDS SEEN = 0 with candidates present means THIS EVENT did not see it, and says nothing whatever about the other two. R81 retracted the sentence that used to sit here - it named optical flow and NGX hooking as the routes left, before an
23:48:57:520 [20916] | INFO  | [MGPU Bridge] [MGPU][R82] ACQUISITION SIGNALS - three of them, one run. || RTV VIEW TABLE: 0 of 128 entries. THAT IS THE DENOMINATOR R80 COULD NOT SEE - a bind count of zero against an empty table means nothing at all. || OMSetRenderTargets: fired=0 rtvs=0 | matched via OUR TABLE=0 | matched via get_resource_from_view=0 || BeginRenderPass: fired=0 targets=0 matched=0 || Barrier: fired=1468747 resources=3626915 matched=73013, costing 6906 ns/frame || #0 2560x1411 rtv=0 rp=0 bar=16887(0x40->0x8) | #1 2560x1411 rtv=0 rp=0 bar=18491(0x40->0x8) | #2 1664x920 rtv=0 rp=0 bar=10100(0xC0->0x8) | #3 1664x920 rtv=0 rp=0 bar=13215(0xC0->0x8) | #4 2560x1411 rtv=0 rp=0 bar=12056(0x40->0x8) | #5 1664x920 rtv=0 rp=0 bar=204(0xC0->0x8) | || HOW TO READ IT. via TABLE=0 while via get_resource_from_view is non-zero: the table was the whole bug and R76 through R81 were spent on a cache we never needed. BeginRenderPass fired while OMSetRenderTargets did not: this engine uses render passes and we were subscribed to the wrong event. Barrier matched with a per-frame count near the frame count: use THAT permanently - it needs no view, no table and no binding-path assumption, and 0x4->0xC0 (render_target -> shader_resource) is the moment AFTER the pass wrote, which is the correct moment to copy and is one the bind events cannot offer. NOTE THE STALENESS R78 DID NOT STATE: both bind events fire BEFORE the pass runs, so a copy taken there carries the PREVIOUS frame's vectors. All three silent with candidates present is the only reading that makes optical flow or NGX hooking the honest next step. Two of the barriers per frame on the published source are OURS.
23:48:57:562 [20916] | INFO  | [MGPU Bridge] [MGPU][R101] CALIBRATOR mode=2 site=data-scan | slots=33 data-slots=2 modules=137 gpa-calls=214 | resolved=2 creates=3 sr-handle=known | evaluates=6106 captured=6106 | cost 1518 ns/frame | eval-copies=6100 eval-skips=6. || THE GAME'S OWN TABLE: color=0x24515b4fa40 depth=0x24512a5cf00 MVEC=0x24515b503d0 output=0x2449e30e660 | MVecScale 1.0000,1.0000 | jitter -0.0625,0.3148 | Reset=0 | CreateFlags=0x49 -> DepthInverted=1 MVLowRes=0 MVJittered=0 IsHDR=1 AutoExposure=1 | quality=2 | render 1664x918 -> display 2560x1411 | dynamic 0x0..0x0 | subrect 1664x918 at color(0,0) depth(0,0) MV(0,0) out(0,0) | have=0xfff. || HOW TO READ IT. resolved=0 with evaluates=0 means no module asked for the entry point after we installed - either the title does not use DLSS, or it resolved before the addon loaded; the barrier path is untouched either way and is still what drives. sr-handle=UNFILTERED means we were not present for CreateFeature, so the table may be from frame generation rather than super sampling - check that render/display extents look like a supersampling pair before trusting it. MVEC here is the GAME'S answer to the question every round from R70 to R100 tried to infer; if it does not equal the handle the barrier probe armed on Dragon Sword, the probe was wrong on a title we believed, and THAT is the finding. have=0 bits name the keys this producer does not populate - Streamline and the raw SDK do not set the same subset, and the difference is a fact about the route, not a bug. MVLowRes IS DEFERRED OPTION 11 ANSWERED: 1 means the game's motion vectors are at RENDER resolution, 0 means display resolution, and we have been inferring that from buffer sizes since R83. Read it together with MVecScale - a low-res field with a display-sized scale is the shape that makes reprojection look almost right.
23:48:58:786 [21764] | INFO  | [MGPU Bridge] [MGPU][T5] present loop alive: frame 8400 thread id 0x5504
23:49:00:526 [20916] | INFO  | [MGPU Bridge] [MGPU][P9.1] META SRC mvec lane: 13 candidate(s), 822 ns/frame over 11649 frames. R72: RANKED AND SORTED BY RTV BINDS - how often each is RENDERED INTO, which is a per-frame usage signal. srvs is kept alongside as the old created over the resource. THIS DOES NOT IDENTIFY MOTION VECTORS - nothing in ReShade says which one they are - it says whether an MVec-shaped resource is visible from a subscriber at all. An empty list with a non-zero examined count is the result that says the NGX hook has to be earned or abandoned. root-descriptor SRV pushes=0 (zero here with a non-zero SRV count above means this engine binds through descriptor TABLES and push_descriptors is blind in it - a fact about the engine, not a fault). | #0 2560x1411 R16G16_FLOAT srvs=2 RTVBINDS=0 (0.00/frame) <-DISPLAY-EXTENT | #1 2560x1411 R16G16_FLOAT srvs=2 RTVBINDS=0 (0.00/frame) <-DISPLAY-EXTENT | #2 1664x920 R16G16_FLOAT srvs=5 RTVBINDS=0 (0.00/frame) | #3 1664x920 R16G16_FLOAT srvs=1 RTVBINDS=0 (0.00/frame) | #4 2560x1411 R16G16_FLOAT srvs=44 RTVBINDS=0 (0.00/frame) <-DISPLAY-EXTENT | #5 1664x920 R16G16_FLOAT srvs=10 RTVBINDS=0 (0.00/frame) | #6 2508x1411 R16G16_FLOAT srvs=2 RTVBINDS=0 (0.00/frame) | #7 2508x1411 R16G16_FLOAT srvs=2 RTVBINDS=0 (0.00/frame)
23:49:00:526 [20916] | INFO  | [MGPU Bridge] [MGPU][R71] MVEC SIZES over ALL 13 candidate(s): 2560x1411 x3 | 1664x920 x8 | 2508x1411 x2 | || TRANSPORT SOURCE res=0x24515b503d0 (0 means not identified yet - it needs a display-extent candidate with render-target binds), handed to the transport 6317 times, 1 second-binds-in-a-frame skipped. || EVICTIONS: 28 resources destroyed and removed from the tables (R76 - a resolution change destroys every render target, and a stale entry is a copy from freed memory). RTV BINDS SEEN IN TOTAL: 0. THE RANK ABOVE IS NOW RENDER TARGET BINDS, NOT SRV CREATIONS. R25 ranked by SRVs created, got 6/5/3/3, and called it "a candidate, not an identification" - that flatness was the SIGNAL being wrong, not the game. An SRV creation count is a LIFETIME number; a velocity buffer is RENDERED INTO once per frame, and RTVBINDS is that. THE EXTENT TO MATCH IS THE DISPLAY EXTENT 2560x1411, not the render extent: the game's own DLSS telemetry says ColorExtentHeight=936 with MVExtentWidth=2560 MVExtentHeight=1440, so this title feeds HIGH-RESOLUTION motion vectors. A single candidate marked <-DISPLAY-EXTENT with RTVBINDS close to the frame count is the velocity buffer. RTV BINDS SEEN = 0 with candidates present means THIS EVENT did not see it, and says nothing whatever about the other two. R81 retracted the sentence that used to sit here - it named optical flow and NGX hooking as the routes left, before an
23:49:00:526 [20916] | INFO  | [MGPU Bridge] [MGPU][R82] ACQUISITION SIGNALS - three of them, one run. || RTV VIEW TABLE: 0 of 128 entries. THAT IS THE DENOMINATOR R80 COULD NOT SEE - a bind count of zero against an empty table means nothing at all. || OMSetRenderTargets: fired=0 rtvs=0 | matched via OUR TABLE=0 | matched via get_resource_from_view=0 || BeginRenderPass: fired=0 targets=0 matched=0 || Barrier: fired=1498099 resources=3683267 matched=75037, costing 6911 ns/frame || #0 2560x1411 rtv=0 rp=0 bar=18911(0x40->0x8) | #1 2560x1411 rtv=0 rp=0 bar=18491(0x40->0x8) | #2 1664x920 rtv=0 rp=0 bar=10100(0xC0->0x8) | #3 1664x920 rtv=0 rp=0 bar=13215(0xC0->0x8) | #4 2560x1411 rtv=0 rp=0 bar=12056(0x40->0x8) | #5 1664x920 rtv=0 rp=0 bar=204(0xC0->0x8) | || HOW TO READ IT. via TABLE=0 while via get_resource_from_view is non-zero: the table was the whole bug and R76 through R81 were spent on a cache we never needed. BeginRenderPass fired while OMSetRenderTargets did not: this engine uses render passes and we were subscribed to the wrong event. Barrier matched with a per-frame count near the frame count: use THAT permanently - it needs no view, no table and no binding-path assumption, and 0x4->0xC0 (render_target -> shader_resource) is the moment AFTER the pass wrote, which is the correct moment to copy and is one the bind events cannot offer. NOTE THE STALENESS R78 DID NOT STATE: both bind events fire BEFORE the pass runs, so a copy taken there carries the PREVIOUS frame's vectors. All three silent with candidates present is the only reading that makes optical flow or NGX hooking the honest next step. Two of the barriers per frame on the published source are OURS.
23:49:01:092 [20916] | INFO  | [MGPU Bridge] [MGPU][R101] CALIBRATOR mode=2 site=data-scan | slots=33 data-slots=2 modules=137 gpa-calls=214 | resolved=2 creates=3 sr-handle=known | evaluates=6406 captured=6406 | cost 1561 ns/frame | eval-copies=6400 eval-skips=6. || THE GAME'S OWN TABLE: color=0x24515b4fa40 depth=0x24512a5cf00 MVEC=0x24515b503d0 output=0x2449e30e660 | MVecScale 1.0000,1.0000 | jitter -0.1875,-0.1296 | Reset=0 | CreateFlags=0x49 -> DepthInverted=1 MVLowRes=0 MVJittered=0 IsHDR=1 AutoExposure=1 | quality=2 | render 1664x918 -> display 2560x1411 | dynamic 0x0..0x0 | subrect 1664x918 at color(0,0) depth(0,0) MV(0,0) out(0,0) | have=0xfff. || HOW TO READ IT. resolved=0 with evaluates=0 means no module asked for the entry point after we installed - either the title does not use DLSS, or it resolved before the addon loaded; the barrier path is untouched either way and is still what drives. sr-handle=UNFILTERED means we were not present for CreateFeature, so the table may be from frame generation rather than super sampling - check that render/display extents look like a supersampling pair before trusting it. MVEC here is the GAME'S answer to the question every round from R70 to R100 tried to infer; if it does not equal the handle the barrier probe armed on Dragon Sword, the probe was wrong on a title we believed, and THAT is the finding. have=0 bits name the keys this producer does not populate - Streamline and the raw SDK do not set the same subset, and the difference is a fact about the route, not a bug. MVLowRes IS DEFERRED OPTION 11 ANSWERED: 1 means the game's motion vectors are at RENDER resolution, 0 means display resolution, and we have been inferring that from buffer sizes since R83. Read it together with MVecScale - a low-res field with a display-sized scale is the shape that makes reprojection look almost right.
23:49:01:197 [20916] | INFO  | Redirecting IDXGISwapChain::SetFullscreenState(this = 0000024106ADA630, Fullscreen = FALSE, pTarget = 0000000000000000) ...
23:49:01:204 [20916] | INFO  | Destroyed runtime environment on runtime 0000024105AD7C70 ('C:\Games\DragonSword - Awakening\DS\Binaries\Win64\ReShade.ini').
23:49:01:207 [20916] | WARN  | Reference count for ID3D12CommandQueue0 object 000002410120A040 (00000241999735A0) is inconsistent (6).
23:49:01:644 [21764] | INFO  | [MGPU Bridge] [MGPU][T5] present loop alive: frame 9000 thread id 0x5504
23:49:05:854 [15812] | INFO  | [MGPU Bridge] [MGPU][R101] CALIBRATOR REMOVED. Import slots restored.
23:49:05:854 [15812] | INFO  | Unregistered add-on "MGPU Bridge".
23:49:05:910 [15812] | INFO  | Exiting ...
23:49:05:910 [15812] | INFO  | Uninstalling 38 hook(s) ...
23:49:06:934 [15812] | INFO  | Finished exiting.
