23:55:05:099 [17592] | INFO  | Initializing crosire's ReShade version '6.8.0.2155' (64-bit) loaded from 'C:\Games\CONTROL - Ultimate Edition\dxgi.dll' into 'C:\Games\CONTROL - Ultimate Edition\Control_DX12.exe' (0x49F7B9C0) ...
23:55:05:099 [17592] | INFO  | Registering hooks for 'user32.dll' ...
23:55:05:099 [17592] | INFO  | > Libraries loaded.
23:55:05:100 [17592] | INFO  | > Found 21 match(es). Installing ...
23:55:05:123 [17592] | INFO  | Registering hooks for 'C:\WINDOWS\system32\dinput.dll' ...
23:55:05:124 [17592] | INFO  | > Delayed.
23:55:05:124 [17592] | INFO  | Registering hooks for 'C:\WINDOWS\system32\dinput8.dll' ...
23:55:05:124 [17592] | INFO  | > Delayed.
23:55:05:124 [17592] | INFO  | Registering hooks for 'C:\WINDOWS\system32\d2d1.dll' ...
23:55:05:124 [17592] | INFO  | > Delayed.
23:55:05:124 [17592] | INFO  | Registering hooks for 'C:\WINDOWS\system32\d3d9.dll' ...
23:55:05:124 [17592] | INFO  | > Delayed.
23:55:05:124 [17592] | INFO  | Registering hooks for 'C:\WINDOWS\system32\d3d10.dll' ...
23:55:05:124 [17592] | INFO  | > Delayed.
23:55:05:124 [17592] | INFO  | Registering hooks for 'C:\WINDOWS\system32\d3d10_1.dll' ...
23:55:05:125 [17592] | INFO  | > Delayed.
23:55:05:125 [17592] | INFO  | Registering hooks for 'C:\WINDOWS\system32\d3d11.dll' ...
23:55:05:125 [17592] | INFO  | > Delayed.
23:55:05:125 [17592] | INFO  | Registering hooks for 'C:\WINDOWS\system32\d3d12.dll' ...
23:55:05:125 [17592] | INFO  | > Libraries loaded.
23:55:05:125 [17592] | INFO  | > Found 8 match(es). Installing ...
23:55:05:147 [17592] | INFO  | Registering hooks for 'C:\WINDOWS\system32\dxgi.dll' ...
23:55:05:148 [17592] | INFO  | > Delayed until first call to an exported function.
23:55:05:148 [17592] | INFO  | Registering hooks for 'openvr_api.dll' ...
23:55:05:148 [17592] | INFO  | > Delayed.
23:55:05:148 [17592] | INFO  | Initialized.
23:55:05:366 [19984] | INFO  | Redirecting RegisterClassW(lpWndClass = 00000086CBBFF350 { "AppWindowClass", style = 0x8 }) ...
23:55:05:366 [19984] | INFO  | > Adding 'CS_OWNDC' window class style flag to "AppWindowClass".
23:55:05:386 [19984] | INFO  | Redirecting CreateDXGIFactory1(riid = {1BC6EA02-EF36-464F-BF0C-21CA39E5168A}, ppFactory = 000001DFBDAB5988) ...
23:55:05:386 [19984] | INFO  | Installing export hooks for 'C:\WINDOWS\system32\dxgi.dll' ...
23:55:05:387 [19984] | INFO  | > Found 5 match(es). Installing ...
23:55:05:405 [19984] | INFO  | Redirecting D3D12CreateDevice(pAdapter = 000001DFBDABC7C0, MinimumFeatureLevel = b000, riid = {189819F1-1DB6-4B57-BE54-1821339B85F7}, ppDevice = 000001DFBDAB5878) ...
23:55:05:405 [19984] | INFO  | Searching for add-ons (*.addon, *.addon64) in 'C:\Games\CONTROL - Ultimate Edition' ...
23:55:05:405 [19984] | INFO  | Loading add-on from 'C:\Games\CONTROL - Ultimate Edition\nvngx.dll_mgpu_bridge.addon64' ...
23:55:05:407 [19984] | INFO  | Registered add-on "MGPU Bridge" v0.0.0.0 using ReShade API version 20.
23:55:05:407 [19984] | INFO  | [MGPU Bridge] [MGPU][T1] MGPU Bridge add-on registered - stock ReShade, add-on API version 20
23:55:05:408 [19984] | INFO  | [MGPU Bridge] [MGPU][P6.4] overlay panel registered - open the ReShade overlay (Home) over the BRIDGE window to get passes, the neural on/off and the intensity sliders. The CTRL+ALT+F8/F9/F11 hotkeys still work and drive the same values.
23:55:05:410 [19984] | INFO  | Redirecting CreateDXGIFactory2(Flags = 0x80000000, riid = {1BC6EA02-EF36-464F-BF0C-21CA39E5168A}, ppFactory = 00000086CBBFEB18) ...
23:55:05:616 [19984] | INFO  | [MGPU Bridge] [MGPU][T2] init_device luid=0x00000000-0x00013FE8 captured as PROVISIONAL game luid (init_device is not trusted - a UE5 probe device is not the game's renderer; the swapchain-derived luid overrides it)
23:55:05:616 [19984] | INFO  | Redirecting CreateDXGIFactory2(Flags = 0, riid = {1BC6EA02-EF36-464F-BF0C-21CA39E5168A}, ppFactory = 00000086CBBFEA58) ...
23:55:05:616 [19984] | INFO  | [MGPU Bridge] [MGPU][T2] adapter[0] luid=0x00000000-0x00013FE8 flags=0x0 vendor=0x10DE device=0x2D04 dedicated_vram=16050MB outputs=2 desc="NVIDIA GeForce RTX 5060 Ti"
23:55:05:617 [19984] | INFO  | [MGPU Bridge] [MGPU][T2] adapter[0] vmem(local) budget=15282MB current_usage=10MB avail_reservation=7769MB current_reservation=0MB (diagnostic only - this process's usage on this adapter)
23:55:05:617 [19984] | INFO  | [MGPU Bridge] [MGPU][T2] adapter[1] luid=0x00000000-0x00015621 flags=0x0 vendor=0x10DE device=0x2D04 dedicated_vram=16050MB outputs=0 desc="NVIDIA GeForce RTX 5060 Ti"
23:55:05:617 [19984] | INFO  | [MGPU Bridge] [MGPU][T2] adapter[1] vmem(local) budget=15282MB current_usage=0MB avail_reservation=7769MB current_reservation=0MB (diagnostic only - this process's usage on this adapter)
23:55:05:617 [19984] | INFO  | [MGPU Bridge] [MGPU][T2] adapter[2] luid=0x00000000-0x000155EE flags=0x2 vendor=0x1414 device=0x008C dedicated_vram=0MB outputs=0 desc="Microsoft Basic Render Driver"
23:55:05:617 [19984] | INFO  | [MGPU Bridge] [MGPU][T2] adapter[2] vmem(local) budget=15114MB current_usage=0MB avail_reservation=7685MB current_reservation=0MB (diagnostic only - this process's usage on this adapter)
23:55:05:617 [19984] | INFO  | Redirecting ID3D12Device::CreateCommandQueue(this = 000001DFBE161910, pDesc = 00000086CBBFF0D8, riid = {0EC870A6-5D7E-4C22-8CFC-5BAAE07616ED}, ppCommandQueue = 000001DF9D217EE0) ...
23:55:05:618 [19984] | INFO  | > Dumping command queue description:
23:55:05:618 [19984] | INFO  |   +-----------------------------------------+-----------------------------------------+
23:55:05:618 [19984] | INFO  |   | Parameter                               | Value                                   |
23:55:05:618 [19984] | INFO  |   +-----------------------------------------+-----------------------------------------+
23:55:05:618 [19984] | INFO  |   | Type                                    | 0                                       |
23:55:05:618 [19984] | INFO  |   | Priority                                | 0                                       |
23:55:05:618 [19984] | INFO  |   | Flags                                   | 0                                       |
23:55:05:618 [19984] | INFO  |   | NodeMask                                | 0                                       |
23:55:05:618 [19984] | INFO  |   +-----------------------------------------+-----------------------------------------+
23:55:05:657 [19984] | INFO  | Redirecting ID3D12Device::CreateCommandQueue(this = 000001DFBE161910, pDesc = 00000086CBBFF0D8, riid = {0EC870A6-5D7E-4C22-8CFC-5BAAE07616ED}, ppCommandQueue = 000001DF9D217F40) ...
23:55:05:658 [19984] | INFO  | > Dumping command queue description:
23:55:05:658 [19984] | INFO  |   +-----------------------------------------+-----------------------------------------+
23:55:05:658 [19984] | INFO  |   | Parameter                               | Value                                   |
23:55:05:658 [19984] | INFO  |   +-----------------------------------------+-----------------------------------------+
23:55:05:658 [19984] | INFO  |   | Type                                    | 2                                       |
23:55:05:658 [19984] | INFO  |   | Priority                                | 0                                       |
23:55:05:658 [19984] | INFO  |   | Flags                                   | 0                                       |
23:55:05:658 [19984] | INFO  |   | NodeMask                                | 0                                       |
23:55:05:658 [19984] | INFO  |   +-----------------------------------------+-----------------------------------------+
23:55:05:671 [19984] | INFO  | Redirecting ID3D12Device::CreateCommandQueue(this = 000001DFBE161910, pDesc = 00000086CBBFF0D8, riid = {0EC870A6-5D7E-4C22-8CFC-5BAAE07616ED}, ppCommandQueue = 000001DF9D217FA0) ...
23:55:05:671 [19984] | INFO  | > Dumping command queue description:
23:55:05:671 [19984] | INFO  |   +-----------------------------------------+-----------------------------------------+
23:55:05:671 [19984] | INFO  |   | Parameter                               | Value                                   |
23:55:05:671 [19984] | INFO  |   +-----------------------------------------+-----------------------------------------+
23:55:05:671 [19984] | INFO  |   | Type                                    | 3                                       |
23:55:05:671 [19984] | INFO  |   | Priority                                | 0                                       |
23:55:05:671 [19984] | INFO  |   | Flags                                   | 0                                       |
23:55:05:671 [19984] | INFO  |   | NodeMask                                | 0                                       |
23:55:05:671 [19984] | INFO  |   +-----------------------------------------+-----------------------------------------+
23:55:05:676 [19984] | INFO  | Redirecting IDXGIFactory::CreateSwapChain(this = 000001DF9B270B90, pDevice = 000001DF953A65E0, pDesc = 000001DFBDAB58A0, ppSwapChain = 000001DFBDAB5978) ...
23:55:05:677 [19984] | INFO  | > Dumping swap chain description:
23:55:05:677 [19984] | INFO  |   +-----------------------------------------+-----------------------------------------+
23:55:05:677 [19984] | INFO  |   | Parameter                               | Value                                   |
23:55:05:677 [19984] | INFO  |   +-----------------------------------------+-----------------------------------------+
23:55:05:677 [19984] | INFO  |   | Width                                   | 2560                                    |
23:55:05:677 [19984] | INFO  |   | Height                                  | 1440                                    |
23:55:05:677 [19984] | INFO  |   | RefreshRate                             | 0                   0                   |
23:55:05:677 [19984] | INFO  |   | Format                                  | DXGI_FORMAT_R10G10B10A2_UNORM           |
23:55:05:677 [19984] | INFO  |   | ScanlineOrdering                        | 0                                       |
23:55:05:677 [19984] | INFO  |   | Scaling                                 | 0                                       |
23:55:05:677 [19984] | INFO  |   | SampleCount                             | 1                                       |
23:55:05:677 [19984] | INFO  |   | SampleQuality                           | 0                                       |
23:55:05:677 [19984] | INFO  |   | BufferUsage                             | 0x20                                    |
23:55:05:677 [19984] | INFO  |   | BufferCount                             | 2                                       |
23:55:05:677 [19984] | INFO  |   | OutputWindow                            | 00000000000607D0                        |
23:55:05:677 [19984] | INFO  |   | Windowed                                | TRUE                                    |
23:55:05:678 [19984] | INFO  |   | SwapEffect                              | 4                                       |
23:55:05:678 [19984] | INFO  |   | Flags                                   | 0x802                                   |
23:55:05:678 [19984] | INFO  |   +-----------------------------------------+-----------------------------------------+
23:55:05:679 [19984] | INFO  | Installing delayed hooks for 'C:\WINDOWS\system32\d3d11.dll' (Just loaded via LoadLibrary('C:\WINDOWS\SYSTEM32\d3d11.dll')) ...
23:55:05:679 [19984] | INFO  | > Found 3 match(es). Installing ...
23:55:05:750 [19984] | INFO  | Redirecting CreateDXGIFactory2(Flags = 0, riid = {1BC6EA02-EF36-464F-BF0C-21CA39E5168A}, ppFactory = 00000086CBBFEB00) ...
23:55:05:751 [19984] | INFO  | Redirecting CreateDXGIFactory2(Flags = 0, riid = {1BC6EA02-EF36-464F-BF0C-21CA39E5168A}, ppFactory = 00000086CBBFEB00) ...
23:55:05:751 [19984] | INFO  | Redirecting CreateDXGIFactory2(Flags = 0, riid = {1BC6EA02-EF36-464F-BF0C-21CA39E5168A}, ppFactory = 00000086CBBFEB00) ...
23:55:05:752 [19984] | INFO  | Redirecting CreateDXGIFactory2(Flags = 0, riid = {1BC6EA02-EF36-464F-BF0C-21CA39E5168A}, ppFactory = 00000086CBBFEB00) ...
23:55:05:752 [19984] | INFO  | Running on NVIDIA GeForce RTX 5060 Ti Driver 616.64.
23:55:05:950 [19984] | INFO  | [MGPU Bridge] [MGPU][T3] bridge thread spawned (thread id 0xB00)
23:55:05:950 [ 2816] | INFO  | [MGPU Bridge] [MGPU][T3] bridge thread started - owns all GPU 1 objects (window + message pump arrive with T4)
23:55:05:950 [19984] | INFO  | [MGPU Bridge] [MGPU][T2] init_swapchain: swapchain-derived game luid=0x00000000-0x00013FE8 established (the device CreateSwapChainForHwnd was called on) - overrides the provisional init_device value
23:55:05:950 [19984] | INFO  | [MGPU Bridge] [MGPU][T2] adapter[2] rejected as software (flags=0x2 vendor=0x1414) - enumerated and logged, never selectable
23:55:05:950 [19984] | INFO  | [MGPU Bridge] [MGPU][T2] SELECTED adapter[1] luid=0x00000000-0x00015621 desc="NVIDIA GeForce RTX 5060 Ti" outputs=0 rule="exclusion (luid != swapchain game luid) + software filter" | game luid=0x00000000-0x00013FE8 (source: swapchain)
23:55:05:951 [19984] | INFO  | [MGPU Bridge] [MGPU][P9.1] SIZE BAND set from the GAME swapchain: 2560x1440 (was 0x0). Candidates are accepted between 20% and 105% of that area, so at this setting a 2560x1440 scene depth is inside the band by construction. If a lateral reports zero for a whole run, check this line first.
23:55:05:951 [ 2816] | INFO  | [MGPU Bridge] [MGPU][T3] D3D12CreateDevice begin: selected luid=0x00000000-0x00015621 desc="NVIDIA GeForce RTX 5060 Ti" (game luid=known, see [MGPU][T2] final line)
23:55:05:951 [ 2816] | INFO  | Redirecting D3D12CreateDevice(pAdapter = 000001DFBE0ED2C0, MinimumFeatureLevel = b000, riid = {189819F1-1DB6-4B57-BE54-1821339B85F7}, ppDevice = 00000086CD28E928) ...
23:55:05:951 [ 2816] | INFO  | Redirecting CreateDXGIFactory2(Flags = 0x80000000, riid = {1BC6EA02-EF36-464F-BF0C-21CA39E5168A}, ppFactory = 00000086CD28E2B8) ...
23:55:05:951 [19984] | INFO  | [MGPU Bridge] [MGPU][P9.1] PROBE CODE IS PRESENT IN THIS BUILD, probe P14.2 (R98: a UNIFORM FRACTION of the scene, and the largest one wins); MetaProbe = off. This line is printed even when the answer is off, so that a log with no other P9.1 line means the probe was OFF rather than ABSENT - those were indistinguishable once and cost a run. The key is MetaProbe, NOT Probes: Probes is the older P1.3 one-shot probe chain and reads only the literal 1. OFF MEANS UNREGISTERED, not a callback that returns early: with the probe off ReShade installs no interception on our account and the add-on is byte-identical to a build without this file. The depth lane subscribes to OMSetRenderTargets and ClearDepthStencilVie
23:55:05:953 [19984] | INFO  | [MGPU Bridge] [MGPU][R101] CALIBRATOR INSTALLED mode=2 | 40 import slot(s) patched across 137 module(s). This is a POINTER SWAP, not a code patch - no instruction anywhere in this process was modified, and Calib=0 puts every slot back. Our own module is skipped so the bridge's own DLSS-NR evaluates are never mistaken for the game's.
23:55:05:962 [19984] | INFO  | Recreated runtime environment on runtime 000001DFBEA7BA80 ('C:\Games\CONTROL - Ultimate Edition\ReShade.ini').
23:55:05:989 [ 2816] | INFO  | [MGPU Bridge] [MGPU][T3] init_device (subsequent) luid=0x00000000-0x00015621
23:55:05:990 [ 2816] | INFO  | [MGPU Bridge] [MGPU][T3] CrossAdapterRowMajorTextureSupported hr=0x00000000 supported=0 (record only)
23:55:05:990 [ 2816] | INFO  | [MGPU Bridge] [MGPU][T3] D3D12CreateDevice hr=0x00000000 luid=0x00000000-0x00015621 - device live on the second adapter; game rendering unaffected
23:55:05:990 [ 2816] | INFO  | [MGPU Bridge] [MGPU][P7.2] mgpu.ini read from beside the add-on: "C:\Games\CONTROL - Ultimate Edition\mgpu.ini". This is the file whose values appear on the arm line.
23:55:05:990 [ 2816] | INFO  | [MGPU Bridge] [MGPU][P7.10] window placement - auto, from the DESKTOP monitor list because the bridge adapter reported no outputs of its own: the first non-primary monitor - monitor 0 of 2, rect (-3200,-218)-(0,1582). CHECK THIS ONE: it is placed away from the primary display, not proven to be on the second card, because DXGI would not say. Set Monitor=<n> if it p
23:55:05:990 [ 2816] | INFO  | [MGPU Bridge] [MGPU][T4] display topology: 2 active path(s) -> extended or single
23:55:05:992 [ 2816] | INFO  | [MGPU Bridge] [MGPU][T4] window created: class="MGPU_Bridge_Wnd_00007FFDC9050000" hwnd=0x0000000000070832 client=1280x720 (0,0,1280,720) thread id 0xB00 (client area is the T4-fixed 1280x720)
23:55:05:994 [ 2816] | INFO  | [MGPU Bridge] [MGPU][P7.5] seam hotkeys: CTRL+ALT+LEFT/RIGHT move the split seam = OK/OK | add SHIFT for a coarse step = OK/OK. They repeat when held and need NO overlay open, so the seam can be dragged across a face while the game is the only thing on screen - which is the point of having them at all.
23:55:05:994 [ 2816] | INFO  | [MGPU Bridge] [MGPU][P7.4] view hotkey: CTRL+ALT+F7 cycles output -> input -> split = OK. Split shows the frame handed TO the model on the left and what it produced on the right, THE SAME FRAME, so the two halves cannot disagree about time, camera or lighting. The neural stage is unchanged in all three.
23:55:05:995 [ 2816] | INFO  | [MGPU Bridge] [MGPU][P6.3] intensity hotkeys: CTRL+ALT+F8 cycle target (all/p1/p2/...) = OK | CTRL+ALT+F9 down = OK | CTRL+ALT+F11 up = OK. Steps of 0.05, clamped 0.00-2.00, live from the next frame - NGX parameters are set per evaluate, so no re-arm and no relaunch. DOWN and UP repeat when held; the target key does not.
23:55:05:995 [ 2816] | INFO  | [MGPU Bridge] [MGPU][P1.3g] hotkey registered: CTRL+ALT+F10 runs the transit probe on demand, from any foreground window. Press it once the game has settled - in gameplay, not the menu - and again with a different window focused; each run labels itself and records which window held the foreground.
23:55:05:995 [ 2816] | INFO  | Redirecting ID3D12Device::CreateCommandQueue(this = 000001E04F905780, pDesc = 00000086CD28E8C0, riid = {0EC870A6-5D7E-4C22-8CFC-5BAAE07616ED}, ppCommandQueue = 00000086CD28E830) ...
23:55:05:995 [ 2816] | INFO  | > Dumping command queue description:
23:55:05:995 [ 2816] | INFO  |   +-----------------------------------------+-----------------------------------------+
23:55:05:995 [ 2816] | INFO  |   | Parameter                               | Value                                   |
23:55:05:995 [ 2816] | INFO  |   +-----------------------------------------+-----------------------------------------+
23:55:05:995 [ 2816] | INFO  |   | Type                                    | 0                                       |
23:55:05:996 [ 2816] | INFO  |   | Priority                                | 0                                       |
23:55:05:996 [ 2816] | INFO  |   | Flags                                   | 0                                       |
23:55:05:996 [ 2816] | INFO  |   | NodeMask                                | 0                                       |
23:55:05:996 [ 2816] | INFO  |   +-----------------------------------------+-----------------------------------------+
23:55:06:026 [ 2816] | INFO  | Redirecting CreateDXGIFactory2(Flags = 0, riid = {50C83A1C-E072-4C48-87B0-3630FA36A6D0}, ppFactory = 00000086CD28E820) ...
23:55:06:026 [ 2816] | INFO  | Redirecting IDXGIFactory2::CreateSwapChainForHwnd(this = 000001E04F45E880, pDevice = 000001DF953A5AA0, hWnd = 0000000000070832, pDesc = 00000086CD28E8E0, pFullscreenDesc = 0000000000000000, pRestrictToOutput = 0000000000000000, ppSwapChain = ) ...
23:55:06:026 [ 2816] | INFO  | > Dumping swap chain description:
23:55:06:026 [ 2816] | INFO  |   +-----------------------------------------+-----------------------------------------+
23:55:06:026 [ 2816] | INFO  |   | Parameter                               | Value                                   |
23:55:06:026 [ 2816] | INFO  |   +-----------------------------------------+-----------------------------------------+
23:55:06:026 [ 2816] | INFO  |   | Width                                   | 1280                                    |
23:55:06:027 [ 2816] | INFO  |   | Height                                  | 720                                     |
23:55:06:027 [ 2816] | INFO  |   | RefreshRate                             | 0                   0                   |
23:55:06:027 [ 2816] | INFO  |   | Format                                  | DXGI_FORMAT_R10G10B10A2_UNORM           |
23:55:06:027 [ 2816] | INFO  |   | Stereo                                  | FALSE                                   |
23:55:06:027 [ 2816] | INFO  |   | ScanlineOrdering                        | 0                                       |
23:55:06:027 [ 2816] | INFO  |   | Scaling                                 | 0                                       |
23:55:06:027 [ 2816] | INFO  |   | SampleCount                             | 1                                       |
23:55:06:027 [ 2816] | INFO  |   | SampleQuality                           | 0                                       |
23:55:06:027 [ 2816] | INFO  |   | BufferUsage                             | 0x20                                    |
23:55:06:027 [ 2816] | INFO  |   | BufferCount                             | 2                                       |
23:55:06:027 [ 2816] | INFO  |   | Windowed                                | TRUE                                    |
23:55:06:027 [ 2816] | INFO  |   | SwapEffect                              | 4                                       |
23:55:06:027 [ 2816] | INFO  |   | AlphaMode                               | 0                                       |
23:55:06:028 [ 2816] | INFO  |   | Flags                                   | 0                                       |
23:55:06:028 [ 2816] | INFO  |   +-----------------------------------------+-----------------------------------------+
23:55:06:059 [ 2816] | INFO  | Redirecting CreateDXGIFactory2(Flags = 0, riid = {1BC6EA02-EF36-464F-BF0C-21CA39E5168A}, ppFactory = 00000086CD28E0E0) ...
23:55:06:059 [ 2816] | INFO  | Redirecting CreateDXGIFactory2(Flags = 0, riid = {1BC6EA02-EF36-464F-BF0C-21CA39E5168A}, ppFactory = 00000086CD28E0E0) ...
23:55:06:059 [ 2816] | INFO  | Redirecting CreateDXGIFactory2(Flags = 0, riid = {1BC6EA02-EF36-464F-BF0C-21CA39E5168A}, ppFactory = 00000086CD28E0E0) ...
23:55:06:060 [ 2816] | INFO  | Redirecting CreateDXGIFactory2(Flags = 0, riid = {1BC6EA02-EF36-464F-BF0C-21CA39E5168A}, ppFactory = 00000086CD28E0E0) ...
23:55:06:060 [ 2816] | INFO  | Running on NVIDIA GeForce RTX 5060 Ti Driver 616.64.
23:55:06:061 [ 2816] | INFO  | [MGPU Bridge] [MGPU][T2] init_swapchain luid=0x00000000-0x00015621 - swapchain-derived game luid 0x00000000-0x00013FE8 already established; not re-selecting
23:55:06:063 [ 2816] | INFO  | Recreated runtime environment on runtime 000001E05C8CFCE0 ('C:\Games\CONTROL - Ultimate Edition\ReShade2.ini').
23:55:06:064 [ 2816] | INFO  | [MGPU Bridge] [MGPU][T5] present chain created: format=DXGI_FORMAT_R10G10B10A2_UNORM buffers=2 swapeffect=FLIP_DISCARD queue=DIRECT client=1280x720 CreateSwapChainForHwnd hr=0x00000000 hwnd=0x0000000000070832 (vsync present, non-resizable window - no ResizeBuffers at P0)
23:55:06:071 [ 2816] | INFO  | [MGPU Bridge] [MGPU][P1.0c] ngx modules: _nvngx.dll=0x0000000000000000 (not found) nvngx_dlssnr.dll=0x00007FFDB1320000 (PRIVATE INSTANCE from mgpu\ - nothing else in this process has it) path=C:\Games\CONTROL - Ultimate Edition\mgpu\nvngx_dlssnr.dll
23:55:06:071 [ 2816] | INFO  | [MGPU Bridge] [MGPU][P1.0c] no copy of nvngx_dlssnr.dll beside the executable - the title cannot load it, so this add-on holds the only instance and NGX binds to the adapter WE pass. This is the correct layout.
23:55:06:071 [ 2816] | INFO  | [MGPU Bridge] [MGPU][P1.0c] ngx exports: Init=-+snippet(used:snippet!FALLBACK) Init_Ext=-+snippet(used:snippet!FALLBACK) GetCapabilityParameters=-+-(used:missing) DestroyParameters=-+-(used:missing) Shutdown1=-+snippet(used:snippet!FALLBACK) CreateFeature=-+snippet(used:snippet) ReleaseFeature=-+snippet(used:snippet) EvaluateFeature=-+snippet(used:snippet)
23:55:06:071 [ 2816] | INFO  | [MGPU Bridge] [MGPU][P1.0c] snippet-only exports: Init=yes Init_Ext=yes Init_Ext2=no PopulateParameters_Impl=yes
23:55:06:071 [ 2816] | WARN  | [MGPU Bridge] [MGPU][P1.0c] PROBE FAILED at exports - see the line above for which names were missing. Bridge continues.
23:55:06:071 [ 2816] | INFO  | [MGPU Bridge] [MGPU][P1.3] ===== RUN "startup" ===== foreground hwnd=0x00000000000607D0 owner=this process class="AppWindowClass" uptime=15628953 ms. A "startup" run is contaminated by construction (menu, shaders compiling) and its timings are an upper bound only. A manual run is quieter but is STILL not a performance figure: no shared fence, no pipelining, CPU-serialised round trip. What manual runs buy is repetition and a controlled foreground - n>1 in one launch, and a named focus condition per sample.
23:55:06:072 [ 2816] | INFO  | [MGPU Bridge] [MGPU][P1.3] no debug layer (see comment above transit_drain_info_queue) - the split per-call HRESULTs below are the instrument.
23:55:06:072 [ 2816] | INFO  | Redirecting CreateDXGIFactory2(Flags = 0, riid = {50C83A1C-E072-4C48-87B0-3630FA36A6D0}, ppFactory = 00000086CD28D9F8) ...
23:55:06:072 [ 2816] | INFO  | Redirecting D3D12CreateDevice(pAdapter = 000001E05C926200, MinimumFeatureLevel = b000, riid = {189819F1-1DB6-4B57-BE54-1821339B85F7}, ppDevice = 00000086CD28DC80) ...
23:55:06:072 [ 2816] | INFO  | Redirecting CreateDXGIFactory2(Flags = 0x80000000, riid = {1BC6EA02-EF36-464F-BF0C-21CA39E5168A}, ppFactory = 00000086CD28D3A8) ...
23:55:06:072 [ 2816] | INFO  | Redirecting CreateDXGIFactory2(Flags = 0, riid = {50C83A1C-E072-4C48-87B0-3630FA36A6D0}, ppFactory = 00000086CD28D9F8) ...
23:55:06:073 [ 2816] | INFO  | Redirecting D3D12CreateDevice(pAdapter = 000001E05C926020, MinimumFeatureLevel = b000, riid = {189819F1-1DB6-4B57-BE54-1821339B85F7}, ppDevice = 00000086CD28DCF0) ...
23:55:06:073 [ 2816] | INFO  | Redirecting CreateDXGIFactory2(Flags = 0x80000000, riid = {1BC6EA02-EF36-464F-BF0C-21CA39E5168A}, ppFactory = 00000086CD28D3A8) ...
23:55:06:073 [ 2816] | INFO  | [MGPU Bridge] [MGPU][P1.3] own devices: gpu0(game adapter) hr=0x00000000 luid=00000000-00013FE8 | gpu1 hr=0x00000000 luid=00000000-00015621 (the game's own device is NOT touched)
23:55:06:073 [ 2816] | INFO  | Redirecting ID3D12Device::CreateCommandQueue(this = 000001DFBE161910, pDesc = 00000086CD28DB20, riid = {0EC870A6-5D7E-4C22-8CFC-5BAAE07616ED}, ppCommandQueue = 00000086CD28DC88) ...
23:55:06:073 [ 2816] | INFO  | > Dumping command queue description:
23:55:06:074 [ 2816] | INFO  |   +-----------------------------------------+-----------------------------------------+
23:55:06:074 [ 2816] | INFO  |   | Parameter                               | Value                                   |
23:55:06:074 [ 2816] | INFO  |   +-----------------------------------------+-----------------------------------------+
23:55:06:074 [ 2816] | INFO  |   | Type                                    | 0                                       |
23:55:06:074 [ 2816] | INFO  |   | Priority                                | 0                                       |
23:55:06:074 [ 2816] | INFO  |   | Flags                                   | 0                                       |
23:55:06:074 [ 2816] | INFO  |   | NodeMask                                | 0                                       |
23:55:06:074 [ 2816] | INFO  |   +-----------------------------------------+-----------------------------------------+
23:55:06:102 [ 2816] | INFO  | Redirecting ID3D12Device::CreateCommandQueue(this = 000001E04F905780, pDesc = 00000086CD28DB20, riid = {0EC870A6-5D7E-4C22-8CFC-5BAAE07616ED}, ppCommandQueue = 00000086CD28DCF8) ...
23:55:06:103 [ 2816] | INFO  | > Dumping command queue description:
23:55:06:103 [ 2816] | INFO  |   +-----------------------------------------+-----------------------------------------+
23:55:06:103 [ 2816] | INFO  |   | Parameter                               | Value                                   |
23:55:06:103 [ 2816] | INFO  |   +-----------------------------------------+-----------------------------------------+
23:55:06:103 [ 2816] | INFO  |   | Type                                    | 0                                       |
23:55:06:103 [ 2816] | INFO  |   | Priority                                | 0                                       |
23:55:06:103 [ 2816] | INFO  |   | Flags                                   | 0                                       |
23:55:06:103 [ 2816] | INFO  |   | NodeMask                                | 0                                       |
23:55:06:104 [ 2816] | INFO  |   +-----------------------------------------+-----------------------------------------+
23:55:06:129 [ 2816] | INFO  | [MGPU Bridge] [MGPU][P1.3] ExistingHeaps support: gpu0=1 gpu1=1 (path A' needs both)
23:55:06:131 [ 2816] | INFO  | [MGPU Bridge] [MGPU][P1.3] 1280x720 A'.0 VirtualAlloc: addr=0x000001E064450000 bytes=3735552 (payload 3686400, rounded to 64 KB)
23:55:06:131 [ 2816] | INFO  | [MGPU Bridge] [MGPU][P1.3] 1280x720 A'.1 QueryInterface(ID3D12Device3): hr=0x00000000
23:55:06:132 [ 2816] | INFO  | [MGPU Bridge] [MGPU][P1.3] 1280x720 A'.2 OpenExistingHeapFromAddress on GPU 0: hr=0x00000000
23:55:06:132 [ 2816] | INFO  | [MGPU Bridge] [MGPU][P1.3] 1280x720 A'.3 OpenExistingHeapFromAddress on GPU 1: hr=0x00000000 <- same host pages, second adapter
23:55:06:132 [ 2816] | INFO  | [MGPU Bridge] [MGPU][P1.3] 1280x720 A'.3b heap desc: gpu0 size=3735552 align=65536 type=4(DEFAULT=1,UPLOAD=2,READBACK=3,CUSTOM=4) cpuPage=3 pool=1(L0=1,L1=2) flags=0x421 | gpu1 size=3735552 align=65536 type=4 cpuPage=3 pool=1 flags=0x421
23:55:06:132 [ 2816] | INFO  | [MGPU Bridge] [MGPU][P1.3] 1280x720 A'.4 CreatePlacedResource on GPU 0, flags=NONE state=COMMON: hr=0x80070057
23:55:06:132 [ 2816] | INFO  | [MGPU Bridge] [MGPU][P1.3] 1280x720 A'.4 CreatePlacedResource on GPU 0, flags=ALLOW_CROSS_ADAPTER state=COMMON: hr=0x00000000  <- ACCEPTED
23:55:06:133 [ 2816] | INFO  | [MGPU Bridge] [MGPU][P1.3] 1280x720 A'.5 CreatePlacedResource on GPU 1, flags=NONE state=COMMON: hr=0x80070057
23:55:06:133 [ 2816] | INFO  | [MGPU Bridge] [MGPU][P1.3] 1280x720 A'.5 CreatePlacedResource on GPU 1, flags=ALLOW_CROSS_ADAPTER state=COMMON: hr=0x00000000  <- ACCEPTED
23:55:06:139 [ 2816] | INFO  | [MGPU Bridge] [MGPU][P1.4b] 1280x720 SAME-ADAPTER CONTROL (GPU 0, identical two copies, destination LOCAL to GPU 0): hr=0x00000000 sub=0.94 wait=0.00 total=0.95 ms for 3.52 MiB. Compare against wait0 in the breakdown below: the DIFFERENCE is what crossing the adapter costs on this link; what is left is GPU 0 being busy with the game.
23:55:06:145 [ 2816] | INFO  | [MGPU Bridge] [MGPU][P1.3] 1280x720 via A'(host-pinned): 3.52 MiB round trip in 1.37 ms (2564 MiB/s apparent) differing=0 of 921600 sentinel=0
23:55:06:145 [ 2816] | INFO  | [MGPU Bridge] [MGPU][P1.4a] 1280x720 path=A'(host-pinned) forced=A-prime breakdown: rec0=0.02 sub0=0.04 wait0=0.18 | rec1=0.33 sub1=0.82 wait1=0.00 | cpu(rec+sub)=1.21 waits=0.18 (13% of the trip) round_trip=1.37 verify=4.28 ms. LINK: these absolute numbers are a property of WHATEVER INTERCONNECT THIS MACHINE HAS, which this line does not know and does not guess - check the slot topology against your board's manual before quoting them. They do not decide whether the architecture is viable. What they do decide is A versus A-prime, because both are measured over the same link.
23:55:06:145 [ 2816] | INFO  | [MGPU Bridge] [MGPU][P1.3] PAYLOAD INTACT - every pixel crossed the bus unchanged.
23:55:06:145 [ 2816] | INFO  | Redirecting ID3D12Device::CreateCommandQueue(this = 000001DFBE161910, pDesc = 00000086CD28DEE0, riid = {0EC870A6-5D7E-4C22-8CFC-5BAAE07616ED}, ppCommandQueue = 00000086CD28DCD8) ...
23:55:06:145 [ 2816] | INFO  | > Dumping command queue description:
23:55:06:145 [ 2816] | INFO  |   +-----------------------------------------+-----------------------------------------+
23:55:06:145 [ 2816] | INFO  |   | Parameter                               | Value                                   |
23:55:06:145 [ 2816] | INFO  |   +-----------------------------------------+-----------------------------------------+
23:55:06:145 [ 2816] | INFO  |   | Type                                    | 3                                       |
23:55:06:145 [ 2816] | INFO  |   | Priority                                | 0                                       |
23:55:06:146 [ 2816] | INFO  |   | Flags                                   | 0                                       |
23:55:06:146 [ 2816] | INFO  |   | NodeMask                                | 0                                       |
23:55:06:146 [ 2816] | INFO  |   +-----------------------------------------+-----------------------------------------+
23:55:06:155 [ 2816] | INFO  | Redirecting ID3D12Device::CreateCommandQueue(this = 000001E04F905780, pDesc = 00000086CD28DEE0, riid = {0EC870A6-5D7E-4C22-8CFC-5BAAE07616ED}, ppCommandQueue = 00000086CD28DD38) ...
23:55:06:155 [ 2816] | INFO  | > Dumping command queue description:
23:55:06:155 [ 2816] | INFO  |   +-----------------------------------------+-----------------------------------------+
23:55:06:155 [ 2816] | INFO  |   | Parameter                               | Value                                   |
23:55:06:155 [ 2816] | INFO  |   +-----------------------------------------+-----------------------------------------+
23:55:06:155 [ 2816] | INFO  |   | Type                                    | 3                                       |
23:55:06:155 [ 2816] | INFO  |   | Priority                                | 0                                       |
23:55:06:155 [ 2816] | INFO  |   | Flags                                   | 0                                       |
23:55:06:155 [ 2816] | INFO  |   | NodeMask                                | 0                                       |
23:55:06:155 [ 2816] | INFO  |   +-----------------------------------------+-----------------------------------------+
23:55:06:163 [ 2816] | INFO  | [MGPU Bridge] [MGPU][P2.1] 1280x720 setup: COPY queues on both adapters, 4-deep ring, cross-adapter producer fence (CreateFence(SHARED|SHARED_CROSS_ADAPTER) on GPU 0 -> OpenSharedHandle on GPU 1): hr=0x00000000
23:55:06:176 [ 2816] | INFO  | [MGPU Bridge] [MGPU][P2.1] 1280x720 bands=4 rows_per_band=180 pitch=5120
23:55:06:177 [ 2816] | INFO  | [MGPU Bridge] [MGPU][P2.1] 1280x720 path=A'(host-pinned) buffer-to-buffer over the shared heap, 3.52 MiB | SERIAL(1 band, CPU wait between sides): ok=yes 0.84 ms (4192 MiB/s) differing=0 sentinel=0 | PIPELINED(4 bands, COPY queues, GPU-side fence wait): ok=yes 1.44 ms (2447 MiB/s) differing=0 sentinel=0
23:55:06:177 [ 2816] | INFO  | [MGPU Bridge] [MGPU][P2.1] PROBE PASSED (CORRECTNESS ONLY) - both arms delivered the payload byte-exact with no sentinel survivors, so the 4-band ring transports correctly and the GPU-side fence ordering between the two adapters holds at every band boundary. NO SPEED CLAIM IS MADE OR IMPLIED. The two durations above are single noisy wall-clock samples of a NARROWER path than P1.3's (shared-heap traversal only, no texture stages), neither is a GPU timestamp, and on this rig the pipelined arm has been the SLOWER of the two - both halves cross the same link, so overlapping them adds contention, not bandwidth. The overlap that could pay is transfer against neural execution, which this block does not test.
23:55:06:183 [ 2816] | INFO  | [MGPU Bridge] [MGPU][P1.3] 2560x1440 A'.0 VirtualAlloc: addr=0x000001E099170000 bytes=14745600 (payload 14745600, rounded to 64 KB)
23:55:06:183 [ 2816] | INFO  | [MGPU Bridge] [MGPU][P1.3] 2560x1440 A'.1 QueryInterface(ID3D12Device3): hr=0x00000000
23:55:06:185 [ 2816] | INFO  | [MGPU Bridge] [MGPU][P1.3] 2560x1440 A'.2 OpenExistingHeapFromAddress on GPU 0: hr=0x00000000
23:55:06:186 [ 2816] | INFO  | [MGPU Bridge] [MGPU][P1.3] 2560x1440 A'.3 OpenExistingHeapFromAddress on GPU 1: hr=0x00000000 <- same host pages, second adapter
23:55:06:186 [ 2816] | INFO  | [MGPU Bridge] [MGPU][P1.3] 2560x1440 A'.3b heap desc: gpu0 size=14745600 align=65536 type=4(DEFAULT=1,UPLOAD=2,READBACK=3,CUSTOM=4) cpuPage=3 pool=1(L0=1,L1=2) flags=0x421 | gpu1 size=14745600 align=65536 type=4 cpuPage=3 pool=1 flags=0x421
23:55:06:186 [ 2816] | INFO  | [MGPU Bridge] [MGPU][P1.3] 2560x1440 A'.4 CreatePlacedResource on GPU 0, flags=NONE state=COMMON: hr=0x80070057
23:55:06:186 [ 2816] | INFO  | [MGPU Bridge] [MGPU][P1.3] 2560x1440 A'.4 CreatePlacedResource on GPU 0, flags=ALLOW_CROSS_ADAPTER state=COMMON: hr=0x00000000  <- ACCEPTED
23:55:06:186 [ 2816] | INFO  | [MGPU Bridge] [MGPU][P1.3] 2560x1440 A'.5 CreatePlacedResource on GPU 1, flags=NONE state=COMMON: hr=0x80070057
23:55:06:186 [ 2816] | INFO  | [MGPU Bridge] [MGPU][P1.3] 2560x1440 A'.5 CreatePlacedResource on GPU 1, flags=ALLOW_CROSS_ADAPTER state=COMMON: hr=0x00000000  <- ACCEPTED
23:55:06:204 [ 2816] | INFO  | [MGPU Bridge] [MGPU][P1.4b] 2560x1440 SAME-ADAPTER CONTROL (GPU 0, identical two copies, destination LOCAL to GPU 0): hr=0x00000000 sub=0.05 wait=0.15 total=0.20 ms for 14.06 MiB. Compare against wait0 in the breakdown below: the DIFFERENCE is what crossing the adapter costs on this link; what is left is GPU 0 being busy with the game.
23:55:06:228 [ 2816] | INFO  | [MGPU Bridge] [MGPU][P1.3] 2560x1440 via A'(host-pinned): 14.06 MiB round trip in 1.78 ms (7899 MiB/s apparent) differing=0 of 3686400 sentinel=0
23:55:06:228 [ 2816] | INFO  | [MGPU Bridge] [MGPU][P1.4a] 2560x1440 path=A'(host-pinned) forced=A-prime breakdown: rec0=0.02 sub0=0.04 wait0=0.61 | rec1=0.02 sub1=0.04 wait1=1.07 | cpu(rec+sub)=0.11 waits=1.68 (95% of the trip) round_trip=1.78 verify=20.90 ms. LINK: these absolute numbers are a property of WHATEVER INTERCONNECT THIS MACHINE HAS, which this line does not know and does not guess - check the slot topology against your board's manual before quoting them. They do not decide whether the architecture is viable. What they do decide is A versus A-prime, because both are measured over the same link.
23:55:06:228 [ 2816] | INFO  | [MGPU Bridge] [MGPU][P1.3] PAYLOAD INTACT - every pixel crossed the bus unchanged.
23:55:06:228 [ 2816] | INFO  | Redirecting ID3D12Device::CreateCommandQueue(this = 000001DFBE161910, pDesc = 00000086CD28DEE0, riid = {0EC870A6-5D7E-4C22-8CFC-5BAAE07616ED}, ppCommandQueue = 00000086CD28DCD8) ...
23:55:06:228 [ 2816] | INFO  | > Dumping command queue description:
23:55:06:228 [ 2816] | INFO  |   +-----------------------------------------+-----------------------------------------+
23:55:06:229 [ 2816] | INFO  |   | Parameter                               | Value                                   |
23:55:06:229 [ 2816] | INFO  |   +-----------------------------------------+-----------------------------------------+
23:55:06:229 [ 2816] | INFO  |   | Type                                    | 3                                       |
23:55:06:229 [ 2816] | INFO  |   | Priority                                | 0                                       |
23:55:06:229 [ 2816] | INFO  |   | Flags                                   | 0                                       |
23:55:06:229 [ 2816] | INFO  |   | NodeMask                                | 0                                       |
23:55:06:229 [ 2816] | INFO  |   +-----------------------------------------+-----------------------------------------+
23:55:06:235 [ 2816] | INFO  | Redirecting ID3D12Device::CreateCommandQueue(this = 000001E04F905780, pDesc = 00000086CD28DEE0, riid = {0EC870A6-5D7E-4C22-8CFC-5BAAE07616ED}, ppCommandQueue = 00000086CD28DD38) ...
23:55:06:235 [ 2816] | INFO  | > Dumping command queue description:
23:55:06:235 [ 2816] | INFO  |   +-----------------------------------------+-----------------------------------------+
23:55:06:235 [ 2816] | INFO  |   | Parameter                               | Value                                   |
23:55:06:235 [ 2816] | INFO  |   +-----------------------------------------+-----------------------------------------+
23:55:06:235 [ 2816] | INFO  |   | Type                                    | 3                                       |
23:55:06:235 [ 2816] | INFO  |   | Priority                                | 0                                       |
23:55:06:235 [ 2816] | INFO  |   | Flags                                   | 0                                       |
23:55:06:236 [ 2816] | INFO  |   | NodeMask                                | 0                                       |
23:55:06:236 [ 2816] | INFO  |   +-----------------------------------------+-----------------------------------------+
23:55:06:243 [ 2816] | INFO  | [MGPU Bridge] [MGPU][P2.1] 2560x1440 setup: COPY queues on both adapters, 4-deep ring, cross-adapter producer fence (CreateFence(SHARED|SHARED_CROSS_ADAPTER) on GPU 0 -> OpenSharedHandle on GPU 1): hr=0x00000000
23:55:06:289 [ 2816] | INFO  | [MGPU Bridge] [MGPU][P2.1] 2560x1440 bands=4 rows_per_band=360 pitch=10240
23:55:06:289 [ 2816] | INFO  | [MGPU Bridge] [MGPU][P2.1] 2560x1440 path=A'(host-pinned) buffer-to-buffer over the shared heap, 14.06 MiB | SERIAL(1 band, CPU wait between sides): ok=yes 1.79 ms (7863 MiB/s) differing=0 sentinel=0 | PIPELINED(4 bands, COPY queues, GPU-side fence wait): ok=yes 1.76 ms (8006 MiB/s) differing=0 sentinel=0
23:55:06:289 [ 2816] | INFO  | [MGPU Bridge] [MGPU][P2.1] PROBE PASSED (CORRECTNESS ONLY) - both arms delivered the payload byte-exact with no sentinel survivors, so the 4-band ring transports correctly and the GPU-side fence ordering between the two adapters holds at every band boundary. NO SPEED CLAIM IS MADE OR IMPLIED. The two durations above are single noisy wall-clock samples of a NARROWER path than P1.3's (shared-heap traversal only, no texture stages), neither is a GPU timestamp, and on this rig the pipelined arm has been the SLOWER of the two - both halves cross the same link, so overlapping them adds contention, not bandwidth. The overlap that could pay is transfer against neural execution, which this block does not test.
23:55:06:297 [ 2816] | INFO  | [MGPU Bridge] [MGPU][P1.3] NOTE: the timings above are a CPU-serialised round trip measured during game startup, with no shared fence and no pipelining. Treat the RATIO between the two sizes as the signal and the absolute numbers as an upper bound; a real figure needs cross-adapter GPU clock calibration and a settled scene (P2).
23:55:06:324 [ 2816] | INFO  | [MGPU Bridge] [MGPU][P1.3] transit probe torn down - both probe-owned devices released
23:55:06:324 [ 2816] | INFO  | [MGPU Bridge] [MGPU][P7.10] AutoArm is ON: the stream will arm itself after 600 presented frames AND 3000 ms with no swapchain event. For a MEASUREMENT leave it off and arm by hand in gameplay - that is what every published figure ran under.
23:55:06:337 [ 2816] | INFO  | [MGPU Bridge] [MGPU][T5] first successful present (frame 1) - the vsync-paced present loop is alive
23:55:06:340 [24552] | INFO  | Successfully compiled 'C:\Games\CONTROL - Ultimate Edition\reshade-shaders\Shaders\mgpu_depth_tap.fx' in 0.013000 s.
23:55:06:340 [22624] | INFO  | Successfully compiled 'C:\Games\CONTROL - Ultimate Edition\reshade-shaders\Shaders\LUT.fx' in 0.013000 s.
23:55:06:340 [28588] | INFO  | Successfully compiled 'C:\Games\CONTROL - Ultimate Edition\reshade-shaders\Shaders\DisplayDepth.fx' in 0.013000 s.
23:55:06:340 [18160] | INFO  | Successfully compiled 'C:\Games\CONTROL - Ultimate Edition\reshade-shaders\Shaders\Daltonize.fx' in 0.013000 s.
23:55:06:342 [29440] | INFO  | Successfully compiled 'C:\Games\CONTROL - Ultimate Edition\reshade-shaders\Shaders\UIMask.fx' in 0.015000 s.
23:55:06:342 [16420] | INFO  | Successfully compiled 'C:\Games\CONTROL - Ultimate Edition\reshade-shaders\Shaders\Deband.fx' in 0.016000 s.
23:55:06:348 [ 2816] | INFO  | [MGPU Bridge] [MGPU][P1.6] BRIDGE runtime preset="C:\Games\CONTROL - Ultimate Edition\gpu1.ini" | 0 of 7 techniques ENABLED. This line exists because a stale gpu1.ini once drew a motion-flow debug view over the neural output and three code hypotheses were spent on it. If anything unexpected is listed here, what is on screen is not what this add-on produced.
23:55:07:010 [19984] | INFO  | Redirecting CreateDXGIFactory1(riid = {7B7166EC-21C7-44AE-B21A-C9AE321AE369}, ppFactory = 00000086CBBFEB80) ...
23:55:07:232 [19984] | INFO  | Redirecting IDXGISwapChain::SetFullscreenState(this = 000001DF95254540, Fullscreen = TRUE, pTarget = 0000000000000000) ...
23:55:07:940 [19984] | INFO  | Redirecting IDXGISwapChain::ResizeBuffers(this = 000001DF95254540, BufferCount = 0, Width = 2560, Height = 1440, NewFormat = 24, SwapChainFlags = 0x802) ...
23:55:07:942 [19984] | INFO  | Destroyed runtime environment on runtime 000001DFBEA7BA80 ('C:\Games\CONTROL - Ultimate Edition\ReShade.ini').
23:55:07:955 [19984] | INFO  | [MGPU Bridge] [MGPU][T2] init_swapchain (resize) luid=0x00000000-0x00013FE8 - swapchain-derived game luid 0x00000000-0x00013FE8 already established; not re-selecting
23:55:07:958 [19984] | INFO  | Recreated runtime environment on runtime 000001DFBEA7BA80 ('C:\Games\CONTROL - Ultimate Edition\ReShade.ini').
23:55:07:958 [19984] | INFO  | Redirecting IDXGISwapChain3::SetColorSpace1(ColorSpace = 0) ...
23:55:08:497 [19984] | INFO  | Redirecting CreateDXGIFactory1(riid = {1BC6EA02-EF36-464F-BF0C-21CA39E5168A}, ppFactory = 000001DFBDAB5988) ...
23:55:08:747 [19984] | INFO  | Redirecting IDXGISwapChain::SetFullscreenState(this = 000001DF95254540, Fullscreen = FALSE, pTarget = 0000000000000000) ...
23:55:09:083 [19984] | INFO  | Redirecting IDXGISwapChain::ResizeBuffers(this = 000001DF95254540, BufferCount = 0, Width = 2560, Height = 1440, NewFormat = 24, SwapChainFlags = 0x802) ...
23:55:09:085 [19984] | INFO  | Destroyed runtime environment on runtime 000001DFBEA7BA80 ('C:\Games\CONTROL - Ultimate Edition\ReShade.ini').
23:55:09:102 [19984] | INFO  | [MGPU Bridge] [MGPU][T2] init_swapchain (resize) luid=0x00000000-0x00013FE8 - swapchain-derived game luid 0x00000000-0x00013FE8 already established; not re-selecting
23:55:09:106 [19984] | INFO  | Recreated runtime environment on runtime 000001DFBEA7BA80 ('C:\Games\CONTROL - Ultimate Edition\ReShade.ini').
23:55:09:106 [19984] | INFO  | Redirecting IDXGISwapChain3::SetColorSpace1(ColorSpace = 0) ...
23:55:09:193 [27516] | INFO  | Installing delayed hooks for 'C:\WINDOWS\system32\dinput8.dll' (Just loaded via LoadLibrary('C:\Windows\System32\dinput8.dll')) ...
23:55:09:193 [27516] | INFO  | > Found 2 match(es). Installing ...
23:55:09:706 [ 2816] | INFO  | [MGPU Bridge] [MGPU][T5] present loop alive: frame 600 thread id 0xB00
23:55:09:706 [ 2816] | INFO  | [MGPU Bridge] [MGPU][P7.10] AutoArm reached its frame count at 600 but the game's swapchain changed 594 ms ago - waiting for 3000 ms of quiet. Arming across a swapchain rebuild is what produces a session-long run of DROPPED and REORDERED seals.
23:55:10:117 [20152] | INFO  | Successfully compiled 'C:\Games\CONTROL - Ultimate Edition\reshade-shaders\Shaders\mgpu_depth_tap.fx' in 0.015000 s.
23:55:10:118 [20996] | INFO  | Successfully compiled 'C:\Games\CONTROL - Ultimate Edition\reshade-shaders\Shaders\Daltonize.fx' in 0.016000 s.
23:55:10:119 [ 2172] | INFO  | Successfully compiled 'C:\Games\CONTROL - Ultimate Edition\reshade-shaders\Shaders\LUT.fx' in 0.017000 s.
23:55:10:119 [13256] | INFO  | Successfully compiled 'C:\Games\CONTROL - Ultimate Edition\reshade-shaders\Shaders\UIMask.fx' in 0.017000 s.
23:55:10:125 [28644] | INFO  | Successfully compiled 'C:\Games\CONTROL - Ultimate Edition\reshade-shaders\Shaders\DisplayDepth.fx' in 0.022000 s.
23:55:10:126 [26916] | INFO  | Successfully compiled 'C:\Games\CONTROL - Ultimate Edition\reshade-shaders\Shaders\Deband.fx' in 0.024000 s.
23:55:10:270 [19984] | INFO  | [MGPU Bridge] [MGPU][P1.6] GAME runtime preset="C:\Games\CONTROL - Ultimate Edition\ReShadePreset.ini" | 0 of 7 techniques ENABLED. This line exists because a stale gpu1.ini once drew a motion-flow debug view over the neural output and three code hypotheses were spent on it. If anything unexpected is listed here, what is on screen is not what this add-on produced.
23:55:10:270 [19984] | INFO  | [MGPU Bridge] [MGPU][P9.1] META SRC mvec lane: 2 candidate(s), 82400 ns/frame over 1 frames. R72: RANKED AND SORTED BY RTV BINDS - how often each is RENDERED INTO, which is a per-frame usage signal. srvs is kept alongside as the old created over the resource. THIS DOES NOT IDENTIFY MOTION VECTORS - nothing in ReShade says which one they are - it says whether an MVec-shaped resource is visible from a subscriber at all. An empty list with a non-zero examined count is the result that says the NGX hook has to be earned or abandoned. root-descriptor SRV pushes=0 (zero here with a non-zero SRV count above means this engine binds through descriptor TABLES and push_descriptors is blind in it - a fact about the engine, not a fault). | #0 2560x1440 R16G16_FLOAT srvs=0 RTVBINDS=0 (0.00/frame) <-DISPLAY-EXTENT | #1 2560x1440 R16G16_FLOAT srvs=0 RTVBINDS=0 (0.00/frame) <-DISPLAY-EXTENT
23:55:10:270 [19984] | INFO  | [MGPU Bridge] [MGPU][R71] MVEC SIZES over ALL 2 candidate(s): 2560x1440 x2 | || TRANSPORT SOURCE res=0x0 (0 means not identified yet - it needs a display-extent candidate with render-target binds), handed to the transport 0 times, 0 second-binds-in-a-frame skipped. || EVICTIONS: 0 resources destroyed and removed from the tables (R76 - a resolution change destroys every render target, and a stale entry is a copy from freed memory). RTV BINDS SEEN IN TOTAL: 0. THE RANK ABOVE IS NOW RENDER TARGET BINDS, NOT SRV CREATIONS. R25 ranked by SRVs created, got 6/5/3/3, and called it "a candidate, not an identification" - that flatness was the SIGNAL being wrong, not the game. An SRV creation count is a LIFETIME number; a velocity buffer is RENDERED INTO once per frame, and RTVBINDS is that. THE EXTENT TO MATCH IS THE DISPLAY EXTENT 2560x1440, not the render extent: the game's own DLSS telemetry says ColorExtentHeight=936 with MVExtentWidth=2560 MVExtentHeight=1440, so this title feeds HIGH-RESOLUTION motion vectors. A single candidate marked <-DISPLAY-EXTENT with RTVBINDS close to the frame count is the velocity buffer. RTV BINDS SEEN = 0 with candidates present means THIS EVENT did not see it, and says nothing whatever about the other two. R81 retracted the sentence that used to sit here - it named optical flow and NGX hooking as the routes left, before anyone had read the event list. READ THE [R82]
23:55:10:270 [19984] | INFO  | [MGPU Bridge] [MGPU][R82] ACQUISITION SIGNALS - three of them, one run. || RTV VIEW TABLE: 0 of 128 entries. THAT IS THE DENOMINATOR R80 COULD NOT SEE - a bind count of zero against an empty table means nothing at all. || OMSetRenderTargets: fired=0 rtvs=0 | matched via OUR TABLE=0 | matched via get_resource_from_view=0 || BeginRenderPass: fired=0 targets=0 matched=0 || Barrier: fired=121 resources=121 matched=0, costing 4500 ns/frame || NO CANDIDATE SEEN BY ANY OF THE THREE. | || HOW TO READ IT. via TABLE=0 while via get_resource_from_view is non-zero: the table was the whole bug and R76 through R81 were spent on a cache we never needed. BeginRenderPass fired while OMSetRenderTargets did not: this engine uses render passes and we were subscribed to the wrong event. Barrier matched with a per-frame count near the frame count: use THAT permanently - it needs no view, no table and no binding-path assumption, and 0x4->0xC0 (render_target -> shader_resource) is the moment AFTER the pass wrote, which is the correct moment to copy and is one the bind events cannot offer. NOTE THE STALENESS R78 DID NOT STATE: both bind events fire BEFORE the pass runs, so a copy taken there carries the PREVIOUS frame's vectors. All three silent with candidates present is the only reading that makes optical flow or NGX hooking the honest next step. Two of the barriers per frame on the published source are OURS.
23:55:12:101 [ 2816] | INFO  | [MGPU Bridge] [MGPU][P7.10] AutoArm firing at frame 1103 (3000 ms since the last swapchain event), from the same point in the loop the hotkey arms from. If the game is still in a menu the stream is armed against menu frames, which is correct but measures nothing.
23:55:12:103 [ 2816] | INFO  | [MGPU Bridge] [MGPU][P8.1] PassReset=0 - every pass keeps its history (the shipped behaviour)
23:55:12:103 [ 2816] | WARN  | [MGPU Bridge] [MGPU][R28] CopyQueue=2 - GPU-GATED. The unpack is on a dedicated COPY queue AND that queue waits on the GAME's fence ON THE GPU for a frame that has not arrived yet, so the copy fires the instant the payload lands rather than when the bridge thread next wakes and asks. This is the overlap P2.1 named and did not test: transfer against neural execution on GPU 1. NOTHING ABOUT PRESENTATION CHANGES - the evaluate is still CPU-gated, one frame at a time, presented on completion, so R25a's single clock is untouched. NOT THE CONTROL: every published figure was measured at CopyQueue=0. Watch cq_spec (frames armed before arrival - should be most of them) and OVERRUN, which has a one-frame-wider window in this mode.
23:55:12:103 [ 2816] | INFO  | [MGPU Bridge] [MGPU][P8.0] MVec=SYNTHETIC. THIS IS A CONTROL, NOT A FEATURE: mode 1 binds a CONSTANT field so two runs differ in exactly one thing - whether a NON-ZERO DLSSNR.MVec is bound. Identical output means NR does not read MVec on this path and no flow estimator is worth writing. Different output means it reads it, and the sign and scale can then be walked live instead of guessed. Compare the P2.2 mark 2->3 across the two runs for what it costs.
23:55:12:103 [ 2816] | INFO  | [MGPU Bridge] [MGPU][P8.0] synthetic flow dx=0.000 dy=0.000 scaleX=1.000 scaleY=1.000 (R32G32_FLOAT, full frame). A field of exactly 0,0 carries the same information as no field at all, so MVec=1 with dx=dy=0 is a wasted run.
23:55:12:103 [ 2816] | INFO  | [MGPU Bridge] [MGPU][P6.2] knobs | intensity p1=2.000 (0 per-pass overrides, * marks them). Set.* keys are passed to NGX VERBATIM and this add-on does not know whether the snippet reads them - a key listed here was SENT, not necessarily HONOURED. Intensity is the only one proven live (P1.2: 0.00 vs 1.60 changed 98.03% of pixels).
23:55:12:103 [ 2816] | INFO  | [MGPU Bridge] [MGPU][P4.0] stream REQUESTED - ring depth 6, bound 6000 frames, fault="none", neural=ON (P4.1 - DLSS-NR runs on every consumed frame), profile=off, present=nr (the neural output), passes=1, window=fit (borderless full screen). Every game frame from the next one is sealed and transited until the bound is reached, then a summary is printed. Stay in gameplay: a stream of menu frames measures identity and ordering correctly and tells you nothing about anything else.
23:55:12:106 [ 2816] | INFO  | [MGPU Bridge] [MGPU][P4.0] ignoring events from the bridge's own runtime (correct - said once)
23:55:12:133 [19984] | INFO  | [MGPU Bridge] [MGPU][R78] stream arm HELD: MVec=3 (REAL) and the probe has not published a velocity buffer yet, so the slot cannot be sized. This clears on the first frame of gameplay. If it NEVER clears, the probe found nothing: check the [R71] line for a MVEC SOURCE with a non-zero handle, and check that its width and height match the scene extents - the probe refuses to publish a candidate that does not.
23:55:12:564 [ 2816] | INFO  | [MGPU Bridge] [MGPU][T5] present loop alive: frame 1200 thread id 0xB00
23:55:13:300 [19984] | INFO  | [MGPU Bridge] [MGPU][P9.1] META SRC mvec lane: 2 candidate(s), 1548 ns/frame over 92 frames. R72: RANKED AND SORTED BY RTV BINDS - how often each is RENDERED INTO, which is a per-frame usage signal. srvs is kept alongside as the old created over the resource. THIS DOES NOT IDENTIFY MOTION VECTORS - nothing in ReShade says which one they are - it says whether an MVec-shaped resource is visible from a subscriber at all. An empty list with a non-zero examined count is the result that says the NGX hook has to be earned or abandoned. root-descriptor SRV pushes=0 (zero here with a non-zero SRV count above means this engine binds through descriptor TABLES and push_descriptors is blind in it - a fact about the engine, not a fault). | #0 2560x1440 R16G16_FLOAT srvs=0 RTVBINDS=0 (0.00/frame) <-DISPLAY-EXTENT | #1 2560x1440 R16G16_FLOAT srvs=0 RTVBINDS=0 (0.00/frame) <-DISPLAY-EXTENT
23:55:13:301 [19984] | INFO  | [MGPU Bridge] [MGPU][R71] MVEC SIZES over ALL 2 candidate(s): 2560x1440 x2 | || TRANSPORT SOURCE res=0x0 (0 means not identified yet - it needs a display-extent candidate with render-target binds), handed to the transport 0 times, 0 second-binds-in-a-frame skipped. || EVICTIONS: 0 resources destroyed and removed from the tables (R76 - a resolution change destroys every render target, and a stale entry is a copy from freed memory). RTV BINDS SEEN IN TOTAL: 0. THE RANK ABOVE IS NOW RENDER TARGET BINDS, NOT SRV CREATIONS. R25 ranked by SRVs created, got 6/5/3/3, and called it "a candidate, not an identification" - that flatness was the SIGNAL being wrong, not the game. An SRV creation count is a LIFETIME number; a velocity buffer is RENDERED INTO once per frame, and RTVBINDS is that. THE EXTENT TO MATCH IS THE DISPLAY EXTENT 2560x1440, not the render extent: the game's own DLSS telemetry says ColorExtentHeight=936 with MVExtentWidth=2560 MVExtentHeight=1440, so this title feeds HIGH-RESOLUTION motion vectors. A single candidate marked <-DISPLAY-EXTENT with RTVBINDS close to the frame count is the velocity buffer. RTV BINDS SEEN = 0 with candidates present means THIS EVENT did not see it, and says nothing whatever about the other two. R81 retracted the sentence that used to sit here - it named optical flow and NGX hooking as the routes left, before anyone had read the event list. READ THE [R82]
23:55:13:301 [19984] | INFO  | [MGPU Bridge] [MGPU][R82] ACQUISITION SIGNALS - three of them, one run. || RTV VIEW TABLE: 0 of 128 entries. THAT IS THE DENOMINATOR R80 COULD NOT SEE - a bind count of zero against an empty table means nothing at all. || OMSetRenderTargets: fired=0 rtvs=0 | matched via OUR TABLE=0 | matched via get_resource_from_view=0 || BeginRenderPass: fired=0 targets=0 matched=0 || Barrier: fired=18902 resources=18902 matched=0, costing 5124 ns/frame || NO CANDIDATE SEEN BY ANY OF THE THREE. | || HOW TO READ IT. via TABLE=0 while via get_resource_from_view is non-zero: the table was the whole bug and R76 through R81 were spent on a cache we never needed. BeginRenderPass fired while OMSetRenderTargets did not: this engine uses render passes and we were subscribed to the wrong event. Barrier matched with a per-frame count near the frame count: use THAT permanently - it needs no view, no table and no binding-path assumption, and 0x4->0xC0 (render_target -> shader_resource) is the moment AFTER the pass wrote, which is the correct moment to copy and is one the bind events cannot offer. NOTE THE STALENESS R78 DID NOT STATE: both bind events fire BEFORE the pass runs, so a copy taken there carries the PREVIOUS frame's vectors. All three silent with candidates present is the only reading that makes optical flow or NGX hooking the honest next step. Two of the barriers per frame on the published source are OURS.
23:55:15:421 [ 2816] | INFO  | [MGPU Bridge] [MGPU][T5] present loop alive: frame 1800 thread id 0xB00
23:55:16:301 [19984] | INFO  | [MGPU Bridge] [MGPU][P9.1] META SRC mvec lane: 2 candidate(s), 782 ns/frame over 182 frames. R72: RANKED AND SORTED BY RTV BINDS - how often each is RENDERED INTO, which is a per-frame usage signal. srvs is kept alongside as the old created over the resource. THIS DOES NOT IDENTIFY MOTION VECTORS - nothing in ReShade says which one they are - it says whether an MVec-shaped resource is visible from a subscriber at all. An empty list with a non-zero examined count is the result that says the NGX hook has to be earned or abandoned. root-descriptor SRV pushes=0 (zero here with a non-zero SRV count above means this engine binds through descriptor TABLES and push_descriptors is blind in it - a fact about the engine, not a fault). | #0 2560x1440 R16G16_FLOAT srvs=0 RTVBINDS=0 (0.00/frame) <-DISPLAY-EXTENT | #1 2560x1440 R16G16_FLOAT srvs=0 RTVBINDS=0 (0.00/frame) <-DISPLAY-EXTENT
23:55:16:301 [19984] | INFO  | [MGPU Bridge] [MGPU][R71] MVEC SIZES over ALL 2 candidate(s): 2560x1440 x2 | || TRANSPORT SOURCE res=0x0 (0 means not identified yet - it needs a display-extent candidate with render-target binds), handed to the transport 0 times, 0 second-binds-in-a-frame skipped. || EVICTIONS: 0 resources destroyed and removed from the tables (R76 - a resolution change destroys every render target, and a stale entry is a copy from freed memory). RTV BINDS SEEN IN TOTAL: 0. THE RANK ABOVE IS NOW RENDER TARGET BINDS, NOT SRV CREATIONS. R25 ranked by SRVs created, got 6/5/3/3, and called it "a candidate, not an identification" - that flatness was the SIGNAL being wrong, not the game. An SRV creation count is a LIFETIME number; a velocity buffer is RENDERED INTO once per frame, and RTVBINDS is that. THE EXTENT TO MATCH IS THE DISPLAY EXTENT 2560x1440, not the render extent: the game's own DLSS telemetry says ColorExtentHeight=936 with MVExtentWidth=2560 MVExtentHeight=1440, so this title feeds HIGH-RESOLUTION motion vectors. A single candidate marked <-DISPLAY-EXTENT with RTVBINDS close to the frame count is the velocity buffer. RTV BINDS SEEN = 0 with candidates present means THIS EVENT did not see it, and says nothing whatever about the other two. R81 retracted the sentence that used to sit here - it named optical flow and NGX hooking as the routes left, before anyone had read the event list. READ THE [R82]
23:55:16:301 [19984] | INFO  | [MGPU Bridge] [MGPU][R82] ACQUISITION SIGNALS - three of them, one run. || RTV VIEW TABLE: 0 of 128 entries. THAT IS THE DENOMINATOR R80 COULD NOT SEE - a bind count of zero against an empty table means nothing at all. || OMSetRenderTargets: fired=0 rtvs=0 | matched via OUR TABLE=0 | matched via get_resource_from_view=0 || BeginRenderPass: fired=0 targets=0 matched=0 || Barrier: fired=21334 resources=21334 matched=0, costing 3010 ns/frame || NO CANDIDATE SEEN BY ANY OF THE THREE. | || HOW TO READ IT. via TABLE=0 while via get_resource_from_view is non-zero: the table was the whole bug and R76 through R81 were spent on a cache we never needed. BeginRenderPass fired while OMSetRenderTargets did not: this engine uses render passes and we were subscribed to the wrong event. Barrier matched with a per-frame count near the frame count: use THAT permanently - it needs no view, no table and no binding-path assumption, and 0x4->0xC0 (render_target -> shader_resource) is the moment AFTER the pass wrote, which is the correct moment to copy and is one the bind events cannot offer. NOTE THE STALENESS R78 DID NOT STATE: both bind events fire BEFORE the pass runs, so a copy taken there carries the PREVIOUS frame's vectors. All three silent with candidates present is the only reading that makes optical flow or NGX hooking the honest next step. Two of the barriers per frame on the published source are OURS.
23:55:18:278 [ 2816] | INFO  | [MGPU Bridge] [MGPU][T5] present loop alive: frame 2400 thread id 0xB00
23:55:19:301 [19984] | INFO  | [MGPU Bridge] [MGPU][P9.1] META SRC mvec lane: 2 candidate(s), 524 ns/frame over 272 frames. R72: RANKED AND SORTED BY RTV BINDS - how often each is RENDERED INTO, which is a per-frame usage signal. srvs is kept alongside as the old created over the resource. THIS DOES NOT IDENTIFY MOTION VECTORS - nothing in ReShade says which one they are - it says whether an MVec-shaped resource is visible from a subscriber at all. An empty list with a non-zero examined count is the result that says the NGX hook has to be earned or abandoned. root-descriptor SRV pushes=0 (zero here with a non-zero SRV count above means this engine binds through descriptor TABLES and push_descriptors is blind in it - a fact about the engine, not a fault). | #0 2560x1440 R16G16_FLOAT srvs=0 RTVBINDS=0 (0.00/frame) <-DISPLAY-EXTENT | #1 2560x1440 R16G16_FLOAT srvs=0 RTVBINDS=0 (0.00/frame) <-DISPLAY-EXTENT
23:55:19:302 [19984] | INFO  | [MGPU Bridge] [MGPU][R71] MVEC SIZES over ALL 2 candidate(s): 2560x1440 x2 | || TRANSPORT SOURCE res=0x0 (0 means not identified yet - it needs a display-extent candidate with render-target binds), handed to the transport 0 times, 0 second-binds-in-a-frame skipped. || EVICTIONS: 0 resources destroyed and removed from the tables (R76 - a resolution change destroys every render target, and a stale entry is a copy from freed memory). RTV BINDS SEEN IN TOTAL: 0. THE RANK ABOVE IS NOW RENDER TARGET BINDS, NOT SRV CREATIONS. R25 ranked by SRVs created, got 6/5/3/3, and called it "a candidate, not an identification" - that flatness was the SIGNAL being wrong, not the game. An SRV creation count is a LIFETIME number; a velocity buffer is RENDERED INTO once per frame, and RTVBINDS is that. THE EXTENT TO MATCH IS THE DISPLAY EXTENT 2560x1440, not the render extent: the game's own DLSS telemetry says ColorExtentHeight=936 with MVExtentWidth=2560 MVExtentHeight=1440, so this title feeds HIGH-RESOLUTION motion vectors. A single candidate marked <-DISPLAY-EXTENT with RTVBINDS close to the frame count is the velocity buffer. RTV BINDS SEEN = 0 with candidates present means THIS EVENT did not see it, and says nothing whatever about the other two. R81 retracted the sentence that used to sit here - it named optical flow and NGX hooking as the routes left, before anyone had read the event list. READ THE [R82]
23:55:19:302 [19984] | INFO  | [MGPU Bridge] [MGPU][R82] ACQUISITION SIGNALS - three of them, one run. || RTV VIEW TABLE: 0 of 128 entries. THAT IS THE DENOMINATOR R80 COULD NOT SEE - a bind count of zero against an empty table means nothing at all. || OMSetRenderTargets: fired=0 rtvs=0 | matched via OUR TABLE=0 | matched via get_resource_from_view=0 || BeginRenderPass: fired=0 targets=0 matched=0 || Barrier: fired=23764 resources=23764 matched=0, costing 2283 ns/frame || NO CANDIDATE SEEN BY ANY OF THE THREE. | || HOW TO READ IT. via TABLE=0 while via get_resource_from_view is non-zero: the table was the whole bug and R76 through R81 were spent on a cache we never needed. BeginRenderPass fired while OMSetRenderTargets did not: this engine uses render passes and we were subscribed to the wrong event. Barrier matched with a per-frame count near the frame count: use THAT permanently - it needs no view, no table and no binding-path assumption, and 0x4->0xC0 (render_target -> shader_resource) is the moment AFTER the pass wrote, which is the correct moment to copy and is one the bind events cannot offer. NOTE THE STALENESS R78 DID NOT STATE: both bind events fire BEFORE the pass runs, so a copy taken there carries the PREVIOUS frame's vectors. All three silent with candidates present is the only reading that makes optical flow or NGX hooking the honest next step. Two of the barriers per frame on the published source are OURS.
23:55:20:234 [19984] | INFO  | [MGPU Bridge] [MGPU][R101] CALIBRATOR mode=2 site=iat | slots=40 data-slots=0 modules=137 gpa-calls=202 | resolved=1 creates=1 sr-handle=known | evaluates=0 captured=0 | cost 0 ns/frame | eval-copies=0 eval-skips=0. || HOW TO READ IT. resolved=0 with evaluates=0 means no module asked for the entry point after we installed - either the title does not use DLSS, or it resolved before the addon loaded; the barrier path is untouched either way and is still what drives. sr-handle=UNFILTERED means we were not present for CreateFeature, so the table may be from frame generation rather than super sampling - check that render/display extents look like a supersampling pair before trusting it. MVEC here is the GAME'S answer to the question every round from R70 to R100 tried to infer; if it does not equal the handle the barrier probe armed on Dragon Sword, the probe was wrong on a title we believed, and THAT is the finding. have=0 bits name the keys this producer does not populate - Streamline and the raw SDK do not set the same subset, and the difference is a fact about the route, not a bug. MVLowRes IS DEFERRED OPTION 11 ANSWERED: 1 means the game's motion vectors are at RENDER resolution, 0 means display resolution, and we have been inferring that from buffer sizes since R83. Read it together with MVecScale - a low-res field with a display-sized scale is the shape that makes reprojection look almost right.
23:55:21:134 [ 2816] | INFO  | [MGPU Bridge] [MGPU][T5] present loop alive: frame 3000 thread id 0xB00
23:55:22:301 [19984] | INFO  | [MGPU Bridge] [MGPU][P9.1] META SRC mvec lane: 2 candidate(s), 393 ns/frame over 362 frames. R72: RANKED AND SORTED BY RTV BINDS - how often each is RENDERED INTO, which is a per-frame usage signal. srvs is kept alongside as the old created over the resource. THIS DOES NOT IDENTIFY MOTION VECTORS - nothing in ReShade says which one they are - it says whether an MVec-shaped resource is visible from a subscriber at all. An empty list with a non-zero examined count is the result that says the NGX hook has to be earned or abandoned. root-descriptor SRV pushes=0 (zero here with a non-zero SRV count above means this engine binds through descriptor TABLES and push_descriptors is blind in it - a fact about the engine, not a fault). | #0 2560x1440 R16G16_FLOAT srvs=0 RTVBINDS=0 (0.00/frame) <-DISPLAY-EXTENT | #1 2560x1440 R16G16_FLOAT srvs=0 RTVBINDS=0 (0.00/frame) <-DISPLAY-EXTENT
23:55:22:302 [19984] | INFO  | [MGPU Bridge] [MGPU][R71] MVEC SIZES over ALL 2 candidate(s): 2560x1440 x2 | || TRANSPORT SOURCE res=0x0 (0 means not identified yet - it needs a display-extent candidate with render-target binds), handed to the transport 0 times, 0 second-binds-in-a-frame skipped. || EVICTIONS: 0 resources destroyed and removed from the tables (R76 - a resolution change destroys every render target, and a stale entry is a copy from freed memory). RTV BINDS SEEN IN TOTAL: 0. THE RANK ABOVE IS NOW RENDER TARGET BINDS, NOT SRV CREATIONS. R25 ranked by SRVs created, got 6/5/3/3, and called it "a candidate, not an identification" - that flatness was the SIGNAL being wrong, not the game. An SRV creation count is a LIFETIME number; a velocity buffer is RENDERED INTO once per frame, and RTVBINDS is that. THE EXTENT TO MATCH IS THE DISPLAY EXTENT 2560x1440, not the render extent: the game's own DLSS telemetry says ColorExtentHeight=936 with MVExtentWidth=2560 MVExtentHeight=1440, so this title feeds HIGH-RESOLUTION motion vectors. A single candidate marked <-DISPLAY-EXTENT with RTVBINDS close to the frame count is the velocity buffer. RTV BINDS SEEN = 0 with candidates present means THIS EVENT did not see it, and says nothing whatever about the other two. R81 retracted the sentence that used to sit here - it named optical flow and NGX hooking as the routes left, before anyone had read the event list. READ THE [R82]
23:55:22:302 [19984] | INFO  | [MGPU Bridge] [MGPU][R82] ACQUISITION SIGNALS - three of them, one run. || RTV VIEW TABLE: 0 of 128 entries. THAT IS THE DENOMINATOR R80 COULD NOT SEE - a bind count of zero against an empty table means nothing at all. || OMSetRenderTargets: fired=0 rtvs=0 | matched via OUR TABLE=0 | matched via get_resource_from_view=0 || BeginRenderPass: fired=0 targets=0 matched=0 || Barrier: fired=26194 resources=26194 matched=0, costing 1930 ns/frame || NO CANDIDATE SEEN BY ANY OF THE THREE. | || HOW TO READ IT. via TABLE=0 while via get_resource_from_view is non-zero: the table was the whole bug and R76 through R81 were spent on a cache we never needed. BeginRenderPass fired while OMSetRenderTargets did not: this engine uses render passes and we were subscribed to the wrong event. Barrier matched with a per-frame count near the frame count: use THAT permanently - it needs no view, no table and no binding-path assumption, and 0x4->0xC0 (render_target -> shader_resource) is the moment AFTER the pass wrote, which is the correct moment to copy and is one the bind events cannot offer. NOTE THE STALENESS R78 DID NOT STATE: both bind events fire BEFORE the pass runs, so a copy taken there carries the PREVIOUS frame's vectors. All three silent with candidates present is the only reading that makes optical flow or NGX hooking the honest next step. Two of the barriers per frame on the published source are OURS.
23:55:23:992 [ 2816] | INFO  | [MGPU Bridge] [MGPU][T5] present loop alive: frame 3600 thread id 0xB00
23:55:25:100 [19984] | INFO  | Redirecting CreateDXGIFactory1(riid = {1BC6EA02-EF36-464F-BF0C-21CA39E5168A}, ppFactory = 000001DFBDAB5988) ...
23:55:25:303 [19984] | INFO  | [MGPU Bridge] [MGPU][P9.1] META SRC mvec lane: 2 candidate(s), 296 ns/frame over 483 frames. R72: RANKED AND SORTED BY RTV BINDS - how often each is RENDERED INTO, which is a per-frame usage signal. srvs is kept alongside as the old created over the resource. THIS DOES NOT IDENTIFY MOTION VECTORS - nothing in ReShade says which one they are - it says whether an MVec-shaped resource is visible from a subscriber at all. An empty list with a non-zero examined count is the result that says the NGX hook has to be earned or abandoned. root-descriptor SRV pushes=0 (zero here with a non-zero SRV count above means this engine binds through descriptor TABLES and push_descriptors is blind in it - a fact about the engine, not a fault). | #0 2560x1440 R16G16_FLOAT srvs=0 RTVBINDS=0 (0.00/frame) <-DISPLAY-EXTENT | #1 2560x1440 R16G16_FLOAT srvs=0 RTVBINDS=0 (0.00/frame) <-DISPLAY-EXTENT
23:55:25:303 [19984] | INFO  | [MGPU Bridge] [MGPU][R71] MVEC SIZES over ALL 2 candidate(s): 2560x1440 x2 | || TRANSPORT SOURCE res=0x0 (0 means not identified yet - it needs a display-extent candidate with render-target binds), handed to the transport 0 times, 0 second-binds-in-a-frame skipped. || EVICTIONS: 0 resources destroyed and removed from the tables (R76 - a resolution change destroys every render target, and a stale entry is a copy from freed memory). RTV BINDS SEEN IN TOTAL: 0. THE RANK ABOVE IS NOW RENDER TARGET BINDS, NOT SRV CREATIONS. R25 ranked by SRVs created, got 6/5/3/3, and called it "a candidate, not an identification" - that flatness was the SIGNAL being wrong, not the game. An SRV creation count is a LIFETIME number; a velocity buffer is RENDERED INTO once per frame, and RTVBINDS is that. THE EXTENT TO MATCH IS THE DISPLAY EXTENT 2560x1440, not the render extent: the game's own DLSS telemetry says ColorExtentHeight=936 with MVExtentWidth=2560 MVExtentHeight=1440, so this title feeds HIGH-RESOLUTION motion vectors. A single candidate marked <-DISPLAY-EXTENT with RTVBINDS close to the frame count is the velocity buffer. RTV BINDS SEEN = 0 with candidates present means THIS EVENT did not see it, and says nothing whatever about the other two. R81 retracted the sentence that used to sit here - it named optical flow and NGX hooking as the routes left, before anyone had read the event list. READ THE [R82]
23:55:25:303 [19984] | INFO  | [MGPU Bridge] [MGPU][R82] ACQUISITION SIGNALS - three of them, one run. || RTV VIEW TABLE: 0 of 128 entries. THAT IS THE DENOMINATOR R80 COULD NOT SEE - a bind count of zero against an empty table means nothing at all. || OMSetRenderTargets: fired=0 rtvs=0 | matched via OUR TABLE=0 | matched via get_resource_from_view=0 || BeginRenderPass: fired=0 targets=0 matched=0 || Barrier: fired=28825 resources=28825 matched=0, costing 1630 ns/frame || NO CANDIDATE SEEN BY ANY OF THE THREE. | || HOW TO READ IT. via TABLE=0 while via get_resource_from_view is non-zero: the table was the whole bug and R76 through R81 were spent on a cache we never needed. BeginRenderPass fired while OMSetRenderTargets did not: this engine uses render passes and we were subscribed to the wrong event. Barrier matched with a per-frame count near the frame count: use THAT permanently - it needs no view, no table and no binding-path assumption, and 0x4->0xC0 (render_target -> shader_resource) is the moment AFTER the pass wrote, which is the correct moment to copy and is one the bind events cannot offer. NOTE THE STALENESS R78 DID NOT STATE: both bind events fire BEFORE the pass runs, so a copy taken there carries the PREVIOUS frame's vectors. All three silent with candidates present is the only reading that makes optical flow or NGX hooking the honest next step. Two of the barriers per frame on the published source are OURS.
23:55:25:860 [19984] | INFO  | [MGPU Bridge] [MGPU][R101] CALIBRATOR mode=2 site=iat | slots=40 data-slots=0 modules=137 gpa-calls=205 | resolved=1 creates=1 sr-handle=known | evaluates=0 captured=0 | cost 0 ns/frame | eval-copies=0 eval-skips=0. || HOW TO READ IT. resolved=0 with evaluates=0 means no module asked for the entry point after we installed - either the title does not use DLSS, or it resolved before the addon loaded; the barrier path is untouched either way and is still what drives. sr-handle=UNFILTERED means we were not present for CreateFeature, so the table may be from frame generation rather than super sampling - check that render/display extents look like a supersampling pair before trusting it. MVEC here is the GAME'S answer to the question every round from R70 to R100 tried to infer; if it does not equal the handle the barrier probe armed on Dragon Sword, the probe was wrong on a title we believed, and THAT is the finding. have=0 bits name the keys this producer does not populate - Streamline and the raw SDK do not set the same subset, and the difference is a fact about the route, not a bug. MVLowRes IS DEFERRED OPTION 11 ANSWERED: 1 means the game's motion vectors are at RENDER resolution, 0 means display resolution, and we have been inferring that from buffer sizes since R83. Read it together with MVecScale - a low-res field with a display-sized scale is the shape that makes reprojection look almost right.
23:55:26:851 [ 2816] | INFO  | [MGPU Bridge] [MGPU][T5] present loop alive: frame 4200 thread id 0xB00
23:55:27:288 [19984] | INFO  | [MGPU Bridge] [MGPU][R101] CALIBRATOR mode=2 site=iat | slots=40 data-slots=0 modules=137 gpa-calls=205 | resolved=1 creates=1 sr-handle=known | evaluates=0 captured=0 | cost 0 ns/frame | eval-copies=0 eval-skips=0. || HOW TO READ IT. resolved=0 with evaluates=0 means no module asked for the entry point after we installed - either the title does not use DLSS, or it resolved before the addon loaded; the barrier path is untouched either way and is still what drives. sr-handle=UNFILTERED means we were not present for CreateFeature, so the table may be from frame generation rather than super sampling - check that render/display extents look like a supersampling pair before trusting it. MVEC here is the GAME'S answer to the question every round from R70 to R100 tried to infer; if it does not equal the handle the barrier probe armed on Dragon Sword, the probe was wrong on a title we believed, and THAT is the finding. have=0 bits name the keys this producer does not populate - Streamline and the raw SDK do not set the same subset, and the difference is a fact about the route, not a bug. MVLowRes IS DEFERRED OPTION 11 ANSWERED: 1 means the game's motion vectors are at RENDER resolution, 0 means display resolution, and we have been inferring that from buffer sizes since R83. Read it together with MVecScale - a low-res field with a display-sized scale is the shape that makes reprojection look almost right.
23:55:28:307 [19984] | INFO  | [MGPU Bridge] [MGPU][P9.1] META SRC mvec lane: 2 candidate(s), 132 ns/frame over 1114 frames. R72: RANKED AND SORTED BY RTV BINDS - how often each is RENDERED INTO, which is a per-frame usage signal. srvs is kept alongside as the old created over the resource. THIS DOES NOT IDENTIFY MOTION VECTORS - nothing in ReShade says which one they are - it says whether an MVec-shaped resource is visible from a subscriber at all. An empty list with a non-zero examined count is the result that says the NGX hook has to be earned or abandoned. root-descriptor SRV pushes=0 (zero here with a non-zero SRV count above means this engine binds through descriptor TABLES and push_descriptors is blind in it - a fact about the engine, not a fault). | #0 2560x1440 R16G16_FLOAT srvs=0 RTVBINDS=0 (0.00/frame) <-DISPLAY-EXTENT | #1 2560x1440 R16G16_FLOAT srvs=0 RTVBINDS=0 (0.00/frame) <-DISPLAY-EXTENT
23:55:28:308 [19984] | INFO  | [MGPU Bridge] [MGPU][R71] MVEC SIZES over ALL 2 candidate(s): 2560x1440 x2 | || TRANSPORT SOURCE res=0x0 (0 means not identified yet - it needs a display-extent candidate with render-target binds), handed to the transport 0 times, 0 second-binds-in-a-frame skipped. || EVICTIONS: 0 resources destroyed and removed from the tables (R76 - a resolution change destroys every render target, and a stale entry is a copy from freed memory). RTV BINDS SEEN IN TOTAL: 0. THE RANK ABOVE IS NOW RENDER TARGET BINDS, NOT SRV CREATIONS. R25 ranked by SRVs created, got 6/5/3/3, and called it "a candidate, not an identification" - that flatness was the SIGNAL being wrong, not the game. An SRV creation count is a LIFETIME number; a velocity buffer is RENDERED INTO once per frame, and RTVBINDS is that. THE EXTENT TO MATCH IS THE DISPLAY EXTENT 2560x1440, not the render extent: the game's own DLSS telemetry says ColorExtentHeight=936 with MVExtentWidth=2560 MVExtentHeight=1440, so this title feeds HIGH-RESOLUTION motion vectors. A single candidate marked <-DISPLAY-EXTENT with RTVBINDS close to the frame count is the velocity buffer. RTV BINDS SEEN = 0 with candidates present means THIS EVENT did not see it, and says nothing whatever about the other two. R81 retracted the sentence that used to sit here - it named optical flow and NGX hooking as the routes left, before anyone had read the event list. READ THE [R82]
23:55:28:308 [19984] | INFO  | [MGPU Bridge] [MGPU][R82] ACQUISITION SIGNALS - three of them, one run. || RTV VIEW TABLE: 0 of 128 entries. THAT IS THE DENOMINATOR R80 COULD NOT SEE - a bind count of zero against an empty table means nothing at all. || OMSetRenderTargets: fired=0 rtvs=0 | matched via OUR TABLE=0 | matched via get_resource_from_view=0 || BeginRenderPass: fired=0 targets=0 matched=0 || Barrier: fired=35561 resources=35561 matched=0, costing 905 ns/frame || NO CANDIDATE SEEN BY ANY OF THE THREE. | || HOW TO READ IT. via TABLE=0 while via get_resource_from_view is non-zero: the table was the whole bug and R76 through R81 were spent on a cache we never needed. BeginRenderPass fired while OMSetRenderTargets did not: this engine uses render passes and we were subscribed to the wrong event. Barrier matched with a per-frame count near the frame count: use THAT permanently - it needs no view, no table and no binding-path assumption, and 0x4->0xC0 (render_target -> shader_resource) is the moment AFTER the pass wrote, which is the correct moment to copy and is one the bind events cannot offer. NOTE THE STALENESS R78 DID NOT STATE: both bind events fire BEFORE the pass runs, so a copy taken there carries the PREVIOUS frame's vectors. All three silent with candidates present is the only reading that makes optical flow or NGX hooking the honest next step. Two of the barriers per frame on the published source are OURS.
23:55:28:717 [19984] | INFO  | [MGPU Bridge] [MGPU][R101] CALIBRATOR mode=2 site=iat | slots=40 data-slots=0 modules=137 gpa-calls=205 | resolved=1 creates=1 sr-handle=known | evaluates=0 captured=0 | cost 0 ns/frame | eval-copies=0 eval-skips=0. || HOW TO READ IT. resolved=0 with evaluates=0 means no module asked for the entry point after we installed - either the title does not use DLSS, or it resolved before the addon loaded; the barrier path is untouched either way and is still what drives. sr-handle=UNFILTERED means we were not present for CreateFeature, so the table may be from frame generation rather than super sampling - check that render/display extents look like a supersampling pair before trusting it. MVEC here is the GAME'S answer to the question every round from R70 to R100 tried to infer; if it does not equal the handle the barrier probe armed on Dragon Sword, the probe was wrong on a title we believed, and THAT is the finding. have=0 bits name the keys this producer does not populate - Streamline and the raw SDK do not set the same subset, and the difference is a fact about the route, not a bug. MVLowRes IS DEFERRED OPTION 11 ANSWERED: 1 means the game's motion vectors are at RENDER resolution, 0 means display resolution, and we have been inferring that from buffer sizes since R83. Read it together with MVecScale - a low-res field with a display-sized scale is the shape that makes reprojection look almost right.
23:55:29:708 [ 2816] | INFO  | [MGPU Bridge] [MGPU][T5] present loop alive: frame 4800 thread id 0xB00
23:55:30:145 [19984] | INFO  | [MGPU Bridge] [MGPU][R101] CALIBRATOR mode=2 site=iat | slots=40 data-slots=0 modules=137 gpa-calls=205 | resolved=1 creates=1 sr-handle=known | evaluates=0 captured=0 | cost 0 ns/frame | eval-copies=0 eval-skips=0. || HOW TO READ IT. resolved=0 with evaluates=0 means no module asked for the entry point after we installed - either the title does not use DLSS, or it resolved before the addon loaded; the barrier path is untouched either way and is still what drives. sr-handle=UNFILTERED means we were not present for CreateFeature, so the table may be from frame generation rather than super sampling - check that render/display extents look like a supersampling pair before trusting it. MVEC here is the GAME'S answer to the question every round from R70 to R100 tried to infer; if it does not equal the handle the barrier probe armed on Dragon Sword, the probe was wrong on a title we believed, and THAT is the finding. have=0 bits name the keys this producer does not populate - Streamline and the raw SDK do not set the same subset, and the difference is a fact about the route, not a bug. MVLowRes IS DEFERRED OPTION 11 ANSWERED: 1 means the game's motion vectors are at RENDER resolution, 0 means display resolution, and we have been inferring that from buffer sizes since R83. Read it together with MVecScale - a low-res field with a display-sized scale is the shape that makes reprojection look almost right.
23:55:31:307 [19984] | INFO  | [MGPU Bridge] [MGPU][P9.1] META SRC mvec lane: 2 candidate(s), 84 ns/frame over 1744 frames. R72: RANKED AND SORTED BY RTV BINDS - how often each is RENDERED INTO, which is a per-frame usage signal. srvs is kept alongside as the old created over the resource. THIS DOES NOT IDENTIFY MOTION VECTORS - nothing in ReShade says which one they are - it says whether an MVec-shaped resource is visible from a subscriber at all. An empty list with a non-zero examined count is the result that says the NGX hook has to be earned or abandoned. root-descriptor SRV pushes=0 (zero here with a non-zero SRV count above means this engine binds through descriptor TABLES and push_descriptors is blind in it - a fact about the engine, not a fault). | #0 2560x1440 R16G16_FLOAT srvs=0 RTVBINDS=0 (0.00/frame) <-DISPLAY-EXTENT | #1 2560x1440 R16G16_FLOAT srvs=0 RTVBINDS=0 (0.00/frame) <-DISPLAY-EXTENT
23:55:31:307 [19984] | INFO  | [MGPU Bridge] [MGPU][R71] MVEC SIZES over ALL 2 candidate(s): 2560x1440 x2 | || TRANSPORT SOURCE res=0x0 (0 means not identified yet - it needs a display-extent candidate with render-target binds), handed to the transport 0 times, 0 second-binds-in-a-frame skipped. || EVICTIONS: 0 resources destroyed and removed from the tables (R76 - a resolution change destroys every render target, and a stale entry is a copy from freed memory). RTV BINDS SEEN IN TOTAL: 0. THE RANK ABOVE IS NOW RENDER TARGET BINDS, NOT SRV CREATIONS. R25 ranked by SRVs created, got 6/5/3/3, and called it "a candidate, not an identification" - that flatness was the SIGNAL being wrong, not the game. An SRV creation count is a LIFETIME number; a velocity buffer is RENDERED INTO once per frame, and RTVBINDS is that. THE EXTENT TO MATCH IS THE DISPLAY EXTENT 2560x1440, not the render extent: the game's own DLSS telemetry says ColorExtentHeight=936 with MVExtentWidth=2560 MVExtentHeight=1440, so this title feeds HIGH-RESOLUTION motion vectors. A single candidate marked <-DISPLAY-EXTENT with RTVBINDS close to the frame count is the velocity buffer. RTV BINDS SEEN = 0 with candidates present means THIS EVENT did not see it, and says nothing whatever about the other two. R81 retracted the sentence that used to sit here - it named optical flow and NGX hooking as the routes left, before anyone had read the event list. READ THE [R82]
23:55:31:307 [19984] | INFO  | [MGPU Bridge] [MGPU][R82] ACQUISITION SIGNALS - three of them, one run. || RTV VIEW TABLE: 0 of 128 entries. THAT IS THE DENOMINATOR R80 COULD NOT SEE - a bind count of zero against an empty table means nothing at all. || OMSetRenderTargets: fired=0 rtvs=0 | matched via OUR TABLE=0 | matched via get_resource_from_view=0 || BeginRenderPass: fired=0 targets=0 matched=0 || Barrier: fired=41866 resources=41866 matched=0, costing 706 ns/frame || NO CANDIDATE SEEN BY ANY OF THE THREE. | || HOW TO READ IT. via TABLE=0 while via get_resource_from_view is non-zero: the table was the whole bug and R76 through R81 were spent on a cache we never needed. BeginRenderPass fired while OMSetRenderTargets did not: this engine uses render passes and we were subscribed to the wrong event. Barrier matched with a per-frame count near the frame count: use THAT permanently - it needs no view, no table and no binding-path assumption, and 0x4->0xC0 (render_target -> shader_resource) is the moment AFTER the pass wrote, which is the correct moment to copy and is one the bind events cannot offer. NOTE THE STALENESS R78 DID NOT STATE: both bind events fire BEFORE the pass runs, so a copy taken there carries the PREVIOUS frame's vectors. All three silent with candidates present is the only reading that makes optical flow or NGX hooking the honest next step. Two of the barriers per frame on the published source are OURS.
23:55:31:574 [19984] | INFO  | [MGPU Bridge] [MGPU][R101] CALIBRATOR mode=2 site=iat | slots=40 data-slots=0 modules=137 gpa-calls=205 | resolved=1 creates=1 sr-handle=known | evaluates=0 captured=0 | cost 0 ns/frame | eval-copies=0 eval-skips=0. || HOW TO READ IT. resolved=0 with evaluates=0 means no module asked for the entry point after we installed - either the title does not use DLSS, or it resolved before the addon loaded; the barrier path is untouched either way and is still what drives. sr-handle=UNFILTERED means we were not present for CreateFeature, so the table may be from frame generation rather than super sampling - check that render/display extents look like a supersampling pair before trusting it. MVEC here is the GAME'S answer to the question every round from R70 to R100 tried to infer; if it does not equal the handle the barrier probe armed on Dragon Sword, the probe was wrong on a title we believed, and THAT is the finding. have=0 bits name the keys this producer does not populate - Streamline and the raw SDK do not set the same subset, and the difference is a fact about the route, not a bug. MVLowRes IS DEFERRED OPTION 11 ANSWERED: 1 means the game's motion vectors are at RENDER resolution, 0 means display resolution, and we have been inferring that from buffer sizes since R83. Read it together with MVecScale - a low-res field with a display-sized scale is the shape that makes reprojection look almost right.
23:55:32:565 [ 2816] | INFO  | [MGPU Bridge] [MGPU][T5] present loop alive: frame 5400 thread id 0xB00
23:55:33:002 [19984] | INFO  | [MGPU Bridge] [MGPU][R101] CALIBRATOR mode=2 site=iat | slots=40 data-slots=0 modules=137 gpa-calls=205 | resolved=1 creates=1 sr-handle=known | evaluates=0 captured=0 | cost 0 ns/frame | eval-copies=0 eval-skips=0. || HOW TO READ IT. resolved=0 with evaluates=0 means no module asked for the entry point after we installed - either the title does not use DLSS, or it resolved before the addon loaded; the barrier path is untouched either way and is still what drives. sr-handle=UNFILTERED means we were not present for CreateFeature, so the table may be from frame generation rather than super sampling - check that render/display extents look like a supersampling pair before trusting it. MVEC here is the GAME'S answer to the question every round from R70 to R100 tried to infer; if it does not equal the handle the barrier probe armed on Dragon Sword, the probe was wrong on a title we believed, and THAT is the finding. have=0 bits name the keys this producer does not populate - Streamline and the raw SDK do not set the same subset, and the difference is a fact about the route, not a bug. MVLowRes IS DEFERRED OPTION 11 ANSWERED: 1 means the game's motion vectors are at RENDER resolution, 0 means display resolution, and we have been inferring that from buffer sizes since R83. Read it together with MVecScale - a low-res field with a display-sized scale is the shape that makes reprojection look almost right.
23:55:34:308 [19984] | INFO  | [MGPU Bridge] [MGPU][P9.1] META SRC mvec lane: 2 candidate(s), 67 ns/frame over 2328 frames. R72: RANKED AND SORTED BY RTV BINDS - how often each is RENDERED INTO, which is a per-frame usage signal. srvs is kept alongside as the old created over the resource. THIS DOES NOT IDENTIFY MOTION VECTORS - nothing in ReShade says which one they are - it says whether an MVec-shaped resource is visible from a subscriber at all. An empty list with a non-zero examined count is the result that says the NGX hook has to be earned or abandoned. root-descriptor SRV pushes=0 (zero here with a non-zero SRV count above means this engine binds through descriptor TABLES and push_descriptors is blind in it - a fact about the engine, not a fault). | #0 2560x1440 R16G16_FLOAT srvs=0 RTVBINDS=0 (0.00/frame) <-DISPLAY-EXTENT | #1 2560x1440 R16G16_FLOAT srvs=0 RTVBINDS=0 (0.00/frame) <-DISPLAY-EXTENT
23:55:34:308 [19984] | INFO  | [MGPU Bridge] [MGPU][R71] MVEC SIZES over ALL 2 candidate(s): 2560x1440 x2 | || TRANSPORT SOURCE res=0x0 (0 means not identified yet - it needs a display-extent candidate with render-target binds), handed to the transport 0 times, 0 second-binds-in-a-frame skipped. || EVICTIONS: 0 resources destroyed and removed from the tables (R76 - a resolution change destroys every render target, and a stale entry is a copy from freed memory). RTV BINDS SEEN IN TOTAL: 0. THE RANK ABOVE IS NOW RENDER TARGET BINDS, NOT SRV CREATIONS. R25 ranked by SRVs created, got 6/5/3/3, and called it "a candidate, not an identification" - that flatness was the SIGNAL being wrong, not the game. An SRV creation count is a LIFETIME number; a velocity buffer is RENDERED INTO once per frame, and RTVBINDS is that. THE EXTENT TO MATCH IS THE DISPLAY EXTENT 2560x1440, not the render extent: the game's own DLSS telemetry says ColorExtentHeight=936 with MVExtentWidth=2560 MVExtentHeight=1440, so this title feeds HIGH-RESOLUTION motion vectors. A single candidate marked <-DISPLAY-EXTENT with RTVBINDS close to the frame count is the velocity buffer. RTV BINDS SEEN = 0 with candidates present means THIS EVENT did not see it, and says nothing whatever about the other two. R81 retracted the sentence that used to sit here - it named optical flow and NGX hooking as the routes left, before anyone had read the event list. READ THE [R82]
23:55:34:308 [19984] | INFO  | [MGPU Bridge] [MGPU][R82] ACQUISITION SIGNALS - three of them, one run. || RTV VIEW TABLE: 0 of 128 entries. THAT IS THE DENOMINATOR R80 COULD NOT SEE - a bind count of zero against an empty table means nothing at all. || OMSetRenderTargets: fired=0 rtvs=0 | matched via OUR TABLE=0 | matched via get_resource_from_view=0 || BeginRenderPass: fired=0 targets=0 matched=0 || Barrier: fired=48691 resources=48691 matched=0, costing 631 ns/frame || NO CANDIDATE SEEN BY ANY OF THE THREE. | || HOW TO READ IT. via TABLE=0 while via get_resource_from_view is non-zero: the table was the whole bug and R76 through R81 were spent on a cache we never needed. BeginRenderPass fired while OMSetRenderTargets did not: this engine uses render passes and we were subscribed to the wrong event. Barrier matched with a per-frame count near the frame count: use THAT permanently - it needs no view, no table and no binding-path assumption, and 0x4->0xC0 (render_target -> shader_resource) is the moment AFTER the pass wrote, which is the correct moment to copy and is one the bind events cannot offer. NOTE THE STALENESS R78 DID NOT STATE: both bind events fire BEFORE the pass runs, so a copy taken there carries the PREVIOUS frame's vectors. All three silent with candidates present is the only reading that makes optical flow or NGX hooking the honest next step. Two of the barriers per frame on the published source are OURS.
23:55:34:650 [19984] | INFO  | [MGPU Bridge] [MGPU][R101] CALIBRATOR mode=2 site=iat | slots=40 data-slots=0 modules=137 gpa-calls=205 | resolved=1 creates=1 sr-handle=known | evaluates=0 captured=0 | cost 0 ns/frame | eval-copies=0 eval-skips=0. || HOW TO READ IT. resolved=0 with evaluates=0 means no module asked for the entry point after we installed - either the title does not use DLSS, or it resolved before the addon loaded; the barrier path is untouched either way and is still what drives. sr-handle=UNFILTERED means we were not present for CreateFeature, so the table may be from frame generation rather than super sampling - check that render/display extents look like a supersampling pair before trusting it. MVEC here is the GAME'S answer to the question every round from R70 to R100 tried to infer; if it does not equal the handle the barrier probe armed on Dragon Sword, the probe was wrong on a title we believed, and THAT is the finding. have=0 bits name the keys this producer does not populate - Streamline and the raw SDK do not set the same subset, and the difference is a fact about the route, not a bug. MVLowRes IS DEFERRED OPTION 11 ANSWERED: 1 means the game's motion vectors are at RENDER resolution, 0 means display resolution, and we have been inferring that from buffer sizes since R83. Read it together with MVecScale - a low-res field with a display-sized scale is the shape that makes reprojection look almost right.
23:55:35:421 [ 2816] | INFO  | [MGPU Bridge] [MGPU][T5] present loop alive: frame 6000 thread id 0xB00
23:55:36:079 [19984] | INFO  | [MGPU Bridge] [MGPU][R101] CALIBRATOR mode=2 site=iat | slots=40 data-slots=0 modules=137 gpa-calls=205 | resolved=1 creates=1 sr-handle=known | evaluates=0 captured=0 | cost 0 ns/frame | eval-copies=0 eval-skips=0. || HOW TO READ IT. resolved=0 with evaluates=0 means no module asked for the entry point after we installed - either the title does not use DLSS, or it resolved before the addon loaded; the barrier path is untouched either way and is still what drives. sr-handle=UNFILTERED means we were not present for CreateFeature, so the table may be from frame generation rather than super sampling - check that render/display extents look like a supersampling pair before trusting it. MVEC here is the GAME'S answer to the question every round from R70 to R100 tried to infer; if it does not equal the handle the barrier probe armed on Dragon Sword, the probe was wrong on a title we believed, and THAT is the finding. have=0 bits name the keys this producer does not populate - Streamline and the raw SDK do not set the same subset, and the difference is a fact about the route, not a bug. MVLowRes IS DEFERRED OPTION 11 ANSWERED: 1 means the game's motion vectors are at RENDER resolution, 0 means display resolution, and we have been inferring that from buffer sizes since R83. Read it together with MVecScale - a low-res field with a display-sized scale is the shape that makes reprojection look almost right.
23:55:37:307 [19984] | INFO  | [MGPU Bridge] [MGPU][P9.1] META SRC mvec lane: 2 candidate(s), 61 ns/frame over 2958 frames. R72: RANKED AND SORTED BY RTV BINDS - how often each is RENDERED INTO, which is a per-frame usage signal. srvs is kept alongside as the old created over the resource. THIS DOES NOT IDENTIFY MOTION VECTORS - nothing in ReShade says which one they are - it says whether an MVec-shaped resource is visible from a subscriber at all. An empty list with a non-zero examined count is the result that says the NGX hook has to be earned or abandoned. root-descriptor SRV pushes=0 (zero here with a non-zero SRV count above means this engine binds through descriptor TABLES and push_descriptors is blind in it - a fact about the engine, not a fault). | #0 2560x1440 R16G16_FLOAT srvs=0 RTVBINDS=0 (0.00/frame) <-DISPLAY-EXTENT | #1 2560x1440 R16G16_FLOAT srvs=0 RTVBINDS=0 (0.00/frame) <-DISPLAY-EXTENT
23:55:37:308 [19984] | INFO  | [MGPU Bridge] [MGPU][R71] MVEC SIZES over ALL 2 candidate(s): 2560x1440 x2 | || TRANSPORT SOURCE res=0x0 (0 means not identified yet - it needs a display-extent candidate with render-target binds), handed to the transport 0 times, 0 second-binds-in-a-frame skipped. || EVICTIONS: 0 resources destroyed and removed from the tables (R76 - a resolution change destroys every render target, and a stale entry is a copy from freed memory). RTV BINDS SEEN IN TOTAL: 0. THE RANK ABOVE IS NOW RENDER TARGET BINDS, NOT SRV CREATIONS. R25 ranked by SRVs created, got 6/5/3/3, and called it "a candidate, not an identification" - that flatness was the SIGNAL being wrong, not the game. An SRV creation count is a LIFETIME number; a velocity buffer is RENDERED INTO once per frame, and RTVBINDS is that. THE EXTENT TO MATCH IS THE DISPLAY EXTENT 2560x1440, not the render extent: the game's own DLSS telemetry says ColorExtentHeight=936 with MVExtentWidth=2560 MVExtentHeight=1440, so this title feeds HIGH-RESOLUTION motion vectors. A single candidate marked <-DISPLAY-EXTENT with RTVBINDS close to the frame count is the velocity buffer. RTV BINDS SEEN = 0 with candidates present means THIS EVENT did not see it, and says nothing whatever about the other two. R81 retracted the sentence that used to sit here - it named optical flow and NGX hooking as the routes left, before anyone had read the event list. READ THE [R82]
23:55:37:308 [19984] | INFO  | [MGPU Bridge] [MGPU][R82] ACQUISITION SIGNALS - three of them, one run. || RTV VIEW TABLE: 0 of 128 entries. THAT IS THE DENOMINATOR R80 COULD NOT SEE - a bind count of zero against an empty table means nothing at all. || OMSetRenderTargets: fired=0 rtvs=0 | matched via OUR TABLE=0 | matched via get_resource_from_view=0 || BeginRenderPass: fired=0 targets=0 matched=0 || Barrier: fired=59165 resources=59165 matched=0, costing 625 ns/frame || NO CANDIDATE SEEN BY ANY OF THE THREE. | || HOW TO READ IT. via TABLE=0 while via get_resource_from_view is non-zero: the table was the whole bug and R76 through R81 were spent on a cache we never needed. BeginRenderPass fired while OMSetRenderTargets did not: this engine uses render passes and we were subscribed to the wrong event. Barrier matched with a per-frame count near the frame count: use THAT permanently - it needs no view, no table and no binding-path assumption, and 0x4->0xC0 (render_target -> shader_resource) is the moment AFTER the pass wrote, which is the correct moment to copy and is one the bind events cannot offer. NOTE THE STALENESS R78 DID NOT STATE: both bind events fire BEFORE the pass runs, so a copy taken there carries the PREVIOUS frame's vectors. All three silent with candidates present is the only reading that makes optical flow or NGX hooking the honest next step. Two of the barriers per frame on the published source are OURS.
23:55:37:507 [19984] | INFO  | [MGPU Bridge] [MGPU][R101] CALIBRATOR mode=2 site=iat | slots=40 data-slots=0 modules=137 gpa-calls=205 | resolved=1 creates=1 sr-handle=known | evaluates=0 captured=0 | cost 0 ns/frame | eval-copies=0 eval-skips=0. || HOW TO READ IT. resolved=0 with evaluates=0 means no module asked for the entry point after we installed - either the title does not use DLSS, or it resolved before the addon loaded; the barrier path is untouched either way and is still what drives. sr-handle=UNFILTERED means we were not present for CreateFeature, so the table may be from frame generation rather than super sampling - check that render/display extents look like a supersampling pair before trusting it. MVEC here is the GAME'S answer to the question every round from R70 to R100 tried to infer; if it does not equal the handle the barrier probe armed on Dragon Sword, the probe was wrong on a title we believed, and THAT is the finding. have=0 bits name the keys this producer does not populate - Streamline and the raw SDK do not set the same subset, and the difference is a fact about the route, not a bug. MVLowRes IS DEFERRED OPTION 11 ANSWERED: 1 means the game's motion vectors are at RENDER resolution, 0 means display resolution, and we have been inferring that from buffer sizes since R83. Read it together with MVecScale - a low-res field with a display-sized scale is the shape that makes reprojection look almost right.
23:55:38:279 [ 2816] | INFO  | [MGPU Bridge] [MGPU][T5] present loop alive: frame 6600 thread id 0xB00
23:55:38:936 [19984] | INFO  | [MGPU Bridge] [MGPU][R101] CALIBRATOR mode=2 site=iat | slots=40 data-slots=0 modules=137 gpa-calls=205 | resolved=1 creates=1 sr-handle=known | evaluates=0 captured=0 | cost 0 ns/frame | eval-copies=0 eval-skips=0. || HOW TO READ IT. resolved=0 with evaluates=0 means no module asked for the entry point after we installed - either the title does not use DLSS, or it resolved before the addon loaded; the barrier path is untouched either way and is still what drives. sr-handle=UNFILTERED means we were not present for CreateFeature, so the table may be from frame generation rather than super sampling - check that render/display extents look like a supersampling pair before trusting it. MVEC here is the GAME'S answer to the question every round from R70 to R100 tried to infer; if it does not equal the handle the barrier probe armed on Dragon Sword, the probe was wrong on a title we believed, and THAT is the finding. have=0 bits name the keys this producer does not populate - Streamline and the raw SDK do not set the same subset, and the difference is a fact about the route, not a bug. MVLowRes IS DEFERRED OPTION 11 ANSWERED: 1 means the game's motion vectors are at RENDER resolution, 0 means display resolution, and we have been inferring that from buffer sizes since R83. Read it together with MVecScale - a low-res field with a display-sized scale is the shape that makes reprojection look almost right.
23:55:40:312 [19984] | INFO  | [MGPU Bridge] [MGPU][P9.1] META SRC mvec lane: 2 candidate(s), 50 ns/frame over 3589 frames. R72: RANKED AND SORTED BY RTV BINDS - how often each is RENDERED INTO, which is a per-frame usage signal. srvs is kept alongside as the old created over the resource. THIS DOES NOT IDENTIFY MOTION VECTORS - nothing in ReShade says which one they are - it says whether an MVec-shaped resource is visible from a subscriber at all. An empty list with a non-zero examined count is the result that says the NGX hook has to be earned or abandoned. root-descriptor SRV pushes=0 (zero here with a non-zero SRV count above means this engine binds through descriptor TABLES and push_descriptors is blind in it - a fact about the engine, not a fault). | #0 2560x1440 R16G16_FLOAT srvs=0 RTVBINDS=0 (0.00/frame) <-DISPLAY-EXTENT | #1 2560x1440 R16G16_FLOAT srvs=0 RTVBINDS=0 (0.00/frame) <-DISPLAY-EXTENT
23:55:40:313 [19984] | INFO  | [MGPU Bridge] [MGPU][R71] MVEC SIZES over ALL 2 candidate(s): 2560x1440 x2 | || TRANSPORT SOURCE res=0x0 (0 means not identified yet - it needs a display-extent candidate with render-target binds), handed to the transport 0 times, 0 second-binds-in-a-frame skipped. || EVICTIONS: 0 resources destroyed and removed from the tables (R76 - a resolution change destroys every render target, and a stale entry is a copy from freed memory). RTV BINDS SEEN IN TOTAL: 0. THE RANK ABOVE IS NOW RENDER TARGET BINDS, NOT SRV CREATIONS. R25 ranked by SRVs created, got 6/5/3/3, and called it "a candidate, not an identification" - that flatness was the SIGNAL being wrong, not the game. An SRV creation count is a LIFETIME number; a velocity buffer is RENDERED INTO once per frame, and RTVBINDS is that. THE EXTENT TO MATCH IS THE DISPLAY EXTENT 2560x1440, not the render extent: the game's own DLSS telemetry says ColorExtentHeight=936 with MVExtentWidth=2560 MVExtentHeight=1440, so this title feeds HIGH-RESOLUTION motion vectors. A single candidate marked <-DISPLAY-EXTENT with RTVBINDS close to the frame count is the velocity buffer. RTV BINDS SEEN = 0 with candidates present means THIS EVENT did not see it, and says nothing whatever about the other two. R81 retracted the sentence that used to sit here - it named optical flow and NGX hooking as the routes left, before anyone had read the event list. READ THE [R82]
23:55:40:313 [19984] | INFO  | [MGPU Bridge] [MGPU][R82] ACQUISITION SIGNALS - three of them, one run. || RTV VIEW TABLE: 0 of 128 entries. THAT IS THE DENOMINATOR R80 COULD NOT SEE - a bind count of zero against an empty table means nothing at all. || OMSetRenderTargets: fired=0 rtvs=0 | matched via OUR TABLE=0 | matched via get_resource_from_view=0 || BeginRenderPass: fired=0 targets=0 matched=0 || Barrier: fired=68818 resources=68818 matched=0, costing 597 ns/frame || NO CANDIDATE SEEN BY ANY OF THE THREE. | || HOW TO READ IT. via TABLE=0 while via get_resource_from_view is non-zero: the table was the whole bug and R76 through R81 were spent on a cache we never needed. BeginRenderPass fired while OMSetRenderTargets did not: this engine uses render passes and we were subscribed to the wrong event. Barrier matched with a per-frame count near the frame count: use THAT permanently - it needs no view, no table and no binding-path assumption, and 0x4->0xC0 (render_target -> shader_resource) is the moment AFTER the pass wrote, which is the correct moment to copy and is one the bind events cannot offer. NOTE THE STALENESS R78 DID NOT STATE: both bind events fire BEFORE the pass runs, so a copy taken there carries the PREVIOUS frame's vectors. All three silent with candidates present is the only reading that makes optical flow or NGX hooking the honest next step. Two of the barriers per frame on the published source are OURS.
23:55:40:364 [19984] | INFO  | [MGPU Bridge] [MGPU][R101] CALIBRATOR mode=2 site=iat | slots=40 data-slots=0 modules=137 gpa-calls=205 | resolved=1 creates=1 sr-handle=known | evaluates=0 captured=0 | cost 0 ns/frame | eval-copies=0 eval-skips=0. || HOW TO READ IT. resolved=0 with evaluates=0 means no module asked for the entry point after we installed - either the title does not use DLSS, or it resolved before the addon loaded; the barrier path is untouched either way and is still what drives. sr-handle=UNFILTERED means we were not present for CreateFeature, so the table may be from frame generation rather than super sampling - check that render/display extents look like a supersampling pair before trusting it. MVEC here is the GAME'S answer to the question every round from R70 to R100 tried to infer; if it does not equal the handle the barrier probe armed on Dragon Sword, the probe was wrong on a title we believed, and THAT is the finding. have=0 bits name the keys this producer does not populate - Streamline and the raw SDK do not set the same subset, and the difference is a fact about the route, not a bug. MVLowRes IS DEFERRED OPTION 11 ANSWERED: 1 means the game's motion vectors are at RENDER resolution, 0 means display resolution, and we have been inferring that from buffer sizes since R83. Read it together with MVecScale - a low-res field with a display-sized scale is the shape that makes reprojection look almost right.
23:55:41:137 [ 2816] | INFO  | [MGPU Bridge] [MGPU][T5] present loop alive: frame 7200 thread id 0xB00
23:55:41:792 [19984] | INFO  | [MGPU Bridge] [MGPU][R101] CALIBRATOR mode=2 site=iat | slots=40 data-slots=0 modules=137 gpa-calls=205 | resolved=1 creates=1 sr-handle=known | evaluates=0 captured=0 | cost 0 ns/frame | eval-copies=0 eval-skips=0. || HOW TO READ IT. resolved=0 with evaluates=0 means no module asked for the entry point after we installed - either the title does not use DLSS, or it resolved before the addon loaded; the barrier path is untouched either way and is still what drives. sr-handle=UNFILTERED means we were not present for CreateFeature, so the table may be from frame generation rather than super sampling - check that render/display extents look like a supersampling pair before trusting it. MVEC here is the GAME'S answer to the question every round from R70 to R100 tried to infer; if it does not equal the handle the barrier probe armed on Dragon Sword, the probe was wrong on a title we believed, and THAT is the finding. have=0 bits name the keys this producer does not populate - Streamline and the raw SDK do not set the same subset, and the difference is a fact about the route, not a bug. MVLowRes IS DEFERRED OPTION 11 ANSWERED: 1 means the game's motion vectors are at RENDER resolution, 0 means display resolution, and we have been inferring that from buffer sizes since R83. Read it together with MVecScale - a low-res field with a display-sized scale is the shape that makes reprojection look almost right.
23:55:43:232 [19984] | INFO  | [MGPU Bridge] [MGPU][R101] CALIBRATOR mode=2 site=iat | slots=40 data-slots=0 modules=137 gpa-calls=205 | resolved=1 creates=1 sr-handle=known | evaluates=0 captured=0 | cost 0 ns/frame | eval-copies=0 eval-skips=0. || HOW TO READ IT. resolved=0 with evaluates=0 means no module asked for the entry point after we installed - either the title does not use DLSS, or it resolved before the addon loaded; the barrier path is untouched either way and is still what drives. sr-handle=UNFILTERED means we were not present for CreateFeature, so the table may be from frame generation rather than super sampling - check that render/display extents look like a supersampling pair before trusting it. MVEC here is the GAME'S answer to the question every round from R70 to R100 tried to infer; if it does not equal the handle the barrier probe armed on Dragon Sword, the probe was wrong on a title we believed, and THAT is the finding. have=0 bits name the keys this producer does not populate - Streamline and the raw SDK do not set the same subset, and the difference is a fact about the route, not a bug. MVLowRes IS DEFERRED OPTION 11 ANSWERED: 1 means the game's motion vectors are at RENDER resolution, 0 means display resolution, and we have been inferring that from buffer sizes since R83. Read it together with MVecScale - a low-res field with a display-sized scale is the shape that makes reprojection look almost right.
23:55:43:312 [19984] | INFO  | [MGPU Bridge] [MGPU][P9.1] META SRC mvec lane: 2 candidate(s), 43 ns/frame over 4216 frames. R72: RANKED AND SORTED BY RTV BINDS - how often each is RENDERED INTO, which is a per-frame usage signal. srvs is kept alongside as the old created over the resource. THIS DOES NOT IDENTIFY MOTION VECTORS - nothing in ReShade says which one they are - it says whether an MVec-shaped resource is visible from a subscriber at all. An empty list with a non-zero examined count is the result that says the NGX hook has to be earned or abandoned. root-descriptor SRV pushes=0 (zero here with a non-zero SRV count above means this engine binds through descriptor TABLES and push_descriptors is blind in it - a fact about the engine, not a fault). | #0 2560x1440 R16G16_FLOAT srvs=0 RTVBINDS=0 (0.00/frame) <-DISPLAY-EXTENT | #1 2560x1440 R16G16_FLOAT srvs=0 RTVBINDS=0 (0.00/frame) <-DISPLAY-EXTENT
23:55:43:313 [19984] | INFO  | [MGPU Bridge] [MGPU][R71] MVEC SIZES over ALL 2 candidate(s): 2560x1440 x2 | || TRANSPORT SOURCE res=0x0 (0 means not identified yet - it needs a display-extent candidate with render-target binds), handed to the transport 0 times, 0 second-binds-in-a-frame skipped. || EVICTIONS: 0 resources destroyed and removed from the tables (R76 - a resolution change destroys every render target, and a stale entry is a copy from freed memory). RTV BINDS SEEN IN TOTAL: 0. THE RANK ABOVE IS NOW RENDER TARGET BINDS, NOT SRV CREATIONS. R25 ranked by SRVs created, got 6/5/3/3, and called it "a candidate, not an identification" - that flatness was the SIGNAL being wrong, not the game. An SRV creation count is a LIFETIME number; a velocity buffer is RENDERED INTO once per frame, and RTVBINDS is that. THE EXTENT TO MATCH IS THE DISPLAY EXTENT 2560x1440, not the render extent: the game's own DLSS telemetry says ColorExtentHeight=936 with MVExtentWidth=2560 MVExtentHeight=1440, so this title feeds HIGH-RESOLUTION motion vectors. A single candidate marked <-DISPLAY-EXTENT with RTVBINDS close to the frame count is the velocity buffer. RTV BINDS SEEN = 0 with candidates present means THIS EVENT did not see it, and says nothing whatever about the other two. R81 retracted the sentence that used to sit here - it named optical flow and NGX hooking as the routes left, before anyone had read the event list. READ THE [R82]
23:55:43:313 [19984] | INFO  | [MGPU Bridge] [MGPU][R82] ACQUISITION SIGNALS - three of them, one run. || RTV VIEW TABLE: 0 of 128 entries. THAT IS THE DENOMINATOR R80 COULD NOT SEE - a bind count of zero against an empty table means nothing at all. || OMSetRenderTargets: fired=0 rtvs=0 | matched via OUR TABLE=0 | matched via get_resource_from_view=0 || BeginRenderPass: fired=0 targets=0 matched=0 || Barrier: fired=78406 resources=78406 matched=0, costing 574 ns/frame || NO CANDIDATE SEEN BY ANY OF THE THREE. | || HOW TO READ IT. via TABLE=0 while via get_resource_from_view is non-zero: the table was the whole bug and R76 through R81 were spent on a cache we never needed. BeginRenderPass fired while OMSetRenderTargets did not: this engine uses render passes and we were subscribed to the wrong event. Barrier matched with a per-frame count near the frame count: use THAT permanently - it needs no view, no table and no binding-path assumption, and 0x4->0xC0 (render_target -> shader_resource) is the moment AFTER the pass wrote, which is the correct moment to copy and is one the bind events cannot offer. NOTE THE STALENESS R78 DID NOT STATE: both bind events fire BEFORE the pass runs, so a copy taken there carries the PREVIOUS frame's vectors. All three silent with candidates present is the only reading that makes optical flow or NGX hooking the honest next step. Two of the barriers per frame on the published source are OURS.
23:55:44:007 [ 2816] | INFO  | [MGPU Bridge] [MGPU][T5] present loop alive: frame 7800 thread id 0xB00
23:55:44:975 [19984] | INFO  | [MGPU Bridge] [MGPU][R101] CALIBRATOR mode=2 site=iat | slots=40 data-slots=0 modules=137 gpa-calls=205 | resolved=1 creates=1 sr-handle=known | evaluates=0 captured=0 | cost 0 ns/frame | eval-copies=0 eval-skips=0. || HOW TO READ IT. resolved=0 with evaluates=0 means no module asked for the entry point after we installed - either the title does not use DLSS, or it resolved before the addon loaded; the barrier path is untouched either way and is still what drives. sr-handle=UNFILTERED means we were not present for CreateFeature, so the table may be from frame generation rather than super sampling - check that render/display extents look like a supersampling pair before trusting it. MVEC here is the GAME'S answer to the question every round from R70 to R100 tried to infer; if it does not equal the handle the barrier probe armed on Dragon Sword, the probe was wrong on a title we believed, and THAT is the finding. have=0 bits name the keys this producer does not populate - Streamline and the raw SDK do not set the same subset, and the difference is a fact about the route, not a bug. MVLowRes IS DEFERRED OPTION 11 ANSWERED: 1 means the game's motion vectors are at RENDER resolution, 0 means display resolution, and we have been inferring that from buffer sizes since R83. Read it together with MVecScale - a low-res field with a display-sized scale is the shape that makes reprojection look almost right.
23:55:46:313 [19984] | INFO  | [MGPU Bridge] [MGPU][P9.1] META SRC mvec lane: 2 candidate(s), 40 ns/frame over 4781 frames. R72: RANKED AND SORTED BY RTV BINDS - how often each is RENDERED INTO, which is a per-frame usage signal. srvs is kept alongside as the old created over the resource. THIS DOES NOT IDENTIFY MOTION VECTORS - nothing in ReShade says which one they are - it says whether an MVec-shaped resource is visible from a subscriber at all. An empty list with a non-zero examined count is the result that says the NGX hook has to be earned or abandoned. root-descriptor SRV pushes=0 (zero here with a non-zero SRV count above means this engine binds through descriptor TABLES and push_descriptors is blind in it - a fact about the engine, not a fault). | #0 2560x1440 R16G16_FLOAT srvs=0 RTVBINDS=0 (0.00/frame) <-DISPLAY-EXTENT | #1 2560x1440 R16G16_FLOAT srvs=0 RTVBINDS=0 (0.00/frame) <-DISPLAY-EXTENT
23:55:46:314 [19984] | INFO  | [MGPU Bridge] [MGPU][R71] MVEC SIZES over ALL 2 candidate(s): 2560x1440 x2 | || TRANSPORT SOURCE res=0x0 (0 means not identified yet - it needs a display-extent candidate with render-target binds), handed to the transport 0 times, 0 second-binds-in-a-frame skipped. || EVICTIONS: 0 resources destroyed and removed from the tables (R76 - a resolution change destroys every render target, and a stale entry is a copy from freed memory). RTV BINDS SEEN IN TOTAL: 0. THE RANK ABOVE IS NOW RENDER TARGET BINDS, NOT SRV CREATIONS. R25 ranked by SRVs created, got 6/5/3/3, and called it "a candidate, not an identification" - that flatness was the SIGNAL being wrong, not the game. An SRV creation count is a LIFETIME number; a velocity buffer is RENDERED INTO once per frame, and RTVBINDS is that. THE EXTENT TO MATCH IS THE DISPLAY EXTENT 2560x1440, not the render extent: the game's own DLSS telemetry says ColorExtentHeight=936 with MVExtentWidth=2560 MVExtentHeight=1440, so this title feeds HIGH-RESOLUTION motion vectors. A single candidate marked <-DISPLAY-EXTENT with RTVBINDS close to the frame count is the velocity buffer. RTV BINDS SEEN = 0 with candidates present means THIS EVENT did not see it, and says nothing whatever about the other two. R81 retracted the sentence that used to sit here - it named optical flow and NGX hooking as the routes left, before anyone had read the event list. READ THE [R82]
23:55:46:314 [19984] | INFO  | [MGPU Bridge] [MGPU][R82] ACQUISITION SIGNALS - three of them, one run. || RTV VIEW TABLE: 0 of 128 entries. THAT IS THE DENOMINATOR R80 COULD NOT SEE - a bind count of zero against an empty table means nothing at all. || OMSetRenderTargets: fired=0 rtvs=0 | matched via OUR TABLE=0 | matched via get_resource_from_view=0 || BeginRenderPass: fired=0 targets=0 matched=0 || Barrier: fired=86863 resources=86863 matched=0, costing 564 ns/frame || NO CANDIDATE SEEN BY ANY OF THE THREE. | || HOW TO READ IT. via TABLE=0 while via get_resource_from_view is non-zero: the table was the whole bug and R76 through R81 were spent on a cache we never needed. BeginRenderPass fired while OMSetRenderTargets did not: this engine uses render passes and we were subscribed to the wrong event. Barrier matched with a per-frame count near the frame count: use THAT permanently - it needs no view, no table and no binding-path assumption, and 0x4->0xC0 (render_target -> shader_resource) is the moment AFTER the pass wrote, which is the correct moment to copy and is one the bind events cannot offer. NOTE THE STALENESS R78 DID NOT STATE: both bind events fire BEFORE the pass runs, so a copy taken there carries the PREVIOUS frame's vectors. All three silent with candidates present is the only reading that makes optical flow or NGX hooking the honest next step. Two of the barriers per frame on the published source are OURS.
23:55:46:403 [19984] | INFO  | [MGPU Bridge] [MGPU][R101] CALIBRATOR mode=2 site=iat | slots=40 data-slots=0 modules=137 gpa-calls=205 | resolved=1 creates=1 sr-handle=known | evaluates=0 captured=0 | cost 0 ns/frame | eval-copies=0 eval-skips=0. || HOW TO READ IT. resolved=0 with evaluates=0 means no module asked for the entry point after we installed - either the title does not use DLSS, or it resolved before the addon loaded; the barrier path is untouched either way and is still what drives. sr-handle=UNFILTERED means we were not present for CreateFeature, so the table may be from frame generation rather than super sampling - check that render/display extents look like a supersampling pair before trusting it. MVEC here is the GAME'S answer to the question every round from R70 to R100 tried to infer; if it does not equal the handle the barrier probe armed on Dragon Sword, the probe was wrong on a title we believed, and THAT is the finding. have=0 bits name the keys this producer does not populate - Streamline and the raw SDK do not set the same subset, and the difference is a fact about the route, not a bug. MVLowRes IS DEFERRED OPTION 11 ANSWERED: 1 means the game's motion vectors are at RENDER resolution, 0 means display resolution, and we have been inferring that from buffer sizes since R83. Read it together with MVecScale - a low-res field with a display-sized scale is the shape that makes reprojection look almost right.
23:55:46:864 [ 2816] | INFO  | [MGPU Bridge] [MGPU][T5] present loop alive: frame 8400 thread id 0xB00
23:55:47:831 [19984] | INFO  | [MGPU Bridge] [MGPU][R101] CALIBRATOR mode=2 site=iat | slots=40 data-slots=0 modules=137 gpa-calls=205 | resolved=1 creates=1 sr-handle=known | evaluates=0 captured=0 | cost 0 ns/frame | eval-copies=0 eval-skips=0. || HOW TO READ IT. resolved=0 with evaluates=0 means no module asked for the entry point after we installed - either the title does not use DLSS, or it resolved before the addon loaded; the barrier path is untouched either way and is still what drives. sr-handle=UNFILTERED means we were not present for CreateFeature, so the table may be from frame generation rather than super sampling - check that render/display extents look like a supersampling pair before trusting it. MVEC here is the GAME'S answer to the question every round from R70 to R100 tried to infer; if it does not equal the handle the barrier probe armed on Dragon Sword, the probe was wrong on a title we believed, and THAT is the finding. have=0 bits name the keys this producer does not populate - Streamline and the raw SDK do not set the same subset, and the difference is a fact about the route, not a bug. MVLowRes IS DEFERRED OPTION 11 ANSWERED: 1 means the game's motion vectors are at RENDER resolution, 0 means display resolution, and we have been inferring that from buffer sizes since R83. Read it together with MVecScale - a low-res field with a display-sized scale is the shape that makes reprojection look almost right.
23:55:49:260 [19984] | INFO  | [MGPU Bridge] [MGPU][R101] CALIBRATOR mode=2 site=iat | slots=40 data-slots=0 modules=137 gpa-calls=205 | resolved=1 creates=1 sr-handle=known | evaluates=0 captured=0 | cost 0 ns/frame | eval-copies=0 eval-skips=0. || HOW TO READ IT. resolved=0 with evaluates=0 means no module asked for the entry point after we installed - either the title does not use DLSS, or it resolved before the addon loaded; the barrier path is untouched either way and is still what drives. sr-handle=UNFILTERED means we were not present for CreateFeature, so the table may be from frame generation rather than super sampling - check that render/display extents look like a supersampling pair before trusting it. MVEC here is the GAME'S answer to the question every round from R70 to R100 tried to infer; if it does not equal the handle the barrier probe armed on Dragon Sword, the probe was wrong on a title we believed, and THAT is the finding. have=0 bits name the keys this producer does not populate - Streamline and the raw SDK do not set the same subset, and the difference is a fact about the route, not a bug. MVLowRes IS DEFERRED OPTION 11 ANSWERED: 1 means the game's motion vectors are at RENDER resolution, 0 means display resolution, and we have been inferring that from buffer sizes since R83. Read it together with MVecScale - a low-res field with a display-sized scale is the shape that makes reprojection look almost right.
23:55:49:317 [19984] | INFO  | [MGPU Bridge] [MGPU][P9.1] META SRC mvec lane: 2 candidate(s), 37 ns/frame over 5412 frames. R72: RANKED AND SORTED BY RTV BINDS - how often each is RENDERED INTO, which is a per-frame usage signal. srvs is kept alongside as the old created over the resource. THIS DOES NOT IDENTIFY MOTION VECTORS - nothing in ReShade says which one they are - it says whether an MVec-shaped resource is visible from a subscriber at all. An empty list with a non-zero examined count is the result that says the NGX hook has to be earned or abandoned. root-descriptor SRV pushes=0 (zero here with a non-zero SRV count above means this engine binds through descriptor TABLES and push_descriptors is blind in it - a fact about the engine, not a fault). | #0 2560x1440 R16G16_FLOAT srvs=0 RTVBINDS=0 (0.00/frame) <-DISPLAY-EXTENT | #1 2560x1440 R16G16_FLOAT srvs=0 RTVBINDS=0 (0.00/frame) <-DISPLAY-EXTENT
23:55:49:317 [19984] | INFO  | [MGPU Bridge] [MGPU][R71] MVEC SIZES over ALL 2 candidate(s): 2560x1440 x2 | || TRANSPORT SOURCE res=0x0 (0 means not identified yet - it needs a display-extent candidate with render-target binds), handed to the transport 0 times, 0 second-binds-in-a-frame skipped. || EVICTIONS: 0 resources destroyed and removed from the tables (R76 - a resolution change destroys every render target, and a stale entry is a copy from freed memory). RTV BINDS SEEN IN TOTAL: 0. THE RANK ABOVE IS NOW RENDER TARGET BINDS, NOT SRV CREATIONS. R25 ranked by SRVs created, got 6/5/3/3, and called it "a candidate, not an identification" - that flatness was the SIGNAL being wrong, not the game. An SRV creation count is a LIFETIME number; a velocity buffer is RENDERED INTO once per frame, and RTVBINDS is that. THE EXTENT TO MATCH IS THE DISPLAY EXTENT 2560x1440, not the render extent: the game's own DLSS telemetry says ColorExtentHeight=936 with MVExtentWidth=2560 MVExtentHeight=1440, so this title feeds HIGH-RESOLUTION motion vectors. A single candidate marked <-DISPLAY-EXTENT with RTVBINDS close to the frame count is the velocity buffer. RTV BINDS SEEN = 0 with candidates present means THIS EVENT did not see it, and says nothing whatever about the other two. R81 retracted the sentence that used to sit here - it named optical flow and NGX hooking as the routes left, before anyone had read the event list. READ THE [R82]
23:55:49:317 [19984] | INFO  | [MGPU Bridge] [MGPU][R82] ACQUISITION SIGNALS - three of them, one run. || RTV VIEW TABLE: 0 of 128 entries. THAT IS THE DENOMINATOR R80 COULD NOT SEE - a bind count of zero against an empty table means nothing at all. || OMSetRenderTargets: fired=0 rtvs=0 | matched via OUR TABLE=0 | matched via get_resource_from_view=0 || BeginRenderPass: fired=0 targets=0 matched=0 || Barrier: fired=95589 resources=95589 matched=0, costing 554 ns/frame || NO CANDIDATE SEEN BY ANY OF THE THREE. | || HOW TO READ IT. via TABLE=0 while via get_resource_from_view is non-zero: the table was the whole bug and R76 through R81 were spent on a cache we never needed. BeginRenderPass fired while OMSetRenderTargets did not: this engine uses render passes and we were subscribed to the wrong event. Barrier matched with a per-frame count near the frame count: use THAT permanently - it needs no view, no table and no binding-path assumption, and 0x4->0xC0 (render_target -> shader_resource) is the moment AFTER the pass wrote, which is the correct moment to copy and is one the bind events cannot offer. NOTE THE STALENESS R78 DID NOT STATE: both bind events fire BEFORE the pass runs, so a copy taken there carries the PREVIOUS frame's vectors. All three silent with candidates present is the only reading that makes optical flow or NGX hooking the honest next step. Two of the barriers per frame on the published source are OURS.
23:55:49:720 [ 2816] | INFO  | [MGPU Bridge] [MGPU][T5] present loop alive: frame 9000 thread id 0xB00
23:55:51:128 [19984] | INFO  | [MGPU Bridge] [MGPU][R101] CALIBRATOR mode=2 site=iat | slots=40 data-slots=0 modules=137 gpa-calls=224 | resolved=1 creates=1 sr-handle=known | evaluates=0 captured=0 | cost 0 ns/frame | eval-copies=0 eval-skips=0. || HOW TO READ IT. resolved=0 with evaluates=0 means no module asked for the entry point after we installed - either the title does not use DLSS, or it resolved before the addon loaded; the barrier path is untouched either way and is still what drives. sr-handle=UNFILTERED means we were not present for CreateFeature, so the table may be from frame generation rather than super sampling - check that render/display extents look like a supersampling pair before trusting it. MVEC here is the GAME'S answer to the question every round from R70 to R100 tried to infer; if it does not equal the handle the barrier probe armed on Dragon Sword, the probe was wrong on a title we believed, and THAT is the finding. have=0 bits name the keys this producer does not populate - Streamline and the raw SDK do not set the same subset, and the difference is a fact about the route, not a bug. MVLowRes IS DEFERRED OPTION 11 ANSWERED: 1 means the game's motion vectors are at RENDER resolution, 0 means display resolution, and we have been inferring that from buffer sizes since R83. Read it together with MVecScale - a low-res field with a display-sized scale is the shape that makes reprojection look almost right.
23:55:52:318 [19984] | INFO  | [MGPU Bridge] [MGPU][P9.1] META SRC mvec lane: 2 candidate(s), 62 ns/frame over 5949 frames. R72: RANKED AND SORTED BY RTV BINDS - how often each is RENDERED INTO, which is a per-frame usage signal. srvs is kept alongside as the old created over the resource. THIS DOES NOT IDENTIFY MOTION VECTORS - nothing in ReShade says which one they are - it says whether an MVec-shaped resource is visible from a subscriber at all. An empty list with a non-zero examined count is the result that says the NGX hook has to be earned or abandoned. root-descriptor SRV pushes=0 (zero here with a non-zero SRV count above means this engine binds through descriptor TABLES and push_descriptors is blind in it - a fact about the engine, not a fault). | #0 2560x1440 R16G16_FLOAT srvs=0 RTVBINDS=0 (0.00/frame) <-DISPLAY-EXTENT | #1 2560x1440 R16G16_FLOAT srvs=0 RTVBINDS=0 (0.00/frame) <-DISPLAY-EXTENT
23:55:52:318 [19984] | INFO  | [MGPU Bridge] [MGPU][R71] MVEC SIZES over ALL 2 candidate(s): 2560x1440 x2 | || TRANSPORT SOURCE res=0x0 (0 means not identified yet - it needs a display-extent candidate with render-target binds), handed to the transport 0 times, 0 second-binds-in-a-frame skipped. || EVICTIONS: 0 resources destroyed and removed from the tables (R76 - a resolution change destroys every render target, and a stale entry is a copy from freed memory). RTV BINDS SEEN IN TOTAL: 0. THE RANK ABOVE IS NOW RENDER TARGET BINDS, NOT SRV CREATIONS. R25 ranked by SRVs created, got 6/5/3/3, and called it "a candidate, not an identification" - that flatness was the SIGNAL being wrong, not the game. An SRV creation count is a LIFETIME number; a velocity buffer is RENDERED INTO once per frame, and RTVBINDS is that. THE EXTENT TO MATCH IS THE DISPLAY EXTENT 2560x1440, not the render extent: the game's own DLSS telemetry says ColorExtentHeight=936 with MVExtentWidth=2560 MVExtentHeight=1440, so this title feeds HIGH-RESOLUTION motion vectors. A single candidate marked <-DISPLAY-EXTENT with RTVBINDS close to the frame count is the velocity buffer. RTV BINDS SEEN = 0 with candidates present means THIS EVENT did not see it, and says nothing whatever about the other two. R81 retracted the sentence that used to sit here - it named optical flow and NGX hooking as the routes left, before anyone had read the event list. READ THE [R82]
23:55:52:318 [19984] | INFO  | [MGPU Bridge] [MGPU][R82] ACQUISITION SIGNALS - three of them, one run. || RTV VIEW TABLE: 0 of 128 entries. THAT IS THE DENOMINATOR R80 COULD NOT SEE - a bind count of zero against an empty table means nothing at all. || OMSetRenderTargets: fired=0 rtvs=0 | matched via OUR TABLE=0 | matched via get_resource_from_view=0 || BeginRenderPass: fired=0 targets=0 matched=0 || Barrier: fired=134821 resources=134821 matched=0, costing 687 ns/frame || NO CANDIDATE SEEN BY ANY OF THE THREE. | || HOW TO READ IT. via TABLE=0 while via get_resource_from_view is non-zero: the table was the whole bug and R76 through R81 were spent on a cache we never needed. BeginRenderPass fired while OMSetRenderTargets did not: this engine uses render passes and we were subscribed to the wrong event. Barrier matched with a per-frame count near the frame count: use THAT permanently - it needs no view, no table and no binding-path assumption, and 0x4->0xC0 (render_target -> shader_resource) is the moment AFTER the pass wrote, which is the correct moment to copy and is one the bind events cannot offer. NOTE THE STALENESS R78 DID NOT STATE: both bind events fire BEFORE the pass runs, so a copy taken there carries the PREVIOUS frame's vectors. All three silent with candidates present is the only reading that makes optical flow or NGX hooking the honest next step. Two of the barriers per frame on the published source are OURS.
23:55:52:561 [19984] | INFO  | [MGPU Bridge] [MGPU][R101] CALIBRATOR mode=2 site=iat | slots=40 data-slots=0 modules=137 gpa-calls=224 | resolved=1 creates=1 sr-handle=known | evaluates=0 captured=0 | cost 0 ns/frame | eval-copies=0 eval-skips=0. || HOW TO READ IT. resolved=0 with evaluates=0 means no module asked for the entry point after we installed - either the title does not use DLSS, or it resolved before the addon loaded; the barrier path is untouched either way and is still what drives. sr-handle=UNFILTERED means we were not present for CreateFeature, so the table may be from frame generation rather than super sampling - check that render/display extents look like a supersampling pair before trusting it. MVEC here is the GAME'S answer to the question every round from R70 to R100 tried to infer; if it does not equal the handle the barrier probe armed on Dragon Sword, the probe was wrong on a title we believed, and THAT is the finding. have=0 bits name the keys this producer does not populate - Streamline and the raw SDK do not set the same subset, and the difference is a fact about the route, not a bug. MVLowRes IS DEFERRED OPTION 11 ANSWERED: 1 means the game's motion vectors are at RENDER resolution, 0 means display resolution, and we have been inferring that from buffer sizes since R83. Read it together with MVecScale - a low-res field with a display-sized scale is the shape that makes reprojection look almost right.
23:55:52:579 [ 2816] | INFO  | [MGPU Bridge] [MGPU][T5] present loop alive: frame 9600 thread id 0xB00
23:55:54:522 [19984] | INFO  | [MGPU Bridge] [MGPU][R101] CALIBRATOR mode=2 site=iat | slots=40 data-slots=0 modules=137 gpa-calls=261 | resolved=1 creates=1 sr-handle=known | evaluates=2 captured=2 | cost 2 ns/frame | eval-copies=2 eval-skips=0. || THE GAME'S OWN TABLE: color=0x1e3d59313d0 depth=0x1e30be773c0 MVEC=0x1e3d43fa420 output=0x1e3d5593970 | MVecScale 2560.0000,1440.0000 | jitter -0.3750,-0.0556 | Reset=0 | CreateFlags=0x3 -> DepthInverted=0 MVLowRes=1 MVJittered=0 IsHDR=1 AutoExposure=0 | quality=5 | render 2560x1440 -> display 2560x1440 | dynamic 0x0..0x0 | subrect 2560x1440 at color(0,0) depth(0,0) MV(0,0) out(0,0) | have=0xfff. || HOW TO READ IT. resolved=0 with evaluates=0 means no module asked for the entry point after we installed - either the title does not use DLSS, or it resolved before the addon loaded; the barrier path is untouched either way and is still what drives. sr-handle=UNFILTERED means we were not present for CreateFeature, so the table may be from frame generation rather than super sampling - check that render/display extents look like a supersampling pair before trusting it. MVEC here is the GAME'S answer to the question every round from R70 to R100 tried to infer; if it does not equal the handle the barrier probe armed on Dragon Sword, the probe was wrong on a title we believed, and THAT is the finding. have=0 bits name the keys this producer does not populate - Streamline and the raw SDK do not set the same subset, and the difference is a fact about the route, not a bug. MVLowRes IS DEFERRED OPTION 11 ANSWERED: 1 means the game's motion vectors are at RENDER resolution, 0 means display resolution, and we have been inferring that from buffer sizes since R83. Read it together with MVecScale - a low-res field with a display-sized scale is the shape that makes reprojection look almost right.
23:55:55:322 [19984] | INFO  | [MGPU Bridge] [MGPU][P9.1] META SRC mvec lane: 17 candidate(s), 68 ns/frame over 6492 frames. R72: RANKED AND SORTED BY RTV BINDS - how often each is RENDERED INTO, which is a per-frame usage signal. srvs is kept alongside as the old created over the resource. THIS DOES NOT IDENTIFY MOTION VECTORS - nothing in ReShade says which one they are - it says whether an MVec-shaped resource is visible from a subscriber at all. An empty list with a non-zero examined count is the result that says the NGX hook has to be earned or abandoned. root-descriptor SRV pushes=0 (zero here with a non-zero SRV count above means this engine binds through descriptor TABLES and push_descriptors is blind in it - a fact about the engine, not a fault). | #0 2560x1440 R16G16_FLOAT srvs=1 RTVBINDS=0 (0.00/frame) <-DISPLAY-EXTENT | #1 2560x1440 R16G16_FLOAT srvs=1 RTVBINDS=0 (0.00/frame) <-DISPLAY-EXTENT | #2 1280x720 R16G16_FLOAT srvs=1 RTVBINDS=0 (0.00/frame) | #3 1280x720 R16G16_FLOAT srvs=1 RTVBINDS=0 (0.00/frame) | #4 1280x720 R16G16_FLOAT srvs=1 RTVBINDS=0 (0.00/frame) | #5 1280x720 R16G16_FLOAT srvs=1 RTVBINDS=0 (0.00/frame) | #6 1280x720 R16G16_FLOAT srvs=1 RTVBINDS=0 (0.00/frame) | #7 2560x1440 R16G16_FLOAT srvs=1 RTVBINDS=0 (0.00/frame) <-DISPLAY-EXTENT
23:55:55:322 [19984] | INFO  | [MGPU Bridge] [MGPU][R71] MVEC SIZES over ALL 17 candidate(s): 2560x1440 x12 | 1280x720 x5 | || TRANSPORT SOURCE res=0x1e3d54f3d60 (0 means not identified yet - it needs a display-extent candidate with render-target binds), handed to the transport 0 times, 0 second-binds-in-a-frame skipped. || EVICTIONS: 0 resources destroyed and removed from the tables (R76 - a resolution change destroys every render target, and a stale entry is a copy from freed memory). RTV BINDS SEEN IN TOTAL: 0. THE RANK ABOVE IS NOW RENDER TARGET BINDS, NOT SRV CREATIONS. R25 ranked by SRVs created, got 6/5/3/3, and called it "a candidate, not an identification" - that flatness was the SIGNAL being wrong, not the game. An SRV creation count is a LIFETIME number; a velocity buffer is RENDERED INTO once per frame, and RTVBINDS is that. THE EXTENT TO MATCH IS THE DISPLAY EXTENT 2560x1440, not the render extent: the game's own DLSS telemetry says ColorExtentHeight=936 with MVExtentWidth=2560 MVExtentHeight=1440, so this title feeds HIGH-RESOLUTION motion vectors. A single candidate marked <-DISPLAY-EXTENT with RTVBINDS close to the frame count is the velocity buffer. RTV BINDS SEEN = 0 with candidates present means THIS EVENT did not see it, and says nothing whatever about the other two. R81 retracted the sentence that used to sit here - it named optical flow and NGX hooking as the routes left, before anyone had read the 
23:55:55:322 [19984] | INFO  | [MGPU Bridge] [MGPU][R82] ACQUISITION SIGNALS - three of them, one run. || RTV VIEW TABLE: 15 of 128 entries. THAT IS THE DENOMINATOR R80 COULD NOT SEE - a bind count of zero against an empty table means nothing at all. || OMSetRenderTargets: fired=0 rtvs=0 | matched via OUR TABLE=0 | matched via get_resource_from_view=0 || BeginRenderPass: fired=0 targets=0 matched=0 || Barrier: fired=149549 resources=149965 matched=61, costing 701 ns/frame || #0 2560x1440 rtv=0 rp=0 bar=2(0x8->0x40) | #1 2560x1440 rtv=0 rp=0 bar=2(0x40->0x8) | #2 1280x720 rtv=0 rp=0 bar=1(0xC0->0x4) | #3 1280x720 rtv=0 rp=0 bar=1(0xC0->0x4) | #4 1280x720 rtv=0 rp=0 bar=1(0xC0->0x4) | #5 1280x720 rtv=0 rp=0 bar=1(0xC0->0x4) | || HOW TO READ IT. via TABLE=0 while via get_resource_from_view is non-zero: the table was the whole bug and R76 through R81 were spent on a cache we never needed. BeginRenderPass fired while OMSetRenderTargets did not: this engine uses render passes and we were subscribed to the wrong event. Barrier matched with a per-frame count near the frame count: use THAT permanently - it needs no view, no table and no binding-path assumption, and 0x4->0xC0 (render_target -> shader_resource) is the moment AFTER the pass wrote, which is the correct moment to copy and is one the bind events cannot offer. NOTE THE STALENESS R78 DID NOT STATE: both bind events fire BEFORE the pass runs, so a copy taken there carries the PREVIOUS frame's vectors. All three silent with candidates present is the only reading that makes optical flow or NGX hooking the honest next step. Two of the barriers per frame on the published source are OURS.
23:55:55:427 [19984] | INFO  | Redirecting ID3D12Device::CreateCommandQueue(this = 000001E04F905780, pDesc = 00000086CBBFE468, riid = {0EC870A6-5D7E-4C22-8CFC-5BAAE07616ED}, ppCommandQueue = 00007FFDC90AE338) ...
23:55:55:428 [19984] | INFO  | > Dumping command queue description:
23:55:55:428 [19984] | INFO  |   +-----------------------------------------+-----------------------------------------+
23:55:55:428 [19984] | INFO  |   | Parameter                               | Value                                   |
23:55:55:428 [19984] | INFO  |   +-----------------------------------------+-----------------------------------------+
23:55:55:428 [19984] | INFO  |   | Type                                    | 0                                       |
23:55:55:428 [19984] | INFO  |   | Priority                                | 0                                       |
23:55:55:428 [19984] | INFO  |   | Flags                                   | 0                                       |
23:55:55:428 [19984] | INFO  |   | NodeMask                                | 0                                       |
23:55:55:428 [19984] | INFO  |   +-----------------------------------------+-----------------------------------------+
23:55:55:453 [19984] | INFO  | [MGPU Bridge] [MGPU][P2.2] GPU timestamps on GPU 1: query heap + GetTimestampFrequency hr=0x00000000 freq=1000000000 ticks/s -> ON. These are GPU time, not wall-clock; no cross-adapter clock is involved.
23:55:55:453 [19984] | INFO  | Redirecting ID3D12Device::CreateCommandQueue(this = 000001E04F905780, pDesc = 00000086CBBFE468, riid = {0EC870A6-5D7E-4C22-8CFC-5BAAE07616ED}, ppCommandQueue = 00007FFDC90AE370) ...
23:55:55:453 [19984] | INFO  | > Dumping command queue description:
23:55:55:453 [19984] | INFO  |   +-----------------------------------------+-----------------------------------------+
23:55:55:454 [19984] | INFO  |   | Parameter                               | Value                                   |
23:55:55:454 [19984] | INFO  |   +-----------------------------------------+-----------------------------------------+
23:55:55:454 [19984] | INFO  |   | Type                                    | 3                                       |
23:55:55:454 [19984] | INFO  |   | Priority                                | 0                                       |
23:55:55:454 [19984] | INFO  |   | Flags                                   | 0                                       |
23:55:55:454 [19984] | INFO  |   | NodeMask                                | 0                                       |
23:55:55:454 [19984] | INFO  |   +-----------------------------------------+-----------------------------------------+
23:55:55:461 [19984] | INFO  | [MGPU Bridge] [MGPU][R26] COPY QUEUE UP on GPU 1, MODE 2 (GPU-gated arrival, R28-B): TYPE_COPY queue + 2 allocators + 2 lists + a copy fence. Timestamps hr=0x00000000 freq=1000000000 ticks/s -> ON. THIS CLOCK IS NOT THE DIRECT QUEUE's (1000000000 ticks/s) and the two are never mixed; the P2.2 unpack bracket on the direct queue goes to roughly zero in this mode BY CONSTRUCTION, because the copy is no longer on that queue - it is not a saving until the R26 line in the summary says the copies actually overlapped.
23:55:55:461 [19984] | INFO  | [MGPU Bridge] [MGPU][P4.0] stream arm hr=0x00000000 source=2560x1440 fmt=24 rowPitch=10240 payload=14745600 slot=44237312 ring=6 heap=265486336 bytes. The heap is created on the GAME's device: its command list can only reference resources from the device that made it. | DEPTH mode=1 (TRANSPORTED AND BOUND) 2560x1440 fmt=41 pitch=10240 bytes=14745600 at slot offset 14746112, held 0 frame(s) waiting for ReShade to bind depth. Seal v3, 192 bytes. The depth region is sized from the RESOURCE at arm time, never written down: R30's 1664x936 was true of one resolution and R60 moved the source to output resolution anyway.
23:55:55:461 [19984] | INFO  | [MGPU Bridge] [MGPU][R78] MVEC ARM: mode=3 REAL, region 2560x1440 fmt=34 pitch=10240 bytes=14745600 at slot offset 29491712 of 44237312, held 6448 frame(s) waiting for the probe. THE COST IS ON THIS LINE: 14745600 bytes per frame added to the bus on top of colour and depth. The velocity target is at the DISPLAY extent on this title while colour renders at ~65% of it, so this region is LARGER than the colour payload (14745600 bytes) - that is the engine's choice and not a mistake in the sizing. If frametime moves in this run and MVec=0 is clean, the bus is where to look first.
23:55:55:467 [ 2816] | INFO  | [MGPU Bridge] [MGPU][P4.1] using the PRIVATE NR snippet at C:\Games\CONTROL - Ultimate Edition\mgpu\nvngx_dlssnr.dll - this module instance is ours alone, so the Init below is the FIRST one it has seen and NGX binds to the adapter we pass.
23:55:55:471 [ 2816] | INFO  | Redirecting CreateDXGIFactory1(riid = {7B7166EC-21C7-44AE-B21A-C9AE321AE369}, ppFactory = 00000086CD28BC80) ...
23:55:55:652 [ 2816] | INFO  | [MGPU Bridge] [MGPU][P4.1] Init: result=0x00000001 (Success)
23:55:55:780 [ 2816] | INFO  | [MGPU Bridge] [MGPU][P9.0] TITLE PROFILE exe="Control_DX12.exe" source=2560x1440 dxgi=24 nr_tex=24 in_tex=24 | game(24):rtv=1 uavstore=1 uavload=1 | rgba16f(10):rtv=1 uavstore=1 uavload=1 | rg32f(16):rtv=1 uavstore=1 uavload=1 | bound: Color=yes Output=yes MVec=synthetic Depth=no. Depth has never been bound on the stream path and MVec only as a control field - two of the four buffers Streamline registers as required. Grep P9.0 across titles for the format table.
23:55:55:780 [ 2816] | INFO  | [MGPU Bridge] [MGPU][P4.1] arm step 1: resetting the arm command allocator and list
23:55:55:781 [ 2816] | INFO  | [MGPU Bridge] [MGPU][P4.1] arm step 2: list open hr=0x00000000
23:55:55:781 [ 2816] | INFO  | [MGPU Bridge] [MGPU][V43] writing ArmCrashed=1 before entering NGX. If this launch dies in CreateFeature the key stays set and the next launch runs without NGX to clear the residue.
23:55:55:781 [ 2816] | INFO  | [MGPU Bridge] [MGPU][P7.2] mgpu.ini written: ArmCrashed=1 (replaced in place). THIS DOES NOT CHANGE THE RUNNING SESSION - the key is read at arm, so it takes effect on the next launch.
23:55:55:782 [ 2816] | INFO  | [MGPU Bridge] [MGPU][P4.1] arm step 3.1: entering CreateFeature(Reserved18) 2560x1440 - IF THIS IS THE LAST LINE, IT DIED INSIDE NGX
23:55:56:384 [ 2816] | INFO  | [MGPU Bridge] [MGPU][P4.1] CreateFeature(Reserved18) handle 1/2 2560x1440 fmt=24: result=0x00000001 (Success) handle=0x000001E2E06AC6E0 elapsed=603ms
23:55:56:385 [ 2816] | INFO  | [MGPU Bridge] [MGPU][P4.1] arm step 3.2: entering CreateFeature(Reserved18) 2560x1440 - IF THIS IS THE LAST LINE, IT DIED INSIDE NGX
23:55:56:481 [ 2816] | INFO  | [MGPU Bridge] [MGPU][P4.1] CreateFeature(Reserved18) handle 2/2 2560x1440 fmt=24: result=0x00000001 (Success) handle=0x000001E2E06AE310 elapsed=96ms
23:55:56:481 [ 2816] | INFO  | [MGPU Bridge] [MGPU][V43] CreateFeature returned - clearing ArmCrashed.
23:55:56:482 [ 2816] | INFO  | [MGPU Bridge] [MGPU][P7.2] mgpu.ini written: ArmCrashed=0 (replaced in place). THIS DOES NOT CHANGE THE RUNNING SESSION - the key is read at arm, so it takes effect on the next launch.
23:55:56:482 [ 2816] | INFO  | [MGPU Bridge] [MGPU][P4.1] arm step 4: closing the init list
23:55:56:482 [ 2816] | INFO  | [MGPU Bridge] [MGPU][P4.1] arm step 5: executing the init list and waiting on its fence
23:55:56:497 [ 2816] | INFO  | [MGPU Bridge] [MGPU][C2-SR] motion vectors are at the DISPLAY extent (2560x1440), which is what MVLowRes=0 means, so the flag stays OFF and MV_Scale is untouched. This is the DLAA / native-render case: the game is not upscaling, so its vectors cover the whole frame. R is ours from SRScale and the vectors are read as covering D, which is the truth.
23:55:56:498 [ 2816] | WARN  | [MGPU Bridge] [MGPU][C2-SR] THIS IS THE DLAA CASE. The game renders at native, so its render extent IS the display extent and there is nothing for SR to enlarge. SET SRScale - 50 or 67 - and R becomes ours to choose instead of inherited, which is what makes DLAA work: NR runs small and SR puts it back. That path needs the corrected MV scale and it is newer than the rest, so treat it as experimental.
23:55:56:498 [ 2816] | WARN  | [MGPU Bridge] [MGPU][C2-SR] render extent 2560x1440 is not SMALLER than the display extent 2560x1440, so there is nothing to upscale and nothing to save. SRUpscale off. This is what DLAA or a native-resolution preset looks like from here.
23:55:56:498 [ 2816] | INFO  | [MGPU Bridge] [MGPU][P7.1] resizing the present window - draining GPU 1. The producer is NOT paused, so expect one burst of DROPPED / REORDERED / STALE seals across the next few frames. That is this resize, not the transport; frames after it return to gap=1 OK.
23:55:56:499 [ 2816] | INFO  | Redirecting IDXGISwapChain::ResizeBuffers(this = 000001E05C8CBE80, BufferCount = 2, Width = 2560, Height = 1440, NewFormat = 24, SwapChainFlags = 0) ...
23:55:56:502 [ 2816] | INFO  | Destroyed runtime environment on runtime 000001E05C8CFCE0 ('C:\Games\CONTROL - Ultimate Edition\ReShade2.ini').
23:55:56:511 [ 2816] | INFO  | [MGPU Bridge] [MGPU][T2] init_swapchain (resize) luid=0x00000000-0x00015621 - swapchain-derived game luid 0x00000000-0x00013FE8 already established; not re-selecting
23:55:56:514 [ 2816] | INFO  | Recreated runtime environment on runtime 000001E05C8CFCE0 ('C:\Games\CONTROL - Ultimate Edition\ReShade2.ini').
23:55:56:514 [ 2816] | INFO  | [MGPU Bridge] [MGPU][P7.3] present chain resized: mode=fit source=2560x1440 fmt=24 -> window 3200x1800 at (-3200,-218), swapchain 2560x1440 fmt=24, monitor 3200x1800 at (-3200,-218). DXGI SCALES on presentation - the copy into the backbuffer is still 1:1 and nothing in this add-on resamples, but what reaches the panel has been stretched by the compositor. Say so in any capture.
23:55:56:539 [ 2816] | INFO  | [MGPU Bridge] [MGPU][R63] DEPTH TRANSPORT f=1 mode=1 (TRANSPORTED AND BOUND) | producer: valid=8 invalid=0 size-rejected=0, arm held 0 frame(s) | consumer: seals seen valid=1 invalid=0 contract mismatches=0 | region 2560x1440 fmt=41 pitch=10240 bytes=14745600 at slot offset 14746112 of 44237312. INVALID IS NOT AN ERROR: ReShade unbinds depth in menus and scene changes, and R61 established that shipping the zeros it leaves behind would hand the model a false flat plane. An invalid frame carries the colour and says so. WHAT WOULD BE AN ERROR is contract mismatches above zero, or valid staying at zero once you are in gameplay - that means the tap is not feeding us. 100.0% of sealed frames carried depth. | GPU 1: unpacked=2 bound=1 skipped=0, DepthInverted=1, flag disagreements=0 (the seal crossed the adapter and the slot flag did not, so any disagreement between them is real). BOUND vs SKIPPED IS THE R61 TEST: skipped counts frames where ReShade had no depth and the model was given NONE rather than the previous frame's - open a menu mid-stream and this must move.
23:55:56:539 [ 2816] | INFO  | [MGPU Bridge] [MGPU][R78] MVEC TRANSPORT f=1 mode=3 REAL | producer: copies=0 missing=8 size-rejected=0 lock-skipped=0, arm held 6448 frame(s) | consumer: seals seen valid=0 invalid=1 contract mismatches=0 flag disagreements=0 | region 2560x1440 fmt=34 pitch=10240 bytes=14745600 at slot offset 29491712 of 44237312 | GPU 1: unpacked=0 bound=0 skipped=1, scale=(1.000, 1.000). 0.0% of sealed frames carried vectors. COPIES IS THE ONE TO WATCH: it counts frames where the bind hook fired and a copy was recorded. If it stays at zero the probe published a handle nobody binds, and MVec never reaches the model whatever the rest of this line says. SKIPPED IS NOT AN ERROR - it counts frames with no vectors, which is what a menu looks like, and those frames are handed NONE rather than the last frame's motion.
23:55:56:539 [ 2816] | INFO  | [MGPU Bridge] [MGPU][R87] MVEC FRAME ALIGNMENT f=1 | evaluates=1 | elapsed 1=1 2=0 3=0 4=0 5=0 6=0 7=0 8+=0 | worst=1 | 100.00% at 1. A motion vector describes ONE game frame; NR reprojects by whatever it is handed. When the frame NR blends against is older than one, history lands SHORT by this factor - zero error at rest, growing with speed, and no constant MVecScale can fix it. The scale is multiplied by this per evaluate. IF THIS LINE IS FLAT AT 1 AND THE ARTEFACT IS UNCHANGED, PACING IS ELIMINATED and what remains is units or sign. P4.1's skipped-frame counter predicts about 99.5% at 1, so a materially lower figure here is a desync no counter has shown us.
23:55:56:539 [ 2816] | INFO  | [MGPU Bridge] [MGPU][P5.0] the bridge window is now showing the NEURAL OUTPUT - every pixel on screen is a pixel DLSS-NR produced on the second adapter - THE WHOLE of the 2560x1440 frame at 2560x1440, one CopyTextureRegion, no resampling in this add-on. The cycling colour returns when the stream ends.
23:55:56:543 [24748] | INFO  | Successfully compiled 'C:\Games\CONTROL - Ultimate Edition\reshade-shaders\Shaders\Daltonize.fx' in 0.001000 s.
23:55:56:543 [23644] | INFO  | Successfully compiled 'C:\Games\CONTROL - Ultimate Edition\reshade-shaders\Shaders\LUT.fx' in 0.001000 s.
23:55:56:543 [16812] | INFO  | Successfully compiled 'C:\Games\CONTROL - Ultimate Edition\reshade-shaders\Shaders\mgpu_depth_tap.fx' in 0.001000 s.
23:55:56:543 [17768] | INFO  | Successfully compiled 'C:\Games\CONTROL - Ultimate Edition\reshade-shaders\Shaders\UIMask.fx' in 0.001000 s.
23:55:56:544 [25436] | INFO  | Successfully compiled 'C:\Games\CONTROL - Ultimate Edition\reshade-shaders\Shaders\Deband.fx' in 0.001000 s.
23:55:56:544 [15352] | INFO  | Successfully compiled 'C:\Games\CONTROL - Ultimate Edition\reshade-shaders\Shaders\DisplayDepth.fx' in 0.001000 s.
23:55:56:549 [ 2816] | ERROR | [MGPU Bridge] [MGPU][SEAL] DROPPED f=5 gap=7 (last_new=4)
23:55:56:549 [ 2816] | ERROR | [MGPU Bridge] [MGPU][SEAL] REORDERED f=6: seal says 6, last seen 11
23:55:56:549 [ 2816] | ERROR | [MGPU Bridge] [MGPU][SEAL] REORDERED f=7: seal says 7, last seen 11
23:55:56:549 [ 2816] | ERROR | [MGPU Bridge] [MGPU][SEAL] REORDERED f=8: seal says 8, last seen 11
23:55:56:549 [ 2816] | ERROR | [MGPU Bridge] [MGPU][SEAL] REORDERED f=9: seal says 9, last seen 11
23:55:56:573 [ 2816] | ERROR | [MGPU Bridge] [MGPU][SEAL] REORDERED f=10: seal says 10, last seen 11
23:55:56:576 [ 2816] | ERROR | [MGPU Bridge] [MGPU][SEAL] DROPPED f=11 gap=6 (last_new=11)
23:55:56:576 [ 2816] | ERROR | [MGPU Bridge] [MGPU][SEAL] REORDERED f=12: seal says 12, last seen 17
23:55:56:576 [ 2816] | ERROR | [MGPU Bridge] [MGPU][SEAL] REORDERED f=13: seal says 13, last seen 17
23:55:56:576 [ 2816] | ERROR | [MGPU Bridge] [MGPU][SEAL] REORDERED f=14: seal says 14, last seen 17
23:55:56:576 [ 2816] | ERROR | [MGPU Bridge] [MGPU][SEAL] REORDERED f=15: seal says 15, last seen 17
23:55:56:596 [ 2816] | ERROR | [MGPU Bridge] [MGPU][SEAL] REORDERED f=16: seal says 16, last seen 17
23:55:56:597 [ 2816] | ERROR | [MGPU Bridge] [MGPU][SEAL] STALE f=17: the slot still holds seal 17. The fence said frame 17 had landed and it had not.
23:55:56:621 [ 2816] | ERROR | [MGPU Bridge] [MGPU][SEAL] DROPPED f=22 gap=7 (last_new=21)
23:55:56:621 [ 2816] | ERROR | [MGPU Bridge] [MGPU][SEAL] REORDERED f=23: seal says 23, last seen 28
23:55:56:621 [ 2816] | ERROR | [MGPU Bridge] [MGPU][SEAL] REORDERED f=24: seal says 24, last seen 28
23:55:56:622 [ 2816] | ERROR | [MGPU Bridge] [MGPU][SEAL] REORDERED f=25: seal says 25, last seen 28
23:55:56:622 [ 2816] | ERROR | [MGPU Bridge] [MGPU][SEAL] REORDERED f=26: seal says 26, last seen 28
23:55:56:645 [ 2816] | ERROR | [MGPU Bridge] [MGPU][SEAL] REORDERED f=27: seal says 27, last seen 28
23:55:56:645 [ 2816] | ERROR | [MGPU Bridge] [MGPU][SEAL] DROPPED f=28 gap=6 (last_new=28)
23:55:56:647 [ 2816] | ERROR | [MGPU Bridge] [MGPU][SEAL] REORDERED f=29: seal says 29, last seen 34
23:55:56:647 [ 2816] | ERROR | [MGPU Bridge] [MGPU][SEAL] REORDERED f=30: seal says 30, last seen 34
23:55:56:647 [ 2816] | ERROR | [MGPU Bridge] [MGPU][SEAL] REORDERED f=31: seal says 31, last seen 34
23:55:56:647 [ 2816] | ERROR | [MGPU Bridge] [MGPU][SEAL] REORDERED f=32: seal says 32, last seen 34
23:55:56:668 [ 2816] | ERROR | [MGPU Bridge] [MGPU][SEAL] REORDERED f=33: seal says 33, last seen 34
23:55:56:670 [ 2816] | ERROR | [MGPU Bridge] [MGPU][SEAL] STALE f=34: the slot still holds seal 34. The fence said frame 34 had landed and it had not.
23:55:56:741 [ 2816] | ERROR | [MGPU Bridge] [MGPU][SEAL] DROPPED f=50 gap=7 (last_new=49)
23:55:56:766 [ 2816] | ERROR | [MGPU Bridge] [MGPU][SEAL] DROPPED f=57 gap=6 (last_new=57)
23:55:56:793 [ 2816] | ERROR | [MGPU Bridge] [MGPU][SEAL] DROPPED f=63 gap=6 (last_new=63)
23:55:56:819 [ 2816] | INFO  | [MGPU Bridge] [MGPU][T5] present loop alive: frame 10200 thread id 0xB00
23:55:56:821 [ 2816] | ERROR | [MGPU Bridge] [MGPU][SEAL] DROPPED f=70 gap=7 (last_new=69)
23:55:56:847 [ 2816] | ERROR | [MGPU Bridge] [MGPU][SEAL] DROPPED f=76 gap=6 (last_new=76)
23:55:56:872 [ 2816] | ERROR | [MGPU Bridge] [MGPU][SEAL] DROPPED f=82 gap=6 (last_new=82)
23:55:56:894 [ 2816] | ERROR | [MGPU Bridge] [MGPU][SEAL] STALE f=88: the slot still holds seal 88. The fence said frame 88 had landed and it had not.
23:55:56:906 [19984] | INFO  | [MGPU Bridge] [MGPU][R101] CALIBRATOR mode=2 site=iat | slots=40 data-slots=0 modules=137 gpa-calls=271 | resolved=1 creates=1 sr-handle=known | evaluates=2 captured=2 | cost 2 ns/frame | eval-copies=2 eval-skips=0. || THE GAME'S OWN TABLE: color=0x1e3d59313d0 depth=0x1e30be773c0 MVEC=0x1e3d43fa420 output=0x1e3d5593970 | MVecScale 2560.0000,1440.0000 | jitter -0.3750,-0.0556 | Reset=0 | CreateFlags=0x3 -> DepthInverted=0 MVLowRes=1 MVJittered=0 IsHDR=1 AutoExposure=0 | quality=5 | render 2560x1440 -> display 2560x1440 | dynamic 0x0..0x0 | subrect 2560x1440 at color(0,0) depth(0,0) MV(0,0) out(0,0) | have=0xfff. || HOW TO READ IT. resolved=0 with evaluates=0 means no module asked for the entry point after we installed - either the title does not use DLSS, or it resolved before the addon loaded; the barrier path is untouched either way and is still what drives. sr-handle=UNFILTERED means we were not present for CreateFeature, so the table may be from frame generation rather than super sampling - check that render/display extents look like a supersampling pair before trusting it. MVEC here is the GAME'S answer to the question every round from R70 to R100 tried to infer; if it does not equal the handle the barrier probe armed on Dragon Sword, the probe was wrong on a title we believed, and THAT is the finding. have=0 bits name the keys this producer does not populate - Streamline and the raw SDK do not set the same subset, and the difference is a fact about the route, not a bug. MVLowRes IS DEFERRED OPTION 11 ANSWERED: 1 means the game's motion vectors are at RENDER resolution, 0 means display resolution, and we have been inferring that from buffer sizes since R83. Read it together with MVecScale - a low-res field with a display-sized scale is the shape that makes reprojection look almost right.
23:55:56:940 [ 2816] | ERROR | [MGPU Bridge] [MGPU][SEAL] DROPPED f=98 gap=7 (last_new=97)
23:55:56:963 [ 2816] | ERROR | [MGPU Bridge] [MGPU][SEAL] DROPPED f=104 gap=6 (last_new=104)
23:55:56:988 [ 2816] | ERROR | [MGPU Bridge] [MGPU][SEAL] STALE f=110: the slot still holds seal 110. The fence said frame 110 had landed and it had not.
23:55:57:013 [ 2816] | ERROR | [MGPU Bridge] [MGPU][SEAL] DROPPED f=116 gap=7 (last_new=115)
23:55:57:014 [ 2816] | INFO  | [MGPU Bridge] [MGPU][SEAL] new f=122 slot=1 gap=7 lat=1.76ms pitch=10240 fmt=24 bytes=14745600 bc=0(unimplemented) OK
23:55:57:041 [ 2816] | ERROR | [MGPU Bridge] [MGPU][SEAL] DROPPED f=122 gap=6 (last_new=122)
23:55:57:064 [ 2816] | ERROR | [MGPU Bridge] [MGPU][SEAL] DROPPED f=128 gap=6 (last_new=128)
23:55:57:087 [ 2816] | ERROR | [MGPU Bridge] [MGPU][SEAL] STALE f=134: the slot still holds seal 134. The fence said frame 134 had landed and it had not.
23:55:57:132 [ 2816] | ERROR | [MGPU Bridge] [MGPU][SEAL] DROPPED f=144 gap=7 (last_new=143)
23:55:57:157 [ 2816] | ERROR | [MGPU Bridge] [MGPU][SEAL] DROPPED f=150 gap=6 (last_new=150)
23:55:57:186 [ 2816] | ERROR | [MGPU Bridge] [MGPU][SEAL] DROPPED f=157 gap=7 (last_new=156)
23:55:57:208 [ 2816] | ERROR | [MGPU Bridge] [MGPU][SEAL] STALE f=163: the slot still holds seal 163. The fence said frame 163 had landed and it had not.
23:55:57:231 [ 2816] | ERROR | [MGPU Bridge] [MGPU][SEAL] DROPPED f=168 gap=7 (last_new=167)
23:55:57:255 [ 2816] | ERROR | [MGPU Bridge] [MGPU][SEAL] STALE f=174: the slot still holds seal 174. The fence said frame 174 had landed and it had not.
23:55:57:280 [ 2816] | ERROR | [MGPU Bridge] [MGPU][SEAL] DROPPED f=180 gap=7 (last_new=179)
23:55:57:302 [ 2816] | ERROR | [MGPU Bridge] [MGPU][SEAL] STALE f=186: the slot still holds seal 186. The fence said frame 186 had landed and it had not.
23:55:57:498 [ 2816] | ERROR | [MGPU Bridge] [MGPU][SEAL] STALE f=233: the slot still holds seal 233. The fence said frame 233 had landed and it had not.
23:55:57:775 [ 2816] | INFO  | [MGPU Bridge] [MGPU][R63] DEPTH TRANSPORT f=301 mode=1 (TRANSPORTED AND BOUND) | producer: valid=304 invalid=0 size-rejected=0, arm held 0 frame(s) | consumer: seals seen valid=279 invalid=0 contract mismatches=0 | region 2560x1440 fmt=41 pitch=10240 bytes=14745600 at slot offset 14746112 of 44237312. INVALID IS NOT AN ERROR: ReShade unbinds depth in menus and scene changes, and R61 established that shipping the zeros it leaves behind would hand the model a false flat plane. An invalid frame carries the colour and says so. WHAT WOULD BE AN ERROR is contract mismatches above zero, or valid staying at zero once you are in gameplay - that means the tap is not feeding us. 100.0% of sealed frames carried depth. | GPU 1: unpacked=102 bound=51 skipped=0, DepthInverted=1, flag disagreements=0 (the seal crossed the adapter and the slot flag did not, so any disagreement between them is real). BOUND vs SKIPPED IS THE R61 TEST: skipped counts frames where ReShade had no depth and the model was given NONE rather than the previous frame's - open a menu mid-stream and this must move.
23:55:57:777 [ 2816] | INFO  | [MGPU Bridge] [MGPU][R78] MVEC TRANSPORT f=301 mode=3 REAL | producer: copies=0 missing=304 size-rejected=0 lock-skipped=0, arm held 6448 frame(s) | consumer: seals seen valid=0 invalid=279 contract mismatches=0 flag disagreements=0 | region 2560x1440 fmt=34 pitch=10240 bytes=14745600 at slot offset 29491712 of 44237312 | GPU 1: unpacked=0 bound=0 skipped=51, scale=(1.000, 1.000). 0.0% of sealed frames carried vectors. COPIES IS THE ONE TO WATCH: it counts frames where the bind hook fired and a copy was recorded. If it stays at zero the probe published a handle nobody binds, and MVec never reaches the model whatever the rest of this line says. SKIPPED IS NOT AN ERROR - it counts frames with no vectors, which is what a menu looks like, and those frames are handed NONE rather than the last frame's motion.
23:55:57:777 [ 2816] | INFO  | [MGPU Bridge] [MGPU][R87] MVEC FRAME ALIGNMENT f=301 | evaluates=51 | elapsed 1=1 2=2 3=1 4=1 5=13 6=17 7=11 8+=5 | worst=9 | 1.96% at 1. A motion vector describes ONE game frame; NR reprojects by whatever it is handed. When the frame NR blends against is older than one, history lands SHORT by this factor - zero error at rest, growing with speed, and no constant MVecScale can fix it. The scale is multiplied by this per evaluate. IF THIS LINE IS FLAT AT 1 AND THE ARTEFACT IS UNCHANGED, PACING IS ELIMINATED and what remains is units or sign. P4.1's skipped-frame counter predicts about 99.5% at 1, so a materially lower figure here is a desync no counter has shown us.
23:55:57:855 [ 2816] | ERROR | [MGPU Bridge] [MGPU][SEAL] STALE f=318: the slot still holds seal 318. The fence said frame 318 had landed and it had not.
23:55:58:002 [ 2816] | ERROR | [MGPU Bridge] [MGPU][SEAL] STALE f=353: the slot still holds seal 353. The fence said frame 353 had landed and it had not.
23:55:58:152 [19984] | INFO  | [MGPU Bridge] [MGPU][R101] CALIBRATOR mode=2 site=iat | slots=40 data-slots=0 modules=137 gpa-calls=271 | resolved=1 creates=1 sr-handle=known | evaluates=2 captured=2 | cost 2 ns/frame | eval-copies=2 eval-skips=0. || THE GAME'S OWN TABLE: color=0x1e3d59313d0 depth=0x1e30be773c0 MVEC=0x1e3d43fa420 output=0x1e3d5593970 | MVecScale 2560.0000,1440.0000 | jitter -0.3750,-0.0556 | Reset=0 | CreateFlags=0x3 -> DepthInverted=0 MVLowRes=1 MVJittered=0 IsHDR=1 AutoExposure=0 | quality=5 | render 2560x1440 -> display 2560x1440 | dynamic 0x0..0x0 | subrect 2560x1440 at color(0,0) depth(0,0) MV(0,0) out(0,0) | have=0xfff. || HOW TO READ IT. resolved=0 with evaluates=0 means no module asked for the entry point after we installed - either the title does not use DLSS, or it resolved before the addon loaded; the barrier path is untouched either way and is still what drives. sr-handle=UNFILTERED means we were not present for CreateFeature, so the table may be from frame generation rather than super sampling - check that render/display extents look like a supersampling pair before trusting it. MVEC here is the GAME'S answer to the question every round from R70 to R100 tried to infer; if it does not equal the handle the barrier probe armed on Dragon Sword, the probe was wrong on a title we believed, and THAT is the finding. have=0 bits name the keys this producer does not populate - Streamline and the raw SDK do not set the same subset, and the difference is a fact about the route, not a bug. MVLowRes IS DEFERRED OPTION 11 ANSWERED: 1 means the game's motion vectors are at RENDER resolution, 0 means display resolution, and we have been inferring that from buffer sizes since R83. Read it together with MVecScale - a low-res field with a display-sized scale is the shape that makes reprojection look almost right.
23:55:58:295 [ 2816] | INFO  | [MGPU Bridge] [MGPU][SEAL] new f=427 slot=0 gap=1 lat=10.07ms pitch=10240 fmt=24 bytes=14745600 bc=0(unimplemented) OK
23:55:58:324 [19984] | INFO  | [MGPU Bridge] [MGPU][P9.1] META SRC mvec lane: 17 candidate(s), 66 ns/frame over 6941 frames. R72: RANKED AND SORTED BY RTV BINDS - how often each is RENDERED INTO, which is a per-frame usage signal. srvs is kept alongside as the old created over the resource. THIS DOES NOT IDENTIFY MOTION VECTORS - nothing in ReShade says which one they are - it says whether an MVec-shaped resource is visible from a subscriber at all. An empty list with a non-zero examined count is the result that says the NGX hook has to be earned or abandoned. root-descriptor SRV pushes=0 (zero here with a non-zero SRV count above means this engine binds through descriptor TABLES and push_descriptors is blind in it - a fact about the engine, not a fault). | #0 2560x1440 R16G16_FLOAT srvs=1 RTVBINDS=0 (0.00/frame) <-DISPLAY-EXTENT | #1 2560x1440 R16G16_FLOAT srvs=1 RTVBINDS=0 (0.00/frame) <-DISPLAY-EXTENT | #2 1280x720 R16G16_FLOAT srvs=1 RTVBINDS=0 (0.00/frame) | #3 1280x720 R16G16_FLOAT srvs=1 RTVBINDS=0 (0.00/frame) | #4 1280x720 R16G16_FLOAT srvs=1 RTVBINDS=0 (0.00/frame) | #5 1280x720 R16G16_FLOAT srvs=1 RTVBINDS=0 (0.00/frame) | #6 1280x720 R16G16_FLOAT srvs=1 RTVBINDS=0 (0.00/frame) | #7 2560x1440 R16G16_FLOAT srvs=1 RTVBINDS=0 (0.00/frame) <-DISPLAY-EXTENT
23:55:58:324 [19984] | INFO  | [MGPU Bridge] [MGPU][R71] MVEC SIZES over ALL 17 candidate(s): 2560x1440 x12 | 1280x720 x5 | || TRANSPORT SOURCE res=0x1e3d54f3d60 (0 means not identified yet - it needs a display-extent candidate with render-target binds), handed to the transport 0 times, 0 second-binds-in-a-frame skipped. || EVICTIONS: 0 resources destroyed and removed from the tables (R76 - a resolution change destroys every render target, and a stale entry is a copy from freed memory). RTV BINDS SEEN IN TOTAL: 0. THE RANK ABOVE IS NOW RENDER TARGET BINDS, NOT SRV CREATIONS. R25 ranked by SRVs created, got 6/5/3/3, and called it "a candidate, not an identification" - that flatness was the SIGNAL being wrong, not the game. An SRV creation count is a LIFETIME number; a velocity buffer is RENDERED INTO once per frame, and RTVBINDS is that. THE EXTENT TO MATCH IS THE DISPLAY EXTENT 2560x1440, not the render extent: the game's own DLSS telemetry says ColorExtentHeight=936 with MVExtentWidth=2560 MVExtentHeight=1440, so this title feeds HIGH-RESOLUTION motion vectors. A single candidate marked <-DISPLAY-EXTENT with RTVBINDS close to the frame count is the velocity buffer. RTV BINDS SEEN = 0 with candidates present means THIS EVENT did not see it, and says nothing whatever about the other two. R81 retracted the sentence that used to sit here - it named optical flow and NGX hooking as the routes left, before anyone had read the 
23:55:58:324 [19984] | INFO  | [MGPU Bridge] [MGPU][R82] ACQUISITION SIGNALS - three of them, one run. || RTV VIEW TABLE: 15 of 128 entries. THAT IS THE DENOMINATOR R80 COULD NOT SEE - a bind count of zero against an empty table means nothing at all. || OMSetRenderTargets: fired=0 rtvs=0 | matched via OUR TABLE=0 | matched via get_resource_from_view=0 || BeginRenderPass: fired=0 targets=0 matched=0 || Barrier: fired=159671 resources=158903 matched=61, costing 703 ns/frame || #0 2560x1440 rtv=0 rp=0 bar=2(0x8->0x40) | #1 2560x1440 rtv=0 rp=0 bar=2(0x40->0x8) | #2 1280x720 rtv=0 rp=0 bar=1(0xC0->0x4) | #3 1280x720 rtv=0 rp=0 bar=1(0xC0->0x4) | #4 1280x720 rtv=0 rp=0 bar=1(0xC0->0x4) | #5 1280x720 rtv=0 rp=0 bar=1(0xC0->0x4) | || HOW TO READ IT. via TABLE=0 while via get_resource_from_view is non-zero: the table was the whole bug and R76 through R81 were spent on a cache we never needed. BeginRenderPass fired while OMSetRenderTargets did not: this engine uses render passes and we were subscribed to the wrong event. Barrier matched with a per-frame count near the frame count: use THAT permanently - it needs no view, no table and no binding-path assumption, and 0x4->0xC0 (render_target -> shader_resource) is the moment AFTER the pass wrote, which is the correct moment to copy and is one the bind events cannot offer. NOTE THE STALENESS R78 DID NOT STATE: both bind events fire BEFORE the pass runs, so a copy taken there carries the PREVIOUS frame's vectors. All three silent with candidates present is the only reading that makes optical flow or NGX hooking the honest next step. Two of the barriers per frame on the published source are OURS.
23:55:58:559 [ 2816] | INFO  | [MGPU Bridge] [MGPU][SEAL] new f=488 slot=1 gap=1 lat=20.22ms pitch=10240 fmt=24 bytes=14745600 bc=0(unimplemented) OK
23:55:59:020 [ 2816] | INFO  | [MGPU Bridge] [MGPU][R63] DEPTH TRANSPORT f=601 mode=1 (TRANSPORTED AND BOUND) | producer: valid=603 invalid=0 size-rejected=0, arm held 0 frame(s) | consumer: seals seen valid=543 invalid=0 contract mismatches=0 | region 2560x1440 fmt=41 pitch=10240 bytes=14745600 at slot offset 14746112 of 44237312. INVALID IS NOT AN ERROR: ReShade unbinds depth in menus and scene changes, and R61 established that shipping the zeros it leaves behind would hand the model a false flat plane. An invalid frame carries the colour and says so. WHAT WOULD BE AN ERROR is contract mismatches above zero, or valid staying at zero once you are in gameplay - that means the tap is not feeding us. 100.0% of sealed frames carried depth. | GPU 1: unpacked=204 bound=102 skipped=0, DepthInverted=1, flag disagreements=0 (the seal crossed the adapter and the slot flag did not, so any disagreement between them is real). BOUND vs SKIPPED IS THE R61 TEST: skipped counts frames where ReShade had no depth and the model was given NONE rather than the previous frame's - open a menu mid-stream and this must move.
23:55:59:021 [ 2816] | INFO  | [MGPU Bridge] [MGPU][R78] MVEC TRANSPORT f=601 mode=3 REAL | producer: copies=0 missing=603 size-rejected=0 lock-skipped=0, arm held 6448 frame(s) | consumer: seals seen valid=0 invalid=543 contract mismatches=0 flag disagreements=0 | region 2560x1440 fmt=34 pitch=10240 bytes=14745600 at slot offset 29491712 of 44237312 | GPU 1: unpacked=0 bound=0 skipped=102, scale=(1.000, 1.000). 0.0% of sealed frames carried vectors. COPIES IS THE ONE TO WATCH: it counts frames where the bind hook fired and a copy was recorded. If it stays at zero the probe published a handle nobody binds, and MVec never reaches the model whatever the rest of this line says. SKIPPED IS NOT AN ERROR - it counts frames with no vectors, which is what a menu looks like, and those frames are handed NONE rather than the last frame's motion.
23:55:59:021 [ 2816] | INFO  | [MGPU Bridge] [MGPU][R87] MVEC FRAME ALIGNMENT f=601 | evaluates=102 | elapsed 1=1 2=2 3=1 4=1 5=30 6=41 7=21 8+=5 | worst=9 | 0.98% at 1. A motion vector describes ONE game frame; NR reprojects by whatever it is handed. When the frame NR blends against is older than one, history lands SHORT by this factor - zero error at rest, growing with speed, and no constant MVecScale can fix it. The scale is multiplied by this per evaluate. IF THIS LINE IS FLAT AT 1 AND THE ARTEFACT IS UNCHANGED, PACING IS ELIMINATED and what remains is units or sign. P4.1's skipped-frame counter predicts about 99.5% at 1, so a materially lower figure here is a desync no counter has shown us.
23:55:59:067 [ 2816] | INFO  | [MGPU Bridge] [MGPU][SEAL] new f=610 slot=3 gap=1 lat=19.75ms pitch=10240 fmt=24 bytes=14745600 bc=0(unimplemented) OK
23:55:59:402 [19984] | INFO  | [MGPU Bridge] [MGPU][R101] CALIBRATOR mode=2 site=iat | slots=40 data-slots=0 modules=137 gpa-calls=271 | resolved=1 creates=1 sr-handle=known | evaluates=2 captured=2 | cost 2 ns/frame | eval-copies=2 eval-skips=0. || THE GAME'S OWN TABLE: color=0x1e3d59313d0 depth=0x1e30be773c0 MVEC=0x1e3d43fa420 output=0x1e3d5593970 | MVecScale 2560.0000,1440.0000 | jitter -0.3750,-0.0556 | Reset=0 | CreateFlags=0x3 -> DepthInverted=0 MVLowRes=1 MVJittered=0 IsHDR=1 AutoExposure=0 | quality=5 | render 2560x1440 -> display 2560x1440 | dynamic 0x0..0x0 | subrect 2560x1440 at color(0,0) depth(0,0) MV(0,0) out(0,0) | have=0xfff. || HOW TO READ IT. resolved=0 with evaluates=0 means no module asked for the entry point after we installed - either the title does not use DLSS, or it resolved before the addon loaded; the barrier path is untouched either way and is still what drives. sr-handle=UNFILTERED means we were not present for CreateFeature, so the table may be from frame generation rather than super sampling - check that render/display extents look like a supersampling pair before trusting it. MVEC here is the GAME'S answer to the question every round from R70 to R100 tried to infer; if it does not equal the handle the barrier probe armed on Dragon Sword, the probe was wrong on a title we believed, and THAT is the finding. have=0 bits name the keys this producer does not populate - Streamline and the raw SDK do not set the same subset, and the difference is a fact about the route, not a bug. MVLowRes IS DEFERRED OPTION 11 ANSWERED: 1 means the game's motion vectors are at RENDER resolution, 0 means display resolution, and we have been inferring that from buffer sizes since R83. Read it together with MVecScale - a low-res field with a display-sized scale is the shape that makes reprojection look almost right.
23:55:59:568 [ 2816] | INFO  | [MGPU Bridge] [MGPU][SEAL] new f=732 slot=5 gap=1 lat=10.71ms pitch=10240 fmt=24 bytes=14745600 bc=0(unimplemented) OK
23:55:59:875 [ 2816] | INFO  | [MGPU Bridge] [MGPU][R105] MVecScale NOW READ, NOT TYPED: ini said 1.0000,1.0000 - the game says 2560.0000,1440.0000 (MVLowRes=1). If those differ, the ini was wrong and this is the fix; the ini value is still what gets used on any title where the calibrator does not resolve.
23:56:00:017 [ 2816] | INFO  | [MGPU Bridge] [MGPU][SEAL] new f=793 slot=0 gap=1 lat=101.67ms pitch=10240 fmt=24 bytes=14745600 bc=0(unimplemented) OK
23:56:01:344 [19984] | INFO  | [MGPU Bridge] [MGPU][P9.1] META SRC mvec lane: 17 candidate(s), 65 ns/frame over 7345 frames. R72: RANKED AND SORTED BY RTV BINDS - how often each is RENDERED INTO, which is a per-frame usage signal. srvs is kept alongside as the old created over the resource. THIS DOES NOT IDENTIFY MOTION VECTORS - nothing in ReShade says which one they are - it says whether an MVec-shaped resource is visible from a subscriber at all. An empty list with a non-zero examined count is the result that says the NGX hook has to be earned or abandoned. root-descriptor SRV pushes=0 (zero here with a non-zero SRV count above means this engine binds through descriptor TABLES and push_descriptors is blind in it - a fact about the engine, not a fault). | #0 2560x1440 R16G16_FLOAT srvs=1 RTVBINDS=0 (0.00/frame) <-DISPLAY-EXTENT | #1 2560x1440 R16G16_FLOAT srvs=1 RTVBINDS=0 (0.00/frame) <-DISPLAY-EXTENT | #2 1280x720 R16G16_FLOAT srvs=1 RTVBINDS=0 (0.00/frame) | #3 1280x720 R16G16_FLOAT srvs=1 RTVBINDS=0 (0.00/frame) | #4 1280x720 R16G16_FLOAT srvs=1 RTVBINDS=0 (0.00/frame) | #5 1280x720 R16G16_FLOAT srvs=1 RTVBINDS=0 (0.00/frame) | #6 1280x720 R16G16_FLOAT srvs=1 RTVBINDS=0 (0.00/frame) | #7 2560x1440 R16G16_FLOAT srvs=1 RTVBINDS=0 (0.00/frame) <-DISPLAY-EXTENT
23:56:01:344 [19984] | INFO  | [MGPU Bridge] [MGPU][R71] MVEC SIZES over ALL 17 candidate(s): 2560x1440 x12 | 1280x720 x5 | || TRANSPORT SOURCE res=0x1e3d54f3d60 (0 means not identified yet - it needs a display-extent candidate with render-target binds), handed to the transport 0 times, 0 second-binds-in-a-frame skipped. || EVICTIONS: 0 resources destroyed and removed from the tables (R76 - a resolution change destroys every render target, and a stale entry is a copy from freed memory). RTV BINDS SEEN IN TOTAL: 0. THE RANK ABOVE IS NOW RENDER TARGET BINDS, NOT SRV CREATIONS. R25 ranked by SRVs created, got 6/5/3/3, and called it "a candidate, not an identification" - that flatness was the SIGNAL being wrong, not the game. An SRV creation count is a LIFETIME number; a velocity buffer is RENDERED INTO once per frame, and RTVBINDS is that. THE EXTENT TO MATCH IS THE DISPLAY EXTENT 2560x1440, not the render extent: the game's own DLSS telemetry says ColorExtentHeight=936 with MVExtentWidth=2560 MVExtentHeight=1440, so this title feeds HIGH-RESOLUTION motion vectors. A single candidate marked <-DISPLAY-EXTENT with RTVBINDS close to the frame count is the velocity buffer. RTV BINDS SEEN = 0 with candidates present means THIS EVENT did not see it, and says nothing whatever about the other two. R81 retracted the sentence that used to sit here - it named optical flow and NGX hooking as the routes left, before anyone had read the 
23:56:01:344 [19984] | INFO  | [MGPU Bridge] [MGPU][R82] ACQUISITION SIGNALS - three of them, one run. || RTV VIEW TABLE: 15 of 128 entries. THAT IS THE DENOMINATOR R80 COULD NOT SEE - a bind count of zero against an empty table means nothing at all. || OMSetRenderTargets: fired=0 rtvs=0 | matched via OUR TABLE=0 | matched via get_resource_from_view=0 || BeginRenderPass: fired=0 targets=0 matched=0 || Barrier: fired=196612 resources=206664 matched=1465, costing 831 ns/frame || #0 2560x1440 rtv=0 rp=0 bar=54(0x8->0x40) | #1 2560x1440 rtv=0 rp=0 bar=54(0x40->0x8) | #2 1280x720 rtv=0 rp=0 bar=1(0xC0->0x4) | #3 1280x720 rtv=0 rp=0 bar=1(0xC0->0x4) | #4 1280x720 rtv=0 rp=0 bar=1(0xC0->0x4) | #5 1280x720 rtv=0 rp=0 bar=1(0xC0->0x4) | || HOW TO READ IT. via TABLE=0 while via get_resource_from_view is non-zero: the table was the whole bug and R76 through R81 were spent on a cache we never needed. BeginRenderPass fired while OMSetRenderTargets did not: this engine uses render passes and we were subscribed to the wrong event. Barrier matched with a per-frame count near the frame count: use THAT permanently - it needs no view, no table and no binding-path assumption, and 0x4->0xC0 (render_target -> shader_resource) is the moment AFTER the pass wrote, which is the correct moment to copy and is one the bind events cannot offer. NOTE THE STALENESS R78 DID NOT STATE: both bind events fire BEFORE the pass runs, so a copy taken there carries the PREVIOUS frame's vectors. All three silent with candidates present is the only reading that makes optical flow or NGX hooking the honest next step. Two of the barriers per frame on the published source are OURS.
23:56:01:871 [ 2816] | INFO  | [MGPU Bridge] [MGPU][SEAL] new f=854 slot=1 gap=1 lat=101.31ms pitch=10240 fmt=24 bytes=14745600 bc=0(unimplemented) OK
23:56:03:273 [ 2816] | INFO  | [MGPU Bridge] [MGPU][R63] DEPTH TRANSPORT f=901 mode=1 (TRANSPORTED AND BOUND) | producer: valid=904 invalid=0 size-rejected=0, arm held 0 frame(s) | consumer: seals seen valid=810 invalid=0 contract mismatches=0 | region 2560x1440 fmt=41 pitch=10240 bytes=14745600 at slot offset 14746112 of 44237312. INVALID IS NOT AN ERROR: ReShade unbinds depth in menus and scene changes, and R61 established that shipping the zeros it leaves behind would hand the model a false flat plane. An invalid frame carries the colour and says so. WHAT WOULD BE AN ERROR is contract mismatches above zero, or valid staying at zero once you are in gameplay - that means the tap is not feeding us. 100.0% of sealed frames carried depth. | GPU 1: unpacked=385 bound=250 skipped=0, DepthInverted=1, flag disagreements=0 (the seal crossed the adapter and the slot flag did not, so any disagreement between them is real). BOUND vs SKIPPED IS THE R61 TEST: skipped counts frames where ReShade had no depth and the model was given NONE rather than the previous frame's - open a menu mid-stream and this must move.
23:56:03:273 [ 2816] | INFO  | [MGPU Bridge] [MGPU][R78] MVEC TRANSPORT f=901 mode=3 REAL | producer: copies=116 missing=788 size-rejected=0 lock-skipped=0, arm held 6448 frame(s) | consumer: seals seen valid=113 invalid=697 contract mismatches=0 flag disagreements=0 | region 2560x1440 fmt=34 pitch=10240 bytes=14745600 at slot offset 29491712 of 44237312 | GPU 1: unpacked=114 bound=113 skipped=137, scale=(2560.000, 1440.000). 14.0% of sealed frames carried vectors. COPIES IS THE ONE TO WATCH: it counts frames where the bind hook fired and a copy was recorded. If it stays at zero the probe published a handle nobody binds, and MVec never reaches the model whatever the rest of this line says. SKIPPED IS NOT AN ERROR - it counts frames with no vectors, which is what a menu looks like, and those frames are handed NONE rather than the last frame's motion.
23:56:03:274 [ 2816] | INFO  | [MGPU Bridge] [MGPU][R87] MVEC FRAME ALIGNMENT f=901 | evaluates=250 | elapsed 1=116 2=2 3=1 4=1 5=43 6=56 7=26 8+=5 | worst=9 | 46.40% at 1. A motion vector describes ONE game frame; NR reprojects by whatever it is handed. When the frame NR blends against is older than one, history lands SHORT by this factor - zero error at rest, growing with speed, and no constant MVecScale can fix it. The scale is multiplied by this per evaluate. IF THIS LINE IS FLAT AT 1 AND THE ARTEFACT IS UNCHANGED, PACING IS ELIMINATED and what remains is units or sign. P4.1's skipped-frame counter predicts about 99.5% at 1, so a materially lower figure here is a desync no counter has shown us.
23:56:03:678 [ 2816] | INFO  | [MGPU Bridge] [MGPU][SEAL] new f=915 slot=2 gap=1 lat=97.24ms pitch=10240 fmt=24 bytes=14745600 bc=0(unimplemented) OK
23:56:04:365 [19984] | INFO  | [MGPU Bridge] [MGPU][P9.1] META SRC mvec lane: 17 candidate(s), 68 ns/frame over 7448 frames. R72: RANKED AND SORTED BY RTV BINDS - how often each is RENDERED INTO, which is a per-frame usage signal. srvs is kept alongside as the old created over the resource. THIS DOES NOT IDENTIFY MOTION VECTORS - nothing in ReShade says which one they are - it says whether an MVec-shaped resource is visible from a subscriber at all. An empty list with a non-zero examined count is the result that says the NGX hook has to be earned or abandoned. root-descriptor SRV pushes=0 (zero here with a non-zero SRV count above means this engine binds through descriptor TABLES and push_descriptors is blind in it - a fact about the engine, not a fault). | #0 2560x1440 R16G16_FLOAT srvs=1 RTVBINDS=0 (0.00/frame) <-DISPLAY-EXTENT | #1 2560x1440 R16G16_FLOAT srvs=1 RTVBINDS=0 (0.00/frame) <-DISPLAY-EXTENT | #2 1280x720 R16G16_FLOAT srvs=1 RTVBINDS=0 (0.00/frame) | #3 1280x720 R16G16_FLOAT srvs=1 RTVBINDS=0 (0.00/frame) | #4 1280x720 R16G16_FLOAT srvs=1 RTVBINDS=0 (0.00/frame) | #5 1280x720 R16G16_FLOAT srvs=1 RTVBINDS=0 (0.00/frame) | #6 1280x720 R16G16_FLOAT srvs=1 RTVBINDS=0 (0.00/frame) | #7 2560x1440 R16G16_FLOAT srvs=1 RTVBINDS=0 (0.00/frame) <-DISPLAY-EXTENT
23:56:04:365 [19984] | INFO  | [MGPU Bridge] [MGPU][R71] MVEC SIZES over ALL 17 candidate(s): 2560x1440 x12 | 1280x720 x5 | || TRANSPORT SOURCE res=0x1e3d54f3d60 (0 means not identified yet - it needs a display-extent candidate with render-target binds), handed to the transport 0 times, 0 second-binds-in-a-frame skipped. || EVICTIONS: 0 resources destroyed and removed from the tables (R76 - a resolution change destroys every render target, and a stale entry is a copy from freed memory). RTV BINDS SEEN IN TOTAL: 0. THE RANK ABOVE IS NOW RENDER TARGET BINDS, NOT SRV CREATIONS. R25 ranked by SRVs created, got 6/5/3/3, and called it "a candidate, not an identification" - that flatness was the SIGNAL being wrong, not the game. An SRV creation count is a LIFETIME number; a velocity buffer is RENDERED INTO once per frame, and RTVBINDS is that. THE EXTENT TO MATCH IS THE DISPLAY EXTENT 2560x1440, not the render extent: the game's own DLSS telemetry says ColorExtentHeight=936 with MVExtentWidth=2560 MVExtentHeight=1440, so this title feeds HIGH-RESOLUTION motion vectors. A single candidate marked <-DISPLAY-EXTENT with RTVBINDS close to the frame count is the velocity buffer. RTV BINDS SEEN = 0 with candidates present means THIS EVENT did not see it, and says nothing whatever about the other two. R81 retracted the sentence that used to sit here - it named optical flow and NGX hooking as the routes left, before anyone had read the 
23:56:04:365 [19984] | INFO  | [MGPU Bridge] [MGPU][R82] ACQUISITION SIGNALS - three of them, one run. || RTV VIEW TABLE: 15 of 128 entries. THAT IS THE DENOMINATOR R80 COULD NOT SEE - a bind count of zero against an empty table means nothing at all. || OMSetRenderTargets: fired=0 rtvs=0 | matched via OUR TABLE=0 | matched via get_resource_from_view=0 || BeginRenderPass: fired=0 targets=0 matched=0 || Barrier: fired=253577 resources=286996 matched=4246, costing 1076 ns/frame || #0 2560x1440 rtv=0 rp=0 bar=157(0x40->0x8) | #1 2560x1440 rtv=0 rp=0 bar=157(0x8->0x40) | #2 1280x720 rtv=0 rp=0 bar=1(0xC0->0x4) | #3 1280x720 rtv=0 rp=0 bar=1(0xC0->0x4) | #4 1280x720 rtv=0 rp=0 bar=1(0xC0->0x4) | #5 1280x720 rtv=0 rp=0 bar=1(0xC0->0x4) | || HOW TO READ IT. via TABLE=0 while via get_resource_from_view is non-zero: the table was the whole bug and R76 through R81 were spent on a cache we never needed. BeginRenderPass fired while OMSetRenderTargets did not: this engine uses render passes and we were subscribed to the wrong event. Barrier matched with a per-frame count near the frame count: use THAT permanently - it needs no view, no table and no binding-path assumption, and 0x4->0xC0 (render_target -> shader_resource) is the moment AFTER the pass wrote, which is the correct moment to copy and is one the bind events cannot offer. NOTE THE STALENESS R78 DID NOT STATE: both bind events fire BEFORE the pass runs, so a copy taken there carries the PREVIOUS frame's vectors. All three silent with candidates present is the only reading that makes optical flow or NGX hooking the honest next step. Two of the barriers per frame on the published source are OURS.
23:56:05:352 [ 2816] | INFO  | [MGPU Bridge] [MGPU][SEAL] new f=976 slot=3 gap=1 lat=93.62ms pitch=10240 fmt=24 bytes=14745600 bc=0(unimplemented) OK
23:56:05:785 [19984] | INFO  | [MGPU Bridge] [MGPU][R101] CALIBRATOR mode=2 site=iat | slots=40 data-slots=0 modules=137 gpa-calls=271 | resolved=1 creates=1 sr-handle=known | evaluates=209 captured=209 | cost 76 ns/frame | eval-copies=209 eval-skips=0. || THE GAME'S OWN TABLE: color=0x1e3d59313d0 depth=0x1e30be773c0 MVEC=0x1e3d43fa420 output=0x1e3d5593970 | MVecScale 2560.0000,1440.0000 | jitter 0.1250,0.2778 | Reset=0 | CreateFlags=0x3 -> DepthInverted=0 MVLowRes=1 MVJittered=0 IsHDR=1 AutoExposure=0 | quality=5 | render 2560x1440 -> display 2560x1440 | dynamic 0x0..0x0 | subrect 2560x1440 at color(0,0) depth(0,0) MV(0,0) out(0,0) | have=0xfff. || HOW TO READ IT. resolved=0 with evaluates=0 means no module asked for the entry point after we installed - either the title does not use DLSS, or it resolved before the addon loaded; the barrier path is untouched either way and is still what drives. sr-handle=UNFILTERED means we were not present for CreateFeature, so the table may be from frame generation rather than super sampling - check that render/display extents look like a supersampling pair before trusting it. MVEC here is the GAME'S answer to the question every round from R70 to R100 tried to infer; if it does not equal the handle the barrier probe armed on Dragon Sword, the probe was wrong on a title we believed, and THAT is the finding. have=0 bits name the keys this producer does not populate - Streamline and the raw SDK do not set the same subset, and the difference is a fact about the route, not a bug. MVLowRes IS DEFERRED OPTION 11 ANSWERED: 1 means the game's motion vectors are at RENDER resolution, 0 means display resolution, and we have been inferring that from buffer sizes since R83. Read it together with MVecScale - a low-res field with a display-sized scale is the shape that makes reprojection look almost right.
23:56:07:042 [ 2816] | INFO  | [MGPU Bridge] [MGPU][SEAL] new f=1037 slot=4 gap=1 lat=95.03ms pitch=10240 fmt=24 bytes=14745600 bc=0(unimplemented) OK
23:56:07:375 [19984] | INFO  | [MGPU Bridge] [MGPU][P9.1] META SRC mvec lane: 18 candidate(s), 71 ns/frame over 7557 frames. R72: RANKED AND SORTED BY RTV BINDS - how often each is RENDERED INTO, which is a per-frame usage signal. srvs is kept alongside as the old created over the resource. THIS DOES NOT IDENTIFY MOTION VECTORS - nothing in ReShade says which one they are - it says whether an MVec-shaped resource is visible from a subscriber at all. An empty list with a non-zero examined count is the result that says the NGX hook has to be earned or abandoned. root-descriptor SRV pushes=0 (zero here with a non-zero SRV count above means this engine binds through descriptor TABLES and push_descriptors is blind in it - a fact about the engine, not a fault). | #0 2560x1440 R16G16_FLOAT srvs=1 RTVBINDS=0 (0.00/frame) <-DISPLAY-EXTENT | #1 2560x1440 R16G16_FLOAT srvs=1 RTVBINDS=0 (0.00/frame) <-DISPLAY-EXTENT | #2 1280x720 R16G16_FLOAT srvs=1 RTVBINDS=0 (0.00/frame) | #3 1280x720 R16G16_FLOAT srvs=1 RTVBINDS=0 (0.00/frame) | #4 1280x720 R16G16_FLOAT srvs=1 RTVBINDS=0 (0.00/frame) | #5 1280x720 R16G16_FLOAT srvs=1 RTVBINDS=0 (0.00/frame) | #6 1280x720 R16G16_FLOAT srvs=1 RTVBINDS=0 (0.00/frame) | #7 2560x1440 R16G16_FLOAT srvs=1 RTVBINDS=0 (0.00/frame) <-DISPLAY-EXTENT
23:56:07:375 [19984] | INFO  | [MGPU Bridge] [MGPU][R71] MVEC SIZES over ALL 18 candidate(s): 2560x1440 x13 | 1280x720 x5 | || TRANSPORT SOURCE res=0x1e3d54f3d60 (0 means not identified yet - it needs a display-extent candidate with render-target binds), handed to the transport 0 times, 0 second-binds-in-a-frame skipped. || EVICTIONS: 0 resources destroyed and removed from the tables (R76 - a resolution change destroys every render target, and a stale entry is a copy from freed memory). RTV BINDS SEEN IN TOTAL: 0. THE RANK ABOVE IS NOW RENDER TARGET BINDS, NOT SRV CREATIONS. R25 ranked by SRVs created, got 6/5/3/3, and called it "a candidate, not an identification" - that flatness was the SIGNAL being wrong, not the game. An SRV creation count is a LIFETIME number; a velocity buffer is RENDERED INTO once per frame, and RTVBINDS is that. THE EXTENT TO MATCH IS THE DISPLAY EXTENT 2560x1440, not the render extent: the game's own DLSS telemetry says ColorExtentHeight=936 with MVExtentWidth=2560 MVExtentHeight=1440, so this title feeds HIGH-RESOLUTION motion vectors. A single candidate marked <-DISPLAY-EXTENT with RTVBINDS close to the frame count is the velocity buffer. RTV BINDS SEEN = 0 with candidates present means THIS EVENT did not see it, and says nothing whatever about the other two. R81 retracted the sentence that used to sit here - it named optical flow and NGX hooking as the routes left, before anyone had read the 
23:56:07:376 [19984] | INFO  | [MGPU Bridge] [MGPU][R82] ACQUISITION SIGNALS - three of them, one run. || RTV VIEW TABLE: 16 of 128 entries. THAT IS THE DENOMINATOR R80 COULD NOT SEE - a bind count of zero against an empty table means nothing at all. || OMSetRenderTargets: fired=0 rtvs=0 | matched via OUR TABLE=0 | matched via get_resource_from_view=0 || BeginRenderPass: fired=0 targets=0 matched=0 || Barrier: fired=316661 resources=374831 matched=7211, costing 1343 ns/frame || #0 2560x1440 rtv=0 rp=0 bar=266(0x8->0x40) | #1 2560x1440 rtv=0 rp=0 bar=266(0x40->0x8) | #2 1280x720 rtv=0 rp=0 bar=1(0xC0->0x4) | #3 1280x720 rtv=0 rp=0 bar=1(0xC0->0x4) | #4 1280x720 rtv=0 rp=0 bar=1(0xC0->0x4) | #5 1280x720 rtv=0 rp=0 bar=1(0xC0->0x4) | || HOW TO READ IT. via TABLE=0 while via get_resource_from_view is non-zero: the table was the whole bug and R76 through R81 were spent on a cache we never needed. BeginRenderPass fired while OMSetRenderTargets did not: this engine uses render passes and we were subscribed to the wrong event. Barrier matched with a per-frame count near the frame count: use THAT permanently - it needs no view, no table and no binding-path assumption, and 0x4->0xC0 (render_target -> shader_resource) is the moment AFTER the pass wrote, which is the correct moment to copy and is one the bind events cannot offer. NOTE THE STALENESS R78 DID NOT STATE: both bind events fire BEFORE the pass runs, so a copy taken there carries the PREVIOUS frame's vectors. All three silent with candidates present is the only reading that makes optical flow or NGX hooking the honest next step. Two of the barriers per frame on the published source are OURS.
23:56:08:849 [ 2816] | INFO  | [MGPU Bridge] [MGPU][SEAL] new f=1098 slot=5 gap=1 lat=102.02ms pitch=10240 fmt=24 bytes=14745600 bc=0(unimplemented) OK
23:56:10:391 [19984] | INFO  | [MGPU Bridge] [MGPU][P9.1] META SRC mvec lane: 18 candidate(s), 73 ns/frame over 7659 frames. R72: RANKED AND SORTED BY RTV BINDS - how often each is RENDERED INTO, which is a per-frame usage signal. srvs is kept alongside as the old created over the resource. THIS DOES NOT IDENTIFY MOTION VECTORS - nothing in ReShade says which one they are - it says whether an MVec-shaped resource is visible from a subscriber at all. An empty list with a non-zero examined count is the result that says the NGX hook has to be earned or abandoned. root-descriptor SRV pushes=0 (zero here with a non-zero SRV count above means this engine binds through descriptor TABLES and push_descriptors is blind in it - a fact about the engine, not a fault). | #0 2560x1440 R16G16_FLOAT srvs=1 RTVBINDS=0 (0.00/frame) <-DISPLAY-EXTENT | #1 2560x1440 R16G16_FLOAT srvs=1 RTVBINDS=0 (0.00/frame) <-DISPLAY-EXTENT | #2 1280x720 R16G16_FLOAT srvs=1 RTVBINDS=0 (0.00/frame) | #3 1280x720 R16G16_FLOAT srvs=1 RTVBINDS=0 (0.00/frame) | #4 1280x720 R16G16_FLOAT srvs=1 RTVBINDS=0 (0.00/frame) | #5 1280x720 R16G16_FLOAT srvs=1 RTVBINDS=0 (0.00/frame) | #6 1280x720 R16G16_FLOAT srvs=1 RTVBINDS=0 (0.00/frame) | #7 2560x1440 R16G16_FLOAT srvs=1 RTVBINDS=0 (0.00/frame) <-DISPLAY-EXTENT
23:56:10:392 [19984] | INFO  | [MGPU Bridge] [MGPU][R71] MVEC SIZES over ALL 18 candidate(s): 2560x1440 x13 | 1280x720 x5 | || TRANSPORT SOURCE res=0x1e3d54f3d60 (0 means not identified yet - it needs a display-extent candidate with render-target binds), handed to the transport 0 times, 0 second-binds-in-a-frame skipped. || EVICTIONS: 0 resources destroyed and removed from the tables (R76 - a resolution change destroys every render target, and a stale entry is a copy from freed memory). RTV BINDS SEEN IN TOTAL: 0. THE RANK ABOVE IS NOW RENDER TARGET BINDS, NOT SRV CREATIONS. R25 ranked by SRVs created, got 6/5/3/3, and called it "a candidate, not an identification" - that flatness was the SIGNAL being wrong, not the game. An SRV creation count is a LIFETIME number; a velocity buffer is RENDERED INTO once per frame, and RTVBINDS is that. THE EXTENT TO MATCH IS THE DISPLAY EXTENT 2560x1440, not the render extent: the game's own DLSS telemetry says ColorExtentHeight=936 with MVExtentWidth=2560 MVExtentHeight=1440, so this title feeds HIGH-RESOLUTION motion vectors. A single candidate marked <-DISPLAY-EXTENT with RTVBINDS close to the frame count is the velocity buffer. RTV BINDS SEEN = 0 with candidates present means THIS EVENT did not see it, and says nothing whatever about the other two. R81 retracted the sentence that used to sit here - it named optical flow and NGX hooking as the routes left, before anyone had read the 
23:56:10:392 [19984] | INFO  | [MGPU Bridge] [MGPU][R82] ACQUISITION SIGNALS - three of them, one run. || RTV VIEW TABLE: 16 of 128 entries. THAT IS THE DENOMINATOR R80 COULD NOT SEE - a bind count of zero against an empty table means nothing at all. || OMSetRenderTargets: fired=0 rtvs=0 | matched via OUR TABLE=0 | matched via get_resource_from_view=0 || BeginRenderPass: fired=0 targets=0 matched=0 || Barrier: fired=376638 resources=458372 matched=10169, costing 1607 ns/frame || #0 2560x1440 rtv=0 rp=0 bar=368(0x8->0x40) | #1 2560x1440 rtv=0 rp=0 bar=368(0x40->0x8) | #2 1280x720 rtv=0 rp=0 bar=1(0xC0->0x4) | #3 1280x720 rtv=0 rp=0 bar=1(0xC0->0x4) | #4 1280x720 rtv=0 rp=0 bar=1(0xC0->0x4) | #5 1280x720 rtv=0 rp=0 bar=1(0xC0->0x4) | || HOW TO READ IT. via TABLE=0 while via get_resource_from_view is non-zero: the table was the whole bug and R76 through R81 were spent on a cache we never needed. BeginRenderPass fired while OMSetRenderTargets did not: this engine uses render passes and we were subscribed to the wrong event. Barrier matched with a per-frame count near the frame count: use THAT permanently - it needs no view, no table and no binding-path assumption, and 0x4->0xC0 (render_target -> shader_resource) is the moment AFTER the pass wrote, which is the correct moment to copy and is one the bind events cannot offer. NOTE THE STALENESS R78 DID NOT STATE: both bind events fire BEFORE the pass runs, so a copy taken there carries the PREVIOUS frame's vectors. All three silent with candidates present is the only reading that makes optical flow or NGX hooking the honest next step. Two of the barriers per frame on the published source are OURS.
23:56:10:626 [ 2816] | INFO  | [MGPU Bridge] [MGPU][SEAL] new f=1159 slot=0 gap=1 lat=94.20ms pitch=10240 fmt=24 bytes=14745600 bc=0(unimplemented) OK
23:56:11:853 [ 2816] | INFO  | [MGPU Bridge] [MGPU][R63] DEPTH TRANSPORT f=1201 mode=1 (TRANSPORTED AND BOUND) | producer: valid=1204 invalid=0 size-rejected=0, arm held 0 frame(s) | consumer: seals seen valid=1110 invalid=0 contract mismatches=0 | region 2560x1440 fmt=41 pitch=10240 bytes=14745600 at slot offset 14746112 of 44237312. INVALID IS NOT AN ERROR: ReShade unbinds depth in menus and scene changes, and R61 established that shipping the zeros it leaves behind would hand the model a false flat plane. An invalid frame carries the colour and says so. WHAT WOULD BE AN ERROR is contract mismatches above zero, or valid staying at zero once you are in gameplay - that means the tap is not feeding us. 100.0% of sealed frames carried depth. | GPU 1: unpacked=685 bound=550 skipped=0, DepthInverted=1, flag disagreements=0 (the seal crossed the adapter and the slot flag did not, so any disagreement between them is real). BOUND vs SKIPPED IS THE R61 TEST: skipped counts frames where ReShade had no depth and the model was given NONE rather than the previous frame's - open a menu mid-stream and this must move.
23:56:11:854 [ 2816] | INFO  | [MGPU Bridge] [MGPU][R78] MVEC TRANSPORT f=1201 mode=3 REAL | producer: copies=416 missing=788 size-rejected=0 lock-skipped=0, arm held 6448 frame(s) | consumer: seals seen valid=413 invalid=697 contract mismatches=0 flag disagreements=0 | region 2560x1440 fmt=34 pitch=10240 bytes=14745600 at slot offset 29491712 of 44237312 | GPU 1: unpacked=414 bound=413 skipped=137, scale=(2560.000, 1440.000). 37.2% of sealed frames carried vectors. COPIES IS THE ONE TO WATCH: it counts frames where the bind hook fired and a copy was recorded. If it stays at zero the probe published a handle nobody binds, and MVec never reaches the model whatever the rest of this line says. SKIPPED IS NOT AN ERROR - it counts frames with no vectors, which is what a menu looks like, and those frames are handed NONE rather than the last frame's motion.
23:56:11:854 [ 2816] | INFO  | [MGPU Bridge] [MGPU][R87] MVEC FRAME ALIGNMENT f=1201 | evaluates=550 | elapsed 1=416 2=2 3=1 4=1 5=43 6=56 7=26 8+=5 | worst=9 | 75.64% at 1. A motion vector describes ONE game frame; NR reprojects by whatever it is handed. When the frame NR blends against is older than one, history lands SHORT by this factor - zero error at rest, growing with speed, and no constant MVecScale can fix it. The scale is multiplied by this per evaluate. IF THIS LINE IS FLAT AT 1 AND THE ARTEFACT IS UNCHANGED, PACING IS ELIMINATED and what remains is units or sign. P4.1's skipped-frame counter predicts about 99.5% at 1, so a materially lower figure here is a desync no counter has shown us.
23:56:12:425 [ 2816] | INFO  | [MGPU Bridge] [MGPU][SEAL] new f=1220 slot=1 gap=1 lat=101.76ms pitch=10240 fmt=24 bytes=14745600 bc=0(unimplemented) OK
23:56:13:419 [19984] | INFO  | [MGPU Bridge] [MGPU][P9.1] META SRC mvec lane: 18 candidate(s), 75 ns/frame over 7762 frames. R72: RANKED AND SORTED BY RTV BINDS - how often each is RENDERED INTO, which is a per-frame usage signal. srvs is kept alongside as the old created over the resource. THIS DOES NOT IDENTIFY MOTION VECTORS - nothing in ReShade says which one they are - it says whether an MVec-shaped resource is visible from a subscriber at all. An empty list with a non-zero examined count is the result that says the NGX hook has to be earned or abandoned. root-descriptor SRV pushes=0 (zero here with a non-zero SRV count above means this engine binds through descriptor TABLES and push_descriptors is blind in it - a fact about the engine, not a fault). | #0 2560x1440 R16G16_FLOAT srvs=1 RTVBINDS=0 (0.00/frame) <-DISPLAY-EXTENT | #1 2560x1440 R16G16_FLOAT srvs=1 RTVBINDS=0 (0.00/frame) <-DISPLAY-EXTENT | #2 1280x720 R16G16_FLOAT srvs=1 RTVBINDS=0 (0.00/frame) | #3 1280x720 R16G16_FLOAT srvs=1 RTVBINDS=0 (0.00/frame) | #4 1280x720 R16G16_FLOAT srvs=1 RTVBINDS=0 (0.00/frame) | #5 1280x720 R16G16_FLOAT srvs=1 RTVBINDS=0 (0.00/frame) | #6 1280x720 R16G16_FLOAT srvs=1 RTVBINDS=0 (0.00/frame) | #7 2560x1440 R16G16_FLOAT srvs=1 RTVBINDS=0 (0.00/frame) <-DISPLAY-EXTENT
23:56:13:420 [19984] | INFO  | [MGPU Bridge] [MGPU][R71] MVEC SIZES over ALL 18 candidate(s): 2560x1440 x13 | 1280x720 x5 | || TRANSPORT SOURCE res=0x1e3d54f3d60 (0 means not identified yet - it needs a display-extent candidate with render-target binds), handed to the transport 0 times, 0 second-binds-in-a-frame skipped. || EVICTIONS: 0 resources destroyed and removed from the tables (R76 - a resolution change destroys every render target, and a stale entry is a copy from freed memory). RTV BINDS SEEN IN TOTAL: 0. THE RANK ABOVE IS NOW RENDER TARGET BINDS, NOT SRV CREATIONS. R25 ranked by SRVs created, got 6/5/3/3, and called it "a candidate, not an identification" - that flatness was the SIGNAL being wrong, not the game. An SRV creation count is a LIFETIME number; a velocity buffer is RENDERED INTO once per frame, and RTVBINDS is that. THE EXTENT TO MATCH IS THE DISPLAY EXTENT 2560x1440, not the render extent: the game's own DLSS telemetry says ColorExtentHeight=936 with MVExtentWidth=2560 MVExtentHeight=1440, so this title feeds HIGH-RESOLUTION motion vectors. A single candidate marked <-DISPLAY-EXTENT with RTVBINDS close to the frame count is the velocity buffer. RTV BINDS SEEN = 0 with candidates present means THIS EVENT did not see it, and says nothing whatever about the other two. R81 retracted the sentence that used to sit here - it named optical flow and NGX hooking as the routes left, before anyone had read the 
23:56:13:420 [19984] | INFO  | [MGPU Bridge] [MGPU][R82] ACQUISITION SIGNALS - three of them, one run. || RTV VIEW TABLE: 16 of 128 entries. THAT IS THE DENOMINATOR R80 COULD NOT SEE - a bind count of zero against an empty table means nothing at all. || OMSetRenderTargets: fired=0 rtvs=0 | matched via OUR TABLE=0 | matched via get_resource_from_view=0 || BeginRenderPass: fired=0 targets=0 matched=0 || Barrier: fired=433327 resources=538680 matched=13056, costing 1844 ns/frame || #0 2560x1440 rtv=0 rp=0 bar=471(0x40->0x8) | #1 2560x1440 rtv=0 rp=0 bar=471(0x8->0x40) | #2 1280x720 rtv=0 rp=0 bar=1(0xC0->0x4) | #3 1280x720 rtv=0 rp=0 bar=1(0xC0->0x4) | #4 1280x720 rtv=0 rp=0 bar=1(0xC0->0x4) | #5 1280x720 rtv=0 rp=0 bar=1(0xC0->0x4) | || HOW TO READ IT. via TABLE=0 while via get_resource_from_view is non-zero: the table was the whole bug and R76 through R81 were spent on a cache we never needed. BeginRenderPass fired while OMSetRenderTargets did not: this engine uses render passes and we were subscribed to the wrong event. Barrier matched with a per-frame count near the frame count: use THAT permanently - it needs no view, no table and no binding-path assumption, and 0x4->0xC0 (render_target -> shader_resource) is the moment AFTER the pass wrote, which is the correct moment to copy and is one the bind events cannot offer. NOTE THE STALENESS R78 DID NOT STATE: both bind events fire BEFORE the pass runs, so a copy taken there carries the PREVIOUS frame's vectors. All three silent with candidates present is the only reading that makes optical flow or NGX hooking the honest next step. Two of the barriers per frame on the published source are OURS.
23:56:13:693 [ 2816] | INFO  | [MGPU Bridge] [MGPU][T5] present loop alive: frame 10800 thread id 0xB00
23:56:14:229 [ 2816] | INFO  | [MGPU Bridge] [MGPU][SEAL] new f=1281 slot=2 gap=1 lat=100.89ms pitch=10240 fmt=24 bytes=14745600 bc=0(unimplemented) OK
23:56:14:551 [19984] | INFO  | [MGPU Bridge] [MGPU][R101] CALIBRATOR mode=2 site=iat | slots=40 data-slots=0 modules=137 gpa-calls=279 | resolved=1 creates=1 sr-handle=known | evaluates=509 captured=509 | cost 177 ns/frame | eval-copies=509 eval-skips=0. || THE GAME'S OWN TABLE: color=0x1e3d59313d0 depth=0x1e30be773c0 MVEC=0x1e3d43fa420 output=0x1e3d5593970 | MVecScale 2560.0000,1440.0000 | jitter 0.0000,-0.1667 | Reset=0 | CreateFlags=0x3 -> DepthInverted=0 MVLowRes=1 MVJittered=0 IsHDR=1 AutoExposure=0 | quality=5 | render 2560x1440 -> display 2560x1440 | dynamic 0x0..0x0 | subrect 2560x1440 at color(0,0) depth(0,0) MV(0,0) out(0,0) | have=0xfff. || HOW TO READ IT. resolved=0 with evaluates=0 means no module asked for the entry point after we installed - either the title does not use DLSS, or it resolved before the addon loaded; the barrier path is untouched either way and is still what drives. sr-handle=UNFILTERED means we were not present for CreateFeature, so the table may be from frame generation rather than super sampling - check that render/display extents look like a supersampling pair before trusting it. MVEC here is the GAME'S answer to the question every round from R70 to R100 tried to infer; if it does not equal the handle the barrier probe armed on Dragon Sword, the probe was wrong on a title we believed, and THAT is the finding. have=0 bits name the keys this producer does not populate - Streamline and the raw SDK do not set the same subset, and the difference is a fact about the route, not a bug. MVLowRes IS DEFERRED OPTION 11 ANSWERED: 1 means the game's motion vectors are at RENDER resolution, 0 means display resolution, and we have been inferring that from buffer sizes since R83. Read it together with MVecScale - a low-res field with a display-sized scale is the shape that makes reprojection look almost right.
23:56:16:069 [ 2816] | INFO  | [MGPU Bridge] [MGPU][SEAL] new f=1342 slot=3 gap=1 lat=95.90ms pitch=10240 fmt=24 bytes=14745600 bc=0(unimplemented) OK
23:56:16:419 [19984] | INFO  | [MGPU Bridge] [MGPU][P9.1] META SRC mvec lane: 18 candidate(s), 77 ns/frame over 7863 frames. R72: RANKED AND SORTED BY RTV BINDS - how often each is RENDERED INTO, which is a per-frame usage signal. srvs is kept alongside as the old created over the resource. THIS DOES NOT IDENTIFY MOTION VECTORS - nothing in ReShade says which one they are - it says whether an MVec-shaped resource is visible from a subscriber at all. An empty list with a non-zero examined count is the result that says the NGX hook has to be earned or abandoned. root-descriptor SRV pushes=0 (zero here with a non-zero SRV count above means this engine binds through descriptor TABLES and push_descriptors is blind in it - a fact about the engine, not a fault). | #0 2560x1440 R16G16_FLOAT srvs=1 RTVBINDS=0 (0.00/frame) <-DISPLAY-EXTENT | #1 2560x1440 R16G16_FLOAT srvs=1 RTVBINDS=0 (0.00/frame) <-DISPLAY-EXTENT | #2 1280x720 R16G16_FLOAT srvs=1 RTVBINDS=0 (0.00/frame) | #3 1280x720 R16G16_FLOAT srvs=1 RTVBINDS=0 (0.00/frame) | #4 1280x720 R16G16_FLOAT srvs=1 RTVBINDS=0 (0.00/frame) | #5 1280x720 R16G16_FLOAT srvs=1 RTVBINDS=0 (0.00/frame) | #6 1280x720 R16G16_FLOAT srvs=1 RTVBINDS=0 (0.00/frame) | #7 2560x1440 R16G16_FLOAT srvs=1 RTVBINDS=0 (0.00/frame) <-DISPLAY-EXTENT
23:56:16:420 [19984] | INFO  | [MGPU Bridge] [MGPU][R71] MVEC SIZES over ALL 18 candidate(s): 2560x1440 x13 | 1280x720 x5 | || TRANSPORT SOURCE res=0x1e3d54f3d60 (0 means not identified yet - it needs a display-extent candidate with render-target binds), handed to the transport 0 times, 0 second-binds-in-a-frame skipped. || EVICTIONS: 0 resources destroyed and removed from the tables (R76 - a resolution change destroys every render target, and a stale entry is a copy from freed memory). RTV BINDS SEEN IN TOTAL: 0. THE RANK ABOVE IS NOW RENDER TARGET BINDS, NOT SRV CREATIONS. R25 ranked by SRVs created, got 6/5/3/3, and called it "a candidate, not an identification" - that flatness was the SIGNAL being wrong, not the game. An SRV creation count is a LIFETIME number; a velocity buffer is RENDERED INTO once per frame, and RTVBINDS is that. THE EXTENT TO MATCH IS THE DISPLAY EXTENT 2560x1440, not the render extent: the game's own DLSS telemetry says ColorExtentHeight=936 with MVExtentWidth=2560 MVExtentHeight=1440, so this title feeds HIGH-RESOLUTION motion vectors. A single candidate marked <-DISPLAY-EXTENT with RTVBINDS close to the frame count is the velocity buffer. RTV BINDS SEEN = 0 with candidates present means THIS EVENT did not see it, and says nothing whatever about the other two. R81 retracted the sentence that used to sit here - it named optical flow and NGX hooking as the routes left, before anyone had read the 
23:56:16:420 [19984] | INFO  | [MGPU Bridge] [MGPU][R82] ACQUISITION SIGNALS - three of them, one run. || RTV VIEW TABLE: 16 of 128 entries. THAT IS THE DENOMINATOR R80 COULD NOT SEE - a bind count of zero against an empty table means nothing at all. || OMSetRenderTargets: fired=0 rtvs=0 | matched via OUR TABLE=0 | matched via get_resource_from_view=0 || BeginRenderPass: fired=0 targets=0 matched=0 || Barrier: fired=489329 resources=617901 matched=15823, costing 2069 ns/frame || #0 2560x1440 rtv=0 rp=0 bar=572(0x8->0x40) | #1 2560x1440 rtv=0 rp=0 bar=572(0x40->0x8) | #2 1280x720 rtv=0 rp=0 bar=1(0xC0->0x4) | #3 1280x720 rtv=0 rp=0 bar=1(0xC0->0x4) | #4 1280x720 rtv=0 rp=0 bar=1(0xC0->0x4) | #5 1280x720 rtv=0 rp=0 bar=1(0xC0->0x4) | || HOW TO READ IT. via TABLE=0 while via get_resource_from_view is non-zero: the table was the whole bug and R76 through R81 were spent on a cache we never needed. BeginRenderPass fired while OMSetRenderTargets did not: this engine uses render passes and we were subscribed to the wrong event. Barrier matched with a per-frame count near the frame count: use THAT permanently - it needs no view, no table and no binding-path assumption, and 0x4->0xC0 (render_target -> shader_resource) is the moment AFTER the pass wrote, which is the correct moment to copy and is one the bind events cannot offer. NOTE THE STALENESS R78 DID NOT STATE: both bind events fire BEFORE the pass runs, so a copy taken there carries the PREVIOUS frame's vectors. All three silent with candidates present is the only reading that makes optical flow or NGX hooking the honest next step. Two of the barriers per frame on the published source are OURS.
23:56:17:868 [ 2816] | INFO  | [MGPU Bridge] [MGPU][SEAL] new f=1403 slot=4 gap=1 lat=104.56ms pitch=10240 fmt=24 bytes=14745600 bc=0(unimplemented) OK
23:56:19:441 [19984] | INFO  | [MGPU Bridge] [MGPU][P9.1] META SRC mvec lane: 18 candidate(s), 79 ns/frame over 7961 frames. R72: RANKED AND SORTED BY RTV BINDS - how often each is RENDERED INTO, which is a per-frame usage signal. srvs is kept alongside as the old created over the resource. THIS DOES NOT IDENTIFY MOTION VECTORS - nothing in ReShade says which one they are - it says whether an MVec-shaped resource is visible from a subscriber at all. An empty list with a non-zero examined count is the result that says the NGX hook has to be earned or abandoned. root-descriptor SRV pushes=0 (zero here with a non-zero SRV count above means this engine binds through descriptor TABLES and push_descriptors is blind in it - a fact about the engine, not a fault). | #0 2560x1440 R16G16_FLOAT srvs=1 RTVBINDS=0 (0.00/frame) <-DISPLAY-EXTENT | #1 2560x1440 R16G16_FLOAT srvs=1 RTVBINDS=0 (0.00/frame) <-DISPLAY-EXTENT | #2 1280x720 R16G16_FLOAT srvs=1 RTVBINDS=0 (0.00/frame) | #3 1280x720 R16G16_FLOAT srvs=1 RTVBINDS=0 (0.00/frame) | #4 1280x720 R16G16_FLOAT srvs=1 RTVBINDS=0 (0.00/frame) | #5 1280x720 R16G16_FLOAT srvs=1 RTVBINDS=0 (0.00/frame) | #6 1280x720 R16G16_FLOAT srvs=1 RTVBINDS=0 (0.00/frame) | #7 2560x1440 R16G16_FLOAT srvs=1 RTVBINDS=0 (0.00/frame) <-DISPLAY-EXTENT
23:56:19:442 [19984] | INFO  | [MGPU Bridge] [MGPU][R71] MVEC SIZES over ALL 18 candidate(s): 2560x1440 x13 | 1280x720 x5 | || TRANSPORT SOURCE res=0x1e3d54f3d60 (0 means not identified yet - it needs a display-extent candidate with render-target binds), handed to the transport 0 times, 0 second-binds-in-a-frame skipped. || EVICTIONS: 0 resources destroyed and removed from the tables (R76 - a resolution change destroys every render target, and a stale entry is a copy from freed memory). RTV BINDS SEEN IN TOTAL: 0. THE RANK ABOVE IS NOW RENDER TARGET BINDS, NOT SRV CREATIONS. R25 ranked by SRVs created, got 6/5/3/3, and called it "a candidate, not an identification" - that flatness was the SIGNAL being wrong, not the game. An SRV creation count is a LIFETIME number; a velocity buffer is RENDERED INTO once per frame, and RTVBINDS is that. THE EXTENT TO MATCH IS THE DISPLAY EXTENT 2560x1440, not the render extent: the game's own DLSS telemetry says ColorExtentHeight=936 with MVExtentWidth=2560 MVExtentHeight=1440, so this title feeds HIGH-RESOLUTION motion vectors. A single candidate marked <-DISPLAY-EXTENT with RTVBINDS close to the frame count is the velocity buffer. RTV BINDS SEEN = 0 with candidates present means THIS EVENT did not see it, and says nothing whatever about the other two. R81 retracted the sentence that used to sit here - it named optical flow and NGX hooking as the routes left, before anyone had read the 
23:56:19:442 [19984] | INFO  | [MGPU Bridge] [MGPU][R82] ACQUISITION SIGNALS - three of them, one run. || RTV VIEW TABLE: 16 of 128 entries. THAT IS THE DENOMINATOR R80 COULD NOT SEE - a bind count of zero against an empty table means nothing at all. || OMSetRenderTargets: fired=0 rtvs=0 | matched via OUR TABLE=0 | matched via get_resource_from_view=0 || BeginRenderPass: fired=0 targets=0 matched=0 || Barrier: fired=542532 resources=693236 matched=18475, costing 2280 ns/frame || #0 2560x1440 rtv=0 rp=0 bar=670(0x8->0x40) | #1 2560x1440 rtv=0 rp=0 bar=670(0x40->0x8) | #2 1280x720 rtv=0 rp=0 bar=1(0xC0->0x4) | #3 1280x720 rtv=0 rp=0 bar=1(0xC0->0x4) | #4 1280x720 rtv=0 rp=0 bar=1(0xC0->0x4) | #5 1280x720 rtv=0 rp=0 bar=1(0xC0->0x4) | || HOW TO READ IT. via TABLE=0 while via get_resource_from_view is non-zero: the table was the whole bug and R76 through R81 were spent on a cache we never needed. BeginRenderPass fired while OMSetRenderTargets did not: this engine uses render passes and we were subscribed to the wrong event. Barrier matched with a per-frame count near the frame count: use THAT permanently - it needs no view, no table and no binding-path assumption, and 0x4->0xC0 (render_target -> shader_resource) is the moment AFTER the pass wrote, which is the correct moment to copy and is one the bind events cannot offer. NOTE THE STALENESS R78 DID NOT STATE: both bind events fire BEFORE the pass runs, so a copy taken there carries the PREVIOUS frame's vectors. All three silent with candidates present is the only reading that makes optical flow or NGX hooking the honest next step. Two of the barriers per frame on the published source are OURS.
23:56:19:830 [ 2816] | INFO  | [MGPU Bridge] [MGPU][SEAL] new f=1464 slot=5 gap=1 lat=115.37ms pitch=10240 fmt=24 bytes=14745600 bc=0(unimplemented) OK
23:56:21:083 [ 2816] | INFO  | [MGPU Bridge] [MGPU][R63] DEPTH TRANSPORT f=1501 mode=1 (TRANSPORTED AND BOUND) | producer: valid=1504 invalid=0 size-rejected=0, arm held 0 frame(s) | consumer: seals seen valid=1410 invalid=0 contract mismatches=0 | region 2560x1440 fmt=41 pitch=10240 bytes=14745600 at slot offset 14746112 of 44237312. INVALID IS NOT AN ERROR: ReShade unbinds depth in menus and scene changes, and R61 established that shipping the zeros it leaves behind would hand the model a false flat plane. An invalid frame carries the colour and says so. WHAT WOULD BE AN ERROR is contract mismatches above zero, or valid staying at zero once you are in gameplay - that means the tap is not feeding us. 100.0% of sealed frames carried depth. | GPU 1: unpacked=985 bound=850 skipped=0, DepthInverted=1, flag disagreements=0 (the seal crossed the adapter and the slot flag did not, so any disagreement between them is real). BOUND vs SKIPPED IS THE R61 TEST: skipped counts frames where ReShade had no depth and the model was given NONE rather than the previous frame's - open a menu mid-stream and this must move.
23:56:21:083 [ 2816] | INFO  | [MGPU Bridge] [MGPU][R78] MVEC TRANSPORT f=1501 mode=3 REAL | producer: copies=716 missing=788 size-rejected=0 lock-skipped=0, arm held 6448 frame(s) | consumer: seals seen valid=713 invalid=697 contract mismatches=0 flag disagreements=0 | region 2560x1440 fmt=34 pitch=10240 bytes=14745600 at slot offset 29491712 of 44237312 | GPU 1: unpacked=714 bound=713 skipped=137, scale=(2560.000, 1440.000). 50.6% of sealed frames carried vectors. COPIES IS THE ONE TO WATCH: it counts frames where the bind hook fired and a copy was recorded. If it stays at zero the probe published a handle nobody binds, and MVec never reaches the model whatever the rest of this line says. SKIPPED IS NOT AN ERROR - it counts frames with no vectors, which is what a menu looks like, and those frames are handed NONE rather than the last frame's motion.
23:56:21:083 [ 2816] | INFO  | [MGPU Bridge] [MGPU][R87] MVEC FRAME ALIGNMENT f=1501 | evaluates=850 | elapsed 1=716 2=2 3=1 4=1 5=43 6=56 7=26 8+=5 | worst=9 | 84.24% at 1. A motion vector describes ONE game frame; NR reprojects by whatever it is handed. When the frame NR blends against is older than one, history lands SHORT by this factor - zero error at rest, growing with speed, and no constant MVecScale can fix it. The scale is multiplied by this per evaluate. IF THIS LINE IS FLAT AT 1 AND THE ARTEFACT IS UNCHANGED, PACING IS ELIMINATED and what remains is units or sign. P4.1's skipped-frame counter predicts about 99.5% at 1, so a materially lower figure here is a desync no counter has shown us.
23:56:21:927 [ 2816] | INFO  | [MGPU Bridge] [MGPU][SEAL] new f=1525 slot=0 gap=1 lat=118.77ms pitch=10240 fmt=24 bytes=14745600 bc=0(unimplemented) OK
23:56:22:442 [19984] | INFO  | [MGPU Bridge] [MGPU][P9.1] META SRC mvec lane: 18 candidate(s), 80 ns/frame over 8048 frames. R72: RANKED AND SORTED BY RTV BINDS - how often each is RENDERED INTO, which is a per-frame usage signal. srvs is kept alongside as the old created over the resource. THIS DOES NOT IDENTIFY MOTION VECTORS - nothing in ReShade says which one they are - it says whether an MVec-shaped resource is visible from a subscriber at all. An empty list with a non-zero examined count is the result that says the NGX hook has to be earned or abandoned. root-descriptor SRV pushes=0 (zero here with a non-zero SRV count above means this engine binds through descriptor TABLES and push_descriptors is blind in it - a fact about the engine, not a fault). | #0 2560x1440 R16G16_FLOAT srvs=1 RTVBINDS=0 (0.00/frame) <-DISPLAY-EXTENT | #1 2560x1440 R16G16_FLOAT srvs=1 RTVBINDS=0 (0.00/frame) <-DISPLAY-EXTENT | #2 1280x720 R16G16_FLOAT srvs=1 RTVBINDS=0 (0.00/frame) | #3 1280x720 R16G16_FLOAT srvs=1 RTVBINDS=0 (0.00/frame) | #4 1280x720 R16G16_FLOAT srvs=1 RTVBINDS=0 (0.00/frame) | #5 1280x720 R16G16_FLOAT srvs=1 RTVBINDS=0 (0.00/frame) | #6 1280x720 R16G16_FLOAT srvs=1 RTVBINDS=0 (0.00/frame) | #7 2560x1440 R16G16_FLOAT srvs=1 RTVBINDS=0 (0.00/frame) <-DISPLAY-EXTENT
23:56:22:443 [19984] | INFO  | [MGPU Bridge] [MGPU][R71] MVEC SIZES over ALL 18 candidate(s): 2560x1440 x13 | 1280x720 x5 | || TRANSPORT SOURCE res=0x1e3d54f3d60 (0 means not identified yet - it needs a display-extent candidate with render-target binds), handed to the transport 0 times, 0 second-binds-in-a-frame skipped. || EVICTIONS: 0 resources destroyed and removed from the tables (R76 - a resolution change destroys every render target, and a stale entry is a copy from freed memory). RTV BINDS SEEN IN TOTAL: 0. THE RANK ABOVE IS NOW RENDER TARGET BINDS, NOT SRV CREATIONS. R25 ranked by SRVs created, got 6/5/3/3, and called it "a candidate, not an identification" - that flatness was the SIGNAL being wrong, not the game. An SRV creation count is a LIFETIME number; a velocity buffer is RENDERED INTO once per frame, and RTVBINDS is that. THE EXTENT TO MATCH IS THE DISPLAY EXTENT 2560x1440, not the render extent: the game's own DLSS telemetry says ColorExtentHeight=936 with MVExtentWidth=2560 MVExtentHeight=1440, so this title feeds HIGH-RESOLUTION motion vectors. A single candidate marked <-DISPLAY-EXTENT with RTVBINDS close to the frame count is the velocity buffer. RTV BINDS SEEN = 0 with candidates present means THIS EVENT did not see it, and says nothing whatever about the other two. R81 retracted the sentence that used to sit here - it named optical flow and NGX hooking as the routes left, before anyone had read the 
23:56:22:443 [19984] | INFO  | [MGPU Bridge] [MGPU][R82] ACQUISITION SIGNALS - three of them, one run. || RTV VIEW TABLE: 16 of 128 entries. THAT IS THE DENOMINATOR R80 COULD NOT SEE - a bind count of zero against an empty table means nothing at all. || OMSetRenderTargets: fired=0 rtvs=0 | matched via OUR TABLE=0 | matched via get_resource_from_view=0 || BeginRenderPass: fired=0 targets=0 matched=0 || Barrier: fired=589480 resources=757703 matched=20860, costing 2455 ns/frame || #0 2560x1440 rtv=0 rp=0 bar=757(0x40->0x8) | #1 2560x1440 rtv=0 rp=0 bar=757(0x8->0x40) | #2 1280x720 rtv=0 rp=0 bar=1(0xC0->0x4) | #3 1280x720 rtv=0 rp=0 bar=1(0xC0->0x4) | #4 1280x720 rtv=0 rp=0 bar=1(0xC0->0x4) | #5 1280x720 rtv=0 rp=0 bar=1(0xC0->0x4) | || HOW TO READ IT. via TABLE=0 while via get_resource_from_view is non-zero: the table was the whole bug and R76 through R81 were spent on a cache we never needed. BeginRenderPass fired while OMSetRenderTargets did not: this engine uses render passes and we were subscribed to the wrong event. Barrier matched with a per-frame count near the frame count: use THAT permanently - it needs no view, no table and no binding-path assumption, and 0x4->0xC0 (render_target -> shader_resource) is the moment AFTER the pass wrote, which is the correct moment to copy and is one the bind events cannot offer. NOTE THE STALENESS R78 DID NOT STATE: both bind events fire BEFORE the pass runs, so a copy taken there carries the PREVIOUS frame's vectors. All three silent with candidates present is the only reading that makes optical flow or NGX hooking the honest next step. Two of the barriers per frame on the published source are OURS.
23:56:24:031 [ 2816] | INFO  | [MGPU Bridge] [MGPU][SEAL] new f=1586 slot=1 gap=1 lat=107.73ms pitch=10240 fmt=24 bytes=14745600 bc=0(unimplemented) OK
23:56:24:209 [19984] | INFO  | [MGPU Bridge] [MGPU][R101] CALIBRATOR mode=2 site=iat | slots=40 data-slots=0 modules=137 gpa-calls=284 | resolved=1 creates=1 sr-handle=known | evaluates=809 captured=809 | cost 271 ns/frame | eval-copies=809 eval-skips=0. || THE GAME'S OWN TABLE: color=0x1e3d59313d0 depth=0x1e30be773c0 MVEC=0x1e3d43fa420 output=0x1e3d5593970 | MVecScale 2560.0000,1440.0000 | jitter 0.1250,0.2778 | Reset=0 | CreateFlags=0x3 -> DepthInverted=0 MVLowRes=1 MVJittered=0 IsHDR=1 AutoExposure=0 | quality=5 | render 2560x1440 -> display 2560x1440 | dynamic 0x0..0x0 | subrect 2560x1440 at color(0,0) depth(0,0) MV(0,0) out(0,0) | have=0xfff. || HOW TO READ IT. resolved=0 with evaluates=0 means no module asked for the entry point after we installed - either the title does not use DLSS, or it resolved before the addon loaded; the barrier path is untouched either way and is still what drives. sr-handle=UNFILTERED means we were not present for CreateFeature, so the table may be from frame generation rather than super sampling - check that render/display extents look like a supersampling pair before trusting it. MVEC here is the GAME'S answer to the question every round from R70 to R100 tried to infer; if it does not equal the handle the barrier probe armed on Dragon Sword, the probe was wrong on a title we believed, and THAT is the finding. have=0 bits name the keys this producer does not populate - Streamline and the raw SDK do not set the same subset, and the difference is a fact about the route, not a bug. MVLowRes IS DEFERRED OPTION 11 ANSWERED: 1 means the game's motion vectors are at RENDER resolution, 0 means display resolution, and we have been inferring that from buffer sizes since R83. Read it together with MVecScale - a low-res field with a display-sized scale is the shape that makes reprojection look almost right.
23:56:25:450 [19984] | INFO  | [MGPU Bridge] [MGPU][P9.1] META SRC mvec lane: 18 candidate(s), 82 ns/frame over 8138 frames. R72: RANKED AND SORTED BY RTV BINDS - how often each is RENDERED INTO, which is a per-frame usage signal. srvs is kept alongside as the old created over the resource. THIS DOES NOT IDENTIFY MOTION VECTORS - nothing in ReShade says which one they are - it says whether an MVec-shaped resource is visible from a subscriber at all. An empty list with a non-zero examined count is the result that says the NGX hook has to be earned or abandoned. root-descriptor SRV pushes=0 (zero here with a non-zero SRV count above means this engine binds through descriptor TABLES and push_descriptors is blind in it - a fact about the engine, not a fault). | #0 2560x1440 R16G16_FLOAT srvs=1 RTVBINDS=0 (0.00/frame) <-DISPLAY-EXTENT | #1 2560x1440 R16G16_FLOAT srvs=1 RTVBINDS=0 (0.00/frame) <-DISPLAY-EXTENT | #2 1280x720 R16G16_FLOAT srvs=1 RTVBINDS=0 (0.00/frame) | #3 1280x720 R16G16_FLOAT srvs=1 RTVBINDS=0 (0.00/frame) | #4 1280x720 R16G16_FLOAT srvs=1 RTVBINDS=0 (0.00/frame) | #5 1280x720 R16G16_FLOAT srvs=1 RTVBINDS=0 (0.00/frame) | #6 1280x720 R16G16_FLOAT srvs=1 RTVBINDS=0 (0.00/frame) | #7 2560x1440 R16G16_FLOAT srvs=1 RTVBINDS=0 (0.00/frame) <-DISPLAY-EXTENT
23:56:25:451 [19984] | INFO  | [MGPU Bridge] [MGPU][R71] MVEC SIZES over ALL 18 candidate(s): 2560x1440 x13 | 1280x720 x5 | || TRANSPORT SOURCE res=0x1e3d54f3d60 (0 means not identified yet - it needs a display-extent candidate with render-target binds), handed to the transport 0 times, 0 second-binds-in-a-frame skipped. || EVICTIONS: 0 resources destroyed and removed from the tables (R76 - a resolution change destroys every render target, and a stale entry is a copy from freed memory). RTV BINDS SEEN IN TOTAL: 0. THE RANK ABOVE IS NOW RENDER TARGET BINDS, NOT SRV CREATIONS. R25 ranked by SRVs created, got 6/5/3/3, and called it "a candidate, not an identification" - that flatness was the SIGNAL being wrong, not the game. An SRV creation count is a LIFETIME number; a velocity buffer is RENDERED INTO once per frame, and RTVBINDS is that. THE EXTENT TO MATCH IS THE DISPLAY EXTENT 2560x1440, not the render extent: the game's own DLSS telemetry says ColorExtentHeight=936 with MVExtentWidth=2560 MVExtentHeight=1440, so this title feeds HIGH-RESOLUTION motion vectors. A single candidate marked <-DISPLAY-EXTENT with RTVBINDS close to the frame count is the velocity buffer. RTV BINDS SEEN = 0 with candidates present means THIS EVENT did not see it, and says nothing whatever about the other two. R81 retracted the sentence that used to sit here - it named optical flow and NGX hooking as the routes left, before anyone had read the 
23:56:25:451 [19984] | INFO  | [MGPU Bridge] [MGPU][R82] ACQUISITION SIGNALS - three of them, one run. || RTV VIEW TABLE: 16 of 128 entries. THAT IS THE DENOMINATOR R80 COULD NOT SEE - a bind count of zero against an empty table means nothing at all. || OMSetRenderTargets: fired=0 rtvs=0 | matched via OUR TABLE=0 | matched via get_resource_from_view=0 || BeginRenderPass: fired=0 targets=0 matched=0 || Barrier: fired=636859 resources=823120 matched=23290, costing 2634 ns/frame || #0 2560x1440 rtv=0 rp=0 bar=847(0x40->0x8) | #1 2560x1440 rtv=0 rp=0 bar=847(0x8->0x40) | #2 1280x720 rtv=0 rp=0 bar=1(0xC0->0x4) | #3 1280x720 rtv=0 rp=0 bar=1(0xC0->0x4) | #4 1280x720 rtv=0 rp=0 bar=1(0xC0->0x4) | #5 1280x720 rtv=0 rp=0 bar=1(0xC0->0x4) | || HOW TO READ IT. via TABLE=0 while via get_resource_from_view is non-zero: the table was the whole bug and R76 through R81 were spent on a cache we never needed. BeginRenderPass fired while OMSetRenderTargets did not: this engine uses render passes and we were subscribed to the wrong event. Barrier matched with a per-frame count near the frame count: use THAT permanently - it needs no view, no table and no binding-path assumption, and 0x4->0xC0 (render_target -> shader_resource) is the moment AFTER the pass wrote, which is the correct moment to copy and is one the bind events cannot offer. NOTE THE STALENESS R78 DID NOT STATE: both bind events fire BEFORE the pass runs, so a copy taken there carries the PREVIOUS frame's vectors. All three silent with candidates present is the only reading that makes optical flow or NGX hooking the honest next step. Two of the barriers per frame on the published source are OURS.
23:56:26:035 [ 2816] | INFO  | [MGPU Bridge] [MGPU][SEAL] new f=1647 slot=2 gap=1 lat=109.66ms pitch=10240 fmt=24 bytes=14745600 bc=0(unimplemented) OK
23:56:27:957 [ 2816] | INFO  | [MGPU Bridge] [MGPU][SEAL] new f=1708 slot=3 gap=1 lat=99.28ms pitch=10240 fmt=24 bytes=14745600 bc=0(unimplemented) OK
23:56:28:462 [19984] | INFO  | [MGPU Bridge] [MGPU][P9.1] META SRC mvec lane: 18 candidate(s), 83 ns/frame over 8234 frames. R72: RANKED AND SORTED BY RTV BINDS - how often each is RENDERED INTO, which is a per-frame usage signal. srvs is kept alongside as the old created over the resource. THIS DOES NOT IDENTIFY MOTION VECTORS - nothing in ReShade says which one they are - it says whether an MVec-shaped resource is visible from a subscriber at all. An empty list with a non-zero examined count is the result that says the NGX hook has to be earned or abandoned. root-descriptor SRV pushes=0 (zero here with a non-zero SRV count above means this engine binds through descriptor TABLES and push_descriptors is blind in it - a fact about the engine, not a fault). | #0 2560x1440 R16G16_FLOAT srvs=1 RTVBINDS=0 (0.00/frame) <-DISPLAY-EXTENT | #1 2560x1440 R16G16_FLOAT srvs=1 RTVBINDS=0 (0.00/frame) <-DISPLAY-EXTENT | #2 1280x720 R16G16_FLOAT srvs=1 RTVBINDS=0 (0.00/frame) | #3 1280x720 R16G16_FLOAT srvs=1 RTVBINDS=0 (0.00/frame) | #4 1280x720 R16G16_FLOAT srvs=1 RTVBINDS=0 (0.00/frame) | #5 1280x720 R16G16_FLOAT srvs=1 RTVBINDS=0 (0.00/frame) | #6 1280x720 R16G16_FLOAT srvs=1 RTVBINDS=0 (0.00/frame) | #7 2560x1440 R16G16_FLOAT srvs=1 RTVBINDS=0 (0.00/frame) <-DISPLAY-EXTENT
23:56:28:463 [19984] | INFO  | [MGPU Bridge] [MGPU][R71] MVEC SIZES over ALL 18 candidate(s): 2560x1440 x13 | 1280x720 x5 | || TRANSPORT SOURCE res=0x1e3d54f3d60 (0 means not identified yet - it needs a display-extent candidate with render-target binds), handed to the transport 0 times, 0 second-binds-in-a-frame skipped. || EVICTIONS: 0 resources destroyed and removed from the tables (R76 - a resolution change destroys every render target, and a stale entry is a copy from freed memory). RTV BINDS SEEN IN TOTAL: 0. THE RANK ABOVE IS NOW RENDER TARGET BINDS, NOT SRV CREATIONS. R25 ranked by SRVs created, got 6/5/3/3, and called it "a candidate, not an identification" - that flatness was the SIGNAL being wrong, not the game. An SRV creation count is a LIFETIME number; a velocity buffer is RENDERED INTO once per frame, and RTVBINDS is that. THE EXTENT TO MATCH IS THE DISPLAY EXTENT 2560x1440, not the render extent: the game's own DLSS telemetry says ColorExtentHeight=936 with MVExtentWidth=2560 MVExtentHeight=1440, so this title feeds HIGH-RESOLUTION motion vectors. A single candidate marked <-DISPLAY-EXTENT with RTVBINDS close to the frame count is the velocity buffer. RTV BINDS SEEN = 0 with candidates present means THIS EVENT did not see it, and says nothing whatever about the other two. R81 retracted the sentence that used to sit here - it named optical flow and NGX hooking as the routes left, before anyone had read the 
23:56:28:463 [19984] | INFO  | [MGPU Bridge] [MGPU][R82] ACQUISITION SIGNALS - three of them, one run. || RTV VIEW TABLE: 16 of 128 entries. THAT IS THE DENOMINATOR R80 COULD NOT SEE - a bind count of zero against an empty table means nothing at all. || OMSetRenderTargets: fired=0 rtvs=0 | matched via OUR TABLE=0 | matched via get_resource_from_view=0 || BeginRenderPass: fired=0 targets=0 matched=0 || Barrier: fired=686221 resources=892010 matched=26016, costing 2811 ns/frame || #0 2560x1440 rtv=0 rp=0 bar=943(0x40->0x8) | #1 2560x1440 rtv=0 rp=0 bar=943(0x8->0x40) | #2 1280x720 rtv=0 rp=0 bar=1(0xC0->0x4) | #3 1280x720 rtv=0 rp=0 bar=1(0xC0->0x4) | #4 1280x720 rtv=0 rp=0 bar=1(0xC0->0x4) | #5 1280x720 rtv=0 rp=0 bar=1(0xC0->0x4) | || HOW TO READ IT. via TABLE=0 while via get_resource_from_view is non-zero: the table was the whole bug and R76 through R81 were spent on a cache we never needed. BeginRenderPass fired while OMSetRenderTargets did not: this engine uses render passes and we were subscribed to the wrong event. Barrier matched with a per-frame count near the frame count: use THAT permanently - it needs no view, no table and no binding-path assumption, and 0x4->0xC0 (render_target -> shader_resource) is the moment AFTER the pass wrote, which is the correct moment to copy and is one the bind events cannot offer. NOTE THE STALENESS R78 DID NOT STATE: both bind events fire BEFORE the pass runs, so a copy taken there carries the PREVIOUS frame's vectors. All three silent with candidates present is the only reading that makes optical flow or NGX hooking the honest next step. Two of the barriers per frame on the published source are OURS.
23:56:29:755 [ 2816] | INFO  | [MGPU Bridge] [MGPU][SEAL] new f=1769 slot=4 gap=1 lat=100.34ms pitch=10240 fmt=24 bytes=14745600 bc=0(unimplemented) OK
23:56:30:684 [ 2816] | INFO  | [MGPU Bridge] [MGPU][R63] DEPTH TRANSPORT f=1801 mode=1 (TRANSPORTED AND BOUND) | producer: valid=1804 invalid=0 size-rejected=0, arm held 0 frame(s) | consumer: seals seen valid=1710 invalid=0 contract mismatches=0 | region 2560x1440 fmt=41 pitch=10240 bytes=14745600 at slot offset 14746112 of 44237312. INVALID IS NOT AN ERROR: ReShade unbinds depth in menus and scene changes, and R61 established that shipping the zeros it leaves behind would hand the model a false flat plane. An invalid frame carries the colour and says so. WHAT WOULD BE AN ERROR is contract mismatches above zero, or valid staying at zero once you are in gameplay - that means the tap is not feeding us. 100.0% of sealed frames carried depth. | GPU 1: unpacked=1285 bound=1150 skipped=0, DepthInverted=1, flag disagreements=0 (the seal crossed the adapter and the slot flag did not, so any disagreement between them is real). BOUND vs SKIPPED IS THE R61 TEST: skipped counts frames where ReShade had no depth and the model was given NONE rather than the previous frame's - open a menu mid-stream and this must move.
23:56:30:685 [ 2816] | INFO  | [MGPU Bridge] [MGPU][R78] MVEC TRANSPORT f=1801 mode=3 REAL | producer: copies=1016 missing=788 size-rejected=0 lock-skipped=0, arm held 6448 frame(s) | consumer: seals seen valid=1013 invalid=697 contract mismatches=0 flag disagreements=0 | region 2560x1440 fmt=34 pitch=10240 bytes=14745600 at slot offset 29491712 of 44237312 | GPU 1: unpacked=1014 bound=1013 skipped=137, scale=(2560.000, 1440.000). 59.2% of sealed frames carried vectors. COPIES IS THE ONE TO WATCH: it counts frames where the bind hook fired and a copy was recorded. If it stays at zero the probe published a handle nobody binds, and MVec never reaches the model whatever the rest of this line says. SKIPPED IS NOT AN ERROR - it counts frames with no vectors, which is what a menu looks like, and those frames are handed NONE rather than the last frame's motion.
23:56:30:685 [ 2816] | INFO  | [MGPU Bridge] [MGPU][R87] MVEC FRAME ALIGNMENT f=1801 | evaluates=1150 | elapsed 1=1016 2=2 3=1 4=1 5=43 6=56 7=26 8+=5 | worst=9 | 88.35% at 1. A motion vector describes ONE game frame; NR reprojects by whatever it is handed. When the frame NR blends against is older than one, history lands SHORT by this factor - zero error at rest, growing with speed, and no constant MVecScale can fix it. The scale is multiplied by this per evaluate. IF THIS LINE IS FLAT AT 1 AND THE ARTEFACT IS UNCHANGED, PACING IS ELIMINATED and what remains is units or sign. P4.1's skipped-frame counter predicts about 99.5% at 1, so a materially lower figure here is a desync no counter has shown us.
23:56:31:483 [19984] | INFO  | [MGPU Bridge] [MGPU][P9.1] META SRC mvec lane: 18 candidate(s), 84 ns/frame over 8337 frames. R72: RANKED AND SORTED BY RTV BINDS - how often each is RENDERED INTO, which is a per-frame usage signal. srvs is kept alongside as the old created over the resource. THIS DOES NOT IDENTIFY MOTION VECTORS - nothing in ReShade says which one they are - it says whether an MVec-shaped resource is visible from a subscriber at all. An empty list with a non-zero examined count is the result that says the NGX hook has to be earned or abandoned. root-descriptor SRV pushes=0 (zero here with a non-zero SRV count above means this engine binds through descriptor TABLES and push_descriptors is blind in it - a fact about the engine, not a fault). | #0 2560x1440 R16G16_FLOAT srvs=1 RTVBINDS=0 (0.00/frame) <-DISPLAY-EXTENT | #1 2560x1440 R16G16_FLOAT srvs=1 RTVBINDS=0 (0.00/frame) <-DISPLAY-EXTENT | #2 1280x720 R16G16_FLOAT srvs=1 RTVBINDS=0 (0.00/frame) | #3 1280x720 R16G16_FLOAT srvs=1 RTVBINDS=0 (0.00/frame) | #4 1280x720 R16G16_FLOAT srvs=1 RTVBINDS=0 (0.00/frame) | #5 1280x720 R16G16_FLOAT srvs=1 RTVBINDS=0 (0.00/frame) | #6 1280x720 R16G16_FLOAT srvs=1 RTVBINDS=0 (0.00/frame) | #7 2560x1440 R16G16_FLOAT srvs=1 RTVBINDS=0 (0.00/frame) <-DISPLAY-EXTENT
23:56:31:484 [19984] | INFO  | [MGPU Bridge] [MGPU][R71] MVEC SIZES over ALL 18 candidate(s): 2560x1440 x13 | 1280x720 x5 | || TRANSPORT SOURCE res=0x1e3d54f3d60 (0 means not identified yet - it needs a display-extent candidate with render-target binds), handed to the transport 0 times, 0 second-binds-in-a-frame skipped. || EVICTIONS: 0 resources destroyed and removed from the tables (R76 - a resolution change destroys every render target, and a stale entry is a copy from freed memory). RTV BINDS SEEN IN TOTAL: 0. THE RANK ABOVE IS NOW RENDER TARGET BINDS, NOT SRV CREATIONS. R25 ranked by SRVs created, got 6/5/3/3, and called it "a candidate, not an identification" - that flatness was the SIGNAL being wrong, not the game. An SRV creation count is a LIFETIME number; a velocity buffer is RENDERED INTO once per frame, and RTVBINDS is that. THE EXTENT TO MATCH IS THE DISPLAY EXTENT 2560x1440, not the render extent: the game's own DLSS telemetry says ColorExtentHeight=936 with MVExtentWidth=2560 MVExtentHeight=1440, so this title feeds HIGH-RESOLUTION motion vectors. A single candidate marked <-DISPLAY-EXTENT with RTVBINDS close to the frame count is the velocity buffer. RTV BINDS SEEN = 0 with candidates present means THIS EVENT did not see it, and says nothing whatever about the other two. R81 retracted the sentence that used to sit here - it named optical flow and NGX hooking as the routes left, before anyone had read the 
23:56:31:484 [19984] | INFO  | [MGPU Bridge] [MGPU][R82] ACQUISITION SIGNALS - three of them, one run. || RTV VIEW TABLE: 16 of 128 entries. THAT IS THE DENOMINATOR R80 COULD NOT SEE - a bind count of zero against an empty table means nothing at all. || OMSetRenderTargets: fired=0 rtvs=0 | matched via OUR TABLE=0 | matched via get_resource_from_view=0 || BeginRenderPass: fired=0 targets=0 matched=0 || Barrier: fired=739893 resources=966311 matched=28881, costing 3000 ns/frame || #0 2560x1440 rtv=0 rp=0 bar=1046(0x8->0x40) | #1 2560x1440 rtv=0 rp=0 bar=1046(0x40->0x8) | #2 1280x720 rtv=0 rp=0 bar=1(0xC0->0x4) | #3 1280x720 rtv=0 rp=0 bar=1(0xC0->0x4) | #4 1280x720 rtv=0 rp=0 bar=1(0xC0->0x4) | #5 1280x720 rtv=0 rp=0 bar=1(0xC0->0x4) | || HOW TO READ IT. via TABLE=0 while via get_resource_from_view is non-zero: the table was the whole bug and R76 through R81 were spent on a cache we never needed. BeginRenderPass fired while OMSetRenderTargets did not: this engine uses render passes and we were subscribed to the wrong event. Barrier matched with a per-frame count near the frame count: use THAT permanently - it needs no view, no table and no binding-path assumption, and 0x4->0xC0 (render_target -> shader_resource) is the moment AFTER the pass wrote, which is the correct moment to copy and is one the bind events cannot offer. NOTE THE STALENESS R78 DID NOT STATE: both bind events fire BEFORE the pass runs, so a copy taken there carries the PREVIOUS frame's vectors. All three silent with candidates present is the only reading that makes optical flow or NGX hooking the honest next step. Two of the barriers per frame on the published source are OURS.
23:56:31:518 [ 2816] | INFO  | [MGPU Bridge] [MGPU][SEAL] new f=1830 slot=5 gap=1 lat=94.44ms pitch=10240 fmt=24 bytes=14745600 bc=0(unimplemented) OK
23:56:32:418 [ 2816] | INFO  | [MGPU Bridge] [MGPU][T5] present loop alive: frame 11400 thread id 0xB00
23:56:33:202 [ 2816] | INFO  | [MGPU Bridge] [MGPU][SEAL] new f=1891 slot=0 gap=1 lat=95.82ms pitch=10240 fmt=24 bytes=14745600 bc=0(unimplemented) OK
23:56:33:219 [19984] | INFO  | [MGPU Bridge] [MGPU][R101] CALIBRATOR mode=2 site=iat | slots=40 data-slots=0 modules=137 gpa-calls=284 | resolved=1 creates=1 sr-handle=known | evaluates=1109 captured=1109 | cost 354 ns/frame | eval-copies=1109 eval-skips=0. || THE GAME'S OWN TABLE: color=0x1e3d59313d0 depth=0x1e30be773c0 MVEC=0x1e3d43fa420 output=0x1e3d5593970 | MVecScale 2560.0000,1440.0000 | jitter 0.0000,-0.1667 | Reset=0 | CreateFlags=0x3 -> DepthInverted=0 MVLowRes=1 MVJittered=0 IsHDR=1 AutoExposure=0 | quality=5 | render 2560x1440 -> display 2560x1440 | dynamic 0x0..0x0 | subrect 2560x1440 at color(0,0) depth(0,0) MV(0,0) out(0,0) | have=0xfff. || HOW TO READ IT. resolved=0 with evaluates=0 means no module asked for the entry point after we installed - either the title does not use DLSS, or it resolved before the addon loaded; the barrier path is untouched either way and is still what drives. sr-handle=UNFILTERED means we were not present for CreateFeature, so the table may be from frame generation rather than super sampling - check that render/display extents look like a supersampling pair before trusting it. MVEC here is the GAME'S answer to the question every round from R70 to R100 tried to infer; if it does not equal the handle the barrier probe armed on Dragon Sword, the probe was wrong on a title we believed, and THAT is the finding. have=0 bits name the keys this producer does not populate - Streamline and the raw SDK do not set the same subset, and the difference is a fact about the route, not a bug. MVLowRes IS DEFERRED OPTION 11 ANSWERED: 1 means the game's motion vectors are at RENDER resolution, 0 means display resolution, and we have been inferring that from buffer sizes since R83. Read it together with MVecScale - a low-res field with a display-sized scale is the shape that makes reprojection look almost right.
23:56:34:506 [19984] | INFO  | [MGPU Bridge] [MGPU][P9.1] META SRC mvec lane: 18 candidate(s), 85 ns/frame over 8447 frames. R72: RANKED AND SORTED BY RTV BINDS - how often each is RENDERED INTO, which is a per-frame usage signal. srvs is kept alongside as the old created over the resource. THIS DOES NOT IDENTIFY MOTION VECTORS - nothing in ReShade says which one they are - it says whether an MVec-shaped resource is visible from a subscriber at all. An empty list with a non-zero examined count is the result that says the NGX hook has to be earned or abandoned. root-descriptor SRV pushes=0 (zero here with a non-zero SRV count above means this engine binds through descriptor TABLES and push_descriptors is blind in it - a fact about the engine, not a fault). | #0 2560x1440 R16G16_FLOAT srvs=1 RTVBINDS=0 (0.00/frame) <-DISPLAY-EXTENT | #1 2560x1440 R16G16_FLOAT srvs=1 RTVBINDS=0 (0.00/frame) <-DISPLAY-EXTENT | #2 1280x720 R16G16_FLOAT srvs=1 RTVBINDS=0 (0.00/frame) | #3 1280x720 R16G16_FLOAT srvs=1 RTVBINDS=0 (0.00/frame) | #4 1280x720 R16G16_FLOAT srvs=1 RTVBINDS=0 (0.00/frame) | #5 1280x720 R16G16_FLOAT srvs=1 RTVBINDS=0 (0.00/frame) | #6 1280x720 R16G16_FLOAT srvs=1 RTVBINDS=0 (0.00/frame) | #7 2560x1440 R16G16_FLOAT srvs=1 RTVBINDS=0 (0.00/frame) <-DISPLAY-EXTENT
23:56:34:506 [19984] | INFO  | [MGPU Bridge] [MGPU][R71] MVEC SIZES over ALL 18 candidate(s): 2560x1440 x13 | 1280x720 x5 | || TRANSPORT SOURCE res=0x1e3d54f3d60 (0 means not identified yet - it needs a display-extent candidate with render-target binds), handed to the transport 0 times, 0 second-binds-in-a-frame skipped. || EVICTIONS: 0 resources destroyed and removed from the tables (R76 - a resolution change destroys every render target, and a stale entry is a copy from freed memory). RTV BINDS SEEN IN TOTAL: 0. THE RANK ABOVE IS NOW RENDER TARGET BINDS, NOT SRV CREATIONS. R25 ranked by SRVs created, got 6/5/3/3, and called it "a candidate, not an identification" - that flatness was the SIGNAL being wrong, not the game. An SRV creation count is a LIFETIME number; a velocity buffer is RENDERED INTO once per frame, and RTVBINDS is that. THE EXTENT TO MATCH IS THE DISPLAY EXTENT 2560x1440, not the render extent: the game's own DLSS telemetry says ColorExtentHeight=936 with MVExtentWidth=2560 MVExtentHeight=1440, so this title feeds HIGH-RESOLUTION motion vectors. A single candidate marked <-DISPLAY-EXTENT with RTVBINDS close to the frame count is the velocity buffer. RTV BINDS SEEN = 0 with candidates present means THIS EVENT did not see it, and says nothing whatever about the other two. R81 retracted the sentence that used to sit here - it named optical flow and NGX hooking as the routes left, before anyone had read the 
23:56:34:506 [19984] | INFO  | [MGPU Bridge] [MGPU][R82] ACQUISITION SIGNALS - three of them, one run. || RTV VIEW TABLE: 16 of 128 entries. THAT IS THE DENOMINATOR R80 COULD NOT SEE - a bind count of zero against an empty table means nothing at all. || OMSetRenderTargets: fired=0 rtvs=0 | matched via OUR TABLE=0 | matched via get_resource_from_view=0 || BeginRenderPass: fired=0 targets=0 matched=0 || Barrier: fired=797814 resources=1046184 matched=31979, costing 3225 ns/frame || #0 2560x1440 rtv=0 rp=0 bar=1156(0x8->0x40) | #1 2560x1440 rtv=0 rp=0 bar=1156(0x40->0x8) | #2 1280x720 rtv=0 rp=0 bar=1(0xC0->0x4) | #3 1280x720 rtv=0 rp=0 bar=1(0xC0->0x4) | #4 1280x720 rtv=0 rp=0 bar=1(0xC0->0x4) | #5 1280x720 rtv=0 rp=0 bar=1(0xC0->0x4) | || HOW TO READ IT. via TABLE=0 while via get_resource_from_view is non-zero: the table was the whole bug and R76 through R81 were spent on a cache we never needed. BeginRenderPass fired while OMSetRenderTargets did not: this engine uses render passes and we were subscribed to the wrong event. Barrier matched with a per-frame count near the frame count: use THAT permanently - it needs no view, no table and no binding-path assumption, and 0x4->0xC0 (render_target -> shader_resource) is the moment AFTER the pass wrote, which is the correct moment to copy and is one the bind events cannot offer. NOTE THE STALENESS R78 DID NOT STATE: both bind events fire BEFORE the pass runs, so a copy taken there carries the PREVIOUS frame's vectors. All three silent with candidates present is the only reading that makes optical flow or NGX hooking the honest next step. Two of the barriers per frame on the published source are OURS.
23:56:34:854 [ 2816] | INFO  | [MGPU Bridge] [MGPU][SEAL] new f=1952 slot=1 gap=1 lat=89.81ms pitch=10240 fmt=24 bytes=14745600 bc=0(unimplemented) OK
23:56:36:418 [ 2816] | INFO  | [MGPU Bridge] [MGPU][SEAL] new f=2013 slot=2 gap=1 lat=91.05ms pitch=10240 fmt=24 bytes=14745600 bc=0(unimplemented) OK
23:56:37:516 [19984] | INFO  | [MGPU Bridge] [MGPU][P9.1] META SRC mvec lane: 18 candidate(s), 87 ns/frame over 8562 frames. R72: RANKED AND SORTED BY RTV BINDS - how often each is RENDERED INTO, which is a per-frame usage signal. srvs is kept alongside as the old created over the resource. THIS DOES NOT IDENTIFY MOTION VECTORS - nothing in ReShade says which one they are - it says whether an MVec-shaped resource is visible from a subscriber at all. An empty list with a non-zero examined count is the result that says the NGX hook has to be earned or abandoned. root-descriptor SRV pushes=0 (zero here with a non-zero SRV count above means this engine binds through descriptor TABLES and push_descriptors is blind in it - a fact about the engine, not a fault). | #0 2560x1440 R16G16_FLOAT srvs=1 RTVBINDS=0 (0.00/frame) <-DISPLAY-EXTENT | #1 2560x1440 R16G16_FLOAT srvs=1 RTVBINDS=0 (0.00/frame) <-DISPLAY-EXTENT | #2 1280x720 R16G16_FLOAT srvs=1 RTVBINDS=0 (0.00/frame) | #3 1280x720 R16G16_FLOAT srvs=1 RTVBINDS=0 (0.00/frame) | #4 1280x720 R16G16_FLOAT srvs=1 RTVBINDS=0 (0.00/frame) | #5 1280x720 R16G16_FLOAT srvs=1 RTVBINDS=0 (0.00/frame) | #6 1280x720 R16G16_FLOAT srvs=1 RTVBINDS=0 (0.00/frame) | #7 2560x1440 R16G16_FLOAT srvs=1 RTVBINDS=0 (0.00/frame) <-DISPLAY-EXTENT
23:56:37:516 [19984] | INFO  | [MGPU Bridge] [MGPU][R71] MVEC SIZES over ALL 18 candidate(s): 2560x1440 x13 | 1280x720 x5 | || TRANSPORT SOURCE res=0x1e3d54f3d60 (0 means not identified yet - it needs a display-extent candidate with render-target binds), handed to the transport 0 times, 0 second-binds-in-a-frame skipped. || EVICTIONS: 0 resources destroyed and removed from the tables (R76 - a resolution change destroys every render target, and a stale entry is a copy from freed memory). RTV BINDS SEEN IN TOTAL: 0. THE RANK ABOVE IS NOW RENDER TARGET BINDS, NOT SRV CREATIONS. R25 ranked by SRVs created, got 6/5/3/3, and called it "a candidate, not an identification" - that flatness was the SIGNAL being wrong, not the game. An SRV creation count is a LIFETIME number; a velocity buffer is RENDERED INTO once per frame, and RTVBINDS is that. THE EXTENT TO MATCH IS THE DISPLAY EXTENT 2560x1440, not the render extent: the game's own DLSS telemetry says ColorExtentHeight=936 with MVExtentWidth=2560 MVExtentHeight=1440, so this title feeds HIGH-RESOLUTION motion vectors. A single candidate marked <-DISPLAY-EXTENT with RTVBINDS close to the frame count is the velocity buffer. RTV BINDS SEEN = 0 with candidates present means THIS EVENT did not see it, and says nothing whatever about the other two. R81 retracted the sentence that used to sit here - it named optical flow and NGX hooking as the routes left, before anyone had read the 
23:56:37:516 [19984] | INFO  | [MGPU Bridge] [MGPU][R82] ACQUISITION SIGNALS - three of them, one run. || RTV VIEW TABLE: 16 of 128 entries. THAT IS THE DENOMINATOR R80 COULD NOT SEE - a bind count of zero against an empty table means nothing at all. || OMSetRenderTargets: fired=0 rtvs=0 | matched via OUR TABLE=0 | matched via get_resource_from_view=0 || BeginRenderPass: fired=0 targets=0 matched=0 || Barrier: fired=857840 resources=1129111 matched=35084, costing 3427 ns/frame || #0 2560x1440 rtv=0 rp=0 bar=1271(0x40->0x8) | #1 2560x1440 rtv=0 rp=0 bar=1271(0x8->0x40) | #2 1280x720 rtv=0 rp=0 bar=1(0xC0->0x4) | #3 1280x720 rtv=0 rp=0 bar=1(0xC0->0x4) | #4 1280x720 rtv=0 rp=0 bar=1(0xC0->0x4) | #5 1280x720 rtv=0 rp=0 bar=1(0xC0->0x4) | || HOW TO READ IT. via TABLE=0 while via get_resource_from_view is non-zero: the table was the whole bug and R76 through R81 were spent on a cache we never needed. BeginRenderPass fired while OMSetRenderTargets did not: this engine uses render passes and we were subscribed to the wrong event. Barrier matched with a per-frame count near the frame count: use THAT permanently - it needs no view, no table and no binding-path assumption, and 0x4->0xC0 (render_target -> shader_resource) is the moment AFTER the pass wrote, which is the correct moment to copy and is one the bind events cannot offer. NOTE THE STALENESS R78 DID NOT STATE: both bind events fire BEFORE the pass runs, so a copy taken there carries the PREVIOUS frame's vectors. All three silent with candidates present is the only reading that makes optical flow or NGX hooking the honest next step. Two of the barriers per frame on the published source are OURS.
23:56:38:094 [ 2816] | INFO  | [MGPU Bridge] [MGPU][SEAL] new f=2074 slot=3 gap=1 lat=97.41ms pitch=10240 fmt=24 bytes=14745600 bc=0(unimplemented) OK
23:56:38:901 [ 2816] | INFO  | [MGPU Bridge] [MGPU][R63] DEPTH TRANSPORT f=2101 mode=1 (TRANSPORTED AND BOUND) | producer: valid=2104 invalid=0 size-rejected=0, arm held 0 frame(s) | consumer: seals seen valid=2010 invalid=0 contract mismatches=0 | region 2560x1440 fmt=41 pitch=10240 bytes=14745600 at slot offset 14746112 of 44237312. INVALID IS NOT AN ERROR: ReShade unbinds depth in menus and scene changes, and R61 established that shipping the zeros it leaves behind would hand the model a false flat plane. An invalid frame carries the colour and says so. WHAT WOULD BE AN ERROR is contract mismatches above zero, or valid staying at zero once you are in gameplay - that means the tap is not feeding us. 100.0% of sealed frames carried depth. | GPU 1: unpacked=1585 bound=1450 skipped=0, DepthInverted=1, flag disagreements=0 (the seal crossed the adapter and the slot flag did not, so any disagreement between them is real). BOUND vs SKIPPED IS THE R61 TEST: skipped counts frames where ReShade had no depth and the model was given NONE rather than the previous frame's - open a menu mid-stream and this must move.
23:56:38:901 [ 2816] | INFO  | [MGPU Bridge] [MGPU][R78] MVEC TRANSPORT f=2101 mode=3 REAL | producer: copies=1316 missing=788 size-rejected=0 lock-skipped=0, arm held 6448 frame(s) | consumer: seals seen valid=1313 invalid=697 contract mismatches=0 flag disagreements=0 | region 2560x1440 fmt=34 pitch=10240 bytes=14745600 at slot offset 29491712 of 44237312 | GPU 1: unpacked=1314 bound=1313 skipped=137, scale=(2560.000, 1440.000). 65.3% of sealed frames carried vectors. COPIES IS THE ONE TO WATCH: it counts frames where the bind hook fired and a copy was recorded. If it stays at zero the probe published a handle nobody binds, and MVec never reaches the model whatever the rest of this line says. SKIPPED IS NOT AN ERROR - it counts frames with no vectors, which is what a menu looks like, and those frames are handed NONE rather than the last frame's motion.
23:56:38:902 [ 2816] | INFO  | [MGPU Bridge] [MGPU][R87] MVEC FRAME ALIGNMENT f=2101 | evaluates=1450 | elapsed 1=1316 2=2 3=1 4=1 5=43 6=56 7=26 8+=5 | worst=9 | 90.76% at 1. A motion vector describes ONE game frame; NR reprojects by whatever it is handed. When the frame NR blends against is older than one, history lands SHORT by this factor - zero error at rest, growing with speed, and no constant MVecScale can fix it. The scale is multiplied by this per evaluate. IF THIS LINE IS FLAT AT 1 AND THE ARTEFACT IS UNCHANGED, PACING IS ELIMINATED and what remains is units or sign. P4.1's skipped-frame counter predicts about 99.5% at 1, so a materially lower figure here is a desync no counter has shown us.
23:56:39:894 [ 2816] | INFO  | [MGPU Bridge] [MGPU][SEAL] new f=2135 slot=4 gap=1 lat=91.75ms pitch=10240 fmt=24 bytes=14745600 bc=0(unimplemented) OK
23:56:40:529 [19984] | INFO  | [MGPU Bridge] [MGPU][P9.1] META SRC mvec lane: 18 candidate(s), 88 ns/frame over 8667 frames. R72: RANKED AND SORTED BY RTV BINDS - how often each is RENDERED INTO, which is a per-frame usage signal. srvs is kept alongside as the old created over the resource. THIS DOES NOT IDENTIFY MOTION VECTORS - nothing in ReShade says which one they are - it says whether an MVec-shaped resource is visible from a subscriber at all. An empty list with a non-zero examined count is the result that says the NGX hook has to be earned or abandoned. root-descriptor SRV pushes=0 (zero here with a non-zero SRV count above means this engine binds through descriptor TABLES and push_descriptors is blind in it - a fact about the engine, not a fault). | #0 2560x1440 R16G16_FLOAT srvs=1 RTVBINDS=0 (0.00/frame) <-DISPLAY-EXTENT | #1 2560x1440 R16G16_FLOAT srvs=1 RTVBINDS=0 (0.00/frame) <-DISPLAY-EXTENT | #2 1280x720 R16G16_FLOAT srvs=1 RTVBINDS=0 (0.00/frame) | #3 1280x720 R16G16_FLOAT srvs=1 RTVBINDS=0 (0.00/frame) | #4 1280x720 R16G16_FLOAT srvs=1 RTVBINDS=0 (0.00/frame) | #5 1280x720 R16G16_FLOAT srvs=1 RTVBINDS=0 (0.00/frame) | #6 1280x720 R16G16_FLOAT srvs=1 RTVBINDS=0 (0.00/frame) | #7 2560x1440 R16G16_FLOAT srvs=1 RTVBINDS=0 (0.00/frame) <-DISPLAY-EXTENT
23:56:40:530 [19984] | INFO  | [MGPU Bridge] [MGPU][R71] MVEC SIZES over ALL 18 candidate(s): 2560x1440 x13 | 1280x720 x5 | || TRANSPORT SOURCE res=0x1e3d54f3d60 (0 means not identified yet - it needs a display-extent candidate with render-target binds), handed to the transport 0 times, 0 second-binds-in-a-frame skipped. || EVICTIONS: 0 resources destroyed and removed from the tables (R76 - a resolution change destroys every render target, and a stale entry is a copy from freed memory). RTV BINDS SEEN IN TOTAL: 0. THE RANK ABOVE IS NOW RENDER TARGET BINDS, NOT SRV CREATIONS. R25 ranked by SRVs created, got 6/5/3/3, and called it "a candidate, not an identification" - that flatness was the SIGNAL being wrong, not the game. An SRV creation count is a LIFETIME number; a velocity buffer is RENDERED INTO once per frame, and RTVBINDS is that. THE EXTENT TO MATCH IS THE DISPLAY EXTENT 2560x1440, not the render extent: the game's own DLSS telemetry says ColorExtentHeight=936 with MVExtentWidth=2560 MVExtentHeight=1440, so this title feeds HIGH-RESOLUTION motion vectors. A single candidate marked <-DISPLAY-EXTENT with RTVBINDS close to the frame count is the velocity buffer. RTV BINDS SEEN = 0 with candidates present means THIS EVENT did not see it, and says nothing whatever about the other two. R81 retracted the sentence that used to sit here - it named optical flow and NGX hooking as the routes left, before anyone had read the 
23:56:40:530 [19984] | INFO  | [MGPU Bridge] [MGPU][R82] ACQUISITION SIGNALS - three of them, one run. || RTV VIEW TABLE: 16 of 128 entries. THAT IS THE DENOMINATOR R80 COULD NOT SEE - a bind count of zero against an empty table means nothing at all. || OMSetRenderTargets: fired=0 rtvs=0 | matched via OUR TABLE=0 | matched via get_resource_from_view=0 || BeginRenderPass: fired=0 targets=0 matched=0 || Barrier: fired=912336 resources=1204696 matched=37945, costing 3600 ns/frame || #0 2560x1440 rtv=0 rp=0 bar=1376(0x8->0x40) | #1 2560x1440 rtv=0 rp=0 bar=1376(0x40->0x8) | #2 1280x720 rtv=0 rp=0 bar=1(0xC0->0x4) | #3 1280x720 rtv=0 rp=0 bar=1(0xC0->0x4) | #4 1280x720 rtv=0 rp=0 bar=1(0xC0->0x4) | #5 1280x720 rtv=0 rp=0 bar=1(0xC0->0x4) | || HOW TO READ IT. via TABLE=0 while via get_resource_from_view is non-zero: the table was the whole bug and R76 through R81 were spent on a cache we never needed. BeginRenderPass fired while OMSetRenderTargets did not: this engine uses render passes and we were subscribed to the wrong event. Barrier matched with a per-frame count near the frame count: use THAT permanently - it needs no view, no table and no binding-path assumption, and 0x4->0xC0 (render_target -> shader_resource) is the moment AFTER the pass wrote, which is the correct moment to copy and is one the bind events cannot offer. NOTE THE STALENESS R78 DID NOT STATE: both bind events fire BEFORE the pass runs, so a copy taken there carries the PREVIOUS frame's vectors. All three silent with candidates present is the only reading that makes optical flow or NGX hooking the honest next step. Two of the barriers per frame on the published source are OURS.
23:56:41:402 [19984] | INFO  | [MGPU Bridge] [MGPU][R101] CALIBRATOR mode=2 site=iat | slots=40 data-slots=0 modules=137 gpa-calls=284 | resolved=1 creates=1 sr-handle=known | evaluates=1409 captured=1409 | cost 430 ns/frame | eval-copies=1409 eval-skips=0. || THE GAME'S OWN TABLE: color=0x1e3d59313d0 depth=0x1e30be773c0 MVEC=0x1e3d43fa420 output=0x1e3d5593970 | MVecScale 2560.0000,1440.0000 | jitter 0.1250,0.2778 | Reset=0 | CreateFlags=0x3 -> DepthInverted=0 MVLowRes=1 MVJittered=0 IsHDR=1 AutoExposure=0 | quality=5 | render 2560x1440 -> display 2560x1440 | dynamic 0x0..0x0 | subrect 2560x1440 at color(0,0) depth(0,0) MV(0,0) out(0,0) | have=0xfff. || HOW TO READ IT. resolved=0 with evaluates=0 means no module asked for the entry point after we installed - either the title does not use DLSS, or it resolved before the addon loaded; the barrier path is untouched either way and is still what drives. sr-handle=UNFILTERED means we were not present for CreateFeature, so the table may be from frame generation rather than super sampling - check that render/display extents look like a supersampling pair before trusting it. MVEC here is the GAME'S answer to the question every round from R70 to R100 tried to infer; if it does not equal the handle the barrier probe armed on Dragon Sword, the probe was wrong on a title we believed, and THAT is the finding. have=0 bits name the keys this producer does not populate - Streamline and the raw SDK do not set the same subset, and the difference is a fact about the route, not a bug. MVLowRes IS DEFERRED OPTION 11 ANSWERED: 1 means the game's motion vectors are at RENDER resolution, 0 means display resolution, and we have been inferring that from buffer sizes since R83. Read it together with MVecScale - a low-res field with a display-sized scale is the shape that makes reprojection look almost right.
23:56:41:519 [ 2816] | INFO  | [MGPU Bridge] [MGPU][SEAL] new f=2196 slot=5 gap=1 lat=90.31ms pitch=10240 fmt=24 bytes=14745600 bc=0(unimplemented) OK
23:56:43:184 [ 2816] | INFO  | [MGPU Bridge] [MGPU][SEAL] new f=2257 slot=0 gap=1 lat=96.43ms pitch=10240 fmt=24 bytes=14745600 bc=0(unimplemented) OK
23:56:43:533 [19984] | INFO  | [MGPU Bridge] [MGPU][P9.1] META SRC mvec lane: 18 candidate(s), 89 ns/frame over 8778 frames. R72: RANKED AND SORTED BY RTV BINDS - how often each is RENDERED INTO, which is a per-frame usage signal. srvs is kept alongside as the old created over the resource. THIS DOES NOT IDENTIFY MOTION VECTORS - nothing in ReShade says which one they are - it says whether an MVec-shaped resource is visible from a subscriber at all. An empty list with a non-zero examined count is the result that says the NGX hook has to be earned or abandoned. root-descriptor SRV pushes=0 (zero here with a non-zero SRV count above means this engine binds through descriptor TABLES and push_descriptors is blind in it - a fact about the engine, not a fault). | #0 2560x1440 R16G16_FLOAT srvs=1 RTVBINDS=0 (0.00/frame) <-DISPLAY-EXTENT | #1 2560x1440 R16G16_FLOAT srvs=1 RTVBINDS=0 (0.00/frame) <-DISPLAY-EXTENT | #2 1280x720 R16G16_FLOAT srvs=1 RTVBINDS=0 (0.00/frame) | #3 1280x720 R16G16_FLOAT srvs=1 RTVBINDS=0 (0.00/frame) | #4 1280x720 R16G16_FLOAT srvs=1 RTVBINDS=0 (0.00/frame) | #5 1280x720 R16G16_FLOAT srvs=1 RTVBINDS=0 (0.00/frame) | #6 1280x720 R16G16_FLOAT srvs=1 RTVBINDS=0 (0.00/frame) | #7 2560x1440 R16G16_FLOAT srvs=1 RTVBINDS=0 (0.00/frame) <-DISPLAY-EXTENT
23:56:43:533 [19984] | INFO  | [MGPU Bridge] [MGPU][R71] MVEC SIZES over ALL 18 candidate(s): 2560x1440 x13 | 1280x720 x5 | || TRANSPORT SOURCE res=0x1e3d54f3d60 (0 means not identified yet - it needs a display-extent candidate with render-target binds), handed to the transport 0 times, 0 second-binds-in-a-frame skipped. || EVICTIONS: 0 resources destroyed and removed from the tables (R76 - a resolution change destroys every render target, and a stale entry is a copy from freed memory). RTV BINDS SEEN IN TOTAL: 0. THE RANK ABOVE IS NOW RENDER TARGET BINDS, NOT SRV CREATIONS. R25 ranked by SRVs created, got 6/5/3/3, and called it "a candidate, not an identification" - that flatness was the SIGNAL being wrong, not the game. An SRV creation count is a LIFETIME number; a velocity buffer is RENDERED INTO once per frame, and RTVBINDS is that. THE EXTENT TO MATCH IS THE DISPLAY EXTENT 2560x1440, not the render extent: the game's own DLSS telemetry says ColorExtentHeight=936 with MVExtentWidth=2560 MVExtentHeight=1440, so this title feeds HIGH-RESOLUTION motion vectors. A single candidate marked <-DISPLAY-EXTENT with RTVBINDS close to the frame count is the velocity buffer. RTV BINDS SEEN = 0 with candidates present means THIS EVENT did not see it, and says nothing whatever about the other two. R81 retracted the sentence that used to sit here - it named optical flow and NGX hooking as the routes left, before anyone had read the 
23:56:43:533 [19984] | INFO  | [MGPU Bridge] [MGPU][R82] ACQUISITION SIGNALS - three of them, one run. || RTV VIEW TABLE: 16 of 128 entries. THAT IS THE DENOMINATOR R80 COULD NOT SEE - a bind count of zero against an empty table means nothing at all. || OMSetRenderTargets: fired=0 rtvs=0 | matched via OUR TABLE=0 | matched via get_resource_from_view=0 || BeginRenderPass: fired=0 targets=0 matched=0 || Barrier: fired=969643 resources=1284096 matched=41138, costing 3784 ns/frame || #0 2560x1440 rtv=0 rp=0 bar=1487(0x40->0x8) | #1 2560x1440 rtv=0 rp=0 bar=1487(0x8->0x40) | #2 1280x720 rtv=0 rp=0 bar=1(0xC0->0x4) | #3 1280x720 rtv=0 rp=0 bar=1(0xC0->0x4) | #4 1280x720 rtv=0 rp=0 bar=1(0xC0->0x4) | #5 1280x720 rtv=0 rp=0 bar=1(0xC0->0x4) | || HOW TO READ IT. via TABLE=0 while via get_resource_from_view is non-zero: the table was the whole bug and R76 through R81 were spent on a cache we never needed. BeginRenderPass fired while OMSetRenderTargets did not: this engine uses render passes and we were subscribed to the wrong event. Barrier matched with a per-frame count near the frame count: use THAT permanently - it needs no view, no table and no binding-path assumption, and 0x4->0xC0 (render_target -> shader_resource) is the moment AFTER the pass wrote, which is the correct moment to copy and is one the bind events cannot offer. NOTE THE STALENESS R78 DID NOT STATE: both bind events fire BEFORE the pass runs, so a copy taken there carries the PREVIOUS frame's vectors. All three silent with candidates present is the only reading that makes optical flow or NGX hooking the honest next step. Two of the barriers per frame on the published source are OURS.
23:56:44:911 [ 2816] | INFO  | [MGPU Bridge] [MGPU][SEAL] new f=2318 slot=1 gap=1 lat=96.84ms pitch=10240 fmt=24 bytes=14745600 bc=0(unimplemented) OK
23:56:46:544 [19984] | INFO  | [MGPU Bridge] [MGPU][P9.1] META SRC mvec lane: 18 candidate(s), 89 ns/frame over 8887 frames. R72: RANKED AND SORTED BY RTV BINDS - how often each is RENDERED INTO, which is a per-frame usage signal. srvs is kept alongside as the old created over the resource. THIS DOES NOT IDENTIFY MOTION VECTORS - nothing in ReShade says which one they are - it says whether an MVec-shaped resource is visible from a subscriber at all. An empty list with a non-zero examined count is the result that says the NGX hook has to be earned or abandoned. root-descriptor SRV pushes=0 (zero here with a non-zero SRV count above means this engine binds through descriptor TABLES and push_descriptors is blind in it - a fact about the engine, not a fault). | #0 2560x1440 R16G16_FLOAT srvs=1 RTVBINDS=0 (0.00/frame) <-DISPLAY-EXTENT | #1 2560x1440 R16G16_FLOAT srvs=1 RTVBINDS=0 (0.00/frame) <-DISPLAY-EXTENT | #2 1280x720 R16G16_FLOAT srvs=1 RTVBINDS=0 (0.00/frame) | #3 1280x720 R16G16_FLOAT srvs=1 RTVBINDS=0 (0.00/frame) | #4 1280x720 R16G16_FLOAT srvs=1 RTVBINDS=0 (0.00/frame) | #5 1280x720 R16G16_FLOAT srvs=1 RTVBINDS=0 (0.00/frame) | #6 1280x720 R16G16_FLOAT srvs=1 RTVBINDS=0 (0.00/frame) | #7 2560x1440 R16G16_FLOAT srvs=1 RTVBINDS=0 (0.00/frame) <-DISPLAY-EXTENT
23:56:46:545 [19984] | INFO  | [MGPU Bridge] [MGPU][R71] MVEC SIZES over ALL 18 candidate(s): 2560x1440 x13 | 1280x720 x5 | || TRANSPORT SOURCE res=0x1e3d54f3d60 (0 means not identified yet - it needs a display-extent candidate with render-target binds), handed to the transport 0 times, 0 second-binds-in-a-frame skipped. || EVICTIONS: 0 resources destroyed and removed from the tables (R76 - a resolution change destroys every render target, and a stale entry is a copy from freed memory). RTV BINDS SEEN IN TOTAL: 0. THE RANK ABOVE IS NOW RENDER TARGET BINDS, NOT SRV CREATIONS. R25 ranked by SRVs created, got 6/5/3/3, and called it "a candidate, not an identification" - that flatness was the SIGNAL being wrong, not the game. An SRV creation count is a LIFETIME number; a velocity buffer is RENDERED INTO once per frame, and RTVBINDS is that. THE EXTENT TO MATCH IS THE DISPLAY EXTENT 2560x1440, not the render extent: the game's own DLSS telemetry says ColorExtentHeight=936 with MVExtentWidth=2560 MVExtentHeight=1440, so this title feeds HIGH-RESOLUTION motion vectors. A single candidate marked <-DISPLAY-EXTENT with RTVBINDS close to the frame count is the velocity buffer. RTV BINDS SEEN = 0 with candidates present means THIS EVENT did not see it, and says nothing whatever about the other two. R81 retracted the sentence that used to sit here - it named optical flow and NGX hooking as the routes left, before anyone had read the 
23:56:46:545 [19984] | INFO  | [MGPU Bridge] [MGPU][R82] ACQUISITION SIGNALS - three of them, one run. || RTV VIEW TABLE: 16 of 128 entries. THAT IS THE DENOMINATOR R80 COULD NOT SEE - a bind count of zero against an empty table means nothing at all. || OMSetRenderTargets: fired=0 rtvs=0 | matched via OUR TABLE=0 | matched via get_resource_from_view=0 || BeginRenderPass: fired=0 targets=0 matched=0 || Barrier: fired=1025958 resources=1362148 matched=44171, costing 3959 ns/frame || #0 2560x1440 rtv=0 rp=0 bar=1596(0x8->0x40) | #1 2560x1440 rtv=0 rp=0 bar=1596(0x40->0x8) | #2 1280x720 rtv=0 rp=0 bar=1(0xC0->0x4) | #3 1280x720 rtv=0 rp=0 bar=1(0xC0->0x4) | #4 1280x720 rtv=0 rp=0 bar=1(0xC0->0x4) | #5 1280x720 rtv=0 rp=0 bar=1(0xC0->0x4) | || HOW TO READ IT. via TABLE=0 while via get_resource_from_view is non-zero: the table was the whole bug and R76 through R81 were spent on a cache we never needed. BeginRenderPass fired while OMSetRenderTargets did not: this engine uses render passes and we were subscribed to the wrong event. Barrier matched with a per-frame count near the frame count: use THAT permanently - it needs no view, no table and no binding-path assumption, and 0x4->0xC0 (render_target -> shader_resource) is the moment AFTER the pass wrote, which is the correct moment to copy and is one the bind events cannot offer. NOTE THE STALENESS R78 DID NOT STATE: both bind events fire BEFORE the pass runs, so a copy taken there carries the PREVIOUS frame's vectors. All three silent with candidates present is the only reading that makes optical flow or NGX hooking the honest next step. Two of the barriers per frame on the published source are OURS.
23:56:46:554 [ 2816] | INFO  | [MGPU Bridge] [MGPU][SEAL] new f=2379 slot=2 gap=1 lat=88.58ms pitch=10240 fmt=24 bytes=14745600 bc=0(unimplemented) OK
23:56:47:099 [ 2816] | INFO  | [MGPU Bridge] [MGPU][R63] DEPTH TRANSPORT f=2401 mode=1 (TRANSPORTED AND BOUND) | producer: valid=2404 invalid=0 size-rejected=0, arm held 0 frame(s) | consumer: seals seen valid=2310 invalid=0 contract mismatches=0 | region 2560x1440 fmt=41 pitch=10240 bytes=14745600 at slot offset 14746112 of 44237312. INVALID IS NOT AN ERROR: ReShade unbinds depth in menus and scene changes, and R61 established that shipping the zeros it leaves behind would hand the model a false flat plane. An invalid frame carries the colour and says so. WHAT WOULD BE AN ERROR is contract mismatches above zero, or valid staying at zero once you are in gameplay - that means the tap is not feeding us. 100.0% of sealed frames carried depth. | GPU 1: unpacked=1885 bound=1750 skipped=0, DepthInverted=1, flag disagreements=0 (the seal crossed the adapter and the slot flag did not, so any disagreement between them is real). BOUND vs SKIPPED IS THE R61 TEST: skipped counts frames where ReShade had no depth and the model was given NONE rather than the previous frame's - open a menu mid-stream and this must move.
23:56:47:099 [ 2816] | INFO  | [MGPU Bridge] [MGPU][R78] MVEC TRANSPORT f=2401 mode=3 REAL | producer: copies=1616 missing=788 size-rejected=0 lock-skipped=0, arm held 6448 frame(s) | consumer: seals seen valid=1613 invalid=697 contract mismatches=0 flag disagreements=0 | region 2560x1440 fmt=34 pitch=10240 bytes=14745600 at slot offset 29491712 of 44237312 | GPU 1: unpacked=1614 bound=1613 skipped=137, scale=(2560.000, 1440.000). 69.8% of sealed frames carried vectors. COPIES IS THE ONE TO WATCH: it counts frames where the bind hook fired and a copy was recorded. If it stays at zero the probe published a handle nobody binds, and MVec never reaches the model whatever the rest of this line says. SKIPPED IS NOT AN ERROR - it counts frames with no vectors, which is what a menu looks like, and those frames are handed NONE rather than the last frame's motion.
23:56:47:099 [ 2816] | INFO  | [MGPU Bridge] [MGPU][R87] MVEC FRAME ALIGNMENT f=2401 | evaluates=1750 | elapsed 1=1616 2=2 3=1 4=1 5=43 6=56 7=26 8+=5 | worst=9 | 92.34% at 1. A motion vector describes ONE game frame; NR reprojects by whatever it is handed. When the frame NR blends against is older than one, history lands SHORT by this factor - zero error at rest, growing with speed, and no constant MVecScale can fix it. The scale is multiplied by this per evaluate. IF THIS LINE IS FLAT AT 1 AND THE ARTEFACT IS UNCHANGED, PACING IS ELIMINATED and what remains is units or sign. P4.1's skipped-frame counter predicts about 99.5% at 1, so a materially lower figure here is a desync no counter has shown us.
23:56:48:074 [ 2816] | INFO  | [MGPU Bridge] [MGPU][SEAL] new f=2440 slot=3 gap=1 lat=87.78ms pitch=10240 fmt=24 bytes=14745600 bc=0(unimplemented) OK
23:56:48:661 [ 2816] | INFO  | [MGPU Bridge] [MGPU][T5] present loop alive: frame 12000 thread id 0xB00
23:56:49:378 [19984] | INFO  | [MGPU Bridge] [MGPU][R101] CALIBRATOR mode=2 site=iat | slots=40 data-slots=0 modules=137 gpa-calls=284 | resolved=1 creates=1 sr-handle=known | evaluates=1709 captured=1709 | cost 502 ns/frame | eval-copies=1709 eval-skips=0. || THE GAME'S OWN TABLE: color=0x1e3d59313d0 depth=0x1e30be773c0 MVEC=0x1e3d43fa420 output=0x1e3d5593970 | MVecScale 2560.0000,1440.0000 | jitter 0.0000,-0.1667 | Reset=0 | CreateFlags=0x3 -> DepthInverted=0 MVLowRes=1 MVJittered=0 IsHDR=1 AutoExposure=0 | quality=5 | render 2560x1440 -> display 2560x1440 | dynamic 0x0..0x0 | subrect 2560x1440 at color(0,0) depth(0,0) MV(0,0) out(0,0) | have=0xfff. || HOW TO READ IT. resolved=0 with evaluates=0 means no module asked for the entry point after we installed - either the title does not use DLSS, or it resolved before the addon loaded; the barrier path is untouched either way and is still what drives. sr-handle=UNFILTERED means we were not present for CreateFeature, so the table may be from frame generation rather than super sampling - check that render/display extents look like a supersampling pair before trusting it. MVEC here is the GAME'S answer to the question every round from R70 to R100 tried to infer; if it does not equal the handle the barrier probe armed on Dragon Sword, the probe was wrong on a title we believed, and THAT is the finding. have=0 bits name the keys this producer does not populate - Streamline and the raw SDK do not set the same subset, and the difference is a fact about the route, not a bug. MVLowRes IS DEFERRED OPTION 11 ANSWERED: 1 means the game's motion vectors are at RENDER resolution, 0 means display resolution, and we have been inferring that from buffer sizes since R83. Read it together with MVecScale - a low-res field with a display-sized scale is the shape that makes reprojection look almost right.
23:56:49:551 [19984] | INFO  | [MGPU Bridge] [MGPU][P9.1] META SRC mvec lane: 18 candidate(s), 91 ns/frame over 9007 frames. R72: RANKED AND SORTED BY RTV BINDS - how often each is RENDERED INTO, which is a per-frame usage signal. srvs is kept alongside as the old created over the resource. THIS DOES NOT IDENTIFY MOTION VECTORS - nothing in ReShade says which one they are - it says whether an MVec-shaped resource is visible from a subscriber at all. An empty list with a non-zero examined count is the result that says the NGX hook has to be earned or abandoned. root-descriptor SRV pushes=0 (zero here with a non-zero SRV count above means this engine binds through descriptor TABLES and push_descriptors is blind in it - a fact about the engine, not a fault). | #0 2560x1440 R16G16_FLOAT srvs=1 RTVBINDS=0 (0.00/frame) <-DISPLAY-EXTENT | #1 2560x1440 R16G16_FLOAT srvs=1 RTVBINDS=0 (0.00/frame) <-DISPLAY-EXTENT | #2 1280x720 R16G16_FLOAT srvs=1 RTVBINDS=0 (0.00/frame) | #3 1280x720 R16G16_FLOAT srvs=1 RTVBINDS=0 (0.00/frame) | #4 1280x720 R16G16_FLOAT srvs=1 RTVBINDS=0 (0.00/frame) | #5 1280x720 R16G16_FLOAT srvs=1 RTVBINDS=0 (0.00/frame) | #6 1280x720 R16G16_FLOAT srvs=1 RTVBINDS=0 (0.00/frame) | #7 2560x1440 R16G16_FLOAT srvs=1 RTVBINDS=0 (0.00/frame) <-DISPLAY-EXTENT
23:56:49:552 [19984] | INFO  | [MGPU Bridge] [MGPU][R71] MVEC SIZES over ALL 18 candidate(s): 2560x1440 x13 | 1280x720 x5 | || TRANSPORT SOURCE res=0x1e3d54f3d60 (0 means not identified yet - it needs a display-extent candidate with render-target binds), handed to the transport 0 times, 0 second-binds-in-a-frame skipped. || EVICTIONS: 0 resources destroyed and removed from the tables (R76 - a resolution change destroys every render target, and a stale entry is a copy from freed memory). RTV BINDS SEEN IN TOTAL: 0. THE RANK ABOVE IS NOW RENDER TARGET BINDS, NOT SRV CREATIONS. R25 ranked by SRVs created, got 6/5/3/3, and called it "a candidate, not an identification" - that flatness was the SIGNAL being wrong, not the game. An SRV creation count is a LIFETIME number; a velocity buffer is RENDERED INTO once per frame, and RTVBINDS is that. THE EXTENT TO MATCH IS THE DISPLAY EXTENT 2560x1440, not the render extent: the game's own DLSS telemetry says ColorExtentHeight=936 with MVExtentWidth=2560 MVExtentHeight=1440, so this title feeds HIGH-RESOLUTION motion vectors. A single candidate marked <-DISPLAY-EXTENT with RTVBINDS close to the frame count is the velocity buffer. RTV BINDS SEEN = 0 with candidates present means THIS EVENT did not see it, and says nothing whatever about the other two. R81 retracted the sentence that used to sit here - it named optical flow and NGX hooking as the routes left, before anyone had read the 
23:56:49:552 [19984] | INFO  | [MGPU Bridge] [MGPU][R82] ACQUISITION SIGNALS - three of them, one run. || RTV VIEW TABLE: 16 of 128 entries. THAT IS THE DENOMINATOR R80 COULD NOT SEE - a bind count of zero against an empty table means nothing at all. || OMSetRenderTargets: fired=0 rtvs=0 | matched via OUR TABLE=0 | matched via get_resource_from_view=0 || BeginRenderPass: fired=0 targets=0 matched=0 || Barrier: fired=1087674 resources=1447462 matched=47411, costing 4149 ns/frame || #0 2560x1440 rtv=0 rp=0 bar=1716(0x8->0x40) | #1 2560x1440 rtv=0 rp=0 bar=1716(0x40->0x8) | #2 1280x720 rtv=0 rp=0 bar=1(0xC0->0x4) | #3 1280x720 rtv=0 rp=0 bar=1(0xC0->0x4) | #4 1280x720 rtv=0 rp=0 bar=1(0xC0->0x4) | #5 1280x720 rtv=0 rp=0 bar=1(0xC0->0x4) | || HOW TO READ IT. via TABLE=0 while via get_resource_from_view is non-zero: the table was the whole bug and R76 through R81 were spent on a cache we never needed. BeginRenderPass fired while OMSetRenderTargets did not: this engine uses render passes and we were subscribed to the wrong event. Barrier matched with a per-frame count near the frame count: use THAT permanently - it needs no view, no table and no binding-path assumption, and 0x4->0xC0 (render_target -> shader_resource) is the moment AFTER the pass wrote, which is the correct moment to copy and is one the bind events cannot offer. NOTE THE STALENESS R78 DID NOT STATE: both bind events fire BEFORE the pass runs, so a copy taken there carries the PREVIOUS frame's vectors. All three silent with candidates present is the only reading that makes optical flow or NGX hooking the honest next step. Two of the barriers per frame on the published source are OURS.
23:56:49:614 [ 2816] | INFO  | [MGPU Bridge] [MGPU][SEAL] new f=2501 slot=4 gap=1 lat=86.34ms pitch=10240 fmt=24 bytes=14745600 bc=0(unimplemented) OK
23:56:51:131 [ 2816] | INFO  | [MGPU Bridge] [MGPU][SEAL] new f=2562 slot=5 gap=1 lat=87.15ms pitch=10240 fmt=24 bytes=14745600 bc=0(unimplemented) OK
23:56:52:571 [19984] | INFO  | [MGPU Bridge] [MGPU][P9.1] META SRC mvec lane: 18 candidate(s), 92 ns/frame over 9127 frames. R72: RANKED AND SORTED BY RTV BINDS - how often each is RENDERED INTO, which is a per-frame usage signal. srvs is kept alongside as the old created over the resource. THIS DOES NOT IDENTIFY MOTION VECTORS - nothing in ReShade says which one they are - it says whether an MVec-shaped resource is visible from a subscriber at all. An empty list with a non-zero examined count is the result that says the NGX hook has to be earned or abandoned. root-descriptor SRV pushes=0 (zero here with a non-zero SRV count above means this engine binds through descriptor TABLES and push_descriptors is blind in it - a fact about the engine, not a fault). | #0 2560x1440 R16G16_FLOAT srvs=1 RTVBINDS=0 (0.00/frame) <-DISPLAY-EXTENT | #1 2560x1440 R16G16_FLOAT srvs=1 RTVBINDS=0 (0.00/frame) <-DISPLAY-EXTENT | #2 1280x720 R16G16_FLOAT srvs=1 RTVBINDS=0 (0.00/frame) | #3 1280x720 R16G16_FLOAT srvs=1 RTVBINDS=0 (0.00/frame) | #4 1280x720 R16G16_FLOAT srvs=1 RTVBINDS=0 (0.00/frame) | #5 1280x720 R16G16_FLOAT srvs=1 RTVBINDS=0 (0.00/frame) | #6 1280x720 R16G16_FLOAT srvs=1 RTVBINDS=0 (0.00/frame) | #7 2560x1440 R16G16_FLOAT srvs=1 RTVBINDS=0 (0.00/frame) <-DISPLAY-EXTENT
23:56:52:572 [19984] | INFO  | [MGPU Bridge] [MGPU][R71] MVEC SIZES over ALL 18 candidate(s): 2560x1440 x13 | 1280x720 x5 | || TRANSPORT SOURCE res=0x1e3d54f3d60 (0 means not identified yet - it needs a display-extent candidate with render-target binds), handed to the transport 0 times, 0 second-binds-in-a-frame skipped. || EVICTIONS: 0 resources destroyed and removed from the tables (R76 - a resolution change destroys every render target, and a stale entry is a copy from freed memory). RTV BINDS SEEN IN TOTAL: 0. THE RANK ABOVE IS NOW RENDER TARGET BINDS, NOT SRV CREATIONS. R25 ranked by SRVs created, got 6/5/3/3, and called it "a candidate, not an identification" - that flatness was the SIGNAL being wrong, not the game. An SRV creation count is a LIFETIME number; a velocity buffer is RENDERED INTO once per frame, and RTVBINDS is that. THE EXTENT TO MATCH IS THE DISPLAY EXTENT 2560x1440, not the render extent: the game's own DLSS telemetry says ColorExtentHeight=936 with MVExtentWidth=2560 MVExtentHeight=1440, so this title feeds HIGH-RESOLUTION motion vectors. A single candidate marked <-DISPLAY-EXTENT with RTVBINDS close to the frame count is the velocity buffer. RTV BINDS SEEN = 0 with candidates present means THIS EVENT did not see it, and says nothing whatever about the other two. R81 retracted the sentence that used to sit here - it named optical flow and NGX hooking as the routes left, before anyone had read the 
23:56:52:572 [19984] | INFO  | [MGPU Bridge] [MGPU][R82] ACQUISITION SIGNALS - three of them, one run. || RTV VIEW TABLE: 16 of 128 entries. THAT IS THE DENOMINATOR R80 COULD NOT SEE - a bind count of zero against an empty table means nothing at all. || OMSetRenderTargets: fired=0 rtvs=0 | matched via OUR TABLE=0 | matched via get_resource_from_view=0 || BeginRenderPass: fired=0 targets=0 matched=0 || Barrier: fired=1149779 resources=1533135 matched=50677, costing 4334 ns/frame || #0 2560x1440 rtv=0 rp=0 bar=1836(0x8->0x40) | #1 2560x1440 rtv=0 rp=0 bar=1836(0x40->0x8) | #2 1280x720 rtv=0 rp=0 bar=1(0xC0->0x4) | #3 1280x720 rtv=0 rp=0 bar=1(0xC0->0x4) | #4 1280x720 rtv=0 rp=0 bar=1(0xC0->0x4) | #5 1280x720 rtv=0 rp=0 bar=1(0xC0->0x4) | || HOW TO READ IT. via TABLE=0 while via get_resource_from_view is non-zero: the table was the whole bug and R76 through R81 were spent on a cache we never needed. BeginRenderPass fired while OMSetRenderTargets did not: this engine uses render passes and we were subscribed to the wrong event. Barrier matched with a per-frame count near the frame count: use THAT permanently - it needs no view, no table and no binding-path assumption, and 0x4->0xC0 (render_target -> shader_resource) is the moment AFTER the pass wrote, which is the correct moment to copy and is one the bind events cannot offer. NOTE THE STALENESS R78 DID NOT STATE: both bind events fire BEFORE the pass runs, so a copy taken there carries the PREVIOUS frame's vectors. All three silent with candidates present is the only reading that makes optical flow or NGX hooking the honest next step. Two of the barriers per frame on the published source are OURS.
23:56:52:697 [ 2816] | INFO  | [MGPU Bridge] [MGPU][SEAL] new f=2623 slot=0 gap=1 lat=97.98ms pitch=10240 fmt=24 bytes=14745600 bc=0(unimplemented) OK
23:56:54:475 [ 2816] | INFO  | [MGPU Bridge] [MGPU][SEAL] new f=2684 slot=1 gap=1 lat=94.05ms pitch=10240 fmt=24 bytes=14745600 bc=0(unimplemented) OK
23:56:54:961 [ 2816] | INFO  | [MGPU Bridge] [MGPU][R63] DEPTH TRANSPORT f=2701 mode=1 (TRANSPORTED AND BOUND) | producer: valid=2704 invalid=0 size-rejected=0, arm held 0 frame(s) | consumer: seals seen valid=2610 invalid=0 contract mismatches=0 | region 2560x1440 fmt=41 pitch=10240 bytes=14745600 at slot offset 14746112 of 44237312. INVALID IS NOT AN ERROR: ReShade unbinds depth in menus and scene changes, and R61 established that shipping the zeros it leaves behind would hand the model a false flat plane. An invalid frame carries the colour and says so. WHAT WOULD BE AN ERROR is contract mismatches above zero, or valid staying at zero once you are in gameplay - that means the tap is not feeding us. 100.0% of sealed frames carried depth. | GPU 1: unpacked=2185 bound=2050 skipped=0, DepthInverted=1, flag disagreements=0 (the seal crossed the adapter and the slot flag did not, so any disagreement between them is real). BOUND vs SKIPPED IS THE R61 TEST: skipped counts frames where ReShade had no depth and the model was given NONE rather than the previous frame's - open a menu mid-stream and this must move.
23:56:54:961 [ 2816] | INFO  | [MGPU Bridge] [MGPU][R78] MVEC TRANSPORT f=2701 mode=3 REAL | producer: copies=1916 missing=788 size-rejected=0 lock-skipped=0, arm held 6448 frame(s) | consumer: seals seen valid=1913 invalid=697 contract mismatches=0 flag disagreements=0 | region 2560x1440 fmt=34 pitch=10240 bytes=14745600 at slot offset 29491712 of 44237312 | GPU 1: unpacked=1914 bound=1913 skipped=137, scale=(2560.000, 1440.000). 73.3% of sealed frames carried vectors. COPIES IS THE ONE TO WATCH: it counts frames where the bind hook fired and a copy was recorded. If it stays at zero the probe published a handle nobody binds, and MVec never reaches the model whatever the rest of this line says. SKIPPED IS NOT AN ERROR - it counts frames with no vectors, which is what a menu looks like, and those frames are handed NONE rather than the last frame's motion.
23:56:54:961 [ 2816] | INFO  | [MGPU Bridge] [MGPU][R87] MVEC FRAME ALIGNMENT f=2701 | evaluates=2050 | elapsed 1=1916 2=2 3=1 4=1 5=43 6=56 7=26 8+=5 | worst=9 | 93.46% at 1. A motion vector describes ONE game frame; NR reprojects by whatever it is handed. When the frame NR blends against is older than one, history lands SHORT by this factor - zero error at rest, growing with speed, and no constant MVecScale can fix it. The scale is multiplied by this per evaluate. IF THIS LINE IS FLAT AT 1 AND THE ARTEFACT IS UNCHANGED, PACING IS ELIMINATED and what remains is units or sign. P4.1's skipped-frame counter predicts about 99.5% at 1, so a materially lower figure here is a desync no counter has shown us.
23:56:55:588 [19984] | INFO  | [MGPU Bridge] [MGPU][P9.1] META SRC mvec lane: 18 candidate(s), 93 ns/frame over 9232 frames. R72: RANKED AND SORTED BY RTV BINDS - how often each is RENDERED INTO, which is a per-frame usage signal. srvs is kept alongside as the old created over the resource. THIS DOES NOT IDENTIFY MOTION VECTORS - nothing in ReShade says which one they are - it says whether an MVec-shaped resource is visible from a subscriber at all. An empty list with a non-zero examined count is the result that says the NGX hook has to be earned or abandoned. root-descriptor SRV pushes=0 (zero here with a non-zero SRV count above means this engine binds through descriptor TABLES and push_descriptors is blind in it - a fact about the engine, not a fault). | #0 2560x1440 R16G16_FLOAT srvs=1 RTVBINDS=0 (0.00/frame) <-DISPLAY-EXTENT | #1 2560x1440 R16G16_FLOAT srvs=1 RTVBINDS=0 (0.00/frame) <-DISPLAY-EXTENT | #2 1280x720 R16G16_FLOAT srvs=1 RTVBINDS=0 (0.00/frame) | #3 1280x720 R16G16_FLOAT srvs=1 RTVBINDS=0 (0.00/frame) | #4 1280x720 R16G16_FLOAT srvs=1 RTVBINDS=0 (0.00/frame) | #5 1280x720 R16G16_FLOAT srvs=1 RTVBINDS=0 (0.00/frame) | #6 1280x720 R16G16_FLOAT srvs=1 RTVBINDS=0 (0.00/frame) | #7 2560x1440 R16G16_FLOAT srvs=1 RTVBINDS=0 (0.00/frame) <-DISPLAY-EXTENT
23:56:55:588 [19984] | INFO  | [MGPU Bridge] [MGPU][R71] MVEC SIZES over ALL 18 candidate(s): 2560x1440 x13 | 1280x720 x5 | || TRANSPORT SOURCE res=0x1e3d54f3d60 (0 means not identified yet - it needs a display-extent candidate with render-target binds), handed to the transport 0 times, 0 second-binds-in-a-frame skipped. || EVICTIONS: 0 resources destroyed and removed from the tables (R76 - a resolution change destroys every render target, and a stale entry is a copy from freed memory). RTV BINDS SEEN IN TOTAL: 0. THE RANK ABOVE IS NOW RENDER TARGET BINDS, NOT SRV CREATIONS. R25 ranked by SRVs created, got 6/5/3/3, and called it "a candidate, not an identification" - that flatness was the SIGNAL being wrong, not the game. An SRV creation count is a LIFETIME number; a velocity buffer is RENDERED INTO once per frame, and RTVBINDS is that. THE EXTENT TO MATCH IS THE DISPLAY EXTENT 2560x1440, not the render extent: the game's own DLSS telemetry says ColorExtentHeight=936 with MVExtentWidth=2560 MVExtentHeight=1440, so this title feeds HIGH-RESOLUTION motion vectors. A single candidate marked <-DISPLAY-EXTENT with RTVBINDS close to the frame count is the velocity buffer. RTV BINDS SEEN = 0 with candidates present means THIS EVENT did not see it, and says nothing whatever about the other two. R81 retracted the sentence that used to sit here - it named optical flow and NGX hooking as the routes left, before anyone had read the 
23:56:55:588 [19984] | INFO  | [MGPU Bridge] [MGPU][R82] ACQUISITION SIGNALS - three of them, one run. || RTV VIEW TABLE: 16 of 128 entries. THAT IS THE DENOMINATOR R80 COULD NOT SEE - a bind count of zero against an empty table means nothing at all. || OMSetRenderTargets: fired=0 rtvs=0 | matched via OUR TABLE=0 | matched via get_resource_from_view=0 || BeginRenderPass: fired=0 targets=0 matched=0 || Barrier: fired=1207612 resources=1613093 matched=53722, costing 4503 ns/frame || #0 2560x1440 rtv=0 rp=0 bar=1941(0x40->0x8) | #1 2560x1440 rtv=0 rp=0 bar=1941(0x8->0x40) | #2 1280x720 rtv=0 rp=0 bar=1(0xC0->0x4) | #3 1280x720 rtv=0 rp=0 bar=1(0xC0->0x4) | #4 1280x720 rtv=0 rp=0 bar=1(0xC0->0x4) | #5 1280x720 rtv=0 rp=0 bar=1(0xC0->0x4) | || HOW TO READ IT. via TABLE=0 while via get_resource_from_view is non-zero: the table was the whole bug and R76 through R81 were spent on a cache we never needed. BeginRenderPass fired while OMSetRenderTargets did not: this engine uses render passes and we were subscribed to the wrong event. Barrier matched with a per-frame count near the frame count: use THAT permanently - it needs no view, no table and no binding-path assumption, and 0x4->0xC0 (render_target -> shader_resource) is the moment AFTER the pass wrote, which is the correct moment to copy and is one the bind events cannot offer. NOTE THE STALENESS R78 DID NOT STATE: both bind events fire BEFORE the pass runs, so a copy taken there carries the PREVIOUS frame's vectors. All three silent with candidates present is the only reading that makes optical flow or NGX hooking the honest next step. Two of the barriers per frame on the published source are OURS.
23:56:56:199 [ 2816] | INFO  | [MGPU Bridge] [MGPU][SEAL] new f=2745 slot=2 gap=1 lat=99.45ms pitch=10240 fmt=24 bytes=14745600 bc=0(unimplemented) OK
23:56:57:551 [19984] | INFO  | [MGPU Bridge] [MGPU][R101] CALIBRATOR mode=2 site=iat | slots=40 data-slots=0 modules=137 gpa-calls=305 | resolved=1 creates=1 sr-handle=known | evaluates=2009 captured=2009 | cost 572 ns/frame | eval-copies=2009 eval-skips=0. || THE GAME'S OWN TABLE: color=0x1e3d59313d0 depth=0x1e30be773c0 MVEC=0x1e3d43fa420 output=0x1e3d5593970 | MVecScale 2560.0000,1440.0000 | jitter 0.1250,0.2778 | Reset=0 | CreateFlags=0x3 -> DepthInverted=0 MVLowRes=1 MVJittered=0 IsHDR=1 AutoExposure=0 | quality=5 | render 2560x1440 -> display 2560x1440 | dynamic 0x0..0x0 | subrect 2560x1440 at color(0,0) depth(0,0) MV(0,0) out(0,0) | have=0xfff. || HOW TO READ IT. resolved=0 with evaluates=0 means no module asked for the entry point after we installed - either the title does not use DLSS, or it resolved before the addon loaded; the barrier path is untouched either way and is still what drives. sr-handle=UNFILTERED means we were not present for CreateFeature, so the table may be from frame generation rather than super sampling - check that render/display extents look like a supersampling pair before trusting it. MVEC here is the GAME'S answer to the question every round from R70 to R100 tried to infer; if it does not equal the handle the barrier probe armed on Dragon Sword, the probe was wrong on a title we believed, and THAT is the finding. have=0 bits name the keys this producer does not populate - Streamline and the raw SDK do not set the same subset, and the difference is a fact about the route, not a bug. MVLowRes IS DEFERRED OPTION 11 ANSWERED: 1 means the game's motion vectors are at RENDER resolution, 0 means display resolution, and we have been inferring that from buffer sizes since R83. Read it together with MVecScale - a low-res field with a display-sized scale is the shape that makes reprojection look almost right.
23:56:57:982 [ 2816] | INFO  | [MGPU Bridge] [MGPU][SEAL] new f=2806 slot=3 gap=1 lat=102.26ms pitch=10240 fmt=24 bytes=14745600 bc=0(unimplemented) OK
23:56:58:604 [19984] | INFO  | [MGPU Bridge] [MGPU][P9.1] META SRC mvec lane: 18 candidate(s), 94 ns/frame over 9335 frames. R72: RANKED AND SORTED BY RTV BINDS - how often each is RENDERED INTO, which is a per-frame usage signal. srvs is kept alongside as the old created over the resource. THIS DOES NOT IDENTIFY MOTION VECTORS - nothing in ReShade says which one they are - it says whether an MVec-shaped resource is visible from a subscriber at all. An empty list with a non-zero examined count is the result that says the NGX hook has to be earned or abandoned. root-descriptor SRV pushes=0 (zero here with a non-zero SRV count above means this engine binds through descriptor TABLES and push_descriptors is blind in it - a fact about the engine, not a fault). | #0 2560x1440 R16G16_FLOAT srvs=1 RTVBINDS=0 (0.00/frame) <-DISPLAY-EXTENT | #1 2560x1440 R16G16_FLOAT srvs=1 RTVBINDS=0 (0.00/frame) <-DISPLAY-EXTENT | #2 1280x720 R16G16_FLOAT srvs=1 RTVBINDS=0 (0.00/frame) | #3 1280x720 R16G16_FLOAT srvs=1 RTVBINDS=0 (0.00/frame) | #4 1280x720 R16G16_FLOAT srvs=1 RTVBINDS=0 (0.00/frame) | #5 1280x720 R16G16_FLOAT srvs=1 RTVBINDS=0 (0.00/frame) | #6 1280x720 R16G16_FLOAT srvs=1 RTVBINDS=0 (0.00/frame) | #7 2560x1440 R16G16_FLOAT srvs=1 RTVBINDS=0 (0.00/frame) <-DISPLAY-EXTENT
23:56:58:604 [19984] | INFO  | [MGPU Bridge] [MGPU][R71] MVEC SIZES over ALL 18 candidate(s): 2560x1440 x13 | 1280x720 x5 | || TRANSPORT SOURCE res=0x1e3d54f3d60 (0 means not identified yet - it needs a display-extent candidate with render-target binds), handed to the transport 0 times, 0 second-binds-in-a-frame skipped. || EVICTIONS: 0 resources destroyed and removed from the tables (R76 - a resolution change destroys every render target, and a stale entry is a copy from freed memory). RTV BINDS SEEN IN TOTAL: 0. THE RANK ABOVE IS NOW RENDER TARGET BINDS, NOT SRV CREATIONS. R25 ranked by SRVs created, got 6/5/3/3, and called it "a candidate, not an identification" - that flatness was the SIGNAL being wrong, not the game. An SRV creation count is a LIFETIME number; a velocity buffer is RENDERED INTO once per frame, and RTVBINDS is that. THE EXTENT TO MATCH IS THE DISPLAY EXTENT 2560x1440, not the render extent: the game's own DLSS telemetry says ColorExtentHeight=936 with MVExtentWidth=2560 MVExtentHeight=1440, so this title feeds HIGH-RESOLUTION motion vectors. A single candidate marked <-DISPLAY-EXTENT with RTVBINDS close to the frame count is the velocity buffer. RTV BINDS SEEN = 0 with candidates present means THIS EVENT did not see it, and says nothing whatever about the other two. R81 retracted the sentence that used to sit here - it named optical flow and NGX hooking as the routes left, before anyone had read the 
23:56:58:605 [19984] | INFO  | [MGPU Bridge] [MGPU][R82] ACQUISITION SIGNALS - three of them, one run. || RTV VIEW TABLE: 16 of 128 entries. THAT IS THE DENOMINATOR R80 COULD NOT SEE - a bind count of zero against an empty table means nothing at all. || OMSetRenderTargets: fired=0 rtvs=0 | matched via OUR TABLE=0 | matched via get_resource_from_view=0 || BeginRenderPass: fired=0 targets=0 matched=0 || Barrier: fired=1265300 resources=1694646 matched=56709, costing 4667 ns/frame || #0 2560x1440 rtv=0 rp=0 bar=2044(0x8->0x40) | #1 2560x1440 rtv=0 rp=0 bar=2044(0x40->0x8) | #2 1280x720 rtv=0 rp=0 bar=1(0xC0->0x4) | #3 1280x720 rtv=0 rp=0 bar=1(0xC0->0x4) | #4 1280x720 rtv=0 rp=0 bar=1(0xC0->0x4) | #5 1280x720 rtv=0 rp=0 bar=1(0xC0->0x4) | || HOW TO READ IT. via TABLE=0 while via get_resource_from_view is non-zero: the table was the whole bug and R76 through R81 were spent on a cache we never needed. BeginRenderPass fired while OMSetRenderTargets did not: this engine uses render passes and we were subscribed to the wrong event. Barrier matched with a per-frame count near the frame count: use THAT permanently - it needs no view, no table and no binding-path assumption, and 0x4->0xC0 (render_target -> shader_resource) is the moment AFTER the pass wrote, which is the correct moment to copy and is one the bind events cannot offer. NOTE THE STALENESS R78 DID NOT STATE: both bind events fire BEFORE the pass runs, so a copy taken there carries the PREVIOUS frame's vectors. All three silent with candidates present is the only reading that makes optical flow or NGX hooking the honest next step. Two of the barriers per frame on the published source are OURS.
23:56:59:818 [ 2816] | INFO  | [MGPU Bridge] [MGPU][SEAL] new f=2867 slot=4 gap=1 lat=99.17ms pitch=10240 fmt=24 bytes=14745600 bc=0(unimplemented) OK
23:57:01:627 [19984] | INFO  | [MGPU Bridge] [MGPU][P9.1] META SRC mvec lane: 18 candidate(s), 95 ns/frame over 9436 frames. R72: RANKED AND SORTED BY RTV BINDS - how often each is RENDERED INTO, which is a per-frame usage signal. srvs is kept alongside as the old created over the resource. THIS DOES NOT IDENTIFY MOTION VECTORS - nothing in ReShade says which one they are - it says whether an MVec-shaped resource is visible from a subscriber at all. An empty list with a non-zero examined count is the result that says the NGX hook has to be earned or abandoned. root-descriptor SRV pushes=0 (zero here with a non-zero SRV count above means this engine binds through descriptor TABLES and push_descriptors is blind in it - a fact about the engine, not a fault). | #0 2560x1440 R16G16_FLOAT srvs=1 RTVBINDS=0 (0.00/frame) <-DISPLAY-EXTENT | #1 2560x1440 R16G16_FLOAT srvs=1 RTVBINDS=0 (0.00/frame) <-DISPLAY-EXTENT | #2 1280x720 R16G16_FLOAT srvs=1 RTVBINDS=0 (0.00/frame) | #3 1280x720 R16G16_FLOAT srvs=1 RTVBINDS=0 (0.00/frame) | #4 1280x720 R16G16_FLOAT srvs=1 RTVBINDS=0 (0.00/frame) | #5 1280x720 R16G16_FLOAT srvs=1 RTVBINDS=0 (0.00/frame) | #6 1280x720 R16G16_FLOAT srvs=1 RTVBINDS=0 (0.00/frame) | #7 2560x1440 R16G16_FLOAT srvs=1 RTVBINDS=0 (0.00/frame) <-DISPLAY-EXTENT
23:57:01:628 [19984] | INFO  | [MGPU Bridge] [MGPU][R71] MVEC SIZES over ALL 18 candidate(s): 2560x1440 x13 | 1280x720 x5 | || TRANSPORT SOURCE res=0x1e3d54f3d60 (0 means not identified yet - it needs a display-extent candidate with render-target binds), handed to the transport 0 times, 0 second-binds-in-a-frame skipped. || EVICTIONS: 0 resources destroyed and removed from the tables (R76 - a resolution change destroys every render target, and a stale entry is a copy from freed memory). RTV BINDS SEEN IN TOTAL: 0. THE RANK ABOVE IS NOW RENDER TARGET BINDS, NOT SRV CREATIONS. R25 ranked by SRVs created, got 6/5/3/3, and called it "a candidate, not an identification" - that flatness was the SIGNAL being wrong, not the game. An SRV creation count is a LIFETIME number; a velocity buffer is RENDERED INTO once per frame, and RTVBINDS is that. THE EXTENT TO MATCH IS THE DISPLAY EXTENT 2560x1440, not the render extent: the game's own DLSS telemetry says ColorExtentHeight=936 with MVExtentWidth=2560 MVExtentHeight=1440, so this title feeds HIGH-RESOLUTION motion vectors. A single candidate marked <-DISPLAY-EXTENT with RTVBINDS close to the frame count is the velocity buffer. RTV BINDS SEEN = 0 with candidates present means THIS EVENT did not see it, and says nothing whatever about the other two. R81 retracted the sentence that used to sit here - it named optical flow and NGX hooking as the routes left, before anyone had read the 
23:57:01:628 [19984] | INFO  | [MGPU Bridge] [MGPU][R82] ACQUISITION SIGNALS - three of them, one run. || RTV VIEW TABLE: 16 of 128 entries. THAT IS THE DENOMINATOR R80 COULD NOT SEE - a bind count of zero against an empty table means nothing at all. || OMSetRenderTargets: fired=0 rtvs=0 | matched via OUR TABLE=0 | matched via get_resource_from_view=0 || BeginRenderPass: fired=0 targets=0 matched=0 || Barrier: fired=1319972 resources=1772783 matched=59638, costing 4837 ns/frame || #0 2560x1440 rtv=0 rp=0 bar=2145(0x40->0x8) | #1 2560x1440 rtv=0 rp=0 bar=2145(0x8->0x40) | #2 1280x720 rtv=0 rp=0 bar=1(0xC0->0x4) | #3 1280x720 rtv=0 rp=0 bar=1(0xC0->0x4) | #4 1280x720 rtv=0 rp=0 bar=1(0xC0->0x4) | #5 1280x720 rtv=0 rp=0 bar=1(0xC0->0x4) | || HOW TO READ IT. via TABLE=0 while via get_resource_from_view is non-zero: the table was the whole bug and R76 through R81 were spent on a cache we never needed. BeginRenderPass fired while OMSetRenderTargets did not: this engine uses render passes and we were subscribed to the wrong event. Barrier matched with a per-frame count near the frame count: use THAT permanently - it needs no view, no table and no binding-path assumption, and 0x4->0xC0 (render_target -> shader_resource) is the moment AFTER the pass wrote, which is the correct moment to copy and is one the bind events cannot offer. NOTE THE STALENESS R78 DID NOT STATE: both bind events fire BEFORE the pass runs, so a copy taken there carries the PREVIOUS frame's vectors. All three silent with candidates present is the only reading that makes optical flow or NGX hooking the honest next step. Two of the barriers per frame on the published source are OURS.
23:57:01:638 [ 2816] | INFO  | [MGPU Bridge] [MGPU][SEAL] new f=2928 slot=5 gap=1 lat=99.14ms pitch=10240 fmt=24 bytes=14745600 bc=0(unimplemented) OK
23:57:03:360 [ 2816] | INFO  | [MGPU Bridge] [MGPU][SEAL] new f=2989 slot=0 gap=1 lat=93.44ms pitch=10240 fmt=24 bytes=14745600 bc=0(unimplemented) OK
23:57:03:688 [ 2816] | INFO  | [MGPU Bridge] [MGPU][R63] DEPTH TRANSPORT f=3001 mode=1 (TRANSPORTED AND BOUND) | producer: valid=3004 invalid=0 size-rejected=0, arm held 0 frame(s) | consumer: seals seen valid=2910 invalid=0 contract mismatches=0 | region 2560x1440 fmt=41 pitch=10240 bytes=14745600 at slot offset 14746112 of 44237312. INVALID IS NOT AN ERROR: ReShade unbinds depth in menus and scene changes, and R61 established that shipping the zeros it leaves behind would hand the model a false flat plane. An invalid frame carries the colour and says so. WHAT WOULD BE AN ERROR is contract mismatches above zero, or valid staying at zero once you are in gameplay - that means the tap is not feeding us. 100.0% of sealed frames carried depth. | GPU 1: unpacked=2485 bound=2350 skipped=0, DepthInverted=1, flag disagreements=0 (the seal crossed the adapter and the slot flag did not, so any disagreement between them is real). BOUND vs SKIPPED IS THE R61 TEST: skipped counts frames where ReShade had no depth and the model was given NONE rather than the previous frame's - open a menu mid-stream and this must move.
23:57:03:689 [ 2816] | INFO  | [MGPU Bridge] [MGPU][R78] MVEC TRANSPORT f=3001 mode=3 REAL | producer: copies=2216 missing=788 size-rejected=0 lock-skipped=0, arm held 6448 frame(s) | consumer: seals seen valid=2213 invalid=697 contract mismatches=0 flag disagreements=0 | region 2560x1440 fmt=34 pitch=10240 bytes=14745600 at slot offset 29491712 of 44237312 | GPU 1: unpacked=2214 bound=2213 skipped=137, scale=(2560.000, 1440.000). 76.0% of sealed frames carried vectors. COPIES IS THE ONE TO WATCH: it counts frames where the bind hook fired and a copy was recorded. If it stays at zero the probe published a handle nobody binds, and MVec never reaches the model whatever the rest of this line says. SKIPPED IS NOT AN ERROR - it counts frames with no vectors, which is what a menu looks like, and those frames are handed NONE rather than the last frame's motion.
23:57:03:689 [ 2816] | INFO  | [MGPU Bridge] [MGPU][R87] MVEC FRAME ALIGNMENT f=3001 | evaluates=2350 | elapsed 1=2216 2=2 3=1 4=1 5=43 6=56 7=26 8+=5 | worst=9 | 94.30% at 1. A motion vector describes ONE game frame; NR reprojects by whatever it is handed. When the frame NR blends against is older than one, history lands SHORT by this factor - zero error at rest, growing with speed, and no constant MVecScale can fix it. The scale is multiplied by this per evaluate. IF THIS LINE IS FLAT AT 1 AND THE ARTEFACT IS UNCHANGED, PACING IS ELIMINATED and what remains is units or sign. P4.1's skipped-frame counter predicts about 99.5% at 1, so a materially lower figure here is a desync no counter has shown us.
23:57:04:640 [19984] | INFO  | [MGPU Bridge] [MGPU][P9.1] META SRC mvec lane: 18 candidate(s), 95 ns/frame over 9542 frames. R72: RANKED AND SORTED BY RTV BINDS - how often each is RENDERED INTO, which is a per-frame usage signal. srvs is kept alongside as the old created over the resource. THIS DOES NOT IDENTIFY MOTION VECTORS - nothing in ReShade says which one they are - it says whether an MVec-shaped resource is visible from a subscriber at all. An empty list with a non-zero examined count is the result that says the NGX hook has to be earned or abandoned. root-descriptor SRV pushes=0 (zero here with a non-zero SRV count above means this engine binds through descriptor TABLES and push_descriptors is blind in it - a fact about the engine, not a fault). | #0 2560x1440 R16G16_FLOAT srvs=1 RTVBINDS=0 (0.00/frame) <-DISPLAY-EXTENT | #1 2560x1440 R16G16_FLOAT srvs=1 RTVBINDS=0 (0.00/frame) <-DISPLAY-EXTENT | #2 1280x720 R16G16_FLOAT srvs=1 RTVBINDS=0 (0.00/frame) | #3 1280x720 R16G16_FLOAT srvs=1 RTVBINDS=0 (0.00/frame) | #4 1280x720 R16G16_FLOAT srvs=1 RTVBINDS=0 (0.00/frame) | #5 1280x720 R16G16_FLOAT srvs=1 RTVBINDS=0 (0.00/frame) | #6 1280x720 R16G16_FLOAT srvs=1 RTVBINDS=0 (0.00/frame) | #7 2560x1440 R16G16_FLOAT srvs=1 RTVBINDS=0 (0.00/frame) <-DISPLAY-EXTENT
23:57:04:641 [19984] | INFO  | [MGPU Bridge] [MGPU][R71] MVEC SIZES over ALL 18 candidate(s): 2560x1440 x13 | 1280x720 x5 | || TRANSPORT SOURCE res=0x1e3d54f3d60 (0 means not identified yet - it needs a display-extent candidate with render-target binds), handed to the transport 0 times, 0 second-binds-in-a-frame skipped. || EVICTIONS: 0 resources destroyed and removed from the tables (R76 - a resolution change destroys every render target, and a stale entry is a copy from freed memory). RTV BINDS SEEN IN TOTAL: 0. THE RANK ABOVE IS NOW RENDER TARGET BINDS, NOT SRV CREATIONS. R25 ranked by SRVs created, got 6/5/3/3, and called it "a candidate, not an identification" - that flatness was the SIGNAL being wrong, not the game. An SRV creation count is a LIFETIME number; a velocity buffer is RENDERED INTO once per frame, and RTVBINDS is that. THE EXTENT TO MATCH IS THE DISPLAY EXTENT 2560x1440, not the render extent: the game's own DLSS telemetry says ColorExtentHeight=936 with MVExtentWidth=2560 MVExtentHeight=1440, so this title feeds HIGH-RESOLUTION motion vectors. A single candidate marked <-DISPLAY-EXTENT with RTVBINDS close to the frame count is the velocity buffer. RTV BINDS SEEN = 0 with candidates present means THIS EVENT did not see it, and says nothing whatever about the other two. R81 retracted the sentence that used to sit here - it named optical flow and NGX hooking as the routes left, before anyone had read the 
23:57:04:641 [19984] | INFO  | [MGPU Bridge] [MGPU][R82] ACQUISITION SIGNALS - three of them, one run. || RTV VIEW TABLE: 16 of 128 entries. THAT IS THE DENOMINATOR R80 COULD NOT SEE - a bind count of zero against an empty table means nothing at all. || OMSetRenderTargets: fired=0 rtvs=0 | matched via OUR TABLE=0 | matched via get_resource_from_view=0 || BeginRenderPass: fired=0 targets=0 matched=0 || Barrier: fired=1376253 resources=1853512 matched=62546, costing 4990 ns/frame || #0 2560x1440 rtv=0 rp=0 bar=2251(0x40->0x8) | #1 2560x1440 rtv=0 rp=0 bar=2251(0x8->0x40) | #2 1280x720 rtv=0 rp=0 bar=1(0xC0->0x4) | #3 1280x720 rtv=0 rp=0 bar=1(0xC0->0x4) | #4 1280x720 rtv=0 rp=0 bar=1(0xC0->0x4) | #5 1280x720 rtv=0 rp=0 bar=1(0xC0->0x4) | || HOW TO READ IT. via TABLE=0 while via get_resource_from_view is non-zero: the table was the whole bug and R76 through R81 were spent on a cache we never needed. BeginRenderPass fired while OMSetRenderTargets did not: this engine uses render passes and we were subscribed to the wrong event. Barrier matched with a per-frame count near the frame count: use THAT permanently - it needs no view, no table and no binding-path assumption, and 0x4->0xC0 (render_target -> shader_resource) is the moment AFTER the pass wrote, which is the correct moment to copy and is one the bind events cannot offer. NOTE THE STALENESS R78 DID NOT STATE: both bind events fire BEFORE the pass runs, so a copy taken there carries the PREVIOUS frame's vectors. All three silent with candidates present is the only reading that makes optical flow or NGX hooking the honest next step. Two of the barriers per frame on the published source are OURS.
23:57:05:132 [ 2816] | INFO  | [MGPU Bridge] [MGPU][SEAL] new f=3050 slot=1 gap=1 lat=101.15ms pitch=10240 fmt=24 bytes=14745600 bc=0(unimplemented) OK
23:57:05:526 [ 2816] | INFO  | [MGPU Bridge] [MGPU][T5] present loop alive: frame 12600 thread id 0xB00
23:57:06:353 [19984] | INFO  | [MGPU Bridge] [MGPU][R101] CALIBRATOR mode=2 site=iat | slots=40 data-slots=0 modules=137 gpa-calls=305 | resolved=1 creates=1 sr-handle=known | evaluates=2309 captured=2309 | cost 641 ns/frame | eval-copies=2309 eval-skips=0. || THE GAME'S OWN TABLE: color=0x1e3d59313d0 depth=0x1e30be773c0 MVEC=0x1e3d43fa420 output=0x1e3d5593970 | MVecScale 2560.0000,1440.0000 | jitter 0.0000,-0.1667 | Reset=0 | CreateFlags=0x3 -> DepthInverted=0 MVLowRes=1 MVJittered=0 IsHDR=1 AutoExposure=0 | quality=5 | render 2560x1440 -> display 2560x1440 | dynamic 0x0..0x0 | subrect 2560x1440 at color(0,0) depth(0,0) MV(0,0) out(0,0) | have=0xfff. || HOW TO READ IT. resolved=0 with evaluates=0 means no module asked for the entry point after we installed - either the title does not use DLSS, or it resolved before the addon loaded; the barrier path is untouched either way and is still what drives. sr-handle=UNFILTERED means we were not present for CreateFeature, so the table may be from frame generation rather than super sampling - check that render/display extents look like a supersampling pair before trusting it. MVEC here is the GAME'S answer to the question every round from R70 to R100 tried to infer; if it does not equal the handle the barrier probe armed on Dragon Sword, the probe was wrong on a title we believed, and THAT is the finding. have=0 bits name the keys this producer does not populate - Streamline and the raw SDK do not set the same subset, and the difference is a fact about the route, not a bug. MVLowRes IS DEFERRED OPTION 11 ANSWERED: 1 means the game's motion vectors are at RENDER resolution, 0 means display resolution, and we have been inferring that from buffer sizes since R83. Read it together with MVecScale - a low-res field with a display-sized scale is the shape that makes reprojection look almost right.
23:57:06:912 [ 2816] | INFO  | [MGPU Bridge] [MGPU][SEAL] new f=3111 slot=2 gap=1 lat=99.34ms pitch=10240 fmt=24 bytes=14745600 bc=0(unimplemented) OK
23:57:07:654 [19984] | INFO  | [MGPU Bridge] [MGPU][P9.1] META SRC mvec lane: 18 candidate(s), 96 ns/frame over 9644 frames. R72: RANKED AND SORTED BY RTV BINDS - how often each is RENDERED INTO, which is a per-frame usage signal. srvs is kept alongside as the old created over the resource. THIS DOES NOT IDENTIFY MOTION VECTORS - nothing in ReShade says which one they are - it says whether an MVec-shaped resource is visible from a subscriber at all. An empty list with a non-zero examined count is the result that says the NGX hook has to be earned or abandoned. root-descriptor SRV pushes=0 (zero here with a non-zero SRV count above means this engine binds through descriptor TABLES and push_descriptors is blind in it - a fact about the engine, not a fault). | #0 2560x1440 R16G16_FLOAT srvs=1 RTVBINDS=0 (0.00/frame) <-DISPLAY-EXTENT | #1 2560x1440 R16G16_FLOAT srvs=1 RTVBINDS=0 (0.00/frame) <-DISPLAY-EXTENT | #2 1280x720 R16G16_FLOAT srvs=1 RTVBINDS=0 (0.00/frame) | #3 1280x720 R16G16_FLOAT srvs=1 RTVBINDS=0 (0.00/frame) | #4 1280x720 R16G16_FLOAT srvs=1 RTVBINDS=0 (0.00/frame) | #5 1280x720 R16G16_FLOAT srvs=1 RTVBINDS=0 (0.00/frame) | #6 1280x720 R16G16_FLOAT srvs=1 RTVBINDS=0 (0.00/frame) | #7 2560x1440 R16G16_FLOAT srvs=1 RTVBINDS=0 (0.00/frame) <-DISPLAY-EXTENT
23:57:07:656 [19984] | INFO  | [MGPU Bridge] [MGPU][R71] MVEC SIZES over ALL 18 candidate(s): 2560x1440 x13 | 1280x720 x5 | || TRANSPORT SOURCE res=0x1e3d54f3d60 (0 means not identified yet - it needs a display-extent candidate with render-target binds), handed to the transport 0 times, 0 second-binds-in-a-frame skipped. || EVICTIONS: 0 resources destroyed and removed from the tables (R76 - a resolution change destroys every render target, and a stale entry is a copy from freed memory). RTV BINDS SEEN IN TOTAL: 0. THE RANK ABOVE IS NOW RENDER TARGET BINDS, NOT SRV CREATIONS. R25 ranked by SRVs created, got 6/5/3/3, and called it "a candidate, not an identification" - that flatness was the SIGNAL being wrong, not the game. An SRV creation count is a LIFETIME number; a velocity buffer is RENDERED INTO once per frame, and RTVBINDS is that. THE EXTENT TO MATCH IS THE DISPLAY EXTENT 2560x1440, not the render extent: the game's own DLSS telemetry says ColorExtentHeight=936 with MVExtentWidth=2560 MVExtentHeight=1440, so this title feeds HIGH-RESOLUTION motion vectors. A single candidate marked <-DISPLAY-EXTENT with RTVBINDS close to the frame count is the velocity buffer. RTV BINDS SEEN = 0 with candidates present means THIS EVENT did not see it, and says nothing whatever about the other two. R81 retracted the sentence that used to sit here - it named optical flow and NGX hooking as the routes left, before anyone had read the 
23:57:07:656 [19984] | INFO  | [MGPU Bridge] [MGPU][R82] ACQUISITION SIGNALS - three of them, one run. || RTV VIEW TABLE: 16 of 128 entries. THAT IS THE DENOMINATOR R80 COULD NOT SEE - a bind count of zero against an empty table means nothing at all. || OMSetRenderTargets: fired=0 rtvs=0 | matched via OUR TABLE=0 | matched via get_resource_from_view=0 || BeginRenderPass: fired=0 targets=0 matched=0 || Barrier: fired=1431133 resources=1932068 matched=65440, costing 5141 ns/frame || #0 2560x1440 rtv=0 rp=0 bar=2353(0x40->0x8) | #1 2560x1440 rtv=0 rp=0 bar=2353(0x8->0x40) | #2 1280x720 rtv=0 rp=0 bar=1(0xC0->0x4) | #3 1280x720 rtv=0 rp=0 bar=1(0xC0->0x4) | #4 1280x720 rtv=0 rp=0 bar=1(0xC0->0x4) | #5 1280x720 rtv=0 rp=0 bar=1(0xC0->0x4) | || HOW TO READ IT. via TABLE=0 while via get_resource_from_view is non-zero: the table was the whole bug and R76 through R81 were spent on a cache we never needed. BeginRenderPass fired while OMSetRenderTargets did not: this engine uses render passes and we were subscribed to the wrong event. Barrier matched with a per-frame count near the frame count: use THAT permanently - it needs no view, no table and no binding-path assumption, and 0x4->0xC0 (render_target -> shader_resource) is the moment AFTER the pass wrote, which is the correct moment to copy and is one the bind events cannot offer. NOTE THE STALENESS R78 DID NOT STATE: both bind events fire BEFORE the pass runs, so a copy taken there carries the PREVIOUS frame's vectors. All three silent with candidates present is the only reading that makes optical flow or NGX hooking the honest next step. Two of the barriers per frame on the published source are OURS.
23:57:08:794 [ 2816] | INFO  | [MGPU Bridge] [MGPU][SEAL] new f=3172 slot=3 gap=1 lat=106.62ms pitch=10240 fmt=24 bytes=14745600 bc=0(unimplemented) OK
23:57:10:673 [19984] | INFO  | [MGPU Bridge] [MGPU][P9.1] META SRC mvec lane: 18 candidate(s), 97 ns/frame over 9738 frames. R72: RANKED AND SORTED BY RTV BINDS - how often each is RENDERED INTO, which is a per-frame usage signal. srvs is kept alongside as the old created over the resource. THIS DOES NOT IDENTIFY MOTION VECTORS - nothing in ReShade says which one they are - it says whether an MVec-shaped resource is visible from a subscriber at all. An empty list with a non-zero examined count is the result that says the NGX hook has to be earned or abandoned. root-descriptor SRV pushes=0 (zero here with a non-zero SRV count above means this engine binds through descriptor TABLES and push_descriptors is blind in it - a fact about the engine, not a fault). | #0 2560x1440 R16G16_FLOAT srvs=1 RTVBINDS=0 (0.00/frame) <-DISPLAY-EXTENT | #1 2560x1440 R16G16_FLOAT srvs=1 RTVBINDS=0 (0.00/frame) <-DISPLAY-EXTENT | #2 1280x720 R16G16_FLOAT srvs=1 RTVBINDS=0 (0.00/frame) | #3 1280x720 R16G16_FLOAT srvs=1 RTVBINDS=0 (0.00/frame) | #4 1280x720 R16G16_FLOAT srvs=1 RTVBINDS=0 (0.00/frame) | #5 1280x720 R16G16_FLOAT srvs=1 RTVBINDS=0 (0.00/frame) | #6 1280x720 R16G16_FLOAT srvs=1 RTVBINDS=0 (0.00/frame) | #7 2560x1440 R16G16_FLOAT srvs=1 RTVBINDS=0 (0.00/frame) <-DISPLAY-EXTENT
23:57:10:674 [19984] | INFO  | [MGPU Bridge] [MGPU][R71] MVEC SIZES over ALL 18 candidate(s): 2560x1440 x13 | 1280x720 x5 | || TRANSPORT SOURCE res=0x1e3d54f3d60 (0 means not identified yet - it needs a display-extent candidate with render-target binds), handed to the transport 0 times, 0 second-binds-in-a-frame skipped. || EVICTIONS: 0 resources destroyed and removed from the tables (R76 - a resolution change destroys every render target, and a stale entry is a copy from freed memory). RTV BINDS SEEN IN TOTAL: 0. THE RANK ABOVE IS NOW RENDER TARGET BINDS, NOT SRV CREATIONS. R25 ranked by SRVs created, got 6/5/3/3, and called it "a candidate, not an identification" - that flatness was the SIGNAL being wrong, not the game. An SRV creation count is a LIFETIME number; a velocity buffer is RENDERED INTO once per frame, and RTVBINDS is that. THE EXTENT TO MATCH IS THE DISPLAY EXTENT 2560x1440, not the render extent: the game's own DLSS telemetry says ColorExtentHeight=936 with MVExtentWidth=2560 MVExtentHeight=1440, so this title feeds HIGH-RESOLUTION motion vectors. A single candidate marked <-DISPLAY-EXTENT with RTVBINDS close to the frame count is the velocity buffer. RTV BINDS SEEN = 0 with candidates present means THIS EVENT did not see it, and says nothing whatever about the other two. R81 retracted the sentence that used to sit here - it named optical flow and NGX hooking as the routes left, before anyone had read the 
23:57:10:674 [19984] | INFO  | [MGPU Bridge] [MGPU][R82] ACQUISITION SIGNALS - three of them, one run. || RTV VIEW TABLE: 16 of 128 entries. THAT IS THE DENOMINATOR R80 COULD NOT SEE - a bind count of zero against an empty table means nothing at all. || OMSetRenderTargets: fired=0 rtvs=0 | matched via OUR TABLE=0 | matched via get_resource_from_view=0 || BeginRenderPass: fired=0 targets=0 matched=0 || Barrier: fired=1480869 resources=2001440 matched=68058, costing 5274 ns/frame || #0 2560x1440 rtv=0 rp=0 bar=2447(0x40->0x8) | #1 2560x1440 rtv=0 rp=0 bar=2447(0x8->0x40) | #2 1280x720 rtv=0 rp=0 bar=1(0xC0->0x4) | #3 1280x720 rtv=0 rp=0 bar=1(0xC0->0x4) | #4 1280x720 rtv=0 rp=0 bar=1(0xC0->0x4) | #5 1280x720 rtv=0 rp=0 bar=1(0xC0->0x4) | || HOW TO READ IT. via TABLE=0 while via get_resource_from_view is non-zero: the table was the whole bug and R76 through R81 were spent on a cache we never needed. BeginRenderPass fired while OMSetRenderTargets did not: this engine uses render passes and we were subscribed to the wrong event. Barrier matched with a per-frame count near the frame count: use THAT permanently - it needs no view, no table and no binding-path assumption, and 0x4->0xC0 (render_target -> shader_resource) is the moment AFTER the pass wrote, which is the correct moment to copy and is one the bind events cannot offer. NOTE THE STALENESS R78 DID NOT STATE: both bind events fire BEFORE the pass runs, so a copy taken there carries the PREVIOUS frame's vectors. All three silent with candidates present is the only reading that makes optical flow or NGX hooking the honest next step. Two of the barriers per frame on the published source are OURS.
23:57:10:781 [ 2816] | INFO  | [MGPU Bridge] [MGPU][SEAL] new f=3233 slot=4 gap=1 lat=107.18ms pitch=10240 fmt=24 bytes=14745600 bc=0(unimplemented) OK
23:57:12:635 [ 2816] | INFO  | [MGPU Bridge] [MGPU][SEAL] new f=3294 slot=5 gap=1 lat=99.13ms pitch=10240 fmt=24 bytes=14745600 bc=0(unimplemented) OK
23:57:12:833 [ 2816] | INFO  | [MGPU Bridge] [MGPU][R63] DEPTH TRANSPORT f=3301 mode=1 (TRANSPORTED AND BOUND) | producer: valid=3304 invalid=0 size-rejected=0, arm held 0 frame(s) | consumer: seals seen valid=3210 invalid=0 contract mismatches=0 | region 2560x1440 fmt=41 pitch=10240 bytes=14745600 at slot offset 14746112 of 44237312. INVALID IS NOT AN ERROR: ReShade unbinds depth in menus and scene changes, and R61 established that shipping the zeros it leaves behind would hand the model a false flat plane. An invalid frame carries the colour and says so. WHAT WOULD BE AN ERROR is contract mismatches above zero, or valid staying at zero once you are in gameplay - that means the tap is not feeding us. 100.0% of sealed frames carried depth. | GPU 1: unpacked=2785 bound=2650 skipped=0, DepthInverted=1, flag disagreements=0 (the seal crossed the adapter and the slot flag did not, so any disagreement between them is real). BOUND vs SKIPPED IS THE R61 TEST: skipped counts frames where ReShade had no depth and the model was given NONE rather than the previous frame's - open a menu mid-stream and this must move.
23:57:12:834 [ 2816] | INFO  | [MGPU Bridge] [MGPU][R78] MVEC TRANSPORT f=3301 mode=3 REAL | producer: copies=2516 missing=788 size-rejected=0 lock-skipped=0, arm held 6448 frame(s) | consumer: seals seen valid=2513 invalid=697 contract mismatches=0 flag disagreements=0 | region 2560x1440 fmt=34 pitch=10240 bytes=14745600 at slot offset 29491712 of 44237312 | GPU 1: unpacked=2514 bound=2513 skipped=137, scale=(2560.000, 1440.000). 78.3% of sealed frames carried vectors. COPIES IS THE ONE TO WATCH: it counts frames where the bind hook fired and a copy was recorded. If it stays at zero the probe published a handle nobody binds, and MVec never reaches the model whatever the rest of this line says. SKIPPED IS NOT AN ERROR - it counts frames with no vectors, which is what a menu looks like, and those frames are handed NONE rather than the last frame's motion.
23:57:12:834 [ 2816] | INFO  | [MGPU Bridge] [MGPU][R87] MVEC FRAME ALIGNMENT f=3301 | evaluates=2650 | elapsed 1=2516 2=2 3=1 4=1 5=43 6=56 7=26 8+=5 | worst=9 | 94.94% at 1. A motion vector describes ONE game frame; NR reprojects by whatever it is handed. When the frame NR blends against is older than one, history lands SHORT by this factor - zero error at rest, growing with speed, and no constant MVecScale can fix it. The scale is multiplied by this per evaluate. IF THIS LINE IS FLAT AT 1 AND THE ARTEFACT IS UNCHANGED, PACING IS ELIMINATED and what remains is units or sign. P4.1's skipped-frame counter predicts about 99.5% at 1, so a materially lower figure here is a desync no counter has shown us.
23:57:13:698 [19984] | INFO  | [MGPU Bridge] [MGPU][P9.1] META SRC mvec lane: 18 candidate(s), 98 ns/frame over 9841 frames. R72: RANKED AND SORTED BY RTV BINDS - how often each is RENDERED INTO, which is a per-frame usage signal. srvs is kept alongside as the old created over the resource. THIS DOES NOT IDENTIFY MOTION VECTORS - nothing in ReShade says which one they are - it says whether an MVec-shaped resource is visible from a subscriber at all. An empty list with a non-zero examined count is the result that says the NGX hook has to be earned or abandoned. root-descriptor SRV pushes=0 (zero here with a non-zero SRV count above means this engine binds through descriptor TABLES and push_descriptors is blind in it - a fact about the engine, not a fault). | #0 2560x1440 R16G16_FLOAT srvs=1 RTVBINDS=0 (0.00/frame) <-DISPLAY-EXTENT | #1 2560x1440 R16G16_FLOAT srvs=1 RTVBINDS=0 (0.00/frame) <-DISPLAY-EXTENT | #2 1280x720 R16G16_FLOAT srvs=1 RTVBINDS=0 (0.00/frame) | #3 1280x720 R16G16_FLOAT srvs=1 RTVBINDS=0 (0.00/frame) | #4 1280x720 R16G16_FLOAT srvs=1 RTVBINDS=0 (0.00/frame) | #5 1280x720 R16G16_FLOAT srvs=1 RTVBINDS=0 (0.00/frame) | #6 1280x720 R16G16_FLOAT srvs=1 RTVBINDS=0 (0.00/frame) | #7 2560x1440 R16G16_FLOAT srvs=1 RTVBINDS=0 (0.00/frame) <-DISPLAY-EXTENT
23:57:13:698 [19984] | INFO  | [MGPU Bridge] [MGPU][R71] MVEC SIZES over ALL 18 candidate(s): 2560x1440 x13 | 1280x720 x5 | || TRANSPORT SOURCE res=0x1e3d54f3d60 (0 means not identified yet - it needs a display-extent candidate with render-target binds), handed to the transport 0 times, 0 second-binds-in-a-frame skipped. || EVICTIONS: 0 resources destroyed and removed from the tables (R76 - a resolution change destroys every render target, and a stale entry is a copy from freed memory). RTV BINDS SEEN IN TOTAL: 0. THE RANK ABOVE IS NOW RENDER TARGET BINDS, NOT SRV CREATIONS. R25 ranked by SRVs created, got 6/5/3/3, and called it "a candidate, not an identification" - that flatness was the SIGNAL being wrong, not the game. An SRV creation count is a LIFETIME number; a velocity buffer is RENDERED INTO once per frame, and RTVBINDS is that. THE EXTENT TO MATCH IS THE DISPLAY EXTENT 2560x1440, not the render extent: the game's own DLSS telemetry says ColorExtentHeight=936 with MVExtentWidth=2560 MVExtentHeight=1440, so this title feeds HIGH-RESOLUTION motion vectors. A single candidate marked <-DISPLAY-EXTENT with RTVBINDS close to the frame count is the velocity buffer. RTV BINDS SEEN = 0 with candidates present means THIS EVENT did not see it, and says nothing whatever about the other two. R81 retracted the sentence that used to sit here - it named optical flow and NGX hooking as the routes left, before anyone had read the 
23:57:13:698 [19984] | INFO  | [MGPU Bridge] [MGPU][R82] ACQUISITION SIGNALS - three of them, one run. || RTV VIEW TABLE: 16 of 128 entries. THAT IS THE DENOMINATOR R80 COULD NOT SEE - a bind count of zero against an empty table means nothing at all. || OMSetRenderTargets: fired=0 rtvs=0 | matched via OUR TABLE=0 | matched via get_resource_from_view=0 || BeginRenderPass: fired=0 targets=0 matched=0 || Barrier: fired=1533457 resources=2074817 matched=70945, costing 5405 ns/frame || #0 2560x1440 rtv=0 rp=0 bar=2550(0x8->0x40) | #1 2560x1440 rtv=0 rp=0 bar=2550(0x40->0x8) | #2 1280x720 rtv=0 rp=0 bar=1(0xC0->0x4) | #3 1280x720 rtv=0 rp=0 bar=1(0xC0->0x4) | #4 1280x720 rtv=0 rp=0 bar=1(0xC0->0x4) | #5 1280x720 rtv=0 rp=0 bar=1(0xC0->0x4) | || HOW TO READ IT. via TABLE=0 while via get_resource_from_view is non-zero: the table was the whole bug and R76 through R81 were spent on a cache we never needed. BeginRenderPass fired while OMSetRenderTargets did not: this engine uses render passes and we were subscribed to the wrong event. Barrier matched with a per-frame count near the frame count: use THAT permanently - it needs no view, no table and no binding-path assumption, and 0x4->0xC0 (render_target -> shader_resource) is the moment AFTER the pass wrote, which is the correct moment to copy and is one the bind events cannot offer. NOTE THE STALENESS R78 DID NOT STATE: both bind events fire BEFORE the pass runs, so a copy taken there carries the PREVIOUS frame's vectors. All three silent with candidates present is the only reading that makes optical flow or NGX hooking the honest next step. Two of the barriers per frame on the published source are OURS.
23:57:14:328 [ 2816] | INFO  | [MGPU Bridge] [MGPU][SEAL] new f=3355 slot=0 gap=1 lat=96.40ms pitch=10240 fmt=24 bytes=14745600 bc=0(unimplemented) OK
23:57:15:364 [19984] | INFO  | [MGPU Bridge] [MGPU][R101] CALIBRATOR mode=2 site=iat | slots=40 data-slots=0 modules=137 gpa-calls=305 | resolved=1 creates=1 sr-handle=known | evaluates=2609 captured=2609 | cost 704 ns/frame | eval-copies=2609 eval-skips=0. || THE GAME'S OWN TABLE: color=0x1e3d59313d0 depth=0x1e30be773c0 MVEC=0x1e3d43fa420 output=0x1e3d5593970 | MVecScale 2560.0000,1440.0000 | jitter 0.1250,0.2778 | Reset=0 | CreateFlags=0x3 -> DepthInverted=0 MVLowRes=1 MVJittered=0 IsHDR=1 AutoExposure=0 | quality=5 | render 2560x1440 -> display 2560x1440 | dynamic 0x0..0x0 | subrect 2560x1440 at color(0,0) depth(0,0) MV(0,0) out(0,0) | have=0xfff. || HOW TO READ IT. resolved=0 with evaluates=0 means no module asked for the entry point after we installed - either the title does not use DLSS, or it resolved before the addon loaded; the barrier path is untouched either way and is still what drives. sr-handle=UNFILTERED means we were not present for CreateFeature, so the table may be from frame generation rather than super sampling - check that render/display extents look like a supersampling pair before trusting it. MVEC here is the GAME'S answer to the question every round from R70 to R100 tried to infer; if it does not equal the handle the barrier probe armed on Dragon Sword, the probe was wrong on a title we believed, and THAT is the finding. have=0 bits name the keys this producer does not populate - Streamline and the raw SDK do not set the same subset, and the difference is a fact about the route, not a bug. MVLowRes IS DEFERRED OPTION 11 ANSWERED: 1 means the game's motion vectors are at RENDER resolution, 0 means display resolution, and we have been inferring that from buffer sizes since R83. Read it together with MVecScale - a low-res field with a display-sized scale is the shape that makes reprojection look almost right.
23:57:16:042 [ 2816] | INFO  | [MGPU Bridge] [MGPU][SEAL] new f=3416 slot=1 gap=1 lat=94.35ms pitch=10240 fmt=24 bytes=14745600 bc=0(unimplemented) OK
23:57:16:722 [19984] | INFO  | [MGPU Bridge] [MGPU][P9.1] META SRC mvec lane: 18 candidate(s), 99 ns/frame over 9949 frames. R72: RANKED AND SORTED BY RTV BINDS - how often each is RENDERED INTO, which is a per-frame usage signal. srvs is kept alongside as the old created over the resource. THIS DOES NOT IDENTIFY MOTION VECTORS - nothing in ReShade says which one they are - it says whether an MVec-shaped resource is visible from a subscriber at all. An empty list with a non-zero examined count is the result that says the NGX hook has to be earned or abandoned. root-descriptor SRV pushes=0 (zero here with a non-zero SRV count above means this engine binds through descriptor TABLES and push_descriptors is blind in it - a fact about the engine, not a fault). | #0 2560x1440 R16G16_FLOAT srvs=1 RTVBINDS=0 (0.00/frame) <-DISPLAY-EXTENT | #1 2560x1440 R16G16_FLOAT srvs=1 RTVBINDS=0 (0.00/frame) <-DISPLAY-EXTENT | #2 1280x720 R16G16_FLOAT srvs=1 RTVBINDS=0 (0.00/frame) | #3 1280x720 R16G16_FLOAT srvs=1 RTVBINDS=0 (0.00/frame) | #4 1280x720 R16G16_FLOAT srvs=1 RTVBINDS=0 (0.00/frame) | #5 1280x720 R16G16_FLOAT srvs=1 RTVBINDS=0 (0.00/frame) | #6 1280x720 R16G16_FLOAT srvs=1 RTVBINDS=0 (0.00/frame) | #7 2560x1440 R16G16_FLOAT srvs=1 RTVBINDS=0 (0.00/frame) <-DISPLAY-EXTENT
23:57:16:724 [19984] | INFO  | [MGPU Bridge] [MGPU][R71] MVEC SIZES over ALL 18 candidate(s): 2560x1440 x13 | 1280x720 x5 | || TRANSPORT SOURCE res=0x1e3d54f3d60 (0 means not identified yet - it needs a display-extent candidate with render-target binds), handed to the transport 0 times, 0 second-binds-in-a-frame skipped. || EVICTIONS: 0 resources destroyed and removed from the tables (R76 - a resolution change destroys every render target, and a stale entry is a copy from freed memory). RTV BINDS SEEN IN TOTAL: 0. THE RANK ABOVE IS NOW RENDER TARGET BINDS, NOT SRV CREATIONS. R25 ranked by SRVs created, got 6/5/3/3, and called it "a candidate, not an identification" - that flatness was the SIGNAL being wrong, not the game. An SRV creation count is a LIFETIME number; a velocity buffer is RENDERED INTO once per frame, and RTVBINDS is that. THE EXTENT TO MATCH IS THE DISPLAY EXTENT 2560x1440, not the render extent: the game's own DLSS telemetry says ColorExtentHeight=936 with MVExtentWidth=2560 MVExtentHeight=1440, so this title feeds HIGH-RESOLUTION motion vectors. A single candidate marked <-DISPLAY-EXTENT with RTVBINDS close to the frame count is the velocity buffer. RTV BINDS SEEN = 0 with candidates present means THIS EVENT did not see it, and says nothing whatever about the other two. R81 retracted the sentence that used to sit here - it named optical flow and NGX hooking as the routes left, before anyone had read the 
23:57:16:724 [19984] | INFO  | [MGPU Bridge] [MGPU][R82] ACQUISITION SIGNALS - three of them, one run. || RTV VIEW TABLE: 16 of 128 entries. THAT IS THE DENOMINATOR R80 COULD NOT SEE - a bind count of zero against an empty table means nothing at all. || OMSetRenderTargets: fired=0 rtvs=0 | matched via OUR TABLE=0 | matched via get_resource_from_view=0 || BeginRenderPass: fired=0 targets=0 matched=0 || Barrier: fired=1590533 resources=2153465 matched=74077, costing 5549 ns/frame || #0 2560x1440 rtv=0 rp=0 bar=2658(0x8->0x40) | #1 2560x1440 rtv=0 rp=0 bar=2658(0x40->0x8) | #2 1280x720 rtv=0 rp=0 bar=1(0xC0->0x4) | #3 1280x720 rtv=0 rp=0 bar=1(0xC0->0x4) | #4 1280x720 rtv=0 rp=0 bar=1(0xC0->0x4) | #5 1280x720 rtv=0 rp=0 bar=1(0xC0->0x4) | || HOW TO READ IT. via TABLE=0 while via get_resource_from_view is non-zero: the table was the whole bug and R76 through R81 were spent on a cache we never needed. BeginRenderPass fired while OMSetRenderTargets did not: this engine uses render passes and we were subscribed to the wrong event. Barrier matched with a per-frame count near the frame count: use THAT permanently - it needs no view, no table and no binding-path assumption, and 0x4->0xC0 (render_target -> shader_resource) is the moment AFTER the pass wrote, which is the correct moment to copy and is one the bind events cannot offer. NOTE THE STALENESS R78 DID NOT STATE: both bind events fire BEFORE the pass runs, so a copy taken there carries the PREVIOUS frame's vectors. All three silent with candidates present is the only reading that makes optical flow or NGX hooking the honest next step. Two of the barriers per frame on the published source are OURS.
23:57:17:715 [ 2816] | INFO  | [MGPU Bridge] [MGPU][SEAL] new f=3477 slot=2 gap=1 lat=92.41ms pitch=10240 fmt=24 bytes=14745600 bc=0(unimplemented) OK
23:57:19:395 [ 2816] | INFO  | [MGPU Bridge] [MGPU][SEAL] new f=3538 slot=3 gap=1 lat=97.22ms pitch=10240 fmt=24 bytes=14745600 bc=0(unimplemented) OK
23:57:19:732 [19984] | INFO  | [MGPU Bridge] [MGPU][P9.1] META SRC mvec lane: 18 candidate(s), 99 ns/frame over 10058 frames. R72: RANKED AND SORTED BY RTV BINDS - how often each is RENDERED INTO, which is a per-frame usage signal. srvs is kept alongside as the old created over the resource. THIS DOES NOT IDENTIFY MOTION VECTORS - nothing in ReShade says which one they are - it says whether an MVec-shaped resource is visible from a subscriber at all. An empty list with a non-zero examined count is the result that says the NGX hook has to be earned or abandoned. root-descriptor SRV pushes=0 (zero here with a non-zero SRV count above means this engine binds through descriptor TABLES and push_descriptors is blind in it - a fact about the engine, not a fault). | #0 2560x1440 R16G16_FLOAT srvs=1 RTVBINDS=0 (0.00/frame) <-DISPLAY-EXTENT | #1 2560x1440 R16G16_FLOAT srvs=1 RTVBINDS=0 (0.00/frame) <-DISPLAY-EXTENT | #2 1280x720 R16G16_FLOAT srvs=1 RTVBINDS=0 (0.00/frame) | #3 1280x720 R16G16_FLOAT srvs=1 RTVBINDS=0 (0.00/frame) | #4 1280x720 R16G16_FLOAT srvs=1 RTVBINDS=0 (0.00/frame) | #5 1280x720 R16G16_FLOAT srvs=1 RTVBINDS=0 (0.00/frame) | #6 1280x720 R16G16_FLOAT srvs=1 RTVBINDS=0 (0.00/frame) | #7 2560x1440 R16G16_FLOAT srvs=1 RTVBINDS=0 (0.00/frame) <-DISPLAY-EXTENT
23:57:19:732 [19984] | INFO  | [MGPU Bridge] [MGPU][R71] MVEC SIZES over ALL 18 candidate(s): 2560x1440 x13 | 1280x720 x5 | || TRANSPORT SOURCE res=0x1e3d54f3d60 (0 means not identified yet - it needs a display-extent candidate with render-target binds), handed to the transport 0 times, 0 second-binds-in-a-frame skipped. || EVICTIONS: 0 resources destroyed and removed from the tables (R76 - a resolution change destroys every render target, and a stale entry is a copy from freed memory). RTV BINDS SEEN IN TOTAL: 0. THE RANK ABOVE IS NOW RENDER TARGET BINDS, NOT SRV CREATIONS. R25 ranked by SRVs created, got 6/5/3/3, and called it "a candidate, not an identification" - that flatness was the SIGNAL being wrong, not the game. An SRV creation count is a LIFETIME number; a velocity buffer is RENDERED INTO once per frame, and RTVBINDS is that. THE EXTENT TO MATCH IS THE DISPLAY EXTENT 2560x1440, not the render extent: the game's own DLSS telemetry says ColorExtentHeight=936 with MVExtentWidth=2560 MVExtentHeight=1440, so this title feeds HIGH-RESOLUTION motion vectors. A single candidate marked <-DISPLAY-EXTENT with RTVBINDS close to the frame count is the velocity buffer. RTV BINDS SEEN = 0 with candidates present means THIS EVENT did not see it, and says nothing whatever about the other two. R81 retracted the sentence that used to sit here - it named optical flow and NGX hooking as the routes left, before anyone had read the 
23:57:19:732 [19984] | INFO  | [MGPU Bridge] [MGPU][R82] ACQUISITION SIGNALS - three of them, one run. || RTV VIEW TABLE: 16 of 128 entries. THAT IS THE DENOMINATOR R80 COULD NOT SEE - a bind count of zero against an empty table means nothing at all. || OMSetRenderTargets: fired=0 rtvs=0 | matched via OUR TABLE=0 | matched via get_resource_from_view=0 || BeginRenderPass: fired=0 targets=0 matched=0 || Barrier: fired=1648306 resources=2233059 matched=77152, costing 5695 ns/frame || #0 2560x1440 rtv=0 rp=0 bar=2767(0x40->0x8) | #1 2560x1440 rtv=0 rp=0 bar=2767(0x8->0x40) | #2 1280x720 rtv=0 rp=0 bar=1(0xC0->0x4) | #3 1280x720 rtv=0 rp=0 bar=1(0xC0->0x4) | #4 1280x720 rtv=0 rp=0 bar=1(0xC0->0x4) | #5 1280x720 rtv=0 rp=0 bar=1(0xC0->0x4) | || HOW TO READ IT. via TABLE=0 while via get_resource_from_view is non-zero: the table was the whole bug and R76 through R81 were spent on a cache we never needed. BeginRenderPass fired while OMSetRenderTargets did not: this engine uses render passes and we were subscribed to the wrong event. Barrier matched with a per-frame count near the frame count: use THAT permanently - it needs no view, no table and no binding-path assumption, and 0x4->0xC0 (render_target -> shader_resource) is the moment AFTER the pass wrote, which is the correct moment to copy and is one the bind events cannot offer. NOTE THE STALENESS R78 DID NOT STATE: both bind events fire BEFORE the pass runs, so a copy taken there carries the PREVIOUS frame's vectors. All three silent with candidates present is the only reading that makes optical flow or NGX hooking the honest next step. Two of the barriers per frame on the published source are OURS.
23:57:21:172 [ 2816] | INFO  | [MGPU Bridge] [MGPU][SEAL] new f=3599 slot=4 gap=1 lat=99.57ms pitch=10240 fmt=24 bytes=14745600 bc=0(unimplemented) OK
23:57:21:229 [ 2816] | INFO  | [MGPU Bridge] [MGPU][R63] DEPTH TRANSPORT f=3601 mode=1 (TRANSPORTED AND BOUND) | producer: valid=3604 invalid=0 size-rejected=0, arm held 0 frame(s) | consumer: seals seen valid=3510 invalid=0 contract mismatches=0 | region 2560x1440 fmt=41 pitch=10240 bytes=14745600 at slot offset 14746112 of 44237312. INVALID IS NOT AN ERROR: ReShade unbinds depth in menus and scene changes, and R61 established that shipping the zeros it leaves behind would hand the model a false flat plane. An invalid frame carries the colour and says so. WHAT WOULD BE AN ERROR is contract mismatches above zero, or valid staying at zero once you are in gameplay - that means the tap is not feeding us. 100.0% of sealed frames carried depth. | GPU 1: unpacked=3085 bound=2950 skipped=0, DepthInverted=1, flag disagreements=0 (the seal crossed the adapter and the slot flag did not, so any disagreement between them is real). BOUND vs SKIPPED IS THE R61 TEST: skipped counts frames where ReShade had no depth and the model was given NONE rather than the previous frame's - open a menu mid-stream and this must move.
23:57:21:230 [ 2816] | INFO  | [MGPU Bridge] [MGPU][R78] MVEC TRANSPORT f=3601 mode=3 REAL | producer: copies=2816 missing=788 size-rejected=0 lock-skipped=0, arm held 6448 frame(s) | consumer: seals seen valid=2813 invalid=697 contract mismatches=0 flag disagreements=0 | region 2560x1440 fmt=34 pitch=10240 bytes=14745600 at slot offset 29491712 of 44237312 | GPU 1: unpacked=2814 bound=2813 skipped=137, scale=(2560.000, 1440.000). 80.1% of sealed frames carried vectors. COPIES IS THE ONE TO WATCH: it counts frames where the bind hook fired and a copy was recorded. If it stays at zero the probe published a handle nobody binds, and MVec never reaches the model whatever the rest of this line says. SKIPPED IS NOT AN ERROR - it counts frames with no vectors, which is what a menu looks like, and those frames are handed NONE rather than the last frame's motion.
23:57:21:230 [ 2816] | INFO  | [MGPU Bridge] [MGPU][R87] MVEC FRAME ALIGNMENT f=3601 | evaluates=2950 | elapsed 1=2816 2=2 3=1 4=1 5=43 6=56 7=26 8+=5 | worst=9 | 95.46% at 1. A motion vector describes ONE game frame; NR reprojects by whatever it is handed. When the frame NR blends against is older than one, history lands SHORT by this factor - zero error at rest, growing with speed, and no constant MVecScale can fix it. The scale is multiplied by this per evaluate. IF THIS LINE IS FLAT AT 1 AND THE ARTEFACT IS UNCHANGED, PACING IS ELIMINATED and what remains is units or sign. P4.1's skipped-frame counter predicts about 99.5% at 1, so a materially lower figure here is a desync no counter has shown us.
23:57:22:751 [19984] | INFO  | [MGPU Bridge] [MGPU][P9.1] META SRC mvec lane: 18 candidate(s), 100 ns/frame over 10162 frames. R72: RANKED AND SORTED BY RTV BINDS - how often each is RENDERED INTO, which is a per-frame usage signal. srvs is kept alongside as the old created over the resource. THIS DOES NOT IDENTIFY MOTION VECTORS - nothing in ReShade says which one they are - it says whether an MVec-shaped resource is visible from a subscriber at all. An empty list with a non-zero examined count is the result that says the NGX hook has to be earned or abandoned. root-descriptor SRV pushes=0 (zero here with a non-zero SRV count above means this engine binds through descriptor TABLES and push_descriptors is blind in it - a fact about the engine, not a fault). | #0 2560x1440 R16G16_FLOAT srvs=1 RTVBINDS=0 (0.00/frame) <-DISPLAY-EXTENT | #1 2560x1440 R16G16_FLOAT srvs=1 RTVBINDS=0 (0.00/frame) <-DISPLAY-EXTENT | #2 1280x720 R16G16_FLOAT srvs=1 RTVBINDS=0 (0.00/frame) | #3 1280x720 R16G16_FLOAT srvs=1 RTVBINDS=0 (0.00/frame) | #4 1280x720 R16G16_FLOAT srvs=1 RTVBINDS=0 (0.00/frame) | #5 1280x720 R16G16_FLOAT srvs=1 RTVBINDS=0 (0.00/frame) | #6 1280x720 R16G16_FLOAT srvs=1 RTVBINDS=0 (0.00/frame) | #7 2560x1440 R16G16_FLOAT srvs=1 RTVBINDS=0 (0.00/frame) <-DISPLAY-EXTENT
23:57:22:751 [19984] | INFO  | [MGPU Bridge] [MGPU][R71] MVEC SIZES over ALL 18 candidate(s): 2560x1440 x13 | 1280x720 x5 | || TRANSPORT SOURCE res=0x1e3d54f3d60 (0 means not identified yet - it needs a display-extent candidate with render-target binds), handed to the transport 0 times, 0 second-binds-in-a-frame skipped. || EVICTIONS: 0 resources destroyed and removed from the tables (R76 - a resolution change destroys every render target, and a stale entry is a copy from freed memory). RTV BINDS SEEN IN TOTAL: 0. THE RANK ABOVE IS NOW RENDER TARGET BINDS, NOT SRV CREATIONS. R25 ranked by SRVs created, got 6/5/3/3, and called it "a candidate, not an identification" - that flatness was the SIGNAL being wrong, not the game. An SRV creation count is a LIFETIME number; a velocity buffer is RENDERED INTO once per frame, and RTVBINDS is that. THE EXTENT TO MATCH IS THE DISPLAY EXTENT 2560x1440, not the render extent: the game's own DLSS telemetry says ColorExtentHeight=936 with MVExtentWidth=2560 MVExtentHeight=1440, so this title feeds HIGH-RESOLUTION motion vectors. A single candidate marked <-DISPLAY-EXTENT with RTVBINDS close to the frame count is the velocity buffer. RTV BINDS SEEN = 0 with candidates present means THIS EVENT did not see it, and says nothing whatever about the other two. R81 retracted the sentence that used to sit here - it named optical flow and NGX hooking as the routes left, before anyone had read the 
23:57:22:751 [19984] | INFO  | [MGPU Bridge] [MGPU][R82] ACQUISITION SIGNALS - three of them, one run. || RTV VIEW TABLE: 16 of 128 entries. THAT IS THE DENOMINATOR R80 COULD NOT SEE - a bind count of zero against an empty table means nothing at all. || OMSetRenderTargets: fired=0 rtvs=0 | matched via OUR TABLE=0 | matched via get_resource_from_view=0 || BeginRenderPass: fired=0 targets=0 matched=0 || Barrier: fired=1703205 resources=2308702 matched=79976, costing 5827 ns/frame || #0 2560x1440 rtv=0 rp=0 bar=2871(0x40->0x8) | #1 2560x1440 rtv=0 rp=0 bar=2871(0x8->0x40) | #2 1280x720 rtv=0 rp=0 bar=1(0xC0->0x4) | #3 1280x720 rtv=0 rp=0 bar=1(0xC0->0x4) | #4 1280x720 rtv=0 rp=0 bar=1(0xC0->0x4) | #5 1280x720 rtv=0 rp=0 bar=1(0xC0->0x4) | || HOW TO READ IT. via TABLE=0 while via get_resource_from_view is non-zero: the table was the whole bug and R76 through R81 were spent on a cache we never needed. BeginRenderPass fired while OMSetRenderTargets did not: this engine uses render passes and we were subscribed to the wrong event. Barrier matched with a per-frame count near the frame count: use THAT permanently - it needs no view, no table and no binding-path assumption, and 0x4->0xC0 (render_target -> shader_resource) is the moment AFTER the pass wrote, which is the correct moment to copy and is one the bind events cannot offer. NOTE THE STALENESS R78 DID NOT STATE: both bind events fire BEFORE the pass runs, so a copy taken there carries the PREVIOUS frame's vectors. All three silent with candidates present is the only reading that makes optical flow or NGX hooking the honest next step. Two of the barriers per frame on the published source are OURS.
23:57:22:933 [ 2816] | INFO  | [MGPU Bridge] [MGPU][SEAL] new f=3660 slot=5 gap=1 lat=98.47ms pitch=10240 fmt=24 bytes=14745600 bc=0(unimplemented) OK
23:57:23:024 [ 2816] | INFO  | [MGPU Bridge] [MGPU][T5] present loop alive: frame 13200 thread id 0xB00
23:57:23:899 [19984] | INFO  | [MGPU Bridge] [MGPU][R101] CALIBRATOR mode=2 site=iat | slots=40 data-slots=0 modules=137 gpa-calls=305 | resolved=1 creates=1 sr-handle=known | evaluates=2909 captured=2909 | cost 760 ns/frame | eval-copies=2909 eval-skips=0. || THE GAME'S OWN TABLE: color=0x1e3d59313d0 depth=0x1e30be773c0 MVEC=0x1e3d43fa420 output=0x1e3d5593970 | MVecScale 2560.0000,1440.0000 | jitter 0.0000,-0.1667 | Reset=0 | CreateFlags=0x3 -> DepthInverted=0 MVLowRes=1 MVJittered=0 IsHDR=1 AutoExposure=0 | quality=5 | render 2560x1440 -> display 2560x1440 | dynamic 0x0..0x0 | subrect 2560x1440 at color(0,0) depth(0,0) MV(0,0) out(0,0) | have=0xfff. || HOW TO READ IT. resolved=0 with evaluates=0 means no module asked for the entry point after we installed - either the title does not use DLSS, or it resolved before the addon loaded; the barrier path is untouched either way and is still what drives. sr-handle=UNFILTERED means we were not present for CreateFeature, so the table may be from frame generation rather than super sampling - check that render/display extents look like a supersampling pair before trusting it. MVEC here is the GAME'S answer to the question every round from R70 to R100 tried to infer; if it does not equal the handle the barrier probe armed on Dragon Sword, the probe was wrong on a title we believed, and THAT is the finding. have=0 bits name the keys this producer does not populate - Streamline and the raw SDK do not set the same subset, and the difference is a fact about the route, not a bug. MVLowRes IS DEFERRED OPTION 11 ANSWERED: 1 means the game's motion vectors are at RENDER resolution, 0 means display resolution, and we have been inferring that from buffer sizes since R83. Read it together with MVecScale - a low-res field with a display-sized scale is the shape that makes reprojection look almost right.
23:57:24:815 [ 2816] | INFO  | [MGPU Bridge] [MGPU][SEAL] new f=3721 slot=0 gap=1 lat=100.34ms pitch=10240 fmt=24 bytes=14745600 bc=0(unimplemented) OK
23:57:25:761 [19984] | INFO  | [MGPU Bridge] [MGPU][P9.1] META SRC mvec lane: 18 candidate(s), 101 ns/frame over 10261 frames. R72: RANKED AND SORTED BY RTV BINDS - how often each is RENDERED INTO, which is a per-frame usage signal. srvs is kept alongside as the old created over the resource. THIS DOES NOT IDENTIFY MOTION VECTORS - nothing in ReShade says which one they are - it says whether an MVec-shaped resource is visible from a subscriber at all. An empty list with a non-zero examined count is the result that says the NGX hook has to be earned or abandoned. root-descriptor SRV pushes=0 (zero here with a non-zero SRV count above means this engine binds through descriptor TABLES and push_descriptors is blind in it - a fact about the engine, not a fault). | #0 2560x1440 R16G16_FLOAT srvs=1 RTVBINDS=0 (0.00/frame) <-DISPLAY-EXTENT | #1 2560x1440 R16G16_FLOAT srvs=1 RTVBINDS=0 (0.00/frame) <-DISPLAY-EXTENT | #2 1280x720 R16G16_FLOAT srvs=1 RTVBINDS=0 (0.00/frame) | #3 1280x720 R16G16_FLOAT srvs=1 RTVBINDS=0 (0.00/frame) | #4 1280x720 R16G16_FLOAT srvs=1 RTVBINDS=0 (0.00/frame) | #5 1280x720 R16G16_FLOAT srvs=1 RTVBINDS=0 (0.00/frame) | #6 1280x720 R16G16_FLOAT srvs=1 RTVBINDS=0 (0.00/frame) | #7 2560x1440 R16G16_FLOAT srvs=1 RTVBINDS=0 (0.00/frame) <-DISPLAY-EXTENT
23:57:25:761 [19984] | INFO  | [MGPU Bridge] [MGPU][R71] MVEC SIZES over ALL 18 candidate(s): 2560x1440 x13 | 1280x720 x5 | || TRANSPORT SOURCE res=0x1e3d54f3d60 (0 means not identified yet - it needs a display-extent candidate with render-target binds), handed to the transport 0 times, 0 second-binds-in-a-frame skipped. || EVICTIONS: 0 resources destroyed and removed from the tables (R76 - a resolution change destroys every render target, and a stale entry is a copy from freed memory). RTV BINDS SEEN IN TOTAL: 0. THE RANK ABOVE IS NOW RENDER TARGET BINDS, NOT SRV CREATIONS. R25 ranked by SRVs created, got 6/5/3/3, and called it "a candidate, not an identification" - that flatness was the SIGNAL being wrong, not the game. An SRV creation count is a LIFETIME number; a velocity buffer is RENDERED INTO once per frame, and RTVBINDS is that. THE EXTENT TO MATCH IS THE DISPLAY EXTENT 2560x1440, not the render extent: the game's own DLSS telemetry says ColorExtentHeight=936 with MVExtentWidth=2560 MVExtentHeight=1440, so this title feeds HIGH-RESOLUTION motion vectors. A single candidate marked <-DISPLAY-EXTENT with RTVBINDS close to the frame count is the velocity buffer. RTV BINDS SEEN = 0 with candidates present means THIS EVENT did not see it, and says nothing whatever about the other two. R81 retracted the sentence that used to sit here - it named optical flow and NGX hooking as the routes left, before anyone had read the 
23:57:25:761 [19984] | INFO  | [MGPU Bridge] [MGPU][R82] ACQUISITION SIGNALS - three of them, one run. || RTV VIEW TABLE: 16 of 128 entries. THAT IS THE DENOMINATOR R80 COULD NOT SEE - a bind count of zero against an empty table means nothing at all. || OMSetRenderTargets: fired=0 rtvs=0 | matched via OUR TABLE=0 | matched via get_resource_from_view=0 || BeginRenderPass: fired=0 targets=0 matched=0 || Barrier: fired=1754701 resources=2379991 matched=82697, costing 5946 ns/frame || #0 2560x1440 rtv=0 rp=0 bar=2970(0x8->0x40) | #1 2560x1440 rtv=0 rp=0 bar=2970(0x40->0x8) | #2 1280x720 rtv=0 rp=0 bar=1(0xC0->0x4) | #3 1280x720 rtv=0 rp=0 bar=1(0xC0->0x4) | #4 1280x720 rtv=0 rp=0 bar=1(0xC0->0x4) | #5 1280x720 rtv=0 rp=0 bar=1(0xC0->0x4) | || HOW TO READ IT. via TABLE=0 while via get_resource_from_view is non-zero: the table was the whole bug and R76 through R81 were spent on a cache we never needed. BeginRenderPass fired while OMSetRenderTargets did not: this engine uses render passes and we were subscribed to the wrong event. Barrier matched with a per-frame count near the frame count: use THAT permanently - it needs no view, no table and no binding-path assumption, and 0x4->0xC0 (render_target -> shader_resource) is the moment AFTER the pass wrote, which is the correct moment to copy and is one the bind events cannot offer. NOTE THE STALENESS R78 DID NOT STATE: both bind events fire BEFORE the pass runs, so a copy taken there carries the PREVIOUS frame's vectors. All three silent with candidates present is the only reading that makes optical flow or NGX hooking the honest next step. Two of the barriers per frame on the published source are OURS.
23:57:26:642 [ 2816] | INFO  | [MGPU Bridge] [MGPU][SEAL] new f=3782 slot=1 gap=1 lat=98.55ms pitch=10240 fmt=24 bytes=14745600 bc=0(unimplemented) OK
23:57:28:458 [ 2816] | INFO  | [MGPU Bridge] [MGPU][SEAL] new f=3843 slot=2 gap=1 lat=99.67ms pitch=10240 fmt=24 bytes=14745600 bc=0(unimplemented) OK
23:57:28:777 [19984] | INFO  | [MGPU Bridge] [MGPU][P9.1] META SRC mvec lane: 18 candidate(s), 102 ns/frame over 10362 frames. R72: RANKED AND SORTED BY RTV BINDS - how often each is RENDERED INTO, which is a per-frame usage signal. srvs is kept alongside as the old created over the resource. THIS DOES NOT IDENTIFY MOTION VECTORS - nothing in ReShade says which one they are - it says whether an MVec-shaped resource is visible from a subscriber at all. An empty list with a non-zero examined count is the result that says the NGX hook has to be earned or abandoned. root-descriptor SRV pushes=0 (zero here with a non-zero SRV count above means this engine binds through descriptor TABLES and push_descriptors is blind in it - a fact about the engine, not a fault). | #0 2560x1440 R16G16_FLOAT srvs=1 RTVBINDS=0 (0.00/frame) <-DISPLAY-EXTENT | #1 2560x1440 R16G16_FLOAT srvs=1 RTVBINDS=0 (0.00/frame) <-DISPLAY-EXTENT | #2 1280x720 R16G16_FLOAT srvs=1 RTVBINDS=0 (0.00/frame) | #3 1280x720 R16G16_FLOAT srvs=1 RTVBINDS=0 (0.00/frame) | #4 1280x720 R16G16_FLOAT srvs=1 RTVBINDS=0 (0.00/frame) | #5 1280x720 R16G16_FLOAT srvs=1 RTVBINDS=0 (0.00/frame) | #6 1280x720 R16G16_FLOAT srvs=1 RTVBINDS=0 (0.00/frame) | #7 2560x1440 R16G16_FLOAT srvs=1 RTVBINDS=0 (0.00/frame) <-DISPLAY-EXTENT
23:57:28:777 [19984] | INFO  | [MGPU Bridge] [MGPU][R71] MVEC SIZES over ALL 18 candidate(s): 2560x1440 x13 | 1280x720 x5 | || TRANSPORT SOURCE res=0x1e3d54f3d60 (0 means not identified yet - it needs a display-extent candidate with render-target binds), handed to the transport 0 times, 0 second-binds-in-a-frame skipped. || EVICTIONS: 0 resources destroyed and removed from the tables (R76 - a resolution change destroys every render target, and a stale entry is a copy from freed memory). RTV BINDS SEEN IN TOTAL: 0. THE RANK ABOVE IS NOW RENDER TARGET BINDS, NOT SRV CREATIONS. R25 ranked by SRVs created, got 6/5/3/3, and called it "a candidate, not an identification" - that flatness was the SIGNAL being wrong, not the game. An SRV creation count is a LIFETIME number; a velocity buffer is RENDERED INTO once per frame, and RTVBINDS is that. THE EXTENT TO MATCH IS THE DISPLAY EXTENT 2560x1440, not the render extent: the game's own DLSS telemetry says ColorExtentHeight=936 with MVExtentWidth=2560 MVExtentHeight=1440, so this title feeds HIGH-RESOLUTION motion vectors. A single candidate marked <-DISPLAY-EXTENT with RTVBINDS close to the frame count is the velocity buffer. RTV BINDS SEEN = 0 with candidates present means THIS EVENT did not see it, and says nothing whatever about the other two. R81 retracted the sentence that used to sit here - it named optical flow and NGX hooking as the routes left, before anyone had read the 
23:57:28:777 [19984] | INFO  | [MGPU Bridge] [MGPU][R82] ACQUISITION SIGNALS - three of them, one run. || RTV VIEW TABLE: 16 of 128 entries. THAT IS THE DENOMINATOR R80 COULD NOT SEE - a bind count of zero against an empty table means nothing at all. || OMSetRenderTargets: fired=0 rtvs=0 | matched via OUR TABLE=0 | matched via get_resource_from_view=0 || BeginRenderPass: fired=0 targets=0 matched=0 || Barrier: fired=1807928 resources=2453449 matched=85626, costing 6067 ns/frame || #0 2560x1440 rtv=0 rp=0 bar=3071(0x40->0x8) | #1 2560x1440 rtv=0 rp=0 bar=3071(0x8->0x40) | #2 1280x720 rtv=0 rp=0 bar=1(0xC0->0x4) | #3 1280x720 rtv=0 rp=0 bar=1(0xC0->0x4) | #4 1280x720 rtv=0 rp=0 bar=1(0xC0->0x4) | #5 1280x720 rtv=0 rp=0 bar=1(0xC0->0x4) | || HOW TO READ IT. via TABLE=0 while via get_resource_from_view is non-zero: the table was the whole bug and R76 through R81 were spent on a cache we never needed. BeginRenderPass fired while OMSetRenderTargets did not: this engine uses render passes and we were subscribed to the wrong event. Barrier matched with a per-frame count near the frame count: use THAT permanently - it needs no view, no table and no binding-path assumption, and 0x4->0xC0 (render_target -> shader_resource) is the moment AFTER the pass wrote, which is the correct moment to copy and is one the bind events cannot offer. NOTE THE STALENESS R78 DID NOT STATE: both bind events fire BEFORE the pass runs, so a copy taken there carries the PREVIOUS frame's vectors. All three silent with candidates present is the only reading that makes optical flow or NGX hooking the honest next step. Two of the barriers per frame on the published source are OURS.
23:57:30:079 [ 2816] | INFO  | [MGPU Bridge] [MGPU][R63] DEPTH TRANSPORT f=3901 mode=1 (TRANSPORTED AND BOUND) | producer: valid=3904 invalid=0 size-rejected=0, arm held 0 frame(s) | consumer: seals seen valid=3810 invalid=0 contract mismatches=0 | region 2560x1440 fmt=41 pitch=10240 bytes=14745600 at slot offset 14746112 of 44237312. INVALID IS NOT AN ERROR: ReShade unbinds depth in menus and scene changes, and R61 established that shipping the zeros it leaves behind would hand the model a false flat plane. An invalid frame carries the colour and says so. WHAT WOULD BE AN ERROR is contract mismatches above zero, or valid staying at zero once you are in gameplay - that means the tap is not feeding us. 100.0% of sealed frames carried depth. | GPU 1: unpacked=3385 bound=3250 skipped=0, DepthInverted=1, flag disagreements=0 (the seal crossed the adapter and the slot flag did not, so any disagreement between them is real). BOUND vs SKIPPED IS THE R61 TEST: skipped counts frames where ReShade had no depth and the model was given NONE rather than the previous frame's - open a menu mid-stream and this must move.
23:57:30:080 [ 2816] | INFO  | [MGPU Bridge] [MGPU][R78] MVEC TRANSPORT f=3901 mode=3 REAL | producer: copies=3116 missing=788 size-rejected=0 lock-skipped=0, arm held 6448 frame(s) | consumer: seals seen valid=3113 invalid=697 contract mismatches=0 flag disagreements=0 | region 2560x1440 fmt=34 pitch=10240 bytes=14745600 at slot offset 29491712 of 44237312 | GPU 1: unpacked=3114 bound=3113 skipped=137, scale=(2560.000, 1440.000). 81.7% of sealed frames carried vectors. COPIES IS THE ONE TO WATCH: it counts frames where the bind hook fired and a copy was recorded. If it stays at zero the probe published a handle nobody binds, and MVec never reaches the model whatever the rest of this line says. SKIPPED IS NOT AN ERROR - it counts frames with no vectors, which is what a menu looks like, and those frames are handed NONE rather than the last frame's motion.
23:57:30:080 [ 2816] | INFO  | [MGPU Bridge] [MGPU][R87] MVEC FRAME ALIGNMENT f=3901 | evaluates=3250 | elapsed 1=3116 2=2 3=1 4=1 5=43 6=56 7=26 8+=5 | worst=9 | 95.88% at 1. A motion vector describes ONE game frame; NR reprojects by whatever it is handed. When the frame NR blends against is older than one, history lands SHORT by this factor - zero error at rest, growing with speed, and no constant MVecScale can fix it. The scale is multiplied by this per evaluate. IF THIS LINE IS FLAT AT 1 AND THE ARTEFACT IS UNCHANGED, PACING IS ELIMINATED and what remains is units or sign. P4.1's skipped-frame counter predicts about 99.5% at 1, so a materially lower figure here is a desync no counter has shown us.
23:57:30:161 [ 2816] | INFO  | [MGPU Bridge] [MGPU][SEAL] new f=3904 slot=3 gap=1 lat=92.10ms pitch=10240 fmt=24 bytes=14745600 bc=0(unimplemented) OK
23:57:31:732 [ 2816] | INFO  | [MGPU Bridge] [MGPU][SEAL] new f=3965 slot=4 gap=1 lat=90.42ms pitch=10240 fmt=24 bytes=14745600 bc=0(unimplemented) OK
23:57:31:800 [19984] | INFO  | [MGPU Bridge] [MGPU][P9.1] META SRC mvec lane: 18 candidate(s), 102 ns/frame over 10476 frames. R72: RANKED AND SORTED BY RTV BINDS - how often each is RENDERED INTO, which is a per-frame usage signal. srvs is kept alongside as the old created over the resource. THIS DOES NOT IDENTIFY MOTION VECTORS - nothing in ReShade says which one they are - it says whether an MVec-shaped resource is visible from a subscriber at all. An empty list with a non-zero examined count is the result that says the NGX hook has to be earned or abandoned. root-descriptor SRV pushes=0 (zero here with a non-zero SRV count above means this engine binds through descriptor TABLES and push_descriptors is blind in it - a fact about the engine, not a fault). | #0 2560x1440 R16G16_FLOAT srvs=1 RTVBINDS=0 (0.00/frame) <-DISPLAY-EXTENT | #1 2560x1440 R16G16_FLOAT srvs=1 RTVBINDS=0 (0.00/frame) <-DISPLAY-EXTENT | #2 1280x720 R16G16_FLOAT srvs=1 RTVBINDS=0 (0.00/frame) | #3 1280x720 R16G16_FLOAT srvs=1 RTVBINDS=0 (0.00/frame) | #4 1280x720 R16G16_FLOAT srvs=1 RTVBINDS=0 (0.00/frame) | #5 1280x720 R16G16_FLOAT srvs=1 RTVBINDS=0 (0.00/frame) | #6 1280x720 R16G16_FLOAT srvs=1 RTVBINDS=0 (0.00/frame) | #7 2560x1440 R16G16_FLOAT srvs=1 RTVBINDS=0 (0.00/frame) <-DISPLAY-EXTENT
23:57:31:801 [19984] | INFO  | [MGPU Bridge] [MGPU][R71] MVEC SIZES over ALL 18 candidate(s): 2560x1440 x13 | 1280x720 x5 | || TRANSPORT SOURCE res=0x1e3d54f3d60 (0 means not identified yet - it needs a display-extent candidate with render-target binds), handed to the transport 0 times, 0 second-binds-in-a-frame skipped. || EVICTIONS: 0 resources destroyed and removed from the tables (R76 - a resolution change destroys every render target, and a stale entry is a copy from freed memory). RTV BINDS SEEN IN TOTAL: 0. THE RANK ABOVE IS NOW RENDER TARGET BINDS, NOT SRV CREATIONS. R25 ranked by SRVs created, got 6/5/3/3, and called it "a candidate, not an identification" - that flatness was the SIGNAL being wrong, not the game. An SRV creation count is a LIFETIME number; a velocity buffer is RENDERED INTO once per frame, and RTVBINDS is that. THE EXTENT TO MATCH IS THE DISPLAY EXTENT 2560x1440, not the render extent: the game's own DLSS telemetry says ColorExtentHeight=936 with MVExtentWidth=2560 MVExtentHeight=1440, so this title feeds HIGH-RESOLUTION motion vectors. A single candidate marked <-DISPLAY-EXTENT with RTVBINDS close to the frame count is the velocity buffer. RTV BINDS SEEN = 0 with candidates present means THIS EVENT did not see it, and says nothing whatever about the other two. R81 retracted the sentence that used to sit here - it named optical flow and NGX hooking as the routes left, before anyone had read the 
23:57:31:801 [19984] | INFO  | [MGPU Bridge] [MGPU][R82] ACQUISITION SIGNALS - three of them, one run. || RTV VIEW TABLE: 16 of 128 entries. THAT IS THE DENOMINATOR R80 COULD NOT SEE - a bind count of zero against an empty table means nothing at all. || OMSetRenderTargets: fired=0 rtvs=0 | matched via OUR TABLE=0 | matched via get_resource_from_view=0 || BeginRenderPass: fired=0 targets=0 matched=0 || Barrier: fired=1866687 resources=2534838 matched=88712, costing 6197 ns/frame || #0 2560x1440 rtv=0 rp=0 bar=3185(0x40->0x8) | #1 2560x1440 rtv=0 rp=0 bar=3185(0x8->0x40) | #2 1280x720 rtv=0 rp=0 bar=1(0xC0->0x4) | #3 1280x720 rtv=0 rp=0 bar=1(0xC0->0x4) | #4 1280x720 rtv=0 rp=0 bar=1(0xC0->0x4) | #5 1280x720 rtv=0 rp=0 bar=1(0xC0->0x4) | || HOW TO READ IT. via TABLE=0 while via get_resource_from_view is non-zero: the table was the whole bug and R76 through R81 were spent on a cache we never needed. BeginRenderPass fired while OMSetRenderTargets did not: this engine uses render passes and we were subscribed to the wrong event. Barrier matched with a per-frame count near the frame count: use THAT permanently - it needs no view, no table and no binding-path assumption, and 0x4->0xC0 (render_target -> shader_resource) is the moment AFTER the pass wrote, which is the correct moment to copy and is one the bind events cannot offer. NOTE THE STALENESS R78 DID NOT STATE: both bind events fire BEFORE the pass runs, so a copy taken there carries the PREVIOUS frame's vectors. All three silent with candidates present is the only reading that makes optical flow or NGX hooking the honest next step. Two of the barriers per frame on the published source are OURS.
23:57:32:444 [19984] | INFO  | [MGPU Bridge] [MGPU][R101] CALIBRATOR mode=2 site=iat | slots=40 data-slots=0 modules=137 gpa-calls=305 | resolved=1 creates=1 sr-handle=known | evaluates=3209 captured=3209 | cost 811 ns/frame | eval-copies=3209 eval-skips=0. || THE GAME'S OWN TABLE: color=0x1e3d59313d0 depth=0x1e30be773c0 MVEC=0x1e3d43fa420 output=0x1e3d5593970 | MVecScale 2560.0000,1440.0000 | jitter 0.1250,0.2778 | Reset=0 | CreateFlags=0x3 -> DepthInverted=0 MVLowRes=1 MVJittered=0 IsHDR=1 AutoExposure=0 | quality=5 | render 2560x1440 -> display 2560x1440 | dynamic 0x0..0x0 | subrect 2560x1440 at color(0,0) depth(0,0) MV(0,0) out(0,0) | have=0xfff. || HOW TO READ IT. resolved=0 with evaluates=0 means no module asked for the entry point after we installed - either the title does not use DLSS, or it resolved before the addon loaded; the barrier path is untouched either way and is still what drives. sr-handle=UNFILTERED means we were not present for CreateFeature, so the table may be from frame generation rather than super sampling - check that render/display extents look like a supersampling pair before trusting it. MVEC here is the GAME'S answer to the question every round from R70 to R100 tried to infer; if it does not equal the handle the barrier probe armed on Dragon Sword, the probe was wrong on a title we believed, and THAT is the finding. have=0 bits name the keys this producer does not populate - Streamline and the raw SDK do not set the same subset, and the difference is a fact about the route, not a bug. MVLowRes IS DEFERRED OPTION 11 ANSWERED: 1 means the game's motion vectors are at RENDER resolution, 0 means display resolution, and we have been inferring that from buffer sizes since R83. Read it together with MVecScale - a low-res field with a display-sized scale is the shape that makes reprojection look almost right.
23:57:33:410 [ 2816] | INFO  | [MGPU Bridge] [MGPU][SEAL] new f=4026 slot=5 gap=1 lat=97.44ms pitch=10240 fmt=24 bytes=14745600 bc=0(unimplemented) OK
23:57:34:816 [19984] | INFO  | [MGPU Bridge] [MGPU][P9.1] META SRC mvec lane: 18 candidate(s), 103 ns/frame over 10580 frames. R72: RANKED AND SORTED BY RTV BINDS - how often each is RENDERED INTO, which is a per-frame usage signal. srvs is kept alongside as the old created over the resource. THIS DOES NOT IDENTIFY MOTION VECTORS - nothing in ReShade says which one they are - it says whether an MVec-shaped resource is visible from a subscriber at all. An empty list with a non-zero examined count is the result that says the NGX hook has to be earned or abandoned. root-descriptor SRV pushes=0 (zero here with a non-zero SRV count above means this engine binds through descriptor TABLES and push_descriptors is blind in it - a fact about the engine, not a fault). | #0 2560x1440 R16G16_FLOAT srvs=1 RTVBINDS=0 (0.00/frame) <-DISPLAY-EXTENT | #1 2560x1440 R16G16_FLOAT srvs=1 RTVBINDS=0 (0.00/frame) <-DISPLAY-EXTENT | #2 1280x720 R16G16_FLOAT srvs=1 RTVBINDS=0 (0.00/frame) | #3 1280x720 R16G16_FLOAT srvs=1 RTVBINDS=0 (0.00/frame) | #4 1280x720 R16G16_FLOAT srvs=1 RTVBINDS=0 (0.00/frame) | #5 1280x720 R16G16_FLOAT srvs=1 RTVBINDS=0 (0.00/frame) | #6 1280x720 R16G16_FLOAT srvs=1 RTVBINDS=0 (0.00/frame) | #7 2560x1440 R16G16_FLOAT srvs=1 RTVBINDS=0 (0.00/frame) <-DISPLAY-EXTENT
23:57:34:817 [19984] | INFO  | [MGPU Bridge] [MGPU][R71] MVEC SIZES over ALL 18 candidate(s): 2560x1440 x13 | 1280x720 x5 | || TRANSPORT SOURCE res=0x1e3d54f3d60 (0 means not identified yet - it needs a display-extent candidate with render-target binds), handed to the transport 0 times, 0 second-binds-in-a-frame skipped. || EVICTIONS: 0 resources destroyed and removed from the tables (R76 - a resolution change destroys every render target, and a stale entry is a copy from freed memory). RTV BINDS SEEN IN TOTAL: 0. THE RANK ABOVE IS NOW RENDER TARGET BINDS, NOT SRV CREATIONS. R25 ranked by SRVs created, got 6/5/3/3, and called it "a candidate, not an identification" - that flatness was the SIGNAL being wrong, not the game. An SRV creation count is a LIFETIME number; a velocity buffer is RENDERED INTO once per frame, and RTVBINDS is that. THE EXTENT TO MATCH IS THE DISPLAY EXTENT 2560x1440, not the render extent: the game's own DLSS telemetry says ColorExtentHeight=936 with MVExtentWidth=2560 MVExtentHeight=1440, so this title feeds HIGH-RESOLUTION motion vectors. A single candidate marked <-DISPLAY-EXTENT with RTVBINDS close to the frame count is the velocity buffer. RTV BINDS SEEN = 0 with candidates present means THIS EVENT did not see it, and says nothing whatever about the other two. R81 retracted the sentence that used to sit here - it named optical flow and NGX hooking as the routes left, before anyone had read the 
23:57:34:817 [19984] | INFO  | [MGPU Bridge] [MGPU][R82] ACQUISITION SIGNALS - three of them, one run. || RTV VIEW TABLE: 16 of 128 entries. THAT IS THE DENOMINATOR R80 COULD NOT SEE - a bind count of zero against an empty table means nothing at all. || OMSetRenderTargets: fired=0 rtvs=0 | matched via OUR TABLE=0 | matched via get_resource_from_view=0 || BeginRenderPass: fired=0 targets=0 matched=0 || Barrier: fired=1920152 resources=2608883 matched=91570, costing 6314 ns/frame || #0 2560x1440 rtv=0 rp=0 bar=3289(0x40->0x8) | #1 2560x1440 rtv=0 rp=0 bar=3289(0x8->0x40) | #2 1280x720 rtv=0 rp=0 bar=1(0xC0->0x4) | #3 1280x720 rtv=0 rp=0 bar=1(0xC0->0x4) | #4 1280x720 rtv=0 rp=0 bar=1(0xC0->0x4) | #5 1280x720 rtv=0 rp=0 bar=1(0xC0->0x4) | || HOW TO READ IT. via TABLE=0 while via get_resource_from_view is non-zero: the table was the whole bug and R76 through R81 were spent on a cache we never needed. BeginRenderPass fired while OMSetRenderTargets did not: this engine uses render passes and we were subscribed to the wrong event. Barrier matched with a per-frame count near the frame count: use THAT permanently - it needs no view, no table and no binding-path assumption, and 0x4->0xC0 (render_target -> shader_resource) is the moment AFTER the pass wrote, which is the correct moment to copy and is one the bind events cannot offer. NOTE THE STALENESS R78 DID NOT STATE: both bind events fire BEFORE the pass runs, so a copy taken there carries the PREVIOUS frame's vectors. All three silent with candidates present is the only reading that makes optical flow or NGX hooking the honest next step. Two of the barriers per frame on the published source are OURS.
23:57:35:267 [ 2816] | INFO  | [MGPU Bridge] [MGPU][SEAL] new f=4087 slot=0 gap=1 lat=98.20ms pitch=10240 fmt=24 bytes=14745600 bc=0(unimplemented) OK
23:57:37:014 [ 2816] | INFO  | [MGPU Bridge] [MGPU][SEAL] new f=4148 slot=1 gap=1 lat=97.49ms pitch=10240 fmt=24 bytes=14745600 bc=0(unimplemented) OK
23:57:37:832 [19984] | INFO  | [MGPU Bridge] [MGPU][P9.1] META SRC mvec lane: 18 candidate(s), 103 ns/frame over 10685 frames. R72: RANKED AND SORTED BY RTV BINDS - how often each is RENDERED INTO, which is a per-frame usage signal. srvs is kept alongside as the old created over the resource. THIS DOES NOT IDENTIFY MOTION VECTORS - nothing in ReShade says which one they are - it says whether an MVec-shaped resource is visible from a subscriber at all. An empty list with a non-zero examined count is the result that says the NGX hook has to be earned or abandoned. root-descriptor SRV pushes=0 (zero here with a non-zero SRV count above means this engine binds through descriptor TABLES and push_descriptors is blind in it - a fact about the engine, not a fault). | #0 2560x1440 R16G16_FLOAT srvs=1 RTVBINDS=0 (0.00/frame) <-DISPLAY-EXTENT | #1 2560x1440 R16G16_FLOAT srvs=1 RTVBINDS=0 (0.00/frame) <-DISPLAY-EXTENT | #2 1280x720 R16G16_FLOAT srvs=1 RTVBINDS=0 (0.00/frame) | #3 1280x720 R16G16_FLOAT srvs=1 RTVBINDS=0 (0.00/frame) | #4 1280x720 R16G16_FLOAT srvs=1 RTVBINDS=0 (0.00/frame) | #5 1280x720 R16G16_FLOAT srvs=1 RTVBINDS=0 (0.00/frame) | #6 1280x720 R16G16_FLOAT srvs=1 RTVBINDS=0 (0.00/frame) | #7 2560x1440 R16G16_FLOAT srvs=1 RTVBINDS=0 (0.00/frame) <-DISPLAY-EXTENT
23:57:37:833 [19984] | INFO  | [MGPU Bridge] [MGPU][R71] MVEC SIZES over ALL 18 candidate(s): 2560x1440 x13 | 1280x720 x5 | || TRANSPORT SOURCE res=0x1e3d54f3d60 (0 means not identified yet - it needs a display-extent candidate with render-target binds), handed to the transport 0 times, 0 second-binds-in-a-frame skipped. || EVICTIONS: 0 resources destroyed and removed from the tables (R76 - a resolution change destroys every render target, and a stale entry is a copy from freed memory). RTV BINDS SEEN IN TOTAL: 0. THE RANK ABOVE IS NOW RENDER TARGET BINDS, NOT SRV CREATIONS. R25 ranked by SRVs created, got 6/5/3/3, and called it "a candidate, not an identification" - that flatness was the SIGNAL being wrong, not the game. An SRV creation count is a LIFETIME number; a velocity buffer is RENDERED INTO once per frame, and RTVBINDS is that. THE EXTENT TO MATCH IS THE DISPLAY EXTENT 2560x1440, not the render extent: the game's own DLSS telemetry says ColorExtentHeight=936 with MVExtentWidth=2560 MVExtentHeight=1440, so this title feeds HIGH-RESOLUTION motion vectors. A single candidate marked <-DISPLAY-EXTENT with RTVBINDS close to the frame count is the velocity buffer. RTV BINDS SEEN = 0 with candidates present means THIS EVENT did not see it, and says nothing whatever about the other two. R81 retracted the sentence that used to sit here - it named optical flow and NGX hooking as the routes left, before anyone had read the 
23:57:37:833 [19984] | INFO  | [MGPU Bridge] [MGPU][R82] ACQUISITION SIGNALS - three of them, one run. || RTV VIEW TABLE: 16 of 128 entries. THAT IS THE DENOMINATOR R80 COULD NOT SEE - a bind count of zero against an empty table means nothing at all. || OMSetRenderTargets: fired=0 rtvs=0 | matched via OUR TABLE=0 | matched via get_resource_from_view=0 || BeginRenderPass: fired=0 targets=0 matched=0 || Barrier: fired=1973202 resources=2682096 matched=94405, costing 6427 ns/frame || #0 2560x1440 rtv=0 rp=0 bar=3394(0x8->0x40) | #1 2560x1440 rtv=0 rp=0 bar=3394(0x40->0x8) | #2 1280x720 rtv=0 rp=0 bar=1(0xC0->0x4) | #3 1280x720 rtv=0 rp=0 bar=1(0xC0->0x4) | #4 1280x720 rtv=0 rp=0 bar=1(0xC0->0x4) | #5 1280x720 rtv=0 rp=0 bar=1(0xC0->0x4) | || HOW TO READ IT. via TABLE=0 while via get_resource_from_view is non-zero: the table was the whole bug and R76 through R81 were spent on a cache we never needed. BeginRenderPass fired while OMSetRenderTargets did not: this engine uses render passes and we were subscribed to the wrong event. Barrier matched with a per-frame count near the frame count: use THAT permanently - it needs no view, no table and no binding-path assumption, and 0x4->0xC0 (render_target -> shader_resource) is the moment AFTER the pass wrote, which is the correct moment to copy and is one the bind events cannot offer. NOTE THE STALENESS R78 DID NOT STATE: both bind events fire BEFORE the pass runs, so a copy taken there carries the PREVIOUS frame's vectors. All three silent with candidates present is the only reading that makes optical flow or NGX hooking the honest next step. Two of the barriers per frame on the published source are OURS.
23:57:38:522 [ 2816] | INFO  | [MGPU Bridge] [MGPU][R63] DEPTH TRANSPORT f=4201 mode=1 (TRANSPORTED AND BOUND) | producer: valid=4204 invalid=0 size-rejected=0, arm held 0 frame(s) | consumer: seals seen valid=4110 invalid=0 contract mismatches=0 | region 2560x1440 fmt=41 pitch=10240 bytes=14745600 at slot offset 14746112 of 44237312. INVALID IS NOT AN ERROR: ReShade unbinds depth in menus and scene changes, and R61 established that shipping the zeros it leaves behind would hand the model a false flat plane. An invalid frame carries the colour and says so. WHAT WOULD BE AN ERROR is contract mismatches above zero, or valid staying at zero once you are in gameplay - that means the tap is not feeding us. 100.0% of sealed frames carried depth. | GPU 1: unpacked=3685 bound=3550 skipped=0, DepthInverted=1, flag disagreements=0 (the seal crossed the adapter and the slot flag did not, so any disagreement between them is real). BOUND vs SKIPPED IS THE R61 TEST: skipped counts frames where ReShade had no depth and the model was given NONE rather than the previous frame's - open a menu mid-stream and this must move.
23:57:38:522 [ 2816] | INFO  | [MGPU Bridge] [MGPU][R78] MVEC TRANSPORT f=4201 mode=3 REAL | producer: copies=3416 missing=788 size-rejected=0 lock-skipped=0, arm held 6448 frame(s) | consumer: seals seen valid=3413 invalid=697 contract mismatches=0 flag disagreements=0 | region 2560x1440 fmt=34 pitch=10240 bytes=14745600 at slot offset 29491712 of 44237312 | GPU 1: unpacked=3414 bound=3413 skipped=137, scale=(2560.000, 1440.000). 83.0% of sealed frames carried vectors. COPIES IS THE ONE TO WATCH: it counts frames where the bind hook fired and a copy was recorded. If it stays at zero the probe published a handle nobody binds, and MVec never reaches the model whatever the rest of this line says. SKIPPED IS NOT AN ERROR - it counts frames with no vectors, which is what a menu looks like, and those frames are handed NONE rather than the last frame's motion.
23:57:38:522 [ 2816] | INFO  | [MGPU Bridge] [MGPU][R87] MVEC FRAME ALIGNMENT f=4201 | evaluates=3550 | elapsed 1=3416 2=2 3=1 4=1 5=43 6=56 7=26 8+=5 | worst=9 | 96.23% at 1. A motion vector describes ONE game frame; NR reprojects by whatever it is handed. When the frame NR blends against is older than one, history lands SHORT by this factor - zero error at rest, growing with speed, and no constant MVecScale can fix it. The scale is multiplied by this per evaluate. IF THIS LINE IS FLAT AT 1 AND THE ARTEFACT IS UNCHANGED, PACING IS ELIMINATED and what remains is units or sign. P4.1's skipped-frame counter predicts about 99.5% at 1, so a materially lower figure here is a desync no counter has shown us.
23:57:38:748 [ 2816] | INFO  | [MGPU Bridge] [MGPU][SEAL] new f=4209 slot=2 gap=1 lat=96.98ms pitch=10240 fmt=24 bytes=14745600 bc=0(unimplemented) OK
23:57:40:427 [ 2816] | INFO  | [MGPU Bridge] [MGPU][T5] present loop alive: frame 13800 thread id 0xB00
23:57:40:663 [ 2816] | INFO  | [MGPU Bridge] [MGPU][SEAL] new f=4270 slot=3 gap=1 lat=111.89ms pitch=10240 fmt=24 bytes=14745600 bc=0(unimplemented) OK
23:57:40:856 [19984] | INFO  | [MGPU Bridge] [MGPU][P9.1] META SRC mvec lane: 18 candidate(s), 104 ns/frame over 10784 frames. R72: RANKED AND SORTED BY RTV BINDS - how often each is RENDERED INTO, which is a per-frame usage signal. srvs is kept alongside as the old created over the resource. THIS DOES NOT IDENTIFY MOTION VECTORS - nothing in ReShade says which one they are - it says whether an MVec-shaped resource is visible from a subscriber at all. An empty list with a non-zero examined count is the result that says the NGX hook has to be earned or abandoned. root-descriptor SRV pushes=0 (zero here with a non-zero SRV count above means this engine binds through descriptor TABLES and push_descriptors is blind in it - a fact about the engine, not a fault). | #0 2560x1440 R16G16_FLOAT srvs=1 RTVBINDS=0 (0.00/frame) <-DISPLAY-EXTENT | #1 2560x1440 R16G16_FLOAT srvs=1 RTVBINDS=0 (0.00/frame) <-DISPLAY-EXTENT | #2 1280x720 R16G16_FLOAT srvs=1 RTVBINDS=0 (0.00/frame) | #3 1280x720 R16G16_FLOAT srvs=1 RTVBINDS=0 (0.00/frame) | #4 1280x720 R16G16_FLOAT srvs=1 RTVBINDS=0 (0.00/frame) | #5 1280x720 R16G16_FLOAT srvs=1 RTVBINDS=0 (0.00/frame) | #6 1280x720 R16G16_FLOAT srvs=1 RTVBINDS=0 (0.00/frame) | #7 2560x1440 R16G16_FLOAT srvs=1 RTVBINDS=0 (0.00/frame) <-DISPLAY-EXTENT
23:57:40:857 [19984] | INFO  | [MGPU Bridge] [MGPU][R71] MVEC SIZES over ALL 18 candidate(s): 2560x1440 x13 | 1280x720 x5 | || TRANSPORT SOURCE res=0x1e3d54f3d60 (0 means not identified yet - it needs a display-extent candidate with render-target binds), handed to the transport 0 times, 0 second-binds-in-a-frame skipped. || EVICTIONS: 0 resources destroyed and removed from the tables (R76 - a resolution change destroys every render target, and a stale entry is a copy from freed memory). RTV BINDS SEEN IN TOTAL: 0. THE RANK ABOVE IS NOW RENDER TARGET BINDS, NOT SRV CREATIONS. R25 ranked by SRVs created, got 6/5/3/3, and called it "a candidate, not an identification" - that flatness was the SIGNAL being wrong, not the game. An SRV creation count is a LIFETIME number; a velocity buffer is RENDERED INTO once per frame, and RTVBINDS is that. THE EXTENT TO MATCH IS THE DISPLAY EXTENT 2560x1440, not the render extent: the game's own DLSS telemetry says ColorExtentHeight=936 with MVExtentWidth=2560 MVExtentHeight=1440, so this title feeds HIGH-RESOLUTION motion vectors. A single candidate marked <-DISPLAY-EXTENT with RTVBINDS close to the frame count is the velocity buffer. RTV BINDS SEEN = 0 with candidates present means THIS EVENT did not see it, and says nothing whatever about the other two. R81 retracted the sentence that used to sit here - it named optical flow and NGX hooking as the routes left, before anyone had read the 
23:57:40:857 [19984] | INFO  | [MGPU Bridge] [MGPU][R82] ACQUISITION SIGNALS - three of them, one run. || RTV VIEW TABLE: 16 of 128 entries. THAT IS THE DENOMINATOR R80 COULD NOT SEE - a bind count of zero against an empty table means nothing at all. || OMSetRenderTargets: fired=0 rtvs=0 | matched via OUR TABLE=0 | matched via get_resource_from_view=0 || BeginRenderPass: fired=0 targets=0 matched=0 || Barrier: fired=2023817 resources=2752170 matched=97090, costing 6532 ns/frame || #0 2560x1440 rtv=0 rp=0 bar=3493(0x40->0x8) | #1 2560x1440 rtv=0 rp=0 bar=3493(0x8->0x40) | #2 1280x720 rtv=0 rp=0 bar=1(0xC0->0x4) | #3 1280x720 rtv=0 rp=0 bar=1(0xC0->0x4) | #4 1280x720 rtv=0 rp=0 bar=1(0xC0->0x4) | #5 1280x720 rtv=0 rp=0 bar=1(0xC0->0x4) | || HOW TO READ IT. via TABLE=0 while via get_resource_from_view is non-zero: the table was the whole bug and R76 through R81 were spent on a cache we never needed. BeginRenderPass fired while OMSetRenderTargets did not: this engine uses render passes and we were subscribed to the wrong event. Barrier matched with a per-frame count near the frame count: use THAT permanently - it needs no view, no table and no binding-path assumption, and 0x4->0xC0 (render_target -> shader_resource) is the moment AFTER the pass wrote, which is the correct moment to copy and is one the bind events cannot offer. NOTE THE STALENESS R78 DID NOT STATE: both bind events fire BEFORE the pass runs, so a copy taken there carries the PREVIOUS frame's vectors. All three silent with candidates present is the only reading that makes optical flow or NGX hooking the honest next step. Two of the barriers per frame on the published source are OURS.
23:57:41:418 [19984] | INFO  | [MGPU Bridge] [MGPU][R101] CALIBRATOR mode=2 site=iat | slots=40 data-slots=0 modules=137 gpa-calls=307 | resolved=1 creates=1 sr-handle=known | evaluates=3509 captured=3509 | cost 862 ns/frame | eval-copies=3509 eval-skips=0. || THE GAME'S OWN TABLE: color=0x1e3d59313d0 depth=0x1e30be773c0 MVEC=0x1e3d43fa420 output=0x1e3d5593970 | MVecScale 2560.0000,1440.0000 | jitter 0.0000,-0.1667 | Reset=0 | CreateFlags=0x3 -> DepthInverted=0 MVLowRes=1 MVJittered=0 IsHDR=1 AutoExposure=0 | quality=5 | render 2560x1440 -> display 2560x1440 | dynamic 0x0..0x0 | subrect 2560x1440 at color(0,0) depth(0,0) MV(0,0) out(0,0) | have=0xfff. || HOW TO READ IT. resolved=0 with evaluates=0 means no module asked for the entry point after we installed - either the title does not use DLSS, or it resolved before the addon loaded; the barrier path is untouched either way and is still what drives. sr-handle=UNFILTERED means we were not present for CreateFeature, so the table may be from frame generation rather than super sampling - check that render/display extents look like a supersampling pair before trusting it. MVEC here is the GAME'S answer to the question every round from R70 to R100 tried to infer; if it does not equal the handle the barrier probe armed on Dragon Sword, the probe was wrong on a title we believed, and THAT is the finding. have=0 bits name the keys this producer does not populate - Streamline and the raw SDK do not set the same subset, and the difference is a fact about the route, not a bug. MVLowRes IS DEFERRED OPTION 11 ANSWERED: 1 means the game's motion vectors are at RENDER resolution, 0 means display resolution, and we have been inferring that from buffer sizes since R83. Read it together with MVecScale - a low-res field with a display-sized scale is the shape that makes reprojection look almost right.
23:57:42:793 [ 2816] | INFO  | [MGPU Bridge] [MGPU][SEAL] new f=4331 slot=4 gap=1 lat=118.87ms pitch=10240 fmt=24 bytes=14745600 bc=0(unimplemented) OK
23:57:43:861 [19984] | INFO  | [MGPU Bridge] [MGPU][P9.1] META SRC mvec lane: 18 candidate(s), 105 ns/frame over 10869 frames. R72: RANKED AND SORTED BY RTV BINDS - how often each is RENDERED INTO, which is a per-frame usage signal. srvs is kept alongside as the old created over the resource. THIS DOES NOT IDENTIFY MOTION VECTORS - nothing in ReShade says which one they are - it says whether an MVec-shaped resource is visible from a subscriber at all. An empty list with a non-zero examined count is the result that says the NGX hook has to be earned or abandoned. root-descriptor SRV pushes=0 (zero here with a non-zero SRV count above means this engine binds through descriptor TABLES and push_descriptors is blind in it - a fact about the engine, not a fault). | #0 2560x1440 R16G16_FLOAT srvs=1 RTVBINDS=0 (0.00/frame) <-DISPLAY-EXTENT | #1 2560x1440 R16G16_FLOAT srvs=1 RTVBINDS=0 (0.00/frame) <-DISPLAY-EXTENT | #2 1280x720 R16G16_FLOAT srvs=1 RTVBINDS=0 (0.00/frame) | #3 1280x720 R16G16_FLOAT srvs=1 RTVBINDS=0 (0.00/frame) | #4 1280x720 R16G16_FLOAT srvs=1 RTVBINDS=0 (0.00/frame) | #5 1280x720 R16G16_FLOAT srvs=1 RTVBINDS=0 (0.00/frame) | #6 1280x720 R16G16_FLOAT srvs=1 RTVBINDS=0 (0.00/frame) | #7 2560x1440 R16G16_FLOAT srvs=1 RTVBINDS=0 (0.00/frame) <-DISPLAY-EXTENT
23:57:43:862 [19984] | INFO  | [MGPU Bridge] [MGPU][R71] MVEC SIZES over ALL 18 candidate(s): 2560x1440 x13 | 1280x720 x5 | || TRANSPORT SOURCE res=0x1e3d54f3d60 (0 means not identified yet - it needs a display-extent candidate with render-target binds), handed to the transport 0 times, 0 second-binds-in-a-frame skipped. || EVICTIONS: 0 resources destroyed and removed from the tables (R76 - a resolution change destroys every render target, and a stale entry is a copy from freed memory). RTV BINDS SEEN IN TOTAL: 0. THE RANK ABOVE IS NOW RENDER TARGET BINDS, NOT SRV CREATIONS. R25 ranked by SRVs created, got 6/5/3/3, and called it "a candidate, not an identification" - that flatness was the SIGNAL being wrong, not the game. An SRV creation count is a LIFETIME number; a velocity buffer is RENDERED INTO once per frame, and RTVBINDS is that. THE EXTENT TO MATCH IS THE DISPLAY EXTENT 2560x1440, not the render extent: the game's own DLSS telemetry says ColorExtentHeight=936 with MVExtentWidth=2560 MVExtentHeight=1440, so this title feeds HIGH-RESOLUTION motion vectors. A single candidate marked <-DISPLAY-EXTENT with RTVBINDS close to the frame count is the velocity buffer. RTV BINDS SEEN = 0 with candidates present means THIS EVENT did not see it, and says nothing whatever about the other two. R81 retracted the sentence that used to sit here - it named optical flow and NGX hooking as the routes left, before anyone had read the 
23:57:43:862 [19984] | INFO  | [MGPU Bridge] [MGPU][R82] ACQUISITION SIGNALS - three of them, one run. || RTV VIEW TABLE: 16 of 128 entries. THAT IS THE DENOMINATOR R80 COULD NOT SEE - a bind count of zero against an empty table means nothing at all. || OMSetRenderTargets: fired=0 rtvs=0 | matched via OUR TABLE=0 | matched via get_resource_from_view=0 || BeginRenderPass: fired=0 targets=0 matched=0 || Barrier: fired=2069312 resources=2814846 matched=99415, costing 6628 ns/frame || #0 2560x1440 rtv=0 rp=0 bar=3578(0x8->0x40) | #1 2560x1440 rtv=0 rp=0 bar=3578(0x40->0x8) | #2 1280x720 rtv=0 rp=0 bar=1(0xC0->0x4) | #3 1280x720 rtv=0 rp=0 bar=1(0xC0->0x4) | #4 1280x720 rtv=0 rp=0 bar=1(0xC0->0x4) | #5 1280x720 rtv=0 rp=0 bar=1(0xC0->0x4) | || HOW TO READ IT. via TABLE=0 while via get_resource_from_view is non-zero: the table was the whole bug and R76 through R81 were spent on a cache we never needed. BeginRenderPass fired while OMSetRenderTargets did not: this engine uses render passes and we were subscribed to the wrong event. Barrier matched with a per-frame count near the frame count: use THAT permanently - it needs no view, no table and no binding-path assumption, and 0x4->0xC0 (render_target -> shader_resource) is the moment AFTER the pass wrote, which is the correct moment to copy and is one the bind events cannot offer. NOTE THE STALENESS R78 DID NOT STATE: both bind events fire BEFORE the pass runs, so a copy taken there carries the PREVIOUS frame's vectors. All three silent with candidates present is the only reading that makes optical flow or NGX hooking the honest next step. Two of the barriers per frame on the published source are OURS.
23:57:44:924 [ 2816] | INFO  | [MGPU Bridge] [MGPU][SEAL] new f=4392 slot=5 gap=1 lat=111.45ms pitch=10240 fmt=24 bytes=14745600 bc=0(unimplemented) OK
23:57:46:864 [19984] | INFO  | [MGPU Bridge] [MGPU][P9.1] META SRC mvec lane: 18 candidate(s), 107 ns/frame over 10958 frames. R72: RANKED AND SORTED BY RTV BINDS - how often each is RENDERED INTO, which is a per-frame usage signal. srvs is kept alongside as the old created over the resource. THIS DOES NOT IDENTIFY MOTION VECTORS - nothing in ReShade says which one they are - it says whether an MVec-shaped resource is visible from a subscriber at all. An empty list with a non-zero examined count is the result that says the NGX hook has to be earned or abandoned. root-descriptor SRV pushes=0 (zero here with a non-zero SRV count above means this engine binds through descriptor TABLES and push_descriptors is blind in it - a fact about the engine, not a fault). | #0 2560x1440 R16G16_FLOAT srvs=1 RTVBINDS=0 (0.00/frame) <-DISPLAY-EXTENT | #1 2560x1440 R16G16_FLOAT srvs=1 RTVBINDS=0 (0.00/frame) <-DISPLAY-EXTENT | #2 1280x720 R16G16_FLOAT srvs=1 RTVBINDS=0 (0.00/frame) | #3 1280x720 R16G16_FLOAT srvs=1 RTVBINDS=0 (0.00/frame) | #4 1280x720 R16G16_FLOAT srvs=1 RTVBINDS=0 (0.00/frame) | #5 1280x720 R16G16_FLOAT srvs=1 RTVBINDS=0 (0.00/frame) | #6 1280x720 R16G16_FLOAT srvs=1 RTVBINDS=0 (0.00/frame) | #7 2560x1440 R16G16_FLOAT srvs=1 RTVBINDS=0 (0.00/frame) <-DISPLAY-EXTENT
23:57:46:865 [19984] | INFO  | [MGPU Bridge] [MGPU][R71] MVEC SIZES over ALL 18 candidate(s): 2560x1440 x13 | 1280x720 x5 | || TRANSPORT SOURCE res=0x1e3d54f3d60 (0 means not identified yet - it needs a display-extent candidate with render-target binds), handed to the transport 0 times, 0 second-binds-in-a-frame skipped. || EVICTIONS: 0 resources destroyed and removed from the tables (R76 - a resolution change destroys every render target, and a stale entry is a copy from freed memory). RTV BINDS SEEN IN TOTAL: 0. THE RANK ABOVE IS NOW RENDER TARGET BINDS, NOT SRV CREATIONS. R25 ranked by SRVs created, got 6/5/3/3, and called it "a candidate, not an identification" - that flatness was the SIGNAL being wrong, not the game. An SRV creation count is a LIFETIME number; a velocity buffer is RENDERED INTO once per frame, and RTVBINDS is that. THE EXTENT TO MATCH IS THE DISPLAY EXTENT 2560x1440, not the render extent: the game's own DLSS telemetry says ColorExtentHeight=936 with MVExtentWidth=2560 MVExtentHeight=1440, so this title feeds HIGH-RESOLUTION motion vectors. A single candidate marked <-DISPLAY-EXTENT with RTVBINDS close to the frame count is the velocity buffer. RTV BINDS SEEN = 0 with candidates present means THIS EVENT did not see it, and says nothing whatever about the other two. R81 retracted the sentence that used to sit here - it named optical flow and NGX hooking as the routes left, before anyone had read the 
23:57:46:865 [19984] | INFO  | [MGPU Bridge] [MGPU][R82] ACQUISITION SIGNALS - three of them, one run. || RTV VIEW TABLE: 16 of 128 entries. THAT IS THE DENOMINATOR R80 COULD NOT SEE - a bind count of zero against an empty table means nothing at all. || OMSetRenderTargets: fired=0 rtvs=0 | matched via OUR TABLE=0 | matched via get_resource_from_view=0 || BeginRenderPass: fired=0 targets=0 matched=0 || Barrier: fired=2118345 resources=2882104 matched=101980, costing 6732 ns/frame || #0 2560x1440 rtv=0 rp=0 bar=3667(0x40->0x8) | #1 2560x1440 rtv=0 rp=0 bar=3667(0x8->0x40) | #2 1280x720 rtv=0 rp=0 bar=1(0xC0->0x4) | #3 1280x720 rtv=0 rp=0 bar=1(0xC0->0x4) | #4 1280x720 rtv=0 rp=0 bar=1(0xC0->0x4) | #5 1280x720 rtv=0 rp=0 bar=1(0xC0->0x4) | || HOW TO READ IT. via TABLE=0 while via get_resource_from_view is non-zero: the table was the whole bug and R76 through R81 were spent on a cache we never needed. BeginRenderPass fired while OMSetRenderTargets did not: this engine uses render passes and we were subscribed to the wrong event. Barrier matched with a per-frame count near the frame count: use THAT permanently - it needs no view, no table and no binding-path assumption, and 0x4->0xC0 (render_target -> shader_resource) is the moment AFTER the pass wrote, which is the correct moment to copy and is one the bind events cannot offer. NOTE THE STALENESS R78 DID NOT STATE: both bind events fire BEFORE the pass runs, so a copy taken there carries the PREVIOUS frame's vectors. All three silent with candidates present is the only reading that makes optical flow or NGX hooking the honest next step. Two of the barriers per frame on the published source are OURS.
23:57:46:981 [ 2816] | INFO  | [MGPU Bridge] [MGPU][SEAL] new f=4453 slot=0 gap=1 lat=115.68ms pitch=10240 fmt=24 bytes=14745600 bc=0(unimplemented) OK
23:57:48:665 [ 2816] | INFO  | [MGPU Bridge] [MGPU][R63] DEPTH TRANSPORT f=4501 mode=1 (TRANSPORTED AND BOUND) | producer: valid=4504 invalid=0 size-rejected=0, arm held 0 frame(s) | consumer: seals seen valid=4410 invalid=0 contract mismatches=0 | region 2560x1440 fmt=41 pitch=10240 bytes=14745600 at slot offset 14746112 of 44237312. INVALID IS NOT AN ERROR: ReShade unbinds depth in menus and scene changes, and R61 established that shipping the zeros it leaves behind would hand the model a false flat plane. An invalid frame carries the colour and says so. WHAT WOULD BE AN ERROR is contract mismatches above zero, or valid staying at zero once you are in gameplay - that means the tap is not feeding us. 100.0% of sealed frames carried depth. | GPU 1: unpacked=3985 bound=3850 skipped=0, DepthInverted=1, flag disagreements=0 (the seal crossed the adapter and the slot flag did not, so any disagreement between them is real). BOUND vs SKIPPED IS THE R61 TEST: skipped counts frames where ReShade had no depth and the model was given NONE rather than the previous frame's - open a menu mid-stream and this must move.
23:57:48:665 [ 2816] | INFO  | [MGPU Bridge] [MGPU][R78] MVEC TRANSPORT f=4501 mode=3 REAL | producer: copies=3716 missing=788 size-rejected=0 lock-skipped=0, arm held 6448 frame(s) | consumer: seals seen valid=3713 invalid=697 contract mismatches=0 flag disagreements=0 | region 2560x1440 fmt=34 pitch=10240 bytes=14745600 at slot offset 29491712 of 44237312 | GPU 1: unpacked=3714 bound=3713 skipped=137, scale=(2560.000, 1440.000). 84.2% of sealed frames carried vectors. COPIES IS THE ONE TO WATCH: it counts frames where the bind hook fired and a copy was recorded. If it stays at zero the probe published a handle nobody binds, and MVec never reaches the model whatever the rest of this line says. SKIPPED IS NOT AN ERROR - it counts frames with no vectors, which is what a menu looks like, and those frames are handed NONE rather than the last frame's motion.
23:57:48:665 [ 2816] | INFO  | [MGPU Bridge] [MGPU][R87] MVEC FRAME ALIGNMENT f=4501 | evaluates=3850 | elapsed 1=3716 2=2 3=1 4=1 5=43 6=56 7=26 8+=5 | worst=9 | 96.52% at 1. A motion vector describes ONE game frame; NR reprojects by whatever it is handed. When the frame NR blends against is older than one, history lands SHORT by this factor - zero error at rest, growing with speed, and no constant MVecScale can fix it. The scale is multiplied by this per evaluate. IF THIS LINE IS FLAT AT 1 AND THE ARTEFACT IS UNCHANGED, PACING IS ELIMINATED and what remains is units or sign. P4.1's skipped-frame counter predicts about 99.5% at 1, so a materially lower figure here is a desync no counter has shown us.
23:57:49:114 [ 2816] | INFO  | [MGPU Bridge] [MGPU][SEAL] new f=4514 slot=1 gap=1 lat=114.72ms pitch=10240 fmt=24 bytes=14745600 bc=0(unimplemented) OK
23:57:49:880 [19984] | INFO  | [MGPU Bridge] [MGPU][P9.1] META SRC mvec lane: 18 candidate(s), 114 ns/frame over 11044 frames. R72: RANKED AND SORTED BY RTV BINDS - how often each is RENDERED INTO, which is a per-frame usage signal. srvs is kept alongside as the old created over the resource. THIS DOES NOT IDENTIFY MOTION VECTORS - nothing in ReShade says which one they are - it says whether an MVec-shaped resource is visible from a subscriber at all. An empty list with a non-zero examined count is the result that says the NGX hook has to be earned or abandoned. root-descriptor SRV pushes=0 (zero here with a non-zero SRV count above means this engine binds through descriptor TABLES and push_descriptors is blind in it - a fact about the engine, not a fault). | #0 2560x1440 R16G16_FLOAT srvs=1 RTVBINDS=0 (0.00/frame) <-DISPLAY-EXTENT | #1 2560x1440 R16G16_FLOAT srvs=1 RTVBINDS=0 (0.00/frame) <-DISPLAY-EXTENT | #2 1280x720 R16G16_FLOAT srvs=1 RTVBINDS=0 (0.00/frame) | #3 1280x720 R16G16_FLOAT srvs=1 RTVBINDS=0 (0.00/frame) | #4 1280x720 R16G16_FLOAT srvs=1 RTVBINDS=0 (0.00/frame) | #5 1280x720 R16G16_FLOAT srvs=1 RTVBINDS=0 (0.00/frame) | #6 1280x720 R16G16_FLOAT srvs=1 RTVBINDS=0 (0.00/frame) | #7 2560x1440 R16G16_FLOAT srvs=1 RTVBINDS=0 (0.00/frame) <-DISPLAY-EXTENT
23:57:49:881 [19984] | INFO  | [MGPU Bridge] [MGPU][R71] MVEC SIZES over ALL 18 candidate(s): 2560x1440 x13 | 1280x720 x5 | || TRANSPORT SOURCE res=0x1e3d54f3d60 (0 means not identified yet - it needs a display-extent candidate with render-target binds), handed to the transport 0 times, 0 second-binds-in-a-frame skipped. || EVICTIONS: 0 resources destroyed and removed from the tables (R76 - a resolution change destroys every render target, and a stale entry is a copy from freed memory). RTV BINDS SEEN IN TOTAL: 0. THE RANK ABOVE IS NOW RENDER TARGET BINDS, NOT SRV CREATIONS. R25 ranked by SRVs created, got 6/5/3/3, and called it "a candidate, not an identification" - that flatness was the SIGNAL being wrong, not the game. An SRV creation count is a LIFETIME number; a velocity buffer is RENDERED INTO once per frame, and RTVBINDS is that. THE EXTENT TO MATCH IS THE DISPLAY EXTENT 2560x1440, not the render extent: the game's own DLSS telemetry says ColorExtentHeight=936 with MVExtentWidth=2560 MVExtentHeight=1440, so this title feeds HIGH-RESOLUTION motion vectors. A single candidate marked <-DISPLAY-EXTENT with RTVBINDS close to the frame count is the velocity buffer. RTV BINDS SEEN = 0 with candidates present means THIS EVENT did not see it, and says nothing whatever about the other two. R81 retracted the sentence that used to sit here - it named optical flow and NGX hooking as the routes left, before anyone had read the 
23:57:49:881 [19984] | INFO  | [MGPU Bridge] [MGPU][R82] ACQUISITION SIGNALS - three of them, one run. || RTV VIEW TABLE: 16 of 128 entries. THAT IS THE DENOMINATOR R80 COULD NOT SEE - a bind count of zero against an empty table means nothing at all. || OMSetRenderTargets: fired=0 rtvs=0 | matched via OUR TABLE=0 | matched via get_resource_from_view=0 || BeginRenderPass: fired=0 targets=0 matched=0 || Barrier: fired=2169711 resources=2950928 matched=104302, costing 6839 ns/frame || #0 2560x1440 rtv=0 rp=0 bar=3753(0x40->0x8) | #1 2560x1440 rtv=0 rp=0 bar=3753(0x8->0x40) | #2 1280x720 rtv=0 rp=0 bar=1(0xC0->0x4) | #3 1280x720 rtv=0 rp=0 bar=1(0xC0->0x4) | #4 1280x720 rtv=0 rp=0 bar=1(0xC0->0x4) | #5 1280x720 rtv=0 rp=0 bar=1(0xC0->0x4) | || HOW TO READ IT. via TABLE=0 while via get_resource_from_view is non-zero: the table was the whole bug and R76 through R81 were spent on a cache we never needed. BeginRenderPass fired while OMSetRenderTargets did not: this engine uses render passes and we were subscribed to the wrong event. Barrier matched with a per-frame count near the frame count: use THAT permanently - it needs no view, no table and no binding-path assumption, and 0x4->0xC0 (render_target -> shader_resource) is the moment AFTER the pass wrote, which is the correct moment to copy and is one the bind events cannot offer. NOTE THE STALENESS R78 DID NOT STATE: both bind events fire BEFORE the pass runs, so a copy taken there carries the PREVIOUS frame's vectors. All three silent with candidates present is the only reading that makes optical flow or NGX hooking the honest next step. Two of the barriers per frame on the published source are OURS.
23:57:51:265 [ 2816] | INFO  | [MGPU Bridge] [MGPU][SEAL] new f=4575 slot=2 gap=1 lat=115.84ms pitch=10240 fmt=24 bytes=14745600 bc=0(unimplemented) OK
23:57:51:854 [19984] | INFO  | [MGPU Bridge] [MGPU][R101] CALIBRATOR mode=2 site=iat | slots=40 data-slots=0 modules=137 gpa-calls=308 | resolved=1 creates=1 sr-handle=known | evaluates=3809 captured=3809 | cost 917 ns/frame | eval-copies=3809 eval-skips=0. || THE GAME'S OWN TABLE: color=0x1e3d59313d0 depth=0x1e30be773c0 MVEC=0x1e3d43fa420 output=0x1e3d5593970 | MVecScale 2560.0000,1440.0000 | jitter 0.1250,0.2778 | Reset=0 | CreateFlags=0x3 -> DepthInverted=0 MVLowRes=1 MVJittered=0 IsHDR=1 AutoExposure=0 | quality=5 | render 2560x1440 -> display 2560x1440 | dynamic 0x0..0x0 | subrect 2560x1440 at color(0,0) depth(0,0) MV(0,0) out(0,0) | have=0xfff. || HOW TO READ IT. resolved=0 with evaluates=0 means no module asked for the entry point after we installed - either the title does not use DLSS, or it resolved before the addon loaded; the barrier path is untouched either way and is still what drives. sr-handle=UNFILTERED means we were not present for CreateFeature, so the table may be from frame generation rather than super sampling - check that render/display extents look like a supersampling pair before trusting it. MVEC here is the GAME'S answer to the question every round from R70 to R100 tried to infer; if it does not equal the handle the barrier probe armed on Dragon Sword, the probe was wrong on a title we believed, and THAT is the finding. have=0 bits name the keys this producer does not populate - Streamline and the raw SDK do not set the same subset, and the difference is a fact about the route, not a bug. MVLowRes IS DEFERRED OPTION 11 ANSWERED: 1 means the game's motion vectors are at RENDER resolution, 0 means display resolution, and we have been inferring that from buffer sizes since R83. Read it together with MVecScale - a low-res field with a display-sized scale is the shape that makes reprojection look almost right.
23:57:52:898 [19984] | INFO  | [MGPU Bridge] [MGPU][P9.1] META SRC mvec lane: 18 candidate(s), 120 ns/frame over 11130 frames. R72: RANKED AND SORTED BY RTV BINDS - how often each is RENDERED INTO, which is a per-frame usage signal. srvs is kept alongside as the old created over the resource. THIS DOES NOT IDENTIFY MOTION VECTORS - nothing in ReShade says which one they are - it says whether an MVec-shaped resource is visible from a subscriber at all. An empty list with a non-zero examined count is the result that says the NGX hook has to be earned or abandoned. root-descriptor SRV pushes=0 (zero here with a non-zero SRV count above means this engine binds through descriptor TABLES and push_descriptors is blind in it - a fact about the engine, not a fault). | #0 2560x1440 R16G16_FLOAT srvs=1 RTVBINDS=0 (0.00/frame) <-DISPLAY-EXTENT | #1 2560x1440 R16G16_FLOAT srvs=1 RTVBINDS=0 (0.00/frame) <-DISPLAY-EXTENT | #2 1280x720 R16G16_FLOAT srvs=1 RTVBINDS=0 (0.00/frame) | #3 1280x720 R16G16_FLOAT srvs=1 RTVBINDS=0 (0.00/frame) | #4 1280x720 R16G16_FLOAT srvs=1 RTVBINDS=0 (0.00/frame) | #5 1280x720 R16G16_FLOAT srvs=1 RTVBINDS=0 (0.00/frame) | #6 1280x720 R16G16_FLOAT srvs=1 RTVBINDS=0 (0.00/frame) | #7 2560x1440 R16G16_FLOAT srvs=1 RTVBINDS=0 (0.00/frame) <-DISPLAY-EXTENT
23:57:52:899 [19984] | INFO  | [MGPU Bridge] [MGPU][R71] MVEC SIZES over ALL 18 candidate(s): 2560x1440 x13 | 1280x720 x5 | || TRANSPORT SOURCE res=0x1e3d54f3d60 (0 means not identified yet - it needs a display-extent candidate with render-target binds), handed to the transport 0 times, 0 second-binds-in-a-frame skipped. || EVICTIONS: 0 resources destroyed and removed from the tables (R76 - a resolution change destroys every render target, and a stale entry is a copy from freed memory). RTV BINDS SEEN IN TOTAL: 0. THE RANK ABOVE IS NOW RENDER TARGET BINDS, NOT SRV CREATIONS. R25 ranked by SRVs created, got 6/5/3/3, and called it "a candidate, not an identification" - that flatness was the SIGNAL being wrong, not the game. An SRV creation count is a LIFETIME number; a velocity buffer is RENDERED INTO once per frame, and RTVBINDS is that. THE EXTENT TO MATCH IS THE DISPLAY EXTENT 2560x1440, not the render extent: the game's own DLSS telemetry says ColorExtentHeight=936 with MVExtentWidth=2560 MVExtentHeight=1440, so this title feeds HIGH-RESOLUTION motion vectors. A single candidate marked <-DISPLAY-EXTENT with RTVBINDS close to the frame count is the velocity buffer. RTV BINDS SEEN = 0 with candidates present means THIS EVENT did not see it, and says nothing whatever about the other two. R81 retracted the sentence that used to sit here - it named optical flow and NGX hooking as the routes left, before anyone had read the 
23:57:52:899 [19984] | INFO  | [MGPU Bridge] [MGPU][R82] ACQUISITION SIGNALS - three of them, one run. || RTV VIEW TABLE: 16 of 128 entries. THAT IS THE DENOMINATOR R80 COULD NOT SEE - a bind count of zero against an empty table means nothing at all. || OMSetRenderTargets: fired=0 rtvs=0 | matched via OUR TABLE=0 | matched via get_resource_from_view=0 || BeginRenderPass: fired=0 targets=0 matched=0 || Barrier: fired=2223054 resources=3021899 matched=106624, costing 6960 ns/frame || #0 2560x1440 rtv=0 rp=0 bar=3839(0x40->0x8) | #1 2560x1440 rtv=0 rp=0 bar=3839(0x8->0x40) | #2 1280x720 rtv=0 rp=0 bar=1(0xC0->0x4) | #3 1280x720 rtv=0 rp=0 bar=1(0xC0->0x4) | #4 1280x720 rtv=0 rp=0 bar=1(0xC0->0x4) | #5 1280x720 rtv=0 rp=0 bar=1(0xC0->0x4) | || HOW TO READ IT. via TABLE=0 while via get_resource_from_view is non-zero: the table was the whole bug and R76 through R81 were spent on a cache we never needed. BeginRenderPass fired while OMSetRenderTargets did not: this engine uses render passes and we were subscribed to the wrong event. Barrier matched with a per-frame count near the frame count: use THAT permanently - it needs no view, no table and no binding-path assumption, and 0x4->0xC0 (render_target -> shader_resource) is the moment AFTER the pass wrote, which is the correct moment to copy and is one the bind events cannot offer. NOTE THE STALENESS R78 DID NOT STATE: both bind events fire BEFORE the pass runs, so a copy taken there carries the PREVIOUS frame's vectors. All three silent with candidates present is the only reading that makes optical flow or NGX hooking the honest next step. Two of the barriers per frame on the published source are OURS.
23:57:53:399 [ 2816] | INFO  | [MGPU Bridge] [MGPU][SEAL] new f=4636 slot=3 gap=1 lat=115.32ms pitch=10240 fmt=24 bytes=14745600 bc=0(unimplemented) OK
23:57:55:528 [ 2816] | INFO  | [MGPU Bridge] [MGPU][SEAL] new f=4697 slot=4 gap=1 lat=114.71ms pitch=10240 fmt=24 bytes=14745600 bc=0(unimplemented) OK
23:57:55:933 [19984] | INFO  | [MGPU Bridge] [MGPU][P9.1] META SRC mvec lane: 18 candidate(s), 124 ns/frame over 11217 frames. R72: RANKED AND SORTED BY RTV BINDS - how often each is RENDERED INTO, which is a per-frame usage signal. srvs is kept alongside as the old created over the resource. THIS DOES NOT IDENTIFY MOTION VECTORS - nothing in ReShade says which one they are - it says whether an MVec-shaped resource is visible from a subscriber at all. An empty list with a non-zero examined count is the result that says the NGX hook has to be earned or abandoned. root-descriptor SRV pushes=0 (zero here with a non-zero SRV count above means this engine binds through descriptor TABLES and push_descriptors is blind in it - a fact about the engine, not a fault). | #0 2560x1440 R16G16_FLOAT srvs=1 RTVBINDS=0 (0.00/frame) <-DISPLAY-EXTENT | #1 2560x1440 R16G16_FLOAT srvs=1 RTVBINDS=0 (0.00/frame) <-DISPLAY-EXTENT | #2 1280x720 R16G16_FLOAT srvs=1 RTVBINDS=0 (0.00/frame) | #3 1280x720 R16G16_FLOAT srvs=1 RTVBINDS=0 (0.00/frame) | #4 1280x720 R16G16_FLOAT srvs=1 RTVBINDS=0 (0.00/frame) | #5 1280x720 R16G16_FLOAT srvs=1 RTVBINDS=0 (0.00/frame) | #6 1280x720 R16G16_FLOAT srvs=1 RTVBINDS=0 (0.00/frame) | #7 2560x1440 R16G16_FLOAT srvs=1 RTVBINDS=0 (0.00/frame) <-DISPLAY-EXTENT
23:57:55:934 [19984] | INFO  | [MGPU Bridge] [MGPU][R71] MVEC SIZES over ALL 18 candidate(s): 2560x1440 x13 | 1280x720 x5 | || TRANSPORT SOURCE res=0x1e3d54f3d60 (0 means not identified yet - it needs a display-extent candidate with render-target binds), handed to the transport 0 times, 0 second-binds-in-a-frame skipped. || EVICTIONS: 0 resources destroyed and removed from the tables (R76 - a resolution change destroys every render target, and a stale entry is a copy from freed memory). RTV BINDS SEEN IN TOTAL: 0. THE RANK ABOVE IS NOW RENDER TARGET BINDS, NOT SRV CREATIONS. R25 ranked by SRVs created, got 6/5/3/3, and called it "a candidate, not an identification" - that flatness was the SIGNAL being wrong, not the game. An SRV creation count is a LIFETIME number; a velocity buffer is RENDERED INTO once per frame, and RTVBINDS is that. THE EXTENT TO MATCH IS THE DISPLAY EXTENT 2560x1440, not the render extent: the game's own DLSS telemetry says ColorExtentHeight=936 with MVExtentWidth=2560 MVExtentHeight=1440, so this title feeds HIGH-RESOLUTION motion vectors. A single candidate marked <-DISPLAY-EXTENT with RTVBINDS close to the frame count is the velocity buffer. RTV BINDS SEEN = 0 with candidates present means THIS EVENT did not see it, and says nothing whatever about the other two. R81 retracted the sentence that used to sit here - it named optical flow and NGX hooking as the routes left, before anyone had read the 
23:57:55:934 [19984] | INFO  | [MGPU Bridge] [MGPU][R82] ACQUISITION SIGNALS - three of them, one run. || RTV VIEW TABLE: 16 of 128 entries. THAT IS THE DENOMINATOR R80 COULD NOT SEE - a bind count of zero against an empty table means nothing at all. || OMSetRenderTargets: fired=0 rtvs=0 | matched via OUR TABLE=0 | matched via get_resource_from_view=0 || BeginRenderPass: fired=0 targets=0 matched=0 || Barrier: fired=2272434 resources=3089114 matched=108973, costing 7060 ns/frame || #0 2560x1440 rtv=0 rp=0 bar=3926(0x8->0x40) | #1 2560x1440 rtv=0 rp=0 bar=3926(0x40->0x8) | #2 1280x720 rtv=0 rp=0 bar=1(0xC0->0x4) | #3 1280x720 rtv=0 rp=0 bar=1(0xC0->0x4) | #4 1280x720 rtv=0 rp=0 bar=1(0xC0->0x4) | #5 1280x720 rtv=0 rp=0 bar=1(0xC0->0x4) | || HOW TO READ IT. via TABLE=0 while via get_resource_from_view is non-zero: the table was the whole bug and R76 through R81 were spent on a cache we never needed. BeginRenderPass fired while OMSetRenderTargets did not: this engine uses render passes and we were subscribed to the wrong event. Barrier matched with a per-frame count near the frame count: use THAT permanently - it needs no view, no table and no binding-path assumption, and 0x4->0xC0 (render_target -> shader_resource) is the moment AFTER the pass wrote, which is the correct moment to copy and is one the bind events cannot offer. NOTE THE STALENESS R78 DID NOT STATE: both bind events fire BEFORE the pass runs, so a copy taken there carries the PREVIOUS frame's vectors. All three silent with candidates present is the only reading that makes optical flow or NGX hooking the honest next step. Two of the barriers per frame on the published source are OURS.
23:57:57:639 [ 2816] | INFO  | [MGPU Bridge] [MGPU][SEAL] new f=4758 slot=5 gap=1 lat=115.11ms pitch=10240 fmt=24 bytes=14745600 bc=0(unimplemented) OK
23:57:58:943 [19984] | INFO  | [MGPU Bridge] [MGPU][P9.1] META SRC mvec lane: 18 candidate(s), 125 ns/frame over 11304 frames. R72: RANKED AND SORTED BY RTV BINDS - how often each is RENDERED INTO, which is a per-frame usage signal. srvs is kept alongside as the old created over the resource. THIS DOES NOT IDENTIFY MOTION VECTORS - nothing in ReShade says which one they are - it says whether an MVec-shaped resource is visible from a subscriber at all. An empty list with a non-zero examined count is the result that says the NGX hook has to be earned or abandoned. root-descriptor SRV pushes=0 (zero here with a non-zero SRV count above means this engine binds through descriptor TABLES and push_descriptors is blind in it - a fact about the engine, not a fault). | #0 2560x1440 R16G16_FLOAT srvs=1 RTVBINDS=0 (0.00/frame) <-DISPLAY-EXTENT | #1 2560x1440 R16G16_FLOAT srvs=1 RTVBINDS=0 (0.00/frame) <-DISPLAY-EXTENT | #2 1280x720 R16G16_FLOAT srvs=1 RTVBINDS=0 (0.00/frame) | #3 1280x720 R16G16_FLOAT srvs=1 RTVBINDS=0 (0.00/frame) | #4 1280x720 R16G16_FLOAT srvs=1 RTVBINDS=0 (0.00/frame) | #5 1280x720 R16G16_FLOAT srvs=1 RTVBINDS=0 (0.00/frame) | #6 1280x720 R16G16_FLOAT srvs=1 RTVBINDS=0 (0.00/frame) | #7 2560x1440 R16G16_FLOAT srvs=1 RTVBINDS=0 (0.00/frame) <-DISPLAY-EXTENT
23:57:58:944 [19984] | INFO  | [MGPU Bridge] [MGPU][R71] MVEC SIZES over ALL 18 candidate(s): 2560x1440 x13 | 1280x720 x5 | || TRANSPORT SOURCE res=0x1e3d54f3d60 (0 means not identified yet - it needs a display-extent candidate with render-target binds), handed to the transport 0 times, 0 second-binds-in-a-frame skipped. || EVICTIONS: 0 resources destroyed and removed from the tables (R76 - a resolution change destroys every render target, and a stale entry is a copy from freed memory). RTV BINDS SEEN IN TOTAL: 0. THE RANK ABOVE IS NOW RENDER TARGET BINDS, NOT SRV CREATIONS. R25 ranked by SRVs created, got 6/5/3/3, and called it "a candidate, not an identification" - that flatness was the SIGNAL being wrong, not the game. An SRV creation count is a LIFETIME number; a velocity buffer is RENDERED INTO once per frame, and RTVBINDS is that. THE EXTENT TO MATCH IS THE DISPLAY EXTENT 2560x1440, not the render extent: the game's own DLSS telemetry says ColorExtentHeight=936 with MVExtentWidth=2560 MVExtentHeight=1440, so this title feeds HIGH-RESOLUTION motion vectors. A single candidate marked <-DISPLAY-EXTENT with RTVBINDS close to the frame count is the velocity buffer. RTV BINDS SEEN = 0 with candidates present means THIS EVENT did not see it, and says nothing whatever about the other two. R81 retracted the sentence that used to sit here - it named optical flow and NGX hooking as the routes left, before anyone had read the 
23:57:58:944 [19984] | INFO  | [MGPU Bridge] [MGPU][R82] ACQUISITION SIGNALS - three of them, one run. || RTV VIEW TABLE: 16 of 128 entries. THAT IS THE DENOMINATOR R80 COULD NOT SEE - a bind count of zero against an empty table means nothing at all. || OMSetRenderTargets: fired=0 rtvs=0 | matched via OUR TABLE=0 | matched via get_resource_from_view=0 || BeginRenderPass: fired=0 targets=0 matched=0 || Barrier: fired=2323388 resources=3157903 matched=111322, costing 7166 ns/frame || #0 2560x1440 rtv=0 rp=0 bar=4013(0x40->0x8) | #1 2560x1440 rtv=0 rp=0 bar=4013(0x8->0x40) | #2 1280x720 rtv=0 rp=0 bar=1(0xC0->0x4) | #3 1280x720 rtv=0 rp=0 bar=1(0xC0->0x4) | #4 1280x720 rtv=0 rp=0 bar=1(0xC0->0x4) | #5 1280x720 rtv=0 rp=0 bar=1(0xC0->0x4) | || HOW TO READ IT. via TABLE=0 while via get_resource_from_view is non-zero: the table was the whole bug and R76 through R81 were spent on a cache we never needed. BeginRenderPass fired while OMSetRenderTargets did not: this engine uses render passes and we were subscribed to the wrong event. Barrier matched with a per-frame count near the frame count: use THAT permanently - it needs no view, no table and no binding-path assumption, and 0x4->0xC0 (render_target -> shader_resource) is the moment AFTER the pass wrote, which is the correct moment to copy and is one the bind events cannot offer. NOTE THE STALENESS R78 DID NOT STATE: both bind events fire BEFORE the pass runs, so a copy taken there carries the PREVIOUS frame's vectors. All three silent with candidates present is the only reading that makes optical flow or NGX hooking the honest next step. Two of the barriers per frame on the published source are OURS.
23:57:59:127 [ 2816] | INFO  | [MGPU Bridge] [MGPU][R63] DEPTH TRANSPORT f=4801 mode=1 (TRANSPORTED AND BOUND) | producer: valid=4804 invalid=0 size-rejected=0, arm held 0 frame(s) | consumer: seals seen valid=4710 invalid=0 contract mismatches=0 | region 2560x1440 fmt=41 pitch=10240 bytes=14745600 at slot offset 14746112 of 44237312. INVALID IS NOT AN ERROR: ReShade unbinds depth in menus and scene changes, and R61 established that shipping the zeros it leaves behind would hand the model a false flat plane. An invalid frame carries the colour and says so. WHAT WOULD BE AN ERROR is contract mismatches above zero, or valid staying at zero once you are in gameplay - that means the tap is not feeding us. 100.0% of sealed frames carried depth. | GPU 1: unpacked=4285 bound=4150 skipped=0, DepthInverted=1, flag disagreements=0 (the seal crossed the adapter and the slot flag did not, so any disagreement between them is real). BOUND vs SKIPPED IS THE R61 TEST: skipped counts frames where ReShade had no depth and the model was given NONE rather than the previous frame's - open a menu mid-stream and this must move.
23:57:59:128 [ 2816] | INFO  | [MGPU Bridge] [MGPU][R78] MVEC TRANSPORT f=4801 mode=3 REAL | producer: copies=4016 missing=788 size-rejected=0 lock-skipped=0, arm held 6448 frame(s) | consumer: seals seen valid=4013 invalid=697 contract mismatches=0 flag disagreements=0 | region 2560x1440 fmt=34 pitch=10240 bytes=14745600 at slot offset 29491712 of 44237312 | GPU 1: unpacked=4014 bound=4013 skipped=137, scale=(2560.000, 1440.000). 85.2% of sealed frames carried vectors. COPIES IS THE ONE TO WATCH: it counts frames where the bind hook fired and a copy was recorded. If it stays at zero the probe published a handle nobody binds, and MVec never reaches the model whatever the rest of this line says. SKIPPED IS NOT AN ERROR - it counts frames with no vectors, which is what a menu looks like, and those frames are handed NONE rather than the last frame's motion.
23:57:59:128 [ 2816] | INFO  | [MGPU Bridge] [MGPU][R87] MVEC FRAME ALIGNMENT f=4801 | evaluates=4150 | elapsed 1=4016 2=2 3=1 4=1 5=43 6=56 7=26 8+=5 | worst=9 | 96.77% at 1. A motion vector describes ONE game frame; NR reprojects by whatever it is handed. When the frame NR blends against is older than one, history lands SHORT by this factor - zero error at rest, growing with speed, and no constant MVecScale can fix it. The scale is multiplied by this per evaluate. IF THIS LINE IS FLAT AT 1 AND THE ARTEFACT IS UNCHANGED, PACING IS ELIMINATED and what remains is units or sign. P4.1's skipped-frame counter predicts about 99.5% at 1, so a materially lower figure here is a desync no counter has shown us.
23:57:59:753 [ 2816] | INFO  | [MGPU Bridge] [MGPU][SEAL] new f=4819 slot=0 gap=1 lat=115.42ms pitch=10240 fmt=24 bytes=14745600 bc=0(unimplemented) OK
23:58:01:278 [ 2816] | INFO  | [MGPU Bridge] [MGPU][T5] present loop alive: frame 14400 thread id 0xB00
23:58:01:868 [ 2816] | INFO  | [MGPU Bridge] [MGPU][SEAL] new f=4880 slot=1 gap=1 lat=116.99ms pitch=10240 fmt=24 bytes=14745600 bc=0(unimplemented) OK
23:58:01:962 [19984] | INFO  | [MGPU Bridge] [MGPU][P9.1] META SRC mvec lane: 18 candidate(s), 125 ns/frame over 11391 frames. R72: RANKED AND SORTED BY RTV BINDS - how often each is RENDERED INTO, which is a per-frame usage signal. srvs is kept alongside as the old created over the resource. THIS DOES NOT IDENTIFY MOTION VECTORS - nothing in ReShade says which one they are - it says whether an MVec-shaped resource is visible from a subscriber at all. An empty list with a non-zero examined count is the result that says the NGX hook has to be earned or abandoned. root-descriptor SRV pushes=0 (zero here with a non-zero SRV count above means this engine binds through descriptor TABLES and push_descriptors is blind in it - a fact about the engine, not a fault). | #0 2560x1440 R16G16_FLOAT srvs=1 RTVBINDS=0 (0.00/frame) <-DISPLAY-EXTENT | #1 2560x1440 R16G16_FLOAT srvs=1 RTVBINDS=0 (0.00/frame) <-DISPLAY-EXTENT | #2 1280x720 R16G16_FLOAT srvs=1 RTVBINDS=0 (0.00/frame) | #3 1280x720 R16G16_FLOAT srvs=1 RTVBINDS=0 (0.00/frame) | #4 1280x720 R16G16_FLOAT srvs=1 RTVBINDS=0 (0.00/frame) | #5 1280x720 R16G16_FLOAT srvs=1 RTVBINDS=0 (0.00/frame) | #6 1280x720 R16G16_FLOAT srvs=1 RTVBINDS=0 (0.00/frame) | #7 2560x1440 R16G16_FLOAT srvs=1 RTVBINDS=0 (0.00/frame) <-DISPLAY-EXTENT
23:58:01:962 [19984] | INFO  | [MGPU Bridge] [MGPU][R71] MVEC SIZES over ALL 18 candidate(s): 2560x1440 x13 | 1280x720 x5 | || TRANSPORT SOURCE res=0x1e3d54f3d60 (0 means not identified yet - it needs a display-extent candidate with render-target binds), handed to the transport 0 times, 0 second-binds-in-a-frame skipped. || EVICTIONS: 0 resources destroyed and removed from the tables (R76 - a resolution change destroys every render target, and a stale entry is a copy from freed memory). RTV BINDS SEEN IN TOTAL: 0. THE RANK ABOVE IS NOW RENDER TARGET BINDS, NOT SRV CREATIONS. R25 ranked by SRVs created, got 6/5/3/3, and called it "a candidate, not an identification" - that flatness was the SIGNAL being wrong, not the game. An SRV creation count is a LIFETIME number; a velocity buffer is RENDERED INTO once per frame, and RTVBINDS is that. THE EXTENT TO MATCH IS THE DISPLAY EXTENT 2560x1440, not the render extent: the game's own DLSS telemetry says ColorExtentHeight=936 with MVExtentWidth=2560 MVExtentHeight=1440, so this title feeds HIGH-RESOLUTION motion vectors. A single candidate marked <-DISPLAY-EXTENT with RTVBINDS close to the frame count is the velocity buffer. RTV BINDS SEEN = 0 with candidates present means THIS EVENT did not see it, and says nothing whatever about the other two. R81 retracted the sentence that used to sit here - it named optical flow and NGX hooking as the routes left, before anyone had read the 
23:58:01:962 [19984] | INFO  | [MGPU Bridge] [MGPU][R82] ACQUISITION SIGNALS - three of them, one run. || RTV VIEW TABLE: 16 of 128 entries. THAT IS THE DENOMINATOR R80 COULD NOT SEE - a bind count of zero against an empty table means nothing at all. || OMSetRenderTargets: fired=0 rtvs=0 | matched via OUR TABLE=0 | matched via get_resource_from_view=0 || BeginRenderPass: fired=0 targets=0 matched=0 || Barrier: fired=2368938 resources=3221288 matched=113671, costing 7249 ns/frame || #0 2560x1440 rtv=0 rp=0 bar=4100(0x8->0x40) | #1 2560x1440 rtv=0 rp=0 bar=4100(0x40->0x8) | #2 1280x720 rtv=0 rp=0 bar=1(0xC0->0x4) | #3 1280x720 rtv=0 rp=0 bar=1(0xC0->0x4) | #4 1280x720 rtv=0 rp=0 bar=1(0xC0->0x4) | #5 1280x720 rtv=0 rp=0 bar=1(0xC0->0x4) | || HOW TO READ IT. via TABLE=0 while via get_resource_from_view is non-zero: the table was the whole bug and R76 through R81 were spent on a cache we never needed. BeginRenderPass fired while OMSetRenderTargets did not: this engine uses render passes and we were subscribed to the wrong event. Barrier matched with a per-frame count near the frame count: use THAT permanently - it needs no view, no table and no binding-path assumption, and 0x4->0xC0 (render_target -> shader_resource) is the moment AFTER the pass wrote, which is the correct moment to copy and is one the bind events cannot offer. NOTE THE STALENESS R78 DID NOT STATE: both bind events fire BEFORE the pass runs, so a copy taken there carries the PREVIOUS frame's vectors. All three silent with candidates present is the only reading that makes optical flow or NGX hooking the honest next step. Two of the barriers per frame on the published source are OURS.
23:58:02:277 [19984] | INFO  | [MGPU Bridge] [MGPU][R101] CALIBRATOR mode=2 site=iat | slots=40 data-slots=0 modules=137 gpa-calls=308 | resolved=1 creates=1 sr-handle=known | evaluates=4109 captured=4109 | cost 966 ns/frame | eval-copies=4109 eval-skips=0. || THE GAME'S OWN TABLE: color=0x1e3d59313d0 depth=0x1e30be773c0 MVEC=0x1e3d43fa420 output=0x1e3d5593970 | MVecScale 2560.0000,1440.0000 | jitter 0.0000,-0.1667 | Reset=0 | CreateFlags=0x3 -> DepthInverted=0 MVLowRes=1 MVJittered=0 IsHDR=1 AutoExposure=0 | quality=5 | render 2560x1440 -> display 2560x1440 | dynamic 0x0..0x0 | subrect 2560x1440 at color(0,0) depth(0,0) MV(0,0) out(0,0) | have=0xfff. || HOW TO READ IT. resolved=0 with evaluates=0 means no module asked for the entry point after we installed - either the title does not use DLSS, or it resolved before the addon loaded; the barrier path is untouched either way and is still what drives. sr-handle=UNFILTERED means we were not present for CreateFeature, so the table may be from frame generation rather than super sampling - check that render/display extents look like a supersampling pair before trusting it. MVEC here is the GAME'S answer to the question every round from R70 to R100 tried to infer; if it does not equal the handle the barrier probe armed on Dragon Sword, the probe was wrong on a title we believed, and THAT is the finding. have=0 bits name the keys this producer does not populate - Streamline and the raw SDK do not set the same subset, and the difference is a fact about the route, not a bug. MVLowRes IS DEFERRED OPTION 11 ANSWERED: 1 means the game's motion vectors are at RENDER resolution, 0 means display resolution, and we have been inferring that from buffer sizes since R83. Read it together with MVecScale - a low-res field with a display-sized scale is the shape that makes reprojection look almost right.
23:58:03:985 [ 2816] | INFO  | [MGPU Bridge] [MGPU][SEAL] new f=4941 slot=2 gap=1 lat=115.35ms pitch=10240 fmt=24 bytes=14745600 bc=0(unimplemented) OK
23:58:04:977 [19984] | INFO  | [MGPU Bridge] [MGPU][P9.1] META SRC mvec lane: 18 candidate(s), 125 ns/frame over 11477 frames. R72: RANKED AND SORTED BY RTV BINDS - how often each is RENDERED INTO, which is a per-frame usage signal. srvs is kept alongside as the old created over the resource. THIS DOES NOT IDENTIFY MOTION VECTORS - nothing in ReShade says which one they are - it says whether an MVec-shaped resource is visible from a subscriber at all. An empty list with a non-zero examined count is the result that says the NGX hook has to be earned or abandoned. root-descriptor SRV pushes=0 (zero here with a non-zero SRV count above means this engine binds through descriptor TABLES and push_descriptors is blind in it - a fact about the engine, not a fault). | #0 2560x1440 R16G16_FLOAT srvs=1 RTVBINDS=0 (0.00/frame) <-DISPLAY-EXTENT | #1 2560x1440 R16G16_FLOAT srvs=1 RTVBINDS=0 (0.00/frame) <-DISPLAY-EXTENT | #2 1280x720 R16G16_FLOAT srvs=1 RTVBINDS=0 (0.00/frame) | #3 1280x720 R16G16_FLOAT srvs=1 RTVBINDS=0 (0.00/frame) | #4 1280x720 R16G16_FLOAT srvs=1 RTVBINDS=0 (0.00/frame) | #5 1280x720 R16G16_FLOAT srvs=1 RTVBINDS=0 (0.00/frame) | #6 1280x720 R16G16_FLOAT srvs=1 RTVBINDS=0 (0.00/frame) | #7 2560x1440 R16G16_FLOAT srvs=1 RTVBINDS=0 (0.00/frame) <-DISPLAY-EXTENT
23:58:04:977 [19984] | INFO  | [MGPU Bridge] [MGPU][R71] MVEC SIZES over ALL 18 candidate(s): 2560x1440 x13 | 1280x720 x5 | || TRANSPORT SOURCE res=0x1e3d54f3d60 (0 means not identified yet - it needs a display-extent candidate with render-target binds), handed to the transport 0 times, 0 second-binds-in-a-frame skipped. || EVICTIONS: 0 resources destroyed and removed from the tables (R76 - a resolution change destroys every render target, and a stale entry is a copy from freed memory). RTV BINDS SEEN IN TOTAL: 0. THE RANK ABOVE IS NOW RENDER TARGET BINDS, NOT SRV CREATIONS. R25 ranked by SRVs created, got 6/5/3/3, and called it "a candidate, not an identification" - that flatness was the SIGNAL being wrong, not the game. An SRV creation count is a LIFETIME number; a velocity buffer is RENDERED INTO once per frame, and RTVBINDS is that. THE EXTENT TO MATCH IS THE DISPLAY EXTENT 2560x1440, not the render extent: the game's own DLSS telemetry says ColorExtentHeight=936 with MVExtentWidth=2560 MVExtentHeight=1440, so this title feeds HIGH-RESOLUTION motion vectors. A single candidate marked <-DISPLAY-EXTENT with RTVBINDS close to the frame count is the velocity buffer. RTV BINDS SEEN = 0 with candidates present means THIS EVENT did not see it, and says nothing whatever about the other two. R81 retracted the sentence that used to sit here - it named optical flow and NGX hooking as the routes left, before anyone had read the 
23:58:04:977 [19984] | INFO  | [MGPU Bridge] [MGPU][R82] ACQUISITION SIGNALS - three of them, one run. || RTV VIEW TABLE: 16 of 128 entries. THAT IS THE DENOMINATOR R80 COULD NOT SEE - a bind count of zero against an empty table means nothing at all. || OMSetRenderTargets: fired=0 rtvs=0 | matched via OUR TABLE=0 | matched via get_resource_from_view=0 || BeginRenderPass: fired=0 targets=0 matched=0 || Barrier: fired=2412000 resources=3281984 matched=115993, costing 7356 ns/frame || #0 2560x1440 rtv=0 rp=0 bar=4186(0x8->0x40) | #1 2560x1440 rtv=0 rp=0 bar=4186(0x40->0x8) | #2 1280x720 rtv=0 rp=0 bar=1(0xC0->0x4) | #3 1280x720 rtv=0 rp=0 bar=1(0xC0->0x4) | #4 1280x720 rtv=0 rp=0 bar=1(0xC0->0x4) | #5 1280x720 rtv=0 rp=0 bar=1(0xC0->0x4) | || HOW TO READ IT. via TABLE=0 while via get_resource_from_view is non-zero: the table was the whole bug and R76 through R81 were spent on a cache we never needed. BeginRenderPass fired while OMSetRenderTargets did not: this engine uses render passes and we were subscribed to the wrong event. Barrier matched with a per-frame count near the frame count: use THAT permanently - it needs no view, no table and no binding-path assumption, and 0x4->0xC0 (render_target -> shader_resource) is the moment AFTER the pass wrote, which is the correct moment to copy and is one the bind events cannot offer. NOTE THE STALENESS R78 DID NOT STATE: both bind events fire BEFORE the pass runs, so a copy taken there carries the PREVIOUS frame's vectors. All three silent with candidates present is the only reading that makes optical flow or NGX hooking the honest next step. Two of the barriers per frame on the published source are OURS.
23:58:06:224 [ 2816] | INFO  | [MGPU Bridge] [MGPU][SEAL] new f=5002 slot=3 gap=1 lat=123.81ms pitch=10240 fmt=24 bytes=14745600 bc=0(unimplemented) OK
23:58:07:990 [19984] | INFO  | [MGPU Bridge] [MGPU][P9.1] META SRC mvec lane: 18 candidate(s), 125 ns/frame over 11558 frames. R72: RANKED AND SORTED BY RTV BINDS - how often each is RENDERED INTO, which is a per-frame usage signal. srvs is kept alongside as the old created over the resource. THIS DOES NOT IDENTIFY MOTION VECTORS - nothing in ReShade says which one they are - it says whether an MVec-shaped resource is visible from a subscriber at all. An empty list with a non-zero examined count is the result that says the NGX hook has to be earned or abandoned. root-descriptor SRV pushes=0 (zero here with a non-zero SRV count above means this engine binds through descriptor TABLES and push_descriptors is blind in it - a fact about the engine, not a fault). | #0 2560x1440 R16G16_FLOAT srvs=1 RTVBINDS=0 (0.00/frame) <-DISPLAY-EXTENT | #1 2560x1440 R16G16_FLOAT srvs=1 RTVBINDS=0 (0.00/frame) <-DISPLAY-EXTENT | #2 1280x720 R16G16_FLOAT srvs=1 RTVBINDS=0 (0.00/frame) | #3 1280x720 R16G16_FLOAT srvs=1 RTVBINDS=0 (0.00/frame) | #4 1280x720 R16G16_FLOAT srvs=1 RTVBINDS=0 (0.00/frame) | #5 1280x720 R16G16_FLOAT srvs=1 RTVBINDS=0 (0.00/frame) | #6 1280x720 R16G16_FLOAT srvs=1 RTVBINDS=0 (0.00/frame) | #7 2560x1440 R16G16_FLOAT srvs=1 RTVBINDS=0 (0.00/frame) <-DISPLAY-EXTENT
23:58:07:990 [19984] | INFO  | [MGPU Bridge] [MGPU][R71] MVEC SIZES over ALL 18 candidate(s): 2560x1440 x13 | 1280x720 x5 | || TRANSPORT SOURCE res=0x1e3d54f3d60 (0 means not identified yet - it needs a display-extent candidate with render-target binds), handed to the transport 0 times, 0 second-binds-in-a-frame skipped. || EVICTIONS: 0 resources destroyed and removed from the tables (R76 - a resolution change destroys every render target, and a stale entry is a copy from freed memory). RTV BINDS SEEN IN TOTAL: 0. THE RANK ABOVE IS NOW RENDER TARGET BINDS, NOT SRV CREATIONS. R25 ranked by SRVs created, got 6/5/3/3, and called it "a candidate, not an identification" - that flatness was the SIGNAL being wrong, not the game. An SRV creation count is a LIFETIME number; a velocity buffer is RENDERED INTO once per frame, and RTVBINDS is that. THE EXTENT TO MATCH IS THE DISPLAY EXTENT 2560x1440, not the render extent: the game's own DLSS telemetry says ColorExtentHeight=936 with MVExtentWidth=2560 MVExtentHeight=1440, so this title feeds HIGH-RESOLUTION motion vectors. A single candidate marked <-DISPLAY-EXTENT with RTVBINDS close to the frame count is the velocity buffer. RTV BINDS SEEN = 0 with candidates present means THIS EVENT did not see it, and says nothing whatever about the other two. R81 retracted the sentence that used to sit here - it named optical flow and NGX hooking as the routes left, before anyone had read the 
23:58:07:990 [19984] | INFO  | [MGPU Bridge] [MGPU][R82] ACQUISITION SIGNALS - three of them, one run. || RTV VIEW TABLE: 16 of 128 entries. THAT IS THE DENOMINATOR R80 COULD NOT SEE - a bind count of zero against an empty table means nothing at all. || OMSetRenderTargets: fired=0 rtvs=0 | matched via OUR TABLE=0 | matched via get_resource_from_view=0 || BeginRenderPass: fired=0 targets=0 matched=0 || Barrier: fired=2452962 resources=3339389 matched=118180, costing 7433 ns/frame || #0 2560x1440 rtv=0 rp=0 bar=4267(0x40->0x8) | #1 2560x1440 rtv=0 rp=0 bar=4267(0x8->0x40) | #2 1280x720 rtv=0 rp=0 bar=1(0xC0->0x4) | #3 1280x720 rtv=0 rp=0 bar=1(0xC0->0x4) | #4 1280x720 rtv=0 rp=0 bar=1(0xC0->0x4) | #5 1280x720 rtv=0 rp=0 bar=1(0xC0->0x4) | || HOW TO READ IT. via TABLE=0 while via get_resource_from_view is non-zero: the table was the whole bug and R76 through R81 were spent on a cache we never needed. BeginRenderPass fired while OMSetRenderTargets did not: this engine uses render passes and we were subscribed to the wrong event. Barrier matched with a per-frame count near the frame count: use THAT permanently - it needs no view, no table and no binding-path assumption, and 0x4->0xC0 (render_target -> shader_resource) is the moment AFTER the pass wrote, which is the correct moment to copy and is one the bind events cannot offer. NOTE THE STALENESS R78 DID NOT STATE: both bind events fire BEFORE the pass runs, so a copy taken there carries the PREVIOUS frame's vectors. All three silent with candidates present is the only reading that makes optical flow or NGX hooking the honest next step. Two of the barriers per frame on the published source are OURS.
23:58:08:485 [ 2816] | INFO  | [MGPU Bridge] [MGPU][SEAL] new f=5063 slot=4 gap=1 lat=122.86ms pitch=10240 fmt=24 bytes=14745600 bc=0(unimplemented) OK
23:58:09:799 [ 2816] | INFO  | [MGPU Bridge] [MGPU][R63] DEPTH TRANSPORT f=5101 mode=1 (TRANSPORTED AND BOUND) | producer: valid=5104 invalid=0 size-rejected=0, arm held 0 frame(s) | consumer: seals seen valid=5010 invalid=0 contract mismatches=0 | region 2560x1440 fmt=41 pitch=10240 bytes=14745600 at slot offset 14746112 of 44237312. INVALID IS NOT AN ERROR: ReShade unbinds depth in menus and scene changes, and R61 established that shipping the zeros it leaves behind would hand the model a false flat plane. An invalid frame carries the colour and says so. WHAT WOULD BE AN ERROR is contract mismatches above zero, or valid staying at zero once you are in gameplay - that means the tap is not feeding us. 100.0% of sealed frames carried depth. | GPU 1: unpacked=4585 bound=4450 skipped=0, DepthInverted=1, flag disagreements=0 (the seal crossed the adapter and the slot flag did not, so any disagreement between them is real). BOUND vs SKIPPED IS THE R61 TEST: skipped counts frames where ReShade had no depth and the model was given NONE rather than the previous frame's - open a menu mid-stream and this must move.
23:58:09:800 [ 2816] | INFO  | [MGPU Bridge] [MGPU][R78] MVEC TRANSPORT f=5101 mode=3 REAL | producer: copies=4316 missing=788 size-rejected=0 lock-skipped=0, arm held 6448 frame(s) | consumer: seals seen valid=4313 invalid=697 contract mismatches=0 flag disagreements=0 | region 2560x1440 fmt=34 pitch=10240 bytes=14745600 at slot offset 29491712 of 44237312 | GPU 1: unpacked=4314 bound=4313 skipped=137, scale=(2560.000, 1440.000). 86.1% of sealed frames carried vectors. COPIES IS THE ONE TO WATCH: it counts frames where the bind hook fired and a copy was recorded. If it stays at zero the probe published a handle nobody binds, and MVec never reaches the model whatever the rest of this line says. SKIPPED IS NOT AN ERROR - it counts frames with no vectors, which is what a menu looks like, and those frames are handed NONE rather than the last frame's motion.
23:58:09:800 [ 2816] | INFO  | [MGPU Bridge] [MGPU][R87] MVEC FRAME ALIGNMENT f=5101 | evaluates=4450 | elapsed 1=4316 2=2 3=1 4=1 5=43 6=56 7=26 8+=5 | worst=9 | 96.99% at 1. A motion vector describes ONE game frame; NR reprojects by whatever it is handed. When the frame NR blends against is older than one, history lands SHORT by this factor - zero error at rest, growing with speed, and no constant MVecScale can fix it. The scale is multiplied by this per evaluate. IF THIS LINE IS FLAT AT 1 AND THE ARTEFACT IS UNCHANGED, PACING IS ELIMINATED and what remains is units or sign. P4.1's skipped-frame counter predicts about 99.5% at 1, so a materially lower figure here is a desync no counter has shown us.
23:58:10:589 [ 2816] | INFO  | [MGPU Bridge] [MGPU][SEAL] new f=5124 slot=5 gap=1 lat=114.14ms pitch=10240 fmt=24 bytes=14745600 bc=0(unimplemented) OK
23:58:11:022 [19984] | INFO  | [MGPU Bridge] [MGPU][P9.1] META SRC mvec lane: 18 candidate(s), 125 ns/frame over 11645 frames. R72: RANKED AND SORTED BY RTV BINDS - how often each is RENDERED INTO, which is a per-frame usage signal. srvs is kept alongside as the old created over the resource. THIS DOES NOT IDENTIFY MOTION VECTORS - nothing in ReShade says which one they are - it says whether an MVec-shaped resource is visible from a subscriber at all. An empty list with a non-zero examined count is the result that says the NGX hook has to be earned or abandoned. root-descriptor SRV pushes=0 (zero here with a non-zero SRV count above means this engine binds through descriptor TABLES and push_descriptors is blind in it - a fact about the engine, not a fault). | #0 2560x1440 R16G16_FLOAT srvs=1 RTVBINDS=0 (0.00/frame) <-DISPLAY-EXTENT | #1 2560x1440 R16G16_FLOAT srvs=1 RTVBINDS=0 (0.00/frame) <-DISPLAY-EXTENT | #2 1280x720 R16G16_FLOAT srvs=1 RTVBINDS=0 (0.00/frame) | #3 1280x720 R16G16_FLOAT srvs=1 RTVBINDS=0 (0.00/frame) | #4 1280x720 R16G16_FLOAT srvs=1 RTVBINDS=0 (0.00/frame) | #5 1280x720 R16G16_FLOAT srvs=1 RTVBINDS=0 (0.00/frame) | #6 1280x720 R16G16_FLOAT srvs=1 RTVBINDS=0 (0.00/frame) | #7 2560x1440 R16G16_FLOAT srvs=1 RTVBINDS=0 (0.00/frame) <-DISPLAY-EXTENT
23:58:11:022 [19984] | INFO  | [MGPU Bridge] [MGPU][R71] MVEC SIZES over ALL 18 candidate(s): 2560x1440 x13 | 1280x720 x5 | || TRANSPORT SOURCE res=0x1e3d54f3d60 (0 means not identified yet - it needs a display-extent candidate with render-target binds), handed to the transport 0 times, 0 second-binds-in-a-frame skipped. || EVICTIONS: 0 resources destroyed and removed from the tables (R76 - a resolution change destroys every render target, and a stale entry is a copy from freed memory). RTV BINDS SEEN IN TOTAL: 0. THE RANK ABOVE IS NOW RENDER TARGET BINDS, NOT SRV CREATIONS. R25 ranked by SRVs created, got 6/5/3/3, and called it "a candidate, not an identification" - that flatness was the SIGNAL being wrong, not the game. An SRV creation count is a LIFETIME number; a velocity buffer is RENDERED INTO once per frame, and RTVBINDS is that. THE EXTENT TO MATCH IS THE DISPLAY EXTENT 2560x1440, not the render extent: the game's own DLSS telemetry says ColorExtentHeight=936 with MVExtentWidth=2560 MVExtentHeight=1440, so this title feeds HIGH-RESOLUTION motion vectors. A single candidate marked <-DISPLAY-EXTENT with RTVBINDS close to the frame count is the velocity buffer. RTV BINDS SEEN = 0 with candidates present means THIS EVENT did not see it, and says nothing whatever about the other two. R81 retracted the sentence that used to sit here - it named optical flow and NGX hooking as the routes left, before anyone had read the 
23:58:11:023 [19984] | INFO  | [MGPU Bridge] [MGPU][R82] ACQUISITION SIGNALS - three of them, one run. || RTV VIEW TABLE: 16 of 128 entries. THAT IS THE DENOMINATOR R80 COULD NOT SEE - a bind count of zero against an empty table means nothing at all. || OMSetRenderTargets: fired=0 rtvs=0 | matched via OUR TABLE=0 | matched via get_resource_from_view=0 || BeginRenderPass: fired=0 targets=0 matched=0 || Barrier: fired=2498259 resources=3402529 matched=120529, costing 7517 ns/frame || #0 2560x1440 rtv=0 rp=0 bar=4354(0x8->0x40) | #1 2560x1440 rtv=0 rp=0 bar=4354(0x40->0x8) | #2 1280x720 rtv=0 rp=0 bar=1(0xC0->0x4) | #3 1280x720 rtv=0 rp=0 bar=1(0xC0->0x4) | #4 1280x720 rtv=0 rp=0 bar=1(0xC0->0x4) | #5 1280x720 rtv=0 rp=0 bar=1(0xC0->0x4) | || HOW TO READ IT. via TABLE=0 while via get_resource_from_view is non-zero: the table was the whole bug and R76 through R81 were spent on a cache we never needed. BeginRenderPass fired while OMSetRenderTargets did not: this engine uses render passes and we were subscribed to the wrong event. Barrier matched with a per-frame count near the frame count: use THAT permanently - it needs no view, no table and no binding-path assumption, and 0x4->0xC0 (render_target -> shader_resource) is the moment AFTER the pass wrote, which is the correct moment to copy and is one the bind events cannot offer. NOTE THE STALENESS R78 DID NOT STATE: both bind events fire BEFORE the pass runs, so a copy taken there carries the PREVIOUS frame's vectors. All three silent with candidates present is the only reading that makes optical flow or NGX hooking the honest next step. Two of the barriers per frame on the published source are OURS.
23:58:12:728 [ 2816] | INFO  | [MGPU Bridge] [MGPU][SEAL] new f=5185 slot=0 gap=1 lat=119.37ms pitch=10240 fmt=24 bytes=14745600 bc=0(unimplemented) OK
23:58:12:969 [19984] | INFO  | [MGPU Bridge] [MGPU][R101] CALIBRATOR mode=2 site=iat | slots=40 data-slots=0 modules=137 gpa-calls=308 | resolved=1 creates=1 sr-handle=known | evaluates=4409 captured=4409 | cost 1010 ns/frame | eval-copies=4409 eval-skips=0. || THE GAME'S OWN TABLE: color=0x1e3d59313d0 depth=0x1e30be773c0 MVEC=0x1e3d43fa420 output=0x1e3d5593970 | MVecScale 2560.0000,1440.0000 | jitter 0.1250,0.2778 | Reset=0 | CreateFlags=0x3 -> DepthInverted=0 MVLowRes=1 MVJittered=0 IsHDR=1 AutoExposure=0 | quality=5 | render 2560x1440 -> display 2560x1440 | dynamic 0x0..0x0 | subrect 2560x1440 at color(0,0) depth(0,0) MV(0,0) out(0,0) | have=0xfff. || HOW TO READ IT. resolved=0 with evaluates=0 means no module asked for the entry point after we installed - either the title does not use DLSS, or it resolved before the addon loaded; the barrier path is untouched either way and is still what drives. sr-handle=UNFILTERED means we were not present for CreateFeature, so the table may be from frame generation rather than super sampling - check that render/display extents look like a supersampling pair before trusting it. MVEC here is the GAME'S answer to the question every round from R70 to R100 tried to infer; if it does not equal the handle the barrier probe armed on Dragon Sword, the probe was wrong on a title we believed, and THAT is the finding. have=0 bits name the keys this producer does not populate - Streamline and the raw SDK do not set the same subset, and the difference is a fact about the route, not a bug. MVLowRes IS DEFERRED OPTION 11 ANSWERED: 1 means the game's motion vectors are at RENDER resolution, 0 means display resolution, and we have been inferring that from buffer sizes since R83. Read it together with MVecScale - a low-res field with a display-sized scale is the shape that makes reprojection look almost right.
23:58:14:050 [19984] | INFO  | [MGPU Bridge] [MGPU][P9.1] META SRC mvec lane: 18 candidate(s), 124 ns/frame over 11730 frames. R72: RANKED AND SORTED BY RTV BINDS - how often each is RENDERED INTO, which is a per-frame usage signal. srvs is kept alongside as the old created over the resource. THIS DOES NOT IDENTIFY MOTION VECTORS - nothing in ReShade says which one they are - it says whether an MVec-shaped resource is visible from a subscriber at all. An empty list with a non-zero examined count is the result that says the NGX hook has to be earned or abandoned. root-descriptor SRV pushes=0 (zero here with a non-zero SRV count above means this engine binds through descriptor TABLES and push_descriptors is blind in it - a fact about the engine, not a fault). | #0 2560x1440 R16G16_FLOAT srvs=1 RTVBINDS=0 (0.00/frame) <-DISPLAY-EXTENT | #1 2560x1440 R16G16_FLOAT srvs=1 RTVBINDS=0 (0.00/frame) <-DISPLAY-EXTENT | #2 1280x720 R16G16_FLOAT srvs=1 RTVBINDS=0 (0.00/frame) | #3 1280x720 R16G16_FLOAT srvs=1 RTVBINDS=0 (0.00/frame) | #4 1280x720 R16G16_FLOAT srvs=1 RTVBINDS=0 (0.00/frame) | #5 1280x720 R16G16_FLOAT srvs=1 RTVBINDS=0 (0.00/frame) | #6 1280x720 R16G16_FLOAT srvs=1 RTVBINDS=0 (0.00/frame) | #7 2560x1440 R16G16_FLOAT srvs=1 RTVBINDS=0 (0.00/frame) <-DISPLAY-EXTENT
23:58:14:050 [19984] | INFO  | [MGPU Bridge] [MGPU][R71] MVEC SIZES over ALL 18 candidate(s): 2560x1440 x13 | 1280x720 x5 | || TRANSPORT SOURCE res=0x1e3d54f3d60 (0 means not identified yet - it needs a display-extent candidate with render-target binds), handed to the transport 0 times, 0 second-binds-in-a-frame skipped. || EVICTIONS: 0 resources destroyed and removed from the tables (R76 - a resolution change destroys every render target, and a stale entry is a copy from freed memory). RTV BINDS SEEN IN TOTAL: 0. THE RANK ABOVE IS NOW RENDER TARGET BINDS, NOT SRV CREATIONS. R25 ranked by SRVs created, got 6/5/3/3, and called it "a candidate, not an identification" - that flatness was the SIGNAL being wrong, not the game. An SRV creation count is a LIFETIME number; a velocity buffer is RENDERED INTO once per frame, and RTVBINDS is that. THE EXTENT TO MATCH IS THE DISPLAY EXTENT 2560x1440, not the render extent: the game's own DLSS telemetry says ColorExtentHeight=936 with MVExtentWidth=2560 MVExtentHeight=1440, so this title feeds HIGH-RESOLUTION motion vectors. A single candidate marked <-DISPLAY-EXTENT with RTVBINDS close to the frame count is the velocity buffer. RTV BINDS SEEN = 0 with candidates present means THIS EVENT did not see it, and says nothing whatever about the other two. R81 retracted the sentence that used to sit here - it named optical flow and NGX hooking as the routes left, before anyone had read the 
23:58:14:050 [19984] | INFO  | [MGPU Bridge] [MGPU][R82] ACQUISITION SIGNALS - three of them, one run. || RTV VIEW TABLE: 16 of 128 entries. THAT IS THE DENOMINATOR R80 COULD NOT SEE - a bind count of zero against an empty table means nothing at all. || OMSetRenderTargets: fired=0 rtvs=0 | matched via OUR TABLE=0 | matched via get_resource_from_view=0 || BeginRenderPass: fired=0 targets=0 matched=0 || Barrier: fired=2539705 resources=3461400 matched=122824, costing 7591 ns/frame || #0 2560x1440 rtv=0 rp=0 bar=4439(0x40->0x8) | #1 2560x1440 rtv=0 rp=0 bar=4439(0x8->0x40) | #2 1280x720 rtv=0 rp=0 bar=1(0xC0->0x4) | #3 1280x720 rtv=0 rp=0 bar=1(0xC0->0x4) | #4 1280x720 rtv=0 rp=0 bar=1(0xC0->0x4) | #5 1280x720 rtv=0 rp=0 bar=1(0xC0->0x4) | || HOW TO READ IT. via TABLE=0 while via get_resource_from_view is non-zero: the table was the whole bug and R76 through R81 were spent on a cache we never needed. BeginRenderPass fired while OMSetRenderTargets did not: this engine uses render passes and we were subscribed to the wrong event. Barrier matched with a per-frame count near the frame count: use THAT permanently - it needs no view, no table and no binding-path assumption, and 0x4->0xC0 (render_target -> shader_resource) is the moment AFTER the pass wrote, which is the correct moment to copy and is one the bind events cannot offer. NOTE THE STALENESS R78 DID NOT STATE: both bind events fire BEFORE the pass runs, so a copy taken there carries the PREVIOUS frame's vectors. All three silent with candidates present is the only reading that makes optical flow or NGX hooking the honest next step. Two of the barriers per frame on the published source are OURS.
23:58:14:927 [ 2816] | INFO  | [MGPU Bridge] [MGPU][SEAL] new f=5246 slot=1 gap=1 lat=119.11ms pitch=10240 fmt=24 bytes=14745600 bc=0(unimplemented) OK
23:58:17:066 [19984] | INFO  | [MGPU Bridge] [MGPU][P9.1] META SRC mvec lane: 18 candidate(s), 123 ns/frame over 11814 frames. R72: RANKED AND SORTED BY RTV BINDS - how often each is RENDERED INTO, which is a per-frame usage signal. srvs is kept alongside as the old created over the resource. THIS DOES NOT IDENTIFY MOTION VECTORS - nothing in ReShade says which one they are - it says whether an MVec-shaped resource is visible from a subscriber at all. An empty list with a non-zero examined count is the result that says the NGX hook has to be earned or abandoned. root-descriptor SRV pushes=0 (zero here with a non-zero SRV count above means this engine binds through descriptor TABLES and push_descriptors is blind in it - a fact about the engine, not a fault). | #0 2560x1440 R16G16_FLOAT srvs=1 RTVBINDS=0 (0.00/frame) <-DISPLAY-EXTENT | #1 2560x1440 R16G16_FLOAT srvs=1 RTVBINDS=0 (0.00/frame) <-DISPLAY-EXTENT | #2 1280x720 R16G16_FLOAT srvs=1 RTVBINDS=0 (0.00/frame) | #3 1280x720 R16G16_FLOAT srvs=1 RTVBINDS=0 (0.00/frame) | #4 1280x720 R16G16_FLOAT srvs=1 RTVBINDS=0 (0.00/frame) | #5 1280x720 R16G16_FLOAT srvs=1 RTVBINDS=0 (0.00/frame) | #6 1280x720 R16G16_FLOAT srvs=1 RTVBINDS=0 (0.00/frame) | #7 2560x1440 R16G16_FLOAT srvs=1 RTVBINDS=0 (0.00/frame) <-DISPLAY-EXTENT
23:58:17:066 [19984] | INFO  | [MGPU Bridge] [MGPU][R71] MVEC SIZES over ALL 18 candidate(s): 2560x1440 x13 | 1280x720 x5 | || TRANSPORT SOURCE res=0x1e3d54f3d60 (0 means not identified yet - it needs a display-extent candidate with render-target binds), handed to the transport 0 times, 0 second-binds-in-a-frame skipped. || EVICTIONS: 0 resources destroyed and removed from the tables (R76 - a resolution change destroys every render target, and a stale entry is a copy from freed memory). RTV BINDS SEEN IN TOTAL: 0. THE RANK ABOVE IS NOW RENDER TARGET BINDS, NOT SRV CREATIONS. R25 ranked by SRVs created, got 6/5/3/3, and called it "a candidate, not an identification" - that flatness was the SIGNAL being wrong, not the game. An SRV creation count is a LIFETIME number; a velocity buffer is RENDERED INTO once per frame, and RTVBINDS is that. THE EXTENT TO MATCH IS THE DISPLAY EXTENT 2560x1440, not the render extent: the game's own DLSS telemetry says ColorExtentHeight=936 with MVExtentWidth=2560 MVExtentHeight=1440, so this title feeds HIGH-RESOLUTION motion vectors. A single candidate marked <-DISPLAY-EXTENT with RTVBINDS close to the frame count is the velocity buffer. RTV BINDS SEEN = 0 with candidates present means THIS EVENT did not see it, and says nothing whatever about the other two. R81 retracted the sentence that used to sit here - it named optical flow and NGX hooking as the routes left, before anyone had read the 
23:58:17:066 [19984] | INFO  | [MGPU Bridge] [MGPU][R82] ACQUISITION SIGNALS - three of them, one run. || RTV VIEW TABLE: 16 of 128 entries. THAT IS THE DENOMINATOR R80 COULD NOT SEE - a bind count of zero against an empty table means nothing at all. || OMSetRenderTargets: fired=0 rtvs=0 | matched via OUR TABLE=0 | matched via get_resource_from_view=0 || BeginRenderPass: fired=0 targets=0 matched=0 || Barrier: fired=2580693 resources=3519608 matched=125092, costing 7661 ns/frame || #0 2560x1440 rtv=0 rp=0 bar=4523(0x40->0x8) | #1 2560x1440 rtv=0 rp=0 bar=4523(0x8->0x40) | #2 1280x720 rtv=0 rp=0 bar=1(0xC0->0x4) | #3 1280x720 rtv=0 rp=0 bar=1(0xC0->0x4) | #4 1280x720 rtv=0 rp=0 bar=1(0xC0->0x4) | #5 1280x720 rtv=0 rp=0 bar=1(0xC0->0x4) | || HOW TO READ IT. via TABLE=0 while via get_resource_from_view is non-zero: the table was the whole bug and R76 through R81 were spent on a cache we never needed. BeginRenderPass fired while OMSetRenderTargets did not: this engine uses render passes and we were subscribed to the wrong event. Barrier matched with a per-frame count near the frame count: use THAT permanently - it needs no view, no table and no binding-path assumption, and 0x4->0xC0 (render_target -> shader_resource) is the moment AFTER the pass wrote, which is the correct moment to copy and is one the bind events cannot offer. NOTE THE STALENESS R78 DID NOT STATE: both bind events fire BEFORE the pass runs, so a copy taken there carries the PREVIOUS frame's vectors. All three silent with candidates present is the only reading that makes optical flow or NGX hooking the honest next step. Two of the barriers per frame on the published source are OURS.
23:58:17:113 [ 2816] | INFO  | [MGPU Bridge] [MGPU][SEAL] new f=5307 slot=2 gap=1 lat=119.00ms pitch=10240 fmt=24 bytes=14745600 bc=0(unimplemented) OK
23:58:19:318 [ 2816] | INFO  | [MGPU Bridge] [MGPU][SEAL] new f=5368 slot=3 gap=1 lat=119.52ms pitch=10240 fmt=24 bytes=14745600 bc=0(unimplemented) OK
23:58:20:099 [19984] | INFO  | [MGPU Bridge] [MGPU][P9.1] META SRC mvec lane: 18 candidate(s), 122 ns/frame over 11898 frames. R72: RANKED AND SORTED BY RTV BINDS - how often each is RENDERED INTO, which is a per-frame usage signal. srvs is kept alongside as the old created over the resource. THIS DOES NOT IDENTIFY MOTION VECTORS - nothing in ReShade says which one they are - it says whether an MVec-shaped resource is visible from a subscriber at all. An empty list with a non-zero examined count is the result that says the NGX hook has to be earned or abandoned. root-descriptor SRV pushes=0 (zero here with a non-zero SRV count above means this engine binds through descriptor TABLES and push_descriptors is blind in it - a fact about the engine, not a fault). | #0 2560x1440 R16G16_FLOAT srvs=1 RTVBINDS=0 (0.00/frame) <-DISPLAY-EXTENT | #1 2560x1440 R16G16_FLOAT srvs=1 RTVBINDS=0 (0.00/frame) <-DISPLAY-EXTENT | #2 1280x720 R16G16_FLOAT srvs=1 RTVBINDS=0 (0.00/frame) | #3 1280x720 R16G16_FLOAT srvs=1 RTVBINDS=0 (0.00/frame) | #4 1280x720 R16G16_FLOAT srvs=1 RTVBINDS=0 (0.00/frame) | #5 1280x720 R16G16_FLOAT srvs=1 RTVBINDS=0 (0.00/frame) | #6 1280x720 R16G16_FLOAT srvs=1 RTVBINDS=0 (0.00/frame) | #7 2560x1440 R16G16_FLOAT srvs=1 RTVBINDS=0 (0.00/frame) <-DISPLAY-EXTENT
23:58:20:101 [19984] | INFO  | [MGPU Bridge] [MGPU][R71] MVEC SIZES over ALL 18 candidate(s): 2560x1440 x13 | 1280x720 x5 | || TRANSPORT SOURCE res=0x1e3d54f3d60 (0 means not identified yet - it needs a display-extent candidate with render-target binds), handed to the transport 0 times, 0 second-binds-in-a-frame skipped. || EVICTIONS: 0 resources destroyed and removed from the tables (R76 - a resolution change destroys every render target, and a stale entry is a copy from freed memory). RTV BINDS SEEN IN TOTAL: 0. THE RANK ABOVE IS NOW RENDER TARGET BINDS, NOT SRV CREATIONS. R25 ranked by SRVs created, got 6/5/3/3, and called it "a candidate, not an identification" - that flatness was the SIGNAL being wrong, not the game. An SRV creation count is a LIFETIME number; a velocity buffer is RENDERED INTO once per frame, and RTVBINDS is that. THE EXTENT TO MATCH IS THE DISPLAY EXTENT 2560x1440, not the render extent: the game's own DLSS telemetry says ColorExtentHeight=936 with MVExtentWidth=2560 MVExtentHeight=1440, so this title feeds HIGH-RESOLUTION motion vectors. A single candidate marked <-DISPLAY-EXTENT with RTVBINDS close to the frame count is the velocity buffer. RTV BINDS SEEN = 0 with candidates present means THIS EVENT did not see it, and says nothing whatever about the other two. R81 retracted the sentence that used to sit here - it named optical flow and NGX hooking as the routes left, before anyone had read the 
23:58:20:101 [19984] | INFO  | [MGPU Bridge] [MGPU][R82] ACQUISITION SIGNALS - three of them, one run. || RTV VIEW TABLE: 16 of 128 entries. THAT IS THE DENOMINATOR R80 COULD NOT SEE - a bind count of zero against an empty table means nothing at all. || OMSetRenderTargets: fired=0 rtvs=0 | matched via OUR TABLE=0 | matched via get_resource_from_view=0 || BeginRenderPass: fired=0 targets=0 matched=0 || Barrier: fired=2621745 resources=3577880 matched=127360, costing 7730 ns/frame || #0 2560x1440 rtv=0 rp=0 bar=4607(0x40->0x8) | #1 2560x1440 rtv=0 rp=0 bar=4607(0x8->0x40) | #2 1280x720 rtv=0 rp=0 bar=1(0xC0->0x4) | #3 1280x720 rtv=0 rp=0 bar=1(0xC0->0x4) | #4 1280x720 rtv=0 rp=0 bar=1(0xC0->0x4) | #5 1280x720 rtv=0 rp=0 bar=1(0xC0->0x4) | || HOW TO READ IT. via TABLE=0 while via get_resource_from_view is non-zero: the table was the whole bug and R76 through R81 were spent on a cache we never needed. BeginRenderPass fired while OMSetRenderTargets did not: this engine uses render passes and we were subscribed to the wrong event. Barrier matched with a per-frame count near the frame count: use THAT permanently - it needs no view, no table and no binding-path assumption, and 0x4->0xC0 (render_target -> shader_resource) is the moment AFTER the pass wrote, which is the correct moment to copy and is one the bind events cannot offer. NOTE THE STALENESS R78 DID NOT STATE: both bind events fire BEFORE the pass runs, so a copy taken there carries the PREVIOUS frame's vectors. All three silent with candidates present is the only reading that makes optical flow or NGX hooking the honest next step. Two of the barriers per frame on the published source are OURS.
23:58:20:509 [ 2816] | INFO  | [MGPU Bridge] [MGPU][R63] DEPTH TRANSPORT f=5401 mode=1 (TRANSPORTED AND BOUND) | producer: valid=5404 invalid=0 size-rejected=0, arm held 0 frame(s) | consumer: seals seen valid=5310 invalid=0 contract mismatches=0 | region 2560x1440 fmt=41 pitch=10240 bytes=14745600 at slot offset 14746112 of 44237312. INVALID IS NOT AN ERROR: ReShade unbinds depth in menus and scene changes, and R61 established that shipping the zeros it leaves behind would hand the model a false flat plane. An invalid frame carries the colour and says so. WHAT WOULD BE AN ERROR is contract mismatches above zero, or valid staying at zero once you are in gameplay - that means the tap is not feeding us. 100.0% of sealed frames carried depth. | GPU 1: unpacked=4885 bound=4750 skipped=0, DepthInverted=1, flag disagreements=0 (the seal crossed the adapter and the slot flag did not, so any disagreement between them is real). BOUND vs SKIPPED IS THE R61 TEST: skipped counts frames where ReShade had no depth and the model was given NONE rather than the previous frame's - open a menu mid-stream and this must move.
23:58:20:509 [ 2816] | INFO  | [MGPU Bridge] [MGPU][R78] MVEC TRANSPORT f=5401 mode=3 REAL | producer: copies=4616 missing=788 size-rejected=0 lock-skipped=0, arm held 6448 frame(s) | consumer: seals seen valid=4613 invalid=697 contract mismatches=0 flag disagreements=0 | region 2560x1440 fmt=34 pitch=10240 bytes=14745600 at slot offset 29491712 of 44237312 | GPU 1: unpacked=4614 bound=4613 skipped=137, scale=(2560.000, 1440.000). 86.9% of sealed frames carried vectors. COPIES IS THE ONE TO WATCH: it counts frames where the bind hook fired and a copy was recorded. If it stays at zero the probe published a handle nobody binds, and MVec never reaches the model whatever the rest of this line says. SKIPPED IS NOT AN ERROR - it counts frames with no vectors, which is what a menu looks like, and those frames are handed NONE rather than the last frame's motion.
23:58:20:509 [ 2816] | INFO  | [MGPU Bridge] [MGPU][R87] MVEC FRAME ALIGNMENT f=5401 | evaluates=4750 | elapsed 1=4616 2=2 3=1 4=1 5=43 6=56 7=26 8+=5 | worst=9 | 97.18% at 1. A motion vector describes ONE game frame; NR reprojects by whatever it is handed. When the frame NR blends against is older than one, history lands SHORT by this factor - zero error at rest, growing with speed, and no constant MVecScale can fix it. The scale is multiplied by this per evaluate. IF THIS LINE IS FLAT AT 1 AND THE ARTEFACT IS UNCHANGED, PACING IS ELIMINATED and what remains is units or sign. P4.1's skipped-frame counter predicts about 99.5% at 1, so a materially lower figure here is a desync no counter has shown us.
23:58:21:503 [ 2816] | INFO  | [MGPU Bridge] [MGPU][SEAL] new f=5429 slot=4 gap=1 lat=116.28ms pitch=10240 fmt=24 bytes=14745600 bc=0(unimplemented) OK
23:58:22:674 [ 2816] | INFO  | [MGPU Bridge] [MGPU][T5] present loop alive: frame 15000 thread id 0xB00
23:58:23:108 [19984] | INFO  | [MGPU Bridge] [MGPU][P9.1] META SRC mvec lane: 18 candidate(s), 122 ns/frame over 11984 frames. R72: RANKED AND SORTED BY RTV BINDS - how often each is RENDERED INTO, which is a per-frame usage signal. srvs is kept alongside as the old created over the resource. THIS DOES NOT IDENTIFY MOTION VECTORS - nothing in ReShade says which one they are - it says whether an MVec-shaped resource is visible from a subscriber at all. An empty list with a non-zero examined count is the result that says the NGX hook has to be earned or abandoned. root-descriptor SRV pushes=0 (zero here with a non-zero SRV count above means this engine binds through descriptor TABLES and push_descriptors is blind in it - a fact about the engine, not a fault). | #0 2560x1440 R16G16_FLOAT srvs=1 RTVBINDS=0 (0.00/frame) <-DISPLAY-EXTENT | #1 2560x1440 R16G16_FLOAT srvs=1 RTVBINDS=0 (0.00/frame) <-DISPLAY-EXTENT | #2 1280x720 R16G16_FLOAT srvs=1 RTVBINDS=0 (0.00/frame) | #3 1280x720 R16G16_FLOAT srvs=1 RTVBINDS=0 (0.00/frame) | #4 1280x720 R16G16_FLOAT srvs=1 RTVBINDS=0 (0.00/frame) | #5 1280x720 R16G16_FLOAT srvs=1 RTVBINDS=0 (0.00/frame) | #6 1280x720 R16G16_FLOAT srvs=1 RTVBINDS=0 (0.00/frame) | #7 2560x1440 R16G16_FLOAT srvs=1 RTVBINDS=0 (0.00/frame) <-DISPLAY-EXTENT
23:58:23:108 [19984] | INFO  | [MGPU Bridge] [MGPU][R71] MVEC SIZES over ALL 18 candidate(s): 2560x1440 x13 | 1280x720 x5 | || TRANSPORT SOURCE res=0x1e3d54f3d60 (0 means not identified yet - it needs a display-extent candidate with render-target binds), handed to the transport 0 times, 0 second-binds-in-a-frame skipped. || EVICTIONS: 0 resources destroyed and removed from the tables (R76 - a resolution change destroys every render target, and a stale entry is a copy from freed memory). RTV BINDS SEEN IN TOTAL: 0. THE RANK ABOVE IS NOW RENDER TARGET BINDS, NOT SRV CREATIONS. R25 ranked by SRVs created, got 6/5/3/3, and called it "a candidate, not an identification" - that flatness was the SIGNAL being wrong, not the game. An SRV creation count is a LIFETIME number; a velocity buffer is RENDERED INTO once per frame, and RTVBINDS is that. THE EXTENT TO MATCH IS THE DISPLAY EXTENT 2560x1440, not the render extent: the game's own DLSS telemetry says ColorExtentHeight=936 with MVExtentWidth=2560 MVExtentHeight=1440, so this title feeds HIGH-RESOLUTION motion vectors. A single candidate marked <-DISPLAY-EXTENT with RTVBINDS close to the frame count is the velocity buffer. RTV BINDS SEEN = 0 with candidates present means THIS EVENT did not see it, and says nothing whatever about the other two. R81 retracted the sentence that used to sit here - it named optical flow and NGX hooking as the routes left, before anyone had read the 
23:58:23:108 [19984] | INFO  | [MGPU Bridge] [MGPU][R82] ACQUISITION SIGNALS - three of them, one run. || RTV VIEW TABLE: 16 of 128 entries. THAT IS THE DENOMINATOR R80 COULD NOT SEE - a bind count of zero against an empty table means nothing at all. || OMSetRenderTargets: fired=0 rtvs=0 | matched via OUR TABLE=0 | matched via get_resource_from_view=0 || BeginRenderPass: fired=0 targets=0 matched=0 || Barrier: fired=2663721 resources=3637486 matched=129682, costing 7800 ns/frame || #0 2560x1440 rtv=0 rp=0 bar=4693(0x40->0x8) | #1 2560x1440 rtv=0 rp=0 bar=4693(0x8->0x40) | #2 1280x720 rtv=0 rp=0 bar=1(0xC0->0x4) | #3 1280x720 rtv=0 rp=0 bar=1(0xC0->0x4) | #4 1280x720 rtv=0 rp=0 bar=1(0xC0->0x4) | #5 1280x720 rtv=0 rp=0 bar=1(0xC0->0x4) | || HOW TO READ IT. via TABLE=0 while via get_resource_from_view is non-zero: the table was the whole bug and R76 through R81 were spent on a cache we never needed. BeginRenderPass fired while OMSetRenderTargets did not: this engine uses render passes and we were subscribed to the wrong event. Barrier matched with a per-frame count near the frame count: use THAT permanently - it needs no view, no table and no binding-path assumption, and 0x4->0xC0 (render_target -> shader_resource) is the moment AFTER the pass wrote, which is the correct moment to copy and is one the bind events cannot offer. NOTE THE STALENESS R78 DID NOT STATE: both bind events fire BEFORE the pass runs, so a copy taken there carries the PREVIOUS frame's vectors. All three silent with candidates present is the only reading that makes optical flow or NGX hooking the honest next step. Two of the barriers per frame on the published source are OURS.
23:58:23:597 [ 2816] | INFO  | [MGPU Bridge] [MGPU][SEAL] new f=5490 slot=5 gap=1 lat=113.58ms pitch=10240 fmt=24 bytes=14745600 bc=0(unimplemented) OK
23:58:23:654 [19984] | INFO  | [MGPU Bridge] [MGPU][R101] CALIBRATOR mode=2 site=iat | slots=40 data-slots=0 modules=137 gpa-calls=308 | resolved=1 creates=1 sr-handle=known | evaluates=4709 captured=4709 | cost 1056 ns/frame | eval-copies=4709 eval-skips=0. || THE GAME'S OWN TABLE: color=0x1e3d59313d0 depth=0x1e30be773c0 MVEC=0x1e3d43fa420 output=0x1e3d5593970 | MVecScale 2560.0000,1440.0000 | jitter 0.0000,-0.1667 | Reset=0 | CreateFlags=0x3 -> DepthInverted=0 MVLowRes=1 MVJittered=0 IsHDR=1 AutoExposure=0 | quality=5 | render 2560x1440 -> display 2560x1440 | dynamic 0x0..0x0 | subrect 2560x1440 at color(0,0) depth(0,0) MV(0,0) out(0,0) | have=0xfff. || HOW TO READ IT. resolved=0 with evaluates=0 means no module asked for the entry point after we installed - either the title does not use DLSS, or it resolved before the addon loaded; the barrier path is untouched either way and is still what drives. sr-handle=UNFILTERED means we were not present for CreateFeature, so the table may be from frame generation rather than super sampling - check that render/display extents look like a supersampling pair before trusting it. MVEC here is the GAME'S answer to the question every round from R70 to R100 tried to infer; if it does not equal the handle the barrier probe armed on Dragon Sword, the probe was wrong on a title we believed, and THAT is the finding. have=0 bits name the keys this producer does not populate - Streamline and the raw SDK do not set the same subset, and the difference is a fact about the route, not a bug. MVLowRes IS DEFERRED OPTION 11 ANSWERED: 1 means the game's motion vectors are at RENDER resolution, 0 means display resolution, and we have been inferring that from buffer sizes since R83. Read it together with MVecScale - a low-res field with a display-sized scale is the shape that makes reprojection look almost right.
23:58:25:678 [ 2816] | INFO  | [MGPU Bridge] [MGPU][SEAL] new f=5551 slot=0 gap=1 lat=114.32ms pitch=10240 fmt=24 bytes=14745600 bc=0(unimplemented) OK
23:58:26:111 [19984] | INFO  | [MGPU Bridge] [MGPU][P9.1] META SRC mvec lane: 18 candidate(s), 121 ns/frame over 12072 frames. R72: RANKED AND SORTED BY RTV BINDS - how often each is RENDERED INTO, which is a per-frame usage signal. srvs is kept alongside as the old created over the resource. THIS DOES NOT IDENTIFY MOTION VECTORS - nothing in ReShade says which one they are - it says whether an MVec-shaped resource is visible from a subscriber at all. An empty list with a non-zero examined count is the result that says the NGX hook has to be earned or abandoned. root-descriptor SRV pushes=0 (zero here with a non-zero SRV count above means this engine binds through descriptor TABLES and push_descriptors is blind in it - a fact about the engine, not a fault). | #0 2560x1440 R16G16_FLOAT srvs=1 RTVBINDS=0 (0.00/frame) <-DISPLAY-EXTENT | #1 2560x1440 R16G16_FLOAT srvs=1 RTVBINDS=0 (0.00/frame) <-DISPLAY-EXTENT | #2 1280x720 R16G16_FLOAT srvs=1 RTVBINDS=0 (0.00/frame) | #3 1280x720 R16G16_FLOAT srvs=1 RTVBINDS=0 (0.00/frame) | #4 1280x720 R16G16_FLOAT srvs=1 RTVBINDS=0 (0.00/frame) | #5 1280x720 R16G16_FLOAT srvs=1 RTVBINDS=0 (0.00/frame) | #6 1280x720 R16G16_FLOAT srvs=1 RTVBINDS=0 (0.00/frame) | #7 2560x1440 R16G16_FLOAT srvs=1 RTVBINDS=0 (0.00/frame) <-DISPLAY-EXTENT
23:58:26:112 [19984] | INFO  | [MGPU Bridge] [MGPU][R71] MVEC SIZES over ALL 18 candidate(s): 2560x1440 x13 | 1280x720 x5 | || TRANSPORT SOURCE res=0x1e3d54f3d60 (0 means not identified yet - it needs a display-extent candidate with render-target binds), handed to the transport 0 times, 0 second-binds-in-a-frame skipped. || EVICTIONS: 0 resources destroyed and removed from the tables (R76 - a resolution change destroys every render target, and a stale entry is a copy from freed memory). RTV BINDS SEEN IN TOTAL: 0. THE RANK ABOVE IS NOW RENDER TARGET BINDS, NOT SRV CREATIONS. R25 ranked by SRVs created, got 6/5/3/3, and called it "a candidate, not an identification" - that flatness was the SIGNAL being wrong, not the game. An SRV creation count is a LIFETIME number; a velocity buffer is RENDERED INTO once per frame, and RTVBINDS is that. THE EXTENT TO MATCH IS THE DISPLAY EXTENT 2560x1440, not the render extent: the game's own DLSS telemetry says ColorExtentHeight=936 with MVExtentWidth=2560 MVExtentHeight=1440, so this title feeds HIGH-RESOLUTION motion vectors. A single candidate marked <-DISPLAY-EXTENT with RTVBINDS close to the frame count is the velocity buffer. RTV BINDS SEEN = 0 with candidates present means THIS EVENT did not see it, and says nothing whatever about the other two. R81 retracted the sentence that used to sit here - it named optical flow and NGX hooking as the routes left, before anyone had read the 
23:58:26:112 [19984] | INFO  | [MGPU Bridge] [MGPU][R82] ACQUISITION SIGNALS - three of them, one run. || RTV VIEW TABLE: 16 of 128 entries. THAT IS THE DENOMINATOR R80 COULD NOT SEE - a bind count of zero against an empty table means nothing at all. || OMSetRenderTargets: fired=0 rtvs=0 | matched via OUR TABLE=0 | matched via get_resource_from_view=0 || BeginRenderPass: fired=0 targets=0 matched=0 || Barrier: fired=2706773 resources=3698578 matched=132058, costing 7871 ns/frame || #0 2560x1440 rtv=0 rp=0 bar=4781(0x40->0x8) | #1 2560x1440 rtv=0 rp=0 bar=4781(0x8->0x40) | #2 1280x720 rtv=0 rp=0 bar=1(0xC0->0x4) | #3 1280x720 rtv=0 rp=0 bar=1(0xC0->0x4) | #4 1280x720 rtv=0 rp=0 bar=1(0xC0->0x4) | #5 1280x720 rtv=0 rp=0 bar=1(0xC0->0x4) | || HOW TO READ IT. via TABLE=0 while via get_resource_from_view is non-zero: the table was the whole bug and R76 through R81 were spent on a cache we never needed. BeginRenderPass fired while OMSetRenderTargets did not: this engine uses render passes and we were subscribed to the wrong event. Barrier matched with a per-frame count near the frame count: use THAT permanently - it needs no view, no table and no binding-path assumption, and 0x4->0xC0 (render_target -> shader_resource) is the moment AFTER the pass wrote, which is the correct moment to copy and is one the bind events cannot offer. NOTE THE STALENESS R78 DID NOT STATE: both bind events fire BEFORE the pass runs, so a copy taken there carries the PREVIOUS frame's vectors. All three silent with candidates present is the only reading that makes optical flow or NGX hooking the honest next step. Two of the barriers per frame on the published source are OURS.
23:58:27:724 [ 2816] | INFO  | [MGPU Bridge] [MGPU][SEAL] new f=5612 slot=1 gap=1 lat=100.97ms pitch=10240 fmt=24 bytes=14745600 bc=0(unimplemented) OK
23:58:29:145 [19984] | INFO  | [MGPU Bridge] [MGPU][P9.1] META SRC mvec lane: 18 candidate(s), 120 ns/frame over 12165 frames. R72: RANKED AND SORTED BY RTV BINDS - how often each is RENDERED INTO, which is a per-frame usage signal. srvs is kept alongside as the old created over the resource. THIS DOES NOT IDENTIFY MOTION VECTORS - nothing in ReShade says which one they are - it says whether an MVec-shaped resource is visible from a subscriber at all. An empty list with a non-zero examined count is the result that says the NGX hook has to be earned or abandoned. root-descriptor SRV pushes=0 (zero here with a non-zero SRV count above means this engine binds through descriptor TABLES and push_descriptors is blind in it - a fact about the engine, not a fault). | #0 2560x1440 R16G16_FLOAT srvs=1 RTVBINDS=0 (0.00/frame) <-DISPLAY-EXTENT | #1 2560x1440 R16G16_FLOAT srvs=1 RTVBINDS=0 (0.00/frame) <-DISPLAY-EXTENT | #2 1280x720 R16G16_FLOAT srvs=1 RTVBINDS=0 (0.00/frame) | #3 1280x720 R16G16_FLOAT srvs=1 RTVBINDS=0 (0.00/frame) | #4 1280x720 R16G16_FLOAT srvs=1 RTVBINDS=0 (0.00/frame) | #5 1280x720 R16G16_FLOAT srvs=1 RTVBINDS=0 (0.00/frame) | #6 1280x720 R16G16_FLOAT srvs=1 RTVBINDS=0 (0.00/frame) | #7 2560x1440 R16G16_FLOAT srvs=1 RTVBINDS=0 (0.00/frame) <-DISPLAY-EXTENT
23:58:29:145 [19984] | INFO  | [MGPU Bridge] [MGPU][R71] MVEC SIZES over ALL 18 candidate(s): 2560x1440 x13 | 1280x720 x5 | || TRANSPORT SOURCE res=0x1e3d54f3d60 (0 means not identified yet - it needs a display-extent candidate with render-target binds), handed to the transport 0 times, 0 second-binds-in-a-frame skipped. || EVICTIONS: 0 resources destroyed and removed from the tables (R76 - a resolution change destroys every render target, and a stale entry is a copy from freed memory). RTV BINDS SEEN IN TOTAL: 0. THE RANK ABOVE IS NOW RENDER TARGET BINDS, NOT SRV CREATIONS. R25 ranked by SRVs created, got 6/5/3/3, and called it "a candidate, not an identification" - that flatness was the SIGNAL being wrong, not the game. An SRV creation count is a LIFETIME number; a velocity buffer is RENDERED INTO once per frame, and RTVBINDS is that. THE EXTENT TO MATCH IS THE DISPLAY EXTENT 2560x1440, not the render extent: the game's own DLSS telemetry says ColorExtentHeight=936 with MVExtentWidth=2560 MVExtentHeight=1440, so this title feeds HIGH-RESOLUTION motion vectors. A single candidate marked <-DISPLAY-EXTENT with RTVBINDS close to the frame count is the velocity buffer. RTV BINDS SEEN = 0 with candidates present means THIS EVENT did not see it, and says nothing whatever about the other two. R81 retracted the sentence that used to sit here - it named optical flow and NGX hooking as the routes left, before anyone had read the 
23:58:29:145 [19984] | INFO  | [MGPU Bridge] [MGPU][R82] ACQUISITION SIGNALS - three of them, one run. || RTV VIEW TABLE: 16 of 128 entries. THAT IS THE DENOMINATOR R80 COULD NOT SEE - a bind count of zero against an empty table means nothing at all. || OMSetRenderTargets: fired=0 rtvs=0 | matched via OUR TABLE=0 | matched via get_resource_from_view=0 || BeginRenderPass: fired=0 targets=0 matched=0 || Barrier: fired=2753373 resources=3764287 matched=134569, costing 7948 ns/frame || #0 2560x1440 rtv=0 rp=0 bar=4874(0x8->0x40) | #1 2560x1440 rtv=0 rp=0 bar=4874(0x40->0x8) | #2 1280x720 rtv=0 rp=0 bar=1(0xC0->0x4) | #3 1280x720 rtv=0 rp=0 bar=1(0xC0->0x4) | #4 1280x720 rtv=0 rp=0 bar=1(0xC0->0x4) | #5 1280x720 rtv=0 rp=0 bar=1(0xC0->0x4) | || HOW TO READ IT. via TABLE=0 while via get_resource_from_view is non-zero: the table was the whole bug and R76 through R81 were spent on a cache we never needed. BeginRenderPass fired while OMSetRenderTargets did not: this engine uses render passes and we were subscribed to the wrong event. Barrier matched with a per-frame count near the frame count: use THAT permanently - it needs no view, no table and no binding-path assumption, and 0x4->0xC0 (render_target -> shader_resource) is the moment AFTER the pass wrote, which is the correct moment to copy and is one the bind events cannot offer. NOTE THE STALENESS R78 DID NOT STATE: both bind events fire BEFORE the pass runs, so a copy taken there carries the PREVIOUS frame's vectors. All three silent with candidates present is the only reading that makes optical flow or NGX hooking the honest next step. Two of the barriers per frame on the published source are OURS.
23:58:29:690 [ 2816] | INFO  | [MGPU Bridge] [MGPU][SEAL] new f=5673 slot=2 gap=1 lat=111.73ms pitch=10240 fmt=24 bytes=14745600 bc=0(unimplemented) OK
23:58:30:613 [ 2816] | INFO  | [MGPU Bridge] [MGPU][R63] DEPTH TRANSPORT f=5701 mode=1 (TRANSPORTED AND BOUND) | producer: valid=5704 invalid=0 size-rejected=0, arm held 0 frame(s) | consumer: seals seen valid=5610 invalid=0 contract mismatches=0 | region 2560x1440 fmt=41 pitch=10240 bytes=14745600 at slot offset 14746112 of 44237312. INVALID IS NOT AN ERROR: ReShade unbinds depth in menus and scene changes, and R61 established that shipping the zeros it leaves behind would hand the model a false flat plane. An invalid frame carries the colour and says so. WHAT WOULD BE AN ERROR is contract mismatches above zero, or valid staying at zero once you are in gameplay - that means the tap is not feeding us. 100.0% of sealed frames carried depth. | GPU 1: unpacked=5185 bound=5050 skipped=0, DepthInverted=1, flag disagreements=0 (the seal crossed the adapter and the slot flag did not, so any disagreement between them is real). BOUND vs SKIPPED IS THE R61 TEST: skipped counts frames where ReShade had no depth and the model was given NONE rather than the previous frame's - open a menu mid-stream and this must move.
23:58:30:613 [ 2816] | INFO  | [MGPU Bridge] [MGPU][R78] MVEC TRANSPORT f=5701 mode=3 REAL | producer: copies=4916 missing=788 size-rejected=0 lock-skipped=0, arm held 6448 frame(s) | consumer: seals seen valid=4913 invalid=697 contract mismatches=0 flag disagreements=0 | region 2560x1440 fmt=34 pitch=10240 bytes=14745600 at slot offset 29491712 of 44237312 | GPU 1: unpacked=4914 bound=4913 skipped=137, scale=(2560.000, 1440.000). 87.6% of sealed frames carried vectors. COPIES IS THE ONE TO WATCH: it counts frames where the bind hook fired and a copy was recorded. If it stays at zero the probe published a handle nobody binds, and MVec never reaches the model whatever the rest of this line says. SKIPPED IS NOT AN ERROR - it counts frames with no vectors, which is what a menu looks like, and those frames are handed NONE rather than the last frame's motion.
23:58:30:613 [ 2816] | INFO  | [MGPU Bridge] [MGPU][R87] MVEC FRAME ALIGNMENT f=5701 | evaluates=5050 | elapsed 1=4916 2=2 3=1 4=1 5=43 6=56 7=26 8+=5 | worst=9 | 97.35% at 1. A motion vector describes ONE game frame; NR reprojects by whatever it is handed. When the frame NR blends against is older than one, history lands SHORT by this factor - zero error at rest, growing with speed, and no constant MVecScale can fix it. The scale is multiplied by this per evaluate. IF THIS LINE IS FLAT AT 1 AND THE ARTEFACT IS UNCHANGED, PACING IS ELIMINATED and what remains is units or sign. P4.1's skipped-frame counter predicts about 99.5% at 1, so a materially lower figure here is a desync no counter has shown us.
23:58:31:609 [ 2816] | INFO  | [MGPU Bridge] [MGPU][SEAL] new f=5734 slot=3 gap=1 lat=97.64ms pitch=10240 fmt=24 bytes=14745600 bc=0(unimplemented) OK
23:58:32:153 [19984] | INFO  | [MGPU Bridge] [MGPU][P9.1] META SRC mvec lane: 18 candidate(s), 121 ns/frame over 12262 frames. R72: RANKED AND SORTED BY RTV BINDS - how often each is RENDERED INTO, which is a per-frame usage signal. srvs is kept alongside as the old created over the resource. THIS DOES NOT IDENTIFY MOTION VECTORS - nothing in ReShade says which one they are - it says whether an MVec-shaped resource is visible from a subscriber at all. An empty list with a non-zero examined count is the result that says the NGX hook has to be earned or abandoned. root-descriptor SRV pushes=0 (zero here with a non-zero SRV count above means this engine binds through descriptor TABLES and push_descriptors is blind in it - a fact about the engine, not a fault). | #0 2560x1440 R16G16_FLOAT srvs=1 RTVBINDS=0 (0.00/frame) <-DISPLAY-EXTENT | #1 2560x1440 R16G16_FLOAT srvs=1 RTVBINDS=0 (0.00/frame) <-DISPLAY-EXTENT | #2 1280x720 R16G16_FLOAT srvs=1 RTVBINDS=0 (0.00/frame) | #3 1280x720 R16G16_FLOAT srvs=1 RTVBINDS=0 (0.00/frame) | #4 1280x720 R16G16_FLOAT srvs=1 RTVBINDS=0 (0.00/frame) | #5 1280x720 R16G16_FLOAT srvs=1 RTVBINDS=0 (0.00/frame) | #6 1280x720 R16G16_FLOAT srvs=1 RTVBINDS=0 (0.00/frame) | #7 2560x1440 R16G16_FLOAT srvs=1 RTVBINDS=0 (0.00/frame) <-DISPLAY-EXTENT
23:58:32:154 [19984] | INFO  | [MGPU Bridge] [MGPU][R71] MVEC SIZES over ALL 18 candidate(s): 2560x1440 x13 | 1280x720 x5 | || TRANSPORT SOURCE res=0x1e3d54f3d60 (0 means not identified yet - it needs a display-extent candidate with render-target binds), handed to the transport 0 times, 0 second-binds-in-a-frame skipped. || EVICTIONS: 0 resources destroyed and removed from the tables (R76 - a resolution change destroys every render target, and a stale entry is a copy from freed memory). RTV BINDS SEEN IN TOTAL: 0. THE RANK ABOVE IS NOW RENDER TARGET BINDS, NOT SRV CREATIONS. R25 ranked by SRVs created, got 6/5/3/3, and called it "a candidate, not an identification" - that flatness was the SIGNAL being wrong, not the game. An SRV creation count is a LIFETIME number; a velocity buffer is RENDERED INTO once per frame, and RTVBINDS is that. THE EXTENT TO MATCH IS THE DISPLAY EXTENT 2560x1440, not the render extent: the game's own DLSS telemetry says ColorExtentHeight=936 with MVExtentWidth=2560 MVExtentHeight=1440, so this title feeds HIGH-RESOLUTION motion vectors. A single candidate marked <-DISPLAY-EXTENT with RTVBINDS close to the frame count is the velocity buffer. RTV BINDS SEEN = 0 with candidates present means THIS EVENT did not see it, and says nothing whatever about the other two. R81 retracted the sentence that used to sit here - it named optical flow and NGX hooking as the routes left, before anyone had read the 
23:58:32:154 [19984] | INFO  | [MGPU Bridge] [MGPU][R82] ACQUISITION SIGNALS - three of them, one run. || RTV VIEW TABLE: 16 of 128 entries. THAT IS THE DENOMINATOR R80 COULD NOT SEE - a bind count of zero against an empty table means nothing at all. || OMSetRenderTargets: fired=0 rtvs=0 | matched via OUR TABLE=0 | matched via get_resource_from_view=0 || BeginRenderPass: fired=0 targets=0 matched=0 || Barrier: fired=2804221 resources=3835104 matched=137240, costing 8035 ns/frame || #0 2560x1440 rtv=0 rp=0 bar=4971(0x40->0x8) | #1 2560x1440 rtv=0 rp=0 bar=4971(0x8->0x40) | #2 1280x720 rtv=0 rp=0 bar=1(0xC0->0x4) | #3 1280x720 rtv=0 rp=0 bar=1(0xC0->0x4) | #4 1280x720 rtv=0 rp=0 bar=1(0xC0->0x4) | #5 1280x720 rtv=0 rp=0 bar=1(0xC0->0x4) | || HOW TO READ IT. via TABLE=0 while via get_resource_from_view is non-zero: the table was the whole bug and R76 through R81 were spent on a cache we never needed. BeginRenderPass fired while OMSetRenderTargets did not: this engine uses render passes and we were subscribed to the wrong event. Barrier matched with a per-frame count near the frame count: use THAT permanently - it needs no view, no table and no binding-path assumption, and 0x4->0xC0 (render_target -> shader_resource) is the moment AFTER the pass wrote, which is the correct moment to copy and is one the bind events cannot offer. NOTE THE STALENESS R78 DID NOT STATE: both bind events fire BEFORE the pass runs, so a copy taken there carries the PREVIOUS frame's vectors. All three silent with candidates present is the only reading that makes optical flow or NGX hooking the honest next step. Two of the barriers per frame on the published source are OURS.
23:58:33:231 [19984] | INFO  | [MGPU Bridge] [MGPU][R101] CALIBRATOR mode=2 site=iat | slots=40 data-slots=0 modules=137 gpa-calls=308 | resolved=1 creates=1 sr-handle=known | evaluates=5009 captured=5009 | cost 1094 ns/frame | eval-copies=5009 eval-skips=0. || THE GAME'S OWN TABLE: color=0x1e3d59313d0 depth=0x1e30be773c0 MVEC=0x1e3d43fa420 output=0x1e3d5593970 | MVecScale 2560.0000,1440.0000 | jitter 0.1250,0.2778 | Reset=0 | CreateFlags=0x3 -> DepthInverted=0 MVLowRes=1 MVJittered=0 IsHDR=1 AutoExposure=0 | quality=5 | render 2560x1440 -> display 2560x1440 | dynamic 0x0..0x0 | subrect 2560x1440 at color(0,0) depth(0,0) MV(0,0) out(0,0) | have=0xfff. || HOW TO READ IT. resolved=0 with evaluates=0 means no module asked for the entry point after we installed - either the title does not use DLSS, or it resolved before the addon loaded; the barrier path is untouched either way and is still what drives. sr-handle=UNFILTERED means we were not present for CreateFeature, so the table may be from frame generation rather than super sampling - check that render/display extents look like a supersampling pair before trusting it. MVEC here is the GAME'S answer to the question every round from R70 to R100 tried to infer; if it does not equal the handle the barrier probe armed on Dragon Sword, the probe was wrong on a title we believed, and THAT is the finding. have=0 bits name the keys this producer does not populate - Streamline and the raw SDK do not set the same subset, and the difference is a fact about the route, not a bug. MVLowRes IS DEFERRED OPTION 11 ANSWERED: 1 means the game's motion vectors are at RENDER resolution, 0 means display resolution, and we have been inferring that from buffer sizes since R83. Read it together with MVecScale - a low-res field with a display-sized scale is the shape that makes reprojection look almost right.
23:58:33:328 [ 2816] | INFO  | [MGPU Bridge] [MGPU][SEAL] new f=5795 slot=4 gap=1 lat=96.86ms pitch=10240 fmt=24 bytes=14745600 bc=0(unimplemented) OK
23:58:34:975 [ 2816] | INFO  | [MGPU Bridge] [MGPU][SEAL] new f=5856 slot=5 gap=1 lat=89.92ms pitch=10240 fmt=24 bytes=14745600 bc=0(unimplemented) OK
23:58:35:178 [19984] | INFO  | [MGPU Bridge] [MGPU][P9.1] META SRC mvec lane: 18 candidate(s), 122 ns/frame over 12372 frames. R72: RANKED AND SORTED BY RTV BINDS - how often each is RENDERED INTO, which is a per-frame usage signal. srvs is kept alongside as the old created over the resource. THIS DOES NOT IDENTIFY MOTION VECTORS - nothing in ReShade says which one they are - it says whether an MVec-shaped resource is visible from a subscriber at all. An empty list with a non-zero examined count is the result that says the NGX hook has to be earned or abandoned. root-descriptor SRV pushes=0 (zero here with a non-zero SRV count above means this engine binds through descriptor TABLES and push_descriptors is blind in it - a fact about the engine, not a fault). | #0 2560x1440 R16G16_FLOAT srvs=1 RTVBINDS=0 (0.00/frame) <-DISPLAY-EXTENT | #1 2560x1440 R16G16_FLOAT srvs=1 RTVBINDS=0 (0.00/frame) <-DISPLAY-EXTENT | #2 1280x720 R16G16_FLOAT srvs=1 RTVBINDS=0 (0.00/frame) | #3 1280x720 R16G16_FLOAT srvs=1 RTVBINDS=0 (0.00/frame) | #4 1280x720 R16G16_FLOAT srvs=1 RTVBINDS=0 (0.00/frame) | #5 1280x720 R16G16_FLOAT srvs=1 RTVBINDS=0 (0.00/frame) | #6 1280x720 R16G16_FLOAT srvs=1 RTVBINDS=0 (0.00/frame) | #7 2560x1440 R16G16_FLOAT srvs=1 RTVBINDS=0 (0.00/frame) <-DISPLAY-EXTENT
23:58:35:180 [19984] | INFO  | [MGPU Bridge] [MGPU][R71] MVEC SIZES over ALL 18 candidate(s): 2560x1440 x13 | 1280x720 x5 | || TRANSPORT SOURCE res=0x1e3d54f3d60 (0 means not identified yet - it needs a display-extent candidate with render-target binds), handed to the transport 0 times, 0 second-binds-in-a-frame skipped. || EVICTIONS: 0 resources destroyed and removed from the tables (R76 - a resolution change destroys every render target, and a stale entry is a copy from freed memory). RTV BINDS SEEN IN TOTAL: 0. THE RANK ABOVE IS NOW RENDER TARGET BINDS, NOT SRV CREATIONS. R25 ranked by SRVs created, got 6/5/3/3, and called it "a candidate, not an identification" - that flatness was the SIGNAL being wrong, not the game. An SRV creation count is a LIFETIME number; a velocity buffer is RENDERED INTO once per frame, and RTVBINDS is that. THE EXTENT TO MATCH IS THE DISPLAY EXTENT 2560x1440, not the render extent: the game's own DLSS telemetry says ColorExtentHeight=936 with MVExtentWidth=2560 MVExtentHeight=1440, so this title feeds HIGH-RESOLUTION motion vectors. A single candidate marked <-DISPLAY-EXTENT with RTVBINDS close to the frame count is the velocity buffer. RTV BINDS SEEN = 0 with candidates present means THIS EVENT did not see it, and says nothing whatever about the other two. R81 retracted the sentence that used to sit here - it named optical flow and NGX hooking as the routes left, before anyone had read the 
23:58:35:180 [19984] | INFO  | [MGPU Bridge] [MGPU][R82] ACQUISITION SIGNALS - three of them, one run. || RTV VIEW TABLE: 16 of 128 entries. THAT IS THE DENOMINATOR R80 COULD NOT SEE - a bind count of zero against an empty table means nothing at all. || OMSetRenderTargets: fired=0 rtvs=0 | matched via OUR TABLE=0 | matched via get_resource_from_view=0 || BeginRenderPass: fired=0 targets=0 matched=0 || Barrier: fired=2865539 resources=3918826 matched=140330, costing 8137 ns/frame || #0 2560x1440 rtv=0 rp=0 bar=5081(0x40->0x8) | #1 2560x1440 rtv=0 rp=0 bar=5081(0x8->0x40) | #2 1280x720 rtv=0 rp=0 bar=1(0xC0->0x4) | #3 1280x720 rtv=0 rp=0 bar=1(0xC0->0x4) | #4 1280x720 rtv=0 rp=0 bar=1(0xC0->0x4) | #5 1280x720 rtv=0 rp=0 bar=1(0xC0->0x4) | || HOW TO READ IT. via TABLE=0 while via get_resource_from_view is non-zero: the table was the whole bug and R76 through R81 were spent on a cache we never needed. BeginRenderPass fired while OMSetRenderTargets did not: this engine uses render passes and we were subscribed to the wrong event. Barrier matched with a per-frame count near the frame count: use THAT permanently - it needs no view, no table and no binding-path assumption, and 0x4->0xC0 (render_target -> shader_resource) is the moment AFTER the pass wrote, which is the correct moment to copy and is one the bind events cannot offer. NOTE THE STALENESS R78 DID NOT STATE: both bind events fire BEFORE the pass runs, so a copy taken there carries the PREVIOUS frame's vectors. All three silent with candidates present is the only reading that makes optical flow or NGX hooking the honest next step. Two of the barriers per frame on the published source are OURS.
23:58:36:676 [ 2816] | INFO  | [MGPU Bridge] [MGPU][SEAL] new f=5917 slot=0 gap=1 lat=94.79ms pitch=10240 fmt=24 bytes=14745600 bc=0(unimplemented) OK
23:58:38:191 [19984] | INFO  | [MGPU Bridge] [MGPU][P9.1] META SRC mvec lane: 18 candidate(s), 123 ns/frame over 12477 frames. R72: RANKED AND SORTED BY RTV BINDS - how often each is RENDERED INTO, which is a per-frame usage signal. srvs is kept alongside as the old created over the resource. THIS DOES NOT IDENTIFY MOTION VECTORS - nothing in ReShade says which one they are - it says whether an MVec-shaped resource is visible from a subscriber at all. An empty list with a non-zero examined count is the result that says the NGX hook has to be earned or abandoned. root-descriptor SRV pushes=0 (zero here with a non-zero SRV count above means this engine binds through descriptor TABLES and push_descriptors is blind in it - a fact about the engine, not a fault). | #0 2560x1440 R16G16_FLOAT srvs=1 RTVBINDS=0 (0.00/frame) <-DISPLAY-EXTENT | #1 2560x1440 R16G16_FLOAT srvs=1 RTVBINDS=0 (0.00/frame) <-DISPLAY-EXTENT | #2 1280x720 R16G16_FLOAT srvs=1 RTVBINDS=0 (0.00/frame) | #3 1280x720 R16G16_FLOAT srvs=1 RTVBINDS=0 (0.00/frame) | #4 1280x720 R16G16_FLOAT srvs=1 RTVBINDS=0 (0.00/frame) | #5 1280x720 R16G16_FLOAT srvs=1 RTVBINDS=0 (0.00/frame) | #6 1280x720 R16G16_FLOAT srvs=1 RTVBINDS=0 (0.00/frame) | #7 2560x1440 R16G16_FLOAT srvs=1 RTVBINDS=0 (0.00/frame) <-DISPLAY-EXTENT
23:58:38:192 [19984] | INFO  | [MGPU Bridge] [MGPU][R71] MVEC SIZES over ALL 18 candidate(s): 2560x1440 x13 | 1280x720 x5 | || TRANSPORT SOURCE res=0x1e3d54f3d60 (0 means not identified yet - it needs a display-extent candidate with render-target binds), handed to the transport 0 times, 0 second-binds-in-a-frame skipped. || EVICTIONS: 0 resources destroyed and removed from the tables (R76 - a resolution change destroys every render target, and a stale entry is a copy from freed memory). RTV BINDS SEEN IN TOTAL: 0. THE RANK ABOVE IS NOW RENDER TARGET BINDS, NOT SRV CREATIONS. R25 ranked by SRVs created, got 6/5/3/3, and called it "a candidate, not an identification" - that flatness was the SIGNAL being wrong, not the game. An SRV creation count is a LIFETIME number; a velocity buffer is RENDERED INTO once per frame, and RTVBINDS is that. THE EXTENT TO MATCH IS THE DISPLAY EXTENT 2560x1440, not the render extent: the game's own DLSS telemetry says ColorExtentHeight=936 with MVExtentWidth=2560 MVExtentHeight=1440, so this title feeds HIGH-RESOLUTION motion vectors. A single candidate marked <-DISPLAY-EXTENT with RTVBINDS close to the frame count is the velocity buffer. RTV BINDS SEEN = 0 with candidates present means THIS EVENT did not see it, and says nothing whatever about the other two. R81 retracted the sentence that used to sit here - it named optical flow and NGX hooking as the routes left, before anyone had read the 
23:58:38:192 [19984] | INFO  | [MGPU Bridge] [MGPU][R82] ACQUISITION SIGNALS - three of them, one run. || RTV VIEW TABLE: 16 of 128 entries. THAT IS THE DENOMINATOR R80 COULD NOT SEE - a bind count of zero against an empty table means nothing at all. || OMSetRenderTargets: fired=0 rtvs=0 | matched via OUR TABLE=0 | matched via get_resource_from_view=0 || BeginRenderPass: fired=0 targets=0 matched=0 || Barrier: fired=2922930 resources=3997642 matched=143349, costing 8234 ns/frame || #0 2560x1440 rtv=0 rp=0 bar=5186(0x8->0x40) | #1 2560x1440 rtv=0 rp=0 bar=5186(0x40->0x8) | #2 1280x720 rtv=0 rp=0 bar=1(0xC0->0x4) | #3 1280x720 rtv=0 rp=0 bar=1(0xC0->0x4) | #4 1280x720 rtv=0 rp=0 bar=1(0xC0->0x4) | #5 1280x720 rtv=0 rp=0 bar=1(0xC0->0x4) | || HOW TO READ IT. via TABLE=0 while via get_resource_from_view is non-zero: the table was the whole bug and R76 through R81 were spent on a cache we never needed. BeginRenderPass fired while OMSetRenderTargets did not: this engine uses render passes and we were subscribed to the wrong event. Barrier matched with a per-frame count near the frame count: use THAT permanently - it needs no view, no table and no binding-path assumption, and 0x4->0xC0 (render_target -> shader_resource) is the moment AFTER the pass wrote, which is the correct moment to copy and is one the bind events cannot offer. NOTE THE STALENESS R78 DID NOT STATE: both bind events fire BEFORE the pass runs, so a copy taken there carries the PREVIOUS frame's vectors. All three silent with candidates present is the only reading that makes optical flow or NGX hooking the honest next step. Two of the barriers per frame on the published source are OURS.
23:58:38:477 [ 2816] | INFO  | [MGPU Bridge] [MGPU][SEAL] new f=5978 slot=1 gap=1 lat=102.85ms pitch=10240 fmt=24 bytes=14745600 bc=0(unimplemented) OK
23:58:39:175 [ 2816] | INFO  | [MGPU Bridge] [MGPU][R89] FINAL COUNTERS at 6000 consumed frames. | DEPTH mode=1 valid=6000 invalid=0 bound=5349 skipped=0 mismatches=0 disagreements=0 | MVEC mode=3 copies=5213 missing=788 lock-skipped=0 size-rejected=0 bound=5212 skipped=137 mismatches=0 disagreements=0 | ALIGNMENT 1=5215 2=2 3+=132 worst=9. EVERY MISMATCH AND EVERY DISAGREEMENT SHOULD BE 0; lock-skipped above a handful means the consumer is holding its mutex too long; ALIGNMENT well below 100% at 1 means GPU 1 is not keeping up with the frame interval, which is a throughput fact and not a vsync bug.
23:58:39:175 [ 2816] | INFO  | [MGPU Bridge] [MGPU][SEAL] summary: produced=6000 consumed=6000 new=5656 dropped=62 reordered=242 overrun=0 bad_magic=0 contract=0 alias=0 resync=0 fault="none" seal_version=3
23:58:39:175 [ 2816] | INFO  | [MGPU Bridge] [MGPU][SEAL] pacing: polls=28651 idle=23302 busy=5349 -> the consumer ran 5.07x the producer's rate (polls per new frame). slot hits: 0:931 1:936 2:945 3:947 4:952 5:945 - all 6 slots must appear and should be within one of each other.
23:58:39:175 [ 2816] | INFO  | [MGPU Bridge] [MGPU][SEAL] latency ms: min=0.49 mean=96.37 max=1076.87 (at f=1) n=5656 | first sample 1076.87 (arm-to-first-poll, NOT transit); mean excluding it 96.19. SUBMIT-TO-CONSUME only - it excludes the game's render before it and GPU 1's present after it, and it is wall-clock around a CPU-visible completion rather than a GPU timestamp. Perishable: one cabling, one link width.
23:58:39:175 [ 2816] | INFO  | [MGPU Bridge] [MGPU][L1] GPU 0 BACKLOG AT COPY-RECORD TIME, n=6000 mean=1.87 max=2 | frames behind: 0=0 1=791 2=5209 3=0 4=0 5=0 6=0 7+=0. THIS IS WHERE THE SUBMIT-TO-CONSUME LATENCY LIVES, and two explanations have already been ruled out by measurement: ring depth (the consumer idles on three quarters of its polls, so the ring is nearly empty) and the game's queue depth (ReflexMode made no difference, 62.68 -> 64.14 ms). A BACKLOG OF 1 IS THE FLOOR AND IS STRUCTURAL: the signal for frame N is issued on frame N+1's event because ReShade executes our list after the handler returns. Mass at 1 means that fence lag IS the latency and the only lever is where the signal is issued. Mass at 3-4 means GPU 0 is genuinely that far behind. Mass at 0 with the latency unchanged would mean the copy itself is slow, which would be the most interesting answer of the three.
23:58:39:175 [ 2816] | INFO  | [MGPU Bridge] [MGPU][RW] RING WINDOW ended at 2 of 6 slots, skipped 91 frame(s) to stay inside it | held: 2=38 3=3 4=3 5=3 6=2. ALL SIX SLOTS STAY ALLOCATED - only the usable depth moves, because reallocating mid-stream is how P1.0's teardown crash comes back. Skipped frames are NOT drops and NOT overruns: the consumer chose the newest frame on purpose. Settling at 2 with zero skips means the depth was never needed; growing back to 6 means it was.
23:58:39:175 [ 2816] | INFO  | [MGPU Bridge] [MGPU][L2] READY-TO-CONSUME ms: min=0.18 mean=17.08 max=1071.66 n=5656. THIS IS THE LATENCY A PLAYER EXPERIENCES. It starts at the first poll that saw the produced fence reach the frame - the earliest instant the data existed and we could have known - rather than at the copy-record timestamp the line above uses. L1 showed GPU 0 is 3 frames behind when we record, because the CPU runs 3 frames ahead and THE FRAME HAS NOT BEEN RENDERED YET at that point. The copy is appended to that frame's own list, so it executes the moment that frame's graphics finish and is not queued behind anything. If this figure is near 10 ms, the 3-frame floor was an artifact of where a timestamp was taken, three proposed fixes were all aimed at nothing, and the GPU 0 copy queue is unnecessary. If it is near 60, that reasoning is wrong.
23:58:39:177 [ 2816] | INFO  | [MGPU Bridge] [MGPU][P4.1] neural stage: UP | passes=1 | evaluates=5349 (=5349 frames x 1 passes) failures=0 | output sample identical to the previous frame 0 times (0.0%) | 560 frames had their NEURAL WORK SKIPPED because a newer frame was already waiting - those are not drops, their seals were checked and they are counted here so the evaluate count and the frame count are not expected to agree. ONE FEATURE HANDLE PER PASS, DLSSNR.Reset=1 on the first frame only, so each pass's temporal history is its OWN output a frame ago rather than the previous pass of this frame. NOTE evaluates COUNTS PASSES, not frames - divide by 1 before comparing it with the frame count above. The identical-rate is NOT a verdict: a static scene produces identical output legitimately, so read it against what was on screen. A rate near 100% with a moving scene is the signal that NR stopped writing.
23:58:39:177 [ 2816] | INFO  | [MGPU Bridge] [MGPU][P6.3] intensity AT THE END of this run: p1=2.00 | 0 hotkey edits during the run. Unchanged from the ini for the whole run, so the summary above describes a single configuration.
23:58:39:177 [ 2816] | INFO  | [MGPU Bridge] [MGPU][P5.1] present gate: presents=15536 idle=23302 fence waits=23302. The bridge presented once per NEW neural frame instead of once per vsync, so the full-frame backbuffer copy and the DWM cross-adapter copy of this window happen at the producer's rate rather than the display's. The idle path blocks on the shared fence, so the consumer's cadence no longer depends on which display GPU 1 is attached to.
23:58:39:177 [ 2816] | INFO  | [MGPU Bridge] [MGPU][P2.2] GPU TIME on GPU 1, per consumed frame, n=5349 | seal copy mean=0.002 | unpack (cross-adapter buffer -> NR input) mean=0.001 min=0.000 max=0.121 | EVALUATE(1 pass) mean=15.039 min=12.738 max=24.388 -> per pass mean=15.039 min=12.738 | output sample mean=0.006 ms. These are GPU 1's own timestamps on GPU 1's own queue - execution, not wall-clock, and no cross-adapter clock is involved. THE EVALUATE BRACKET SPANS EVERY PASS, so the per-pass figure is the one to compare against the reference tool's 14.2 ms evaluateGPU and against earlier single-pass runs; the total is what GPU 1 actually spends. Transport is paid ONCE per frame whatever the pass count is - that asymmetry is the whole point of the run. STILL PERISHABLE: one rig, one link, one resolution, one scene. The on-screen output is enabled in this run. That costs consumer-thread CPU but does NOT inflate these brackets: measured 15.049 mean with the output off against 14.959 with it on, so the min-to-mean spread here is the model's own variance rather than contention from the present.
23:58:39:177 [ 2816] | INFO  | [MGPU Bridge] [MGPU][D5] EVALUATE DISTRIBUTION over the floor (12.738 ms), n=5349 | <5%=9 5-10%=90 10-20%=4517 20-30%=637 30-40%=41 40-50%=37 50-75%=18 75%+=0. HOW TO READ IT: mass piled at <5% with a thin tail is occasional interference and the floor is the real cost. TWO humps is two code paths or two clock states. A broad even spread is content-dependent work. A run that starts left and ends right is thermal or power, and no code change will touch it. Buckets are percent over the floor, so this reads the same at any subrect and on any card.
23:58:39:177 [ 2816] | INFO  | [MGPU Bridge] [MGPU][D5b] EVALUATE OVER TIME, 4 segments | q1: min=12.738 mean=15.775 max=24.388 n=848 | q2: min=13.811 mean=14.937 max=16.060 n=1500 | q3: min=13.763 mean=14.893 max=15.910 n=1500 | q4: min=12.788 mean=14.871 max=15.808 n=1501 | READ THE MIN ACROSS THE QUARTERS FIRST. Content-dependent work does NOT move the floor - the cheapest frame in a scene stays cheap however hard the others get. A floor that CLIMBS is the card: clocks, power or temperature, and no change to this code touches it. A flat floor with a climbing mean is the scene getting harder, which is a fact about where you walked and not about the pipeline. Both flat means the D5 spread above is genuinely content and is the honest description of it.
23:58:39:177 [ 2816] | INFO  | [MGPU Bridge] [MGPU][R26] COPY QUEUE mode 2, n=5349 | unpack on the COPY queue's own clock (1000000000 ticks/s, NOT the direct queue's 1000000000) mean=2.754 min=1.036 max=4.262 ms | armed AHEAD of the previous frame's evaluate: 5349 | armed BEFORE THE FRAME ARRIVED (the GPU gate, mode 2 only): 5349 | fell back to the inline unpack: 0.
23:58:39:177 [ 2816] | INFO  | [MGPU Bridge] [MGPU][R28] THE GPU GATE FIRED on 5349 frames - each armed on the copy queue before it existed and released by the GAME's own fence signal rather than by the bridge thread noticing. Those unpacks ran on the DMA engine while the 3D engine was inside the previous frame's EvaluateFeature, which is the overlap P2.1 named and did not test. THE ACCEPTANCE TEST IS THE COMPARISON, NOT THIS LINE: per-frame GPU 1 time down by roughly the unpack against the CopyQueue=0 control, with overrun, dropped and the identical-rate ALL unmoved. Check OVERRUN first - this mode arms a copy one frame earlier, so a producer that laps the ring has a wider window to rewrite a slot under an armed copy. It is not silent when it happens: the seal is read by the DIRECT queue from the same slot, so a rewritten slot shows up as DROPPED or REORDERED above rather than as a quietly wrong picture.
23:58:39:177 [ 2816] | ERROR | [MGPU Bridge] [MGPU][P4.0] STREAM FAILED - see the counters above; each non-zero one names its own failure and they have different causes. Do not average them into a verdict.
23:58:39:533 [ 2816] | INFO  | [MGPU Bridge] [MGPU][T5] present loop alive: frame 15600 thread id 0xB00
23:58:40:921 [19984] | INFO  | [MGPU Bridge] [MGPU][R101] CALIBRATOR mode=2 site=iat | slots=40 data-slots=0 modules=137 gpa-calls=308 | resolved=1 creates=1 sr-handle=known | evaluates=5247 captured=5247 | cost 1117 ns/frame | eval-copies=5247 eval-skips=0. || THE GAME'S OWN TABLE: color=0x1e3d59313d0 depth=0x1e30be773c0 MVEC=0x1e3d43fa420 output=0x1e3d5593970 | MVecScale 2560.0000,1440.0000 | jitter 0.2500,-0.3889 | Reset=0 | CreateFlags=0x3 -> DepthInverted=0 MVLowRes=1 MVJittered=0 IsHDR=1 AutoExposure=0 | quality=5 | render 2560x1440 -> display 2560x1440 | dynamic 0x0..0x0 | subrect 2560x1440 at color(0,0) depth(0,0) MV(0,0) out(0,0) | have=0xfff. || HOW TO READ IT. resolved=0 with evaluates=0 means no module asked for the entry point after we installed - either the title does not use DLSS, or it resolved before the addon loaded; the barrier path is untouched either way and is still what drives. sr-handle=UNFILTERED means we were not present for CreateFeature, so the table may be from frame generation rather than super sampling - check that render/display extents look like a supersampling pair before trusting it. MVEC here is the GAME'S answer to the question every round from R70 to R100 tried to infer; if it does not equal the handle the barrier probe armed on Dragon Sword, the probe was wrong on a title we believed, and THAT is the finding. have=0 bits name the keys this producer does not populate - Streamline and the raw SDK do not set the same subset, and the difference is a fact about the route, not a bug. MVLowRes IS DEFERRED OPTION 11 ANSWERED: 1 means the game's motion vectors are at RENDER resolution, 0 means display resolution, and we have been inferring that from buffer sizes since R83. Read it together with MVecScale - a low-res field with a display-sized scale is the shape that makes reprojection look almost right.
23:58:41:192 [19984] | INFO  | [MGPU Bridge] [MGPU][P9.1] META SRC mvec lane: 18 candidate(s), 124 ns/frame over 12657 frames. R72: RANKED AND SORTED BY RTV BINDS - how often each is RENDERED INTO, which is a per-frame usage signal. srvs is kept alongside as the old created over the resource. THIS DOES NOT IDENTIFY MOTION VECTORS - nothing in ReShade says which one they are - it says whether an MVec-shaped resource is visible from a subscriber at all. An empty list with a non-zero examined count is the result that says the NGX hook has to be earned or abandoned. root-descriptor SRV pushes=0 (zero here with a non-zero SRV count above means this engine binds through descriptor TABLES and push_descriptors is blind in it - a fact about the engine, not a fault). | #0 2560x1440 R16G16_FLOAT srvs=1 RTVBINDS=0 (0.00/frame) <-DISPLAY-EXTENT | #1 2560x1440 R16G16_FLOAT srvs=1 RTVBINDS=0 (0.00/frame) <-DISPLAY-EXTENT | #2 1280x720 R16G16_FLOAT srvs=1 RTVBINDS=0 (0.00/frame) | #3 1280x720 R16G16_FLOAT srvs=1 RTVBINDS=0 (0.00/frame) | #4 1280x720 R16G16_FLOAT srvs=1 RTVBINDS=0 (0.00/frame) | #5 1280x720 R16G16_FLOAT srvs=1 RTVBINDS=0 (0.00/frame) | #6 1280x720 R16G16_FLOAT srvs=1 RTVBINDS=0 (0.00/frame) | #7 2560x1440 R16G16_FLOAT srvs=1 RTVBINDS=0 (0.00/frame) <-DISPLAY-EXTENT
23:58:41:193 [19984] | INFO  | [MGPU Bridge] [MGPU][R71] MVEC SIZES over ALL 18 candidate(s): 2560x1440 x13 | 1280x720 x5 | || TRANSPORT SOURCE res=0x1e3d54f3d60 (0 means not identified yet - it needs a display-extent candidate with render-target binds), handed to the transport 0 times, 0 second-binds-in-a-frame skipped. || EVICTIONS: 0 resources destroyed and removed from the tables (R76 - a resolution change destroys every render target, and a stale entry is a copy from freed memory). RTV BINDS SEEN IN TOTAL: 0. THE RANK ABOVE IS NOW RENDER TARGET BINDS, NOT SRV CREATIONS. R25 ranked by SRVs created, got 6/5/3/3, and called it "a candidate, not an identification" - that flatness was the SIGNAL being wrong, not the game. An SRV creation count is a LIFETIME number; a velocity buffer is RENDERED INTO once per frame, and RTVBINDS is that. THE EXTENT TO MATCH IS THE DISPLAY EXTENT 2560x1440, not the render extent: the game's own DLSS telemetry says ColorExtentHeight=936 with MVExtentWidth=2560 MVExtentHeight=1440, so this title feeds HIGH-RESOLUTION motion vectors. A single candidate marked <-DISPLAY-EXTENT with RTVBINDS close to the frame count is the velocity buffer. RTV BINDS SEEN = 0 with candidates present means THIS EVENT did not see it, and says nothing whatever about the other two. R81 retracted the sentence that used to sit here - it named optical flow and NGX hooking as the routes left, before anyone had read the 
23:58:41:193 [19984] | INFO  | [MGPU Bridge] [MGPU][R82] ACQUISITION SIGNALS - three of them, one run. || RTV VIEW TABLE: 16 of 128 entries. THAT IS THE DENOMINATOR R80 COULD NOT SEE - a bind count of zero against an empty table means nothing at all. || OMSetRenderTargets: fired=0 rtvs=0 | matched via OUR TABLE=0 | matched via get_resource_from_view=0 || BeginRenderPass: fired=0 targets=0 matched=0 || Barrier: fired=2962283 resources=4050056 matched=145014, costing 8226 ns/frame || #0 2560x1440 rtv=0 rp=0 bar=5247(0x40->0x8) | #1 2560x1440 rtv=0 rp=0 bar=5247(0x8->0x40) | #2 1280x720 rtv=0 rp=0 bar=1(0xC0->0x4) | #3 1280x720 rtv=0 rp=0 bar=1(0xC0->0x4) | #4 1280x720 rtv=0 rp=0 bar=1(0xC0->0x4) | #5 1280x720 rtv=0 rp=0 bar=1(0xC0->0x4) | || HOW TO READ IT. via TABLE=0 while via get_resource_from_view is non-zero: the table was the whole bug and R76 through R81 were spent on a cache we never needed. BeginRenderPass fired while OMSetRenderTargets did not: this engine uses render passes and we were subscribed to the wrong event. Barrier matched with a per-frame count near the frame count: use THAT permanently - it needs no view, no table and no binding-path assumption, and 0x4->0xC0 (render_target -> shader_resource) is the moment AFTER the pass wrote, which is the correct moment to copy and is one the bind events cannot offer. NOTE THE STALENESS R78 DID NOT STATE: both bind events fire BEFORE the pass runs, so a copy taken there carries the PREVIOUS frame's vectors. All three silent with candidates present is the only reading that makes optical flow or NGX hooking the honest next step. Two of the barriers per frame on the published source are OURS.
23:58:42:349 [19984] | INFO  | [MGPU Bridge] [MGPU][R101] CALIBRATOR mode=2 site=iat | slots=40 data-slots=0 modules=137 gpa-calls=308 | resolved=1 creates=1 sr-handle=known | evaluates=5247 captured=5247 | cost 1091 ns/frame | eval-copies=5247 eval-skips=0. || THE GAME'S OWN TABLE: color=0x1e3d59313d0 depth=0x1e30be773c0 MVEC=0x1e3d43fa420 output=0x1e3d5593970 | MVecScale 2560.0000,1440.0000 | jitter 0.2500,-0.3889 | Reset=0 | CreateFlags=0x3 -> DepthInverted=0 MVLowRes=1 MVJittered=0 IsHDR=1 AutoExposure=0 | quality=5 | render 2560x1440 -> display 2560x1440 | dynamic 0x0..0x0 | subrect 2560x1440 at color(0,0) depth(0,0) MV(0,0) out(0,0) | have=0xfff. || HOW TO READ IT. resolved=0 with evaluates=0 means no module asked for the entry point after we installed - either the title does not use DLSS, or it resolved before the addon loaded; the barrier path is untouched either way and is still what drives. sr-handle=UNFILTERED means we were not present for CreateFeature, so the table may be from frame generation rather than super sampling - check that render/display extents look like a supersampling pair before trusting it. MVEC here is the GAME'S answer to the question every round from R70 to R100 tried to infer; if it does not equal the handle the barrier probe armed on Dragon Sword, the probe was wrong on a title we believed, and THAT is the finding. have=0 bits name the keys this producer does not populate - Streamline and the raw SDK do not set the same subset, and the difference is a fact about the route, not a bug. MVLowRes IS DEFERRED OPTION 11 ANSWERED: 1 means the game's motion vectors are at RENDER resolution, 0 means display resolution, and we have been inferring that from buffer sizes since R83. Read it together with MVecScale - a low-res field with a display-sized scale is the shape that makes reprojection look almost right.
23:58:42:392 [ 2816] | INFO  | [MGPU Bridge] [MGPU][T5] present loop alive: frame 16200 thread id 0xB00
23:58:43:859 [19984] | INFO  | [MGPU Bridge] [MGPU][R101] CALIBRATOR mode=2 site=iat | slots=40 data-slots=0 modules=137 gpa-calls=308 | resolved=1 creates=1 sr-handle=known | evaluates=5247 captured=5247 | cost 1066 ns/frame | eval-copies=5247 eval-skips=0. || THE GAME'S OWN TABLE: color=0x1e3d59313d0 depth=0x1e30be773c0 MVEC=0x1e3d43fa420 output=0x1e3d5593970 | MVecScale 2560.0000,1440.0000 | jitter 0.2500,-0.3889 | Reset=0 | CreateFlags=0x3 -> DepthInverted=0 MVLowRes=1 MVJittered=0 IsHDR=1 AutoExposure=0 | quality=5 | render 2560x1440 -> display 2560x1440 | dynamic 0x0..0x0 | subrect 2560x1440 at color(0,0) depth(0,0) MV(0,0) out(0,0) | have=0xfff. || HOW TO READ IT. resolved=0 with evaluates=0 means no module asked for the entry point after we installed - either the title does not use DLSS, or it resolved before the addon loaded; the barrier path is untouched either way and is still what drives. sr-handle=UNFILTERED means we were not present for CreateFeature, so the table may be from frame generation rather than super sampling - check that render/display extents look like a supersampling pair before trusting it. MVEC here is the GAME'S answer to the question every round from R70 to R100 tried to infer; if it does not equal the handle the barrier probe armed on Dragon Sword, the probe was wrong on a title we believed, and THAT is the finding. have=0 bits name the keys this producer does not populate - Streamline and the raw SDK do not set the same subset, and the difference is a fact about the route, not a bug. MVLowRes IS DEFERRED OPTION 11 ANSWERED: 1 means the game's motion vectors are at RENDER resolution, 0 means display resolution, and we have been inferring that from buffer sizes since R83. Read it together with MVecScale - a low-res field with a display-sized scale is the shape that makes reprojection look almost right.
23:58:44:197 [19984] | INFO  | [MGPU Bridge] [MGPU][P9.1] META SRC mvec lane: 18 candidate(s), 118 ns/frame over 13271 frames. R72: RANKED AND SORTED BY RTV BINDS - how often each is RENDERED INTO, which is a per-frame usage signal. srvs is kept alongside as the old created over the resource. THIS DOES NOT IDENTIFY MOTION VECTORS - nothing in ReShade says which one they are - it says whether an MVec-shaped resource is visible from a subscriber at all. An empty list with a non-zero examined count is the result that says the NGX hook has to be earned or abandoned. root-descriptor SRV pushes=0 (zero here with a non-zero SRV count above means this engine binds through descriptor TABLES and push_descriptors is blind in it - a fact about the engine, not a fault). | #0 2560x1440 R16G16_FLOAT srvs=1 RTVBINDS=0 (0.00/frame) <-DISPLAY-EXTENT | #1 2560x1440 R16G16_FLOAT srvs=1 RTVBINDS=0 (0.00/frame) <-DISPLAY-EXTENT | #2 1280x720 R16G16_FLOAT srvs=1 RTVBINDS=0 (0.00/frame) | #3 1280x720 R16G16_FLOAT srvs=1 RTVBINDS=0 (0.00/frame) | #4 1280x720 R16G16_FLOAT srvs=1 RTVBINDS=0 (0.00/frame) | #5 1280x720 R16G16_FLOAT srvs=1 RTVBINDS=0 (0.00/frame) | #6 1280x720 R16G16_FLOAT srvs=1 RTVBINDS=0 (0.00/frame) | #7 2560x1440 R16G16_FLOAT srvs=1 RTVBINDS=0 (0.00/frame) <-DISPLAY-EXTENT
23:58:44:197 [19984] | INFO  | [MGPU Bridge] [MGPU][R71] MVEC SIZES over ALL 18 candidate(s): 2560x1440 x13 | 1280x720 x5 | || TRANSPORT SOURCE res=0x1e3d54f3d60 (0 means not identified yet - it needs a display-extent candidate with render-target binds), handed to the transport 0 times, 0 second-binds-in-a-frame skipped. || EVICTIONS: 0 resources destroyed and removed from the tables (R76 - a resolution change destroys every render target, and a stale entry is a copy from freed memory). RTV BINDS SEEN IN TOTAL: 0. THE RANK ABOVE IS NOW RENDER TARGET BINDS, NOT SRV CREATIONS. R25 ranked by SRVs created, got 6/5/3/3, and called it "a candidate, not an identification" - that flatness was the SIGNAL being wrong, not the game. An SRV creation count is a LIFETIME number; a velocity buffer is RENDERED INTO once per frame, and RTVBINDS is that. THE EXTENT TO MATCH IS THE DISPLAY EXTENT 2560x1440, not the render extent: the game's own DLSS telemetry says ColorExtentHeight=936 with MVExtentWidth=2560 MVExtentHeight=1440, so this title feeds HIGH-RESOLUTION motion vectors. A single candidate marked <-DISPLAY-EXTENT with RTVBINDS close to the frame count is the velocity buffer. RTV BINDS SEEN = 0 with candidates present means THIS EVENT did not see it, and says nothing whatever about the other two. R81 retracted the sentence that used to sit here - it named optical flow and NGX hooking as the routes left, before anyone had read the 
23:58:44:197 [19984] | INFO  | [MGPU Bridge] [MGPU][R82] ACQUISITION SIGNALS - three of them, one run. || RTV VIEW TABLE: 16 of 128 entries. THAT IS THE DENOMINATOR R80 COULD NOT SEE - a bind count of zero against an empty table means nothing at all. || OMSetRenderTargets: fired=0 rtvs=0 | matched via OUR TABLE=0 | matched via get_resource_from_view=0 || BeginRenderPass: fired=0 targets=0 matched=0 || Barrier: fired=2969565 resources=4057338 matched=145014, costing 7866 ns/frame || #0 2560x1440 rtv=0 rp=0 bar=5247(0x40->0x8) | #1 2560x1440 rtv=0 rp=0 bar=5247(0x8->0x40) | #2 1280x720 rtv=0 rp=0 bar=1(0xC0->0x4) | #3 1280x720 rtv=0 rp=0 bar=1(0xC0->0x4) | #4 1280x720 rtv=0 rp=0 bar=1(0xC0->0x4) | #5 1280x720 rtv=0 rp=0 bar=1(0xC0->0x4) | || HOW TO READ IT. via TABLE=0 while via get_resource_from_view is non-zero: the table was the whole bug and R76 through R81 were spent on a cache we never needed. BeginRenderPass fired while OMSetRenderTargets did not: this engine uses render passes and we were subscribed to the wrong event. Barrier matched with a per-frame count near the frame count: use THAT permanently - it needs no view, no table and no binding-path assumption, and 0x4->0xC0 (render_target -> shader_resource) is the moment AFTER the pass wrote, which is the correct moment to copy and is one the bind events cannot offer. NOTE THE STALENESS R78 DID NOT STATE: both bind events fire BEFORE the pass runs, so a copy taken there carries the PREVIOUS frame's vectors. All three silent with candidates present is the only reading that makes optical flow or NGX hooking the honest next step. Two of the barriers per frame on the published source are OURS.
23:58:45:250 [ 2816] | INFO  | [MGPU Bridge] [MGPU][T5] present loop alive: frame 16800 thread id 0xB00
23:58:45:930 [19984] | INFO  | [MGPU Bridge] [MGPU][R101] CALIBRATOR mode=2 site=iat | slots=40 data-slots=0 modules=137 gpa-calls=308 | resolved=1 creates=1 sr-handle=known | evaluates=5247 captured=5247 | cost 1042 ns/frame | eval-copies=5247 eval-skips=0. || THE GAME'S OWN TABLE: color=0x1e3d59313d0 depth=0x1e30be773c0 MVEC=0x1e3d43fa420 output=0x1e3d5593970 | MVecScale 2560.0000,1440.0000 | jitter 0.2500,-0.3889 | Reset=0 | CreateFlags=0x3 -> DepthInverted=0 MVLowRes=1 MVJittered=0 IsHDR=1 AutoExposure=0 | quality=5 | render 2560x1440 -> display 2560x1440 | dynamic 0x0..0x0 | subrect 2560x1440 at color(0,0) depth(0,0) MV(0,0) out(0,0) | have=0xfff. || HOW TO READ IT. resolved=0 with evaluates=0 means no module asked for the entry point after we installed - either the title does not use DLSS, or it resolved before the addon loaded; the barrier path is untouched either way and is still what drives. sr-handle=UNFILTERED means we were not present for CreateFeature, so the table may be from frame generation rather than super sampling - check that render/display extents look like a supersampling pair before trusting it. MVEC here is the GAME'S answer to the question every round from R70 to R100 tried to infer; if it does not equal the handle the barrier probe armed on Dragon Sword, the probe was wrong on a title we believed, and THAT is the finding. have=0 bits name the keys this producer does not populate - Streamline and the raw SDK do not set the same subset, and the difference is a fact about the route, not a bug. MVLowRes IS DEFERRED OPTION 11 ANSWERED: 1 means the game's motion vectors are at RENDER resolution, 0 means display resolution, and we have been inferring that from buffer sizes since R83. Read it together with MVecScale - a low-res field with a display-sized scale is the shape that makes reprojection look almost right.
