23:44:29:874 [20812] | INFO  | Initializing crosire's ReShade version '6.8.0.2155' (64-bit) loaded from 'C:\Games\Resonance - A Plague Tale Legacy\dxgi.dll' into 'C:\Games\Resonance - A Plague Tale Legacy\Resonance.exe' (0x9FAEE03F) ...
23:44:29:875 [20812] | INFO  | Registering hooks for 'user32.dll' ...
23:44:29:875 [20812] | INFO  | > Libraries loaded.
23:44:29:876 [20812] | INFO  | > Found 21 match(es). Installing ...
23:44:29:900 [20812] | INFO  | Registering hooks for 'C:\WINDOWS\system32\dinput.dll' ...
23:44:29:901 [20812] | INFO  | > Delayed.
23:44:29:901 [20812] | INFO  | Registering hooks for 'C:\WINDOWS\system32\dinput8.dll' ...
23:44:29:901 [20812] | INFO  | > Libraries loaded.
23:44:29:901 [20812] | INFO  | > Found 2 match(es). Installing ...
23:44:29:925 [20812] | INFO  | Registering hooks for 'C:\WINDOWS\system32\d2d1.dll' ...
23:44:29:926 [20812] | INFO  | > Delayed.
23:44:29:926 [20812] | INFO  | Registering hooks for 'C:\WINDOWS\system32\d3d9.dll' ...
23:44:29:926 [20812] | INFO  | > Delayed.
23:44:29:926 [20812] | INFO  | Registering hooks for 'C:\WINDOWS\system32\d3d10.dll' ...
23:44:29:926 [20812] | INFO  | > Delayed.
23:44:29:927 [20812] | INFO  | Registering hooks for 'C:\WINDOWS\system32\d3d10_1.dll' ...
23:44:29:927 [20812] | INFO  | > Delayed.
23:44:29:927 [20812] | INFO  | Registering hooks for 'C:\WINDOWS\system32\d3d11.dll' ...
23:44:29:927 [20812] | INFO  | > Libraries loaded.
23:44:29:927 [20812] | INFO  | > Found 3 match(es). Installing ...
23:44:29:951 [20812] | INFO  | Registering hooks for 'C:\WINDOWS\system32\d3d12.dll' ...
23:44:29:951 [20812] | INFO  | > Libraries loaded.
23:44:29:951 [20812] | INFO  | > Found 8 match(es). Installing ...
23:44:29:972 [20812] | INFO  | Registering hooks for 'C:\WINDOWS\system32\dxgi.dll' ...
23:44:29:973 [20812] | INFO  | > Delayed until first call to an exported function.
23:44:29:973 [20812] | INFO  | Registering hooks for 'openvr_api.dll' ...
23:44:29:973 [20812] | INFO  | > Delayed.
23:44:29:974 [20812] | INFO  | Initialized.
23:44:30:013 [20812] | INFO  | Redirecting CreateDXGIFactory1(riid = {770AAE78-F26F-4DBA-A829-253C83D1B387}, ppFactory = 000000CD64FBEC68) ...
23:44:30:013 [20812] | INFO  | Installing export hooks for 'C:\WINDOWS\system32\dxgi.dll' ...
23:44:30:014 [20812] | INFO  | > Found 5 match(es). Installing ...
23:44:30:079 [20812] | INFO  | Redirecting RegisterClassW(lpWndClass = 000000CD64FBF4F0 { "AceApp", style = 0x3 }) ...
23:44:30:079 [20812] | INFO  | > Adding 'CS_OWNDC' window class style flag to "AceApp".
23:44:30:085 [20812] | INFO  | Redirecting CreateDXGIFactory1(riid = {770AAE78-F26F-4DBA-A829-253C83D1B387}, ppFactory = 000000CD64FBE630) ...
23:44:30:297 [20812] | INFO  | Redirecting CreateDXGIFactory1(riid = {7B7166EC-21C7-44AE-B21A-C9AE321AE369}, ppFactory = 000000CD64FBDA70) ...
23:44:31:039 [20812] | INFO  | Redirecting CreateDXGIFactory1(riid = {7B7166EC-21C7-44AE-B21A-C9AE321AE369}, ppFactory = 000000CD64FBDA60) ...
23:44:31:046 [20812] | INFO  | Redirecting CreateDXGIFactory1(riid = {7B7166EC-21C7-44AE-B21A-C9AE321AE369}, ppFactory = 000000CD64FBDA70) ...
23:44:31:093 [20812] | INFO  | Redirecting CreateDXGIFactory1(riid = {1BC6EA02-EF36-464F-BF0C-21CA39E5168A}, ppFactory = 000000CD64FBEAB0) ...
23:44:31:093 [20812] | INFO  | Redirecting D3D12CreateDevice(pAdapter = 000001EC80037C90, MinimumFeatureLevel = c100, riid = {189819F1-1DB6-4B57-BE54-1821339B85F7}, ppDevice = 000000CD64FBEA90) ...
23:44:31:094 [20812] | INFO  | Searching for add-ons (*.addon, *.addon64) in 'C:\Games\Resonance - A Plague Tale Legacy' ...
23:44:31:094 [20812] | INFO  | Loading add-on from 'C:\Games\Resonance - A Plague Tale Legacy\nvngx.dll_mgpu_bridge.addon64' ...
23:44:31:095 [20812] | INFO  | Registered add-on "MGPU Bridge" v0.0.0.0 using ReShade API version 20.
23:44:31:095 [20812] | INFO  | [MGPU Bridge] [MGPU][T1] MGPU Bridge add-on registered - stock ReShade, add-on API version 20
23:44:31:095 [20812] | INFO  | [MGPU Bridge] [MGPU][P6.4] overlay panel registered - open the ReShade overlay (Home) over the BRIDGE window to get passes, the neural on/off and the intensity sliders. The CTRL+ALT+F8/F9/F11 hotkeys still work and drive the same values.
23:44:31:108 [20812] | INFO  | Redirecting CreateDXGIFactory2(Flags = 0x80000000, riid = {1BC6EA02-EF36-464F-BF0C-21CA39E5168A}, ppFactory = 000000CD64FBE3D0) ...
23:44:31:934 [20812] | INFO  | [MGPU Bridge] [MGPU][T2] init_device luid=0x00000000-0x00013FE8 captured as PROVISIONAL game luid (init_device is not trusted - a UE5 probe device is not the game's renderer; the swapchain-derived luid overrides it)
23:44:31:934 [20812] | INFO  | Redirecting CreateDXGIFactory2(Flags = 0, riid = {1BC6EA02-EF36-464F-BF0C-21CA39E5168A}, ppFactory = 000000CD64FBE308) ...
23:44:31:935 [20812] | INFO  | [MGPU Bridge] [MGPU][T2] adapter[0] luid=0x00000000-0x00013FE8 flags=0x0 vendor=0x10DE device=0x2D04 dedicated_vram=16050MB outputs=2 desc="NVIDIA GeForce RTX 5060 Ti"
23:44:31:935 [20812] | INFO  | [MGPU Bridge] [MGPU][T2] adapter[0] vmem(local) budget=15282MB current_usage=10MB avail_reservation=7769MB current_reservation=0MB (diagnostic only - this process's usage on this adapter)
23:44:31:935 [20812] | INFO  | [MGPU Bridge] [MGPU][T2] adapter[1] luid=0x00000000-0x00015621 flags=0x0 vendor=0x10DE device=0x2D04 dedicated_vram=16050MB outputs=0 desc="NVIDIA GeForce RTX 5060 Ti"
23:44:31:935 [20812] | INFO  | [MGPU Bridge] [MGPU][T2] adapter[1] vmem(local) budget=15282MB current_usage=0MB avail_reservation=7769MB current_reservation=0MB (diagnostic only - this process's usage on this adapter)
23:44:31:935 [20812] | INFO  | [MGPU Bridge] [MGPU][T2] adapter[2] luid=0x00000000-0x000155EE flags=0x2 vendor=0x1414 device=0x008C dedicated_vram=0MB outputs=0 desc="Microsoft Basic Render Driver"
23:44:31:935 [20812] | INFO  | [MGPU Bridge] [MGPU][T2] adapter[2] vmem(local) budget=15114MB current_usage=0MB avail_reservation=7685MB current_reservation=0MB (diagnostic only - this process's usage on this adapter)
23:44:31:936 [20812] | INFO  | Redirecting CreateDXGIFactory1(riid = {7B7166EC-21C7-44AE-B21A-C9AE321AE369}, ppFactory = 000000CD64FBE880) ...
23:44:32:945 [20812] | INFO  | Redirecting ID3D12Device::CreateCommandQueue(this = 000001EC85ABB7A0, pDesc = 000000CD64FBEBB8, riid = {0EC870A6-5D7E-4C22-8CFC-5BAAE07616ED}, ppCommandQueue = 000001ECFADE0E08) ...
23:44:32:946 [20812] | INFO  | > Dumping command queue description:
23:44:32:946 [20812] | INFO  |   +-----------------------------------------+-----------------------------------------+
23:44:32:946 [20812] | INFO  |   | Parameter                               | Value                                   |
23:44:32:946 [20812] | INFO  |   +-----------------------------------------+-----------------------------------------+
23:44:32:946 [20812] | INFO  |   | Type                                    | 0                                       |
23:44:32:946 [20812] | INFO  |   | Priority                                | 0                                       |
23:44:32:946 [20812] | INFO  |   | Flags                                   | 0                                       |
23:44:32:946 [20812] | INFO  |   | NodeMask                                | 0                                       |
23:44:32:946 [20812] | INFO  |   +-----------------------------------------+-----------------------------------------+
23:44:33:001 [20812] | INFO  | Redirecting ID3D12Device::CreateCommandQueue(this = 000001EC85ABB7A0, pDesc = 000000CD64FBEA98, riid = {0EC870A6-5D7E-4C22-8CFC-5BAAE07616ED}, ppCommandQueue = 000001ECFADE1588) ...
23:44:33:001 [20812] | INFO  | > Dumping command queue description:
23:44:33:001 [20812] | INFO  |   +-----------------------------------------+-----------------------------------------+
23:44:33:001 [20812] | INFO  |   | Parameter                               | Value                                   |
23:44:33:001 [20812] | INFO  |   +-----------------------------------------+-----------------------------------------+
23:44:33:001 [20812] | INFO  |   | Type                                    | 3                                       |
23:44:33:001 [20812] | INFO  |   | Priority                                | 0                                       |
23:44:33:001 [20812] | INFO  |   | Flags                                   | 0                                       |
23:44:33:001 [20812] | INFO  |   | NodeMask                                | 0                                       |
23:44:33:001 [20812] | INFO  |   +-----------------------------------------+-----------------------------------------+
23:44:33:007 [20812] | INFO  | Redirecting ID3D12Device::CreateCommandQueue(this = 000001EC85ABB7A0, pDesc = 000000CD64FBEA98, riid = {0EC870A6-5D7E-4C22-8CFC-5BAAE07616ED}, ppCommandQueue = 000001ECFADE1608) ...
23:44:33:007 [20812] | INFO  | > Dumping command queue description:
23:44:33:007 [20812] | INFO  |   +-----------------------------------------+-----------------------------------------+
23:44:33:007 [20812] | INFO  |   | Parameter                               | Value                                   |
23:44:33:007 [20812] | INFO  |   +-----------------------------------------+-----------------------------------------+
23:44:33:007 [20812] | INFO  |   | Type                                    | 2                                       |
23:44:33:007 [20812] | INFO  |   | Priority                                | 0                                       |
23:44:33:007 [20812] | INFO  |   | Flags                                   | 0                                       |
23:44:33:007 [20812] | INFO  |   | NodeMask                                | 0                                       |
23:44:33:007 [20812] | INFO  |   +-----------------------------------------+-----------------------------------------+
23:44:33:020 [20812] | INFO  | Redirecting ID3D12Device::CreateCommandQueue(this = 000001EC85ABB7A0, pDesc = 000000CD64FBEA98, riid = {0EC870A6-5D7E-4C22-8CFC-5BAAE07616ED}, ppCommandQueue = 000001ECFADE1708) ...
23:44:33:020 [20812] | INFO  | > Dumping command queue description:
23:44:33:020 [20812] | INFO  |   +-----------------------------------------+-----------------------------------------+
23:44:33:020 [20812] | INFO  |   | Parameter                               | Value                                   |
23:44:33:020 [20812] | INFO  |   +-----------------------------------------+-----------------------------------------+
23:44:33:020 [20812] | INFO  |   | Type                                    | 2                                       |
23:44:33:020 [20812] | INFO  |   | Priority                                | 0                                       |
23:44:33:020 [20812] | INFO  |   | Flags                                   | 0                                       |
23:44:33:020 [20812] | INFO  |   | NodeMask                                | 0                                       |
23:44:33:021 [20812] | INFO  |   +-----------------------------------------+-----------------------------------------+
23:44:33:042 [20812] | INFO  | Redirecting IDXGIFactory2::CreateSwapChainForHwnd(this = 000001EC847C1090, pDevice = 000001ECF0C4AD90, hWnd = 00000000000F05F8, pDesc = 000000CD64FBE0C0, pFullscreenDesc = 0000000000000000, pRestrictToOutput = 0000000000000000, ppSwapChain = ) ...
23:44:33:042 [20812] | INFO  | > Dumping swap chain description:
23:44:33:042 [20812] | INFO  |   +-----------------------------------------+-----------------------------------------+
23:44:33:042 [20812] | INFO  |   | Parameter                               | Value                                   |
23:44:33:042 [20812] | INFO  |   +-----------------------------------------+-----------------------------------------+
23:44:33:043 [20812] | INFO  |   | Width                                   | 2560                                    |
23:44:33:043 [20812] | INFO  |   | Height                                  | 1440                                    |
23:44:33:043 [20812] | INFO  |   | RefreshRate                             | 0                   0                   |
23:44:33:043 [20812] | INFO  |   | Format                                  | DXGI_FORMAT_R8G8B8A8_UNORM              |
23:44:33:043 [20812] | INFO  |   | Stereo                                  | FALSE                                   |
23:44:33:043 [20812] | INFO  |   | ScanlineOrdering                        | 0                                       |
23:44:33:044 [20812] | INFO  |   | Scaling                                 | 0                                       |
23:44:33:044 [20812] | INFO  |   | SampleCount                             | 1                                       |
23:44:33:044 [20812] | INFO  |   | SampleQuality                           | 0                                       |
23:44:33:044 [20812] | INFO  |   | BufferUsage                             | 0x30                                    |
23:44:33:044 [20812] | INFO  |   | BufferCount                             | 2                                       |
23:44:33:044 [20812] | INFO  |   | Windowed                                | TRUE                                    |
23:44:33:044 [20812] | INFO  |   | SwapEffect                              | 4                                       |
23:44:33:044 [20812] | INFO  |   | AlphaMode                               | 3                                       |
23:44:33:045 [20812] | INFO  |   | Flags                                   | 0x800                                   |
23:44:33:045 [20812] | INFO  |   +-----------------------------------------+-----------------------------------------+
23:44:33:084 [20812] | INFO  | Redirecting CreateDXGIFactory2(Flags = 0, riid = {1BC6EA02-EF36-464F-BF0C-21CA39E5168A}, ppFactory = 000000CD64FBD910) ...
23:44:33:085 [20812] | INFO  | Redirecting CreateDXGIFactory2(Flags = 0, riid = {1BC6EA02-EF36-464F-BF0C-21CA39E5168A}, ppFactory = 000000CD64FBD910) ...
23:44:33:085 [20812] | INFO  | Redirecting CreateDXGIFactory2(Flags = 0, riid = {1BC6EA02-EF36-464F-BF0C-21CA39E5168A}, ppFactory = 000000CD64FBD910) ...
23:44:33:085 [20812] | INFO  | Redirecting CreateDXGIFactory2(Flags = 0, riid = {1BC6EA02-EF36-464F-BF0C-21CA39E5168A}, ppFactory = 000000CD64FBD910) ...
23:44:33:086 [20812] | INFO  | Running on NVIDIA GeForce RTX 5060 Ti Driver 616.64.
23:44:33:302 [20812] | INFO  | [MGPU Bridge] [MGPU][T3] bridge thread spawned (thread id 0x630)
23:44:33:302 [20812] | INFO  | [MGPU Bridge] [MGPU][T2] init_swapchain: swapchain-derived game luid=0x00000000-0x00013FE8 established (the device CreateSwapChainForHwnd was called on) - overrides the provisional init_device value
23:44:33:302 [ 1584] | INFO  | [MGPU Bridge] [MGPU][T3] bridge thread started - owns all GPU 1 objects (window + message pump arrive with T4)
23:44:33:302 [20812] | INFO  | [MGPU Bridge] [MGPU][T2] adapter[2] rejected as software (flags=0x2 vendor=0x1414) - enumerated and logged, never selectable
23:44:33:302 [20812] | INFO  | [MGPU Bridge] [MGPU][T2] SELECTED adapter[1] luid=0x00000000-0x00015621 desc="NVIDIA GeForce RTX 5060 Ti" outputs=0 rule="exclusion (luid != swapchain game luid) + software filter" | game luid=0x00000000-0x00013FE8 (source: swapchain)
23:44:33:302 [ 1584] | INFO  | [MGPU Bridge] [MGPU][T3] D3D12CreateDevice begin: selected luid=0x00000000-0x00015621 desc="NVIDIA GeForce RTX 5060 Ti" (game luid=known, see [MGPU][T2] final line)
23:44:33:302 [20812] | INFO  | [MGPU Bridge] [MGPU][P9.1] SIZE BAND set from the GAME swapchain: 2560x1440 (was 0x0). Candidates are accepted between 20% and 105% of that area, so at this setting a 2560x1440 scene depth is inside the band by construction. If a lateral reports zero for a whole run, check this line first.
23:44:33:302 [ 1584] | INFO  | Redirecting D3D12CreateDevice(pAdapter = 000001EC86DCCAB0, MinimumFeatureLevel = b000, riid = {189819F1-1DB6-4B57-BE54-1821339B85F7}, ppDevice = 000000CD69E6EEE8) ...
23:44:33:303 [ 1584] | INFO  | Redirecting CreateDXGIFactory2(Flags = 0x80000000, riid = {1BC6EA02-EF36-464F-BF0C-21CA39E5168A}, ppFactory = 000000CD69E6E880) ...
23:44:33:303 [20812] | INFO  | [MGPU Bridge] [MGPU][P9.1] PROBE CODE IS PRESENT IN THIS BUILD, probe P14.2 (R98: a UNIFORM FRACTION of the scene, and the largest one wins); MetaProbe = off. This line is printed even when the answer is off, so that a log with no other P9.1 line means the probe was OFF rather than ABSENT - those were indistinguishable once and cost a run. The key is MetaProbe, NOT Probes: Probes is the older P1.3 one-shot probe chain and reads only the literal 1. OFF MEANS UNREGISTERED, not a callback that returns early: with the probe off ReShade installs no interception on our account and the add-on is byte-identical to a build without this file. The depth lane subscribes to OMSetRenderTargets and ClearDepthStencilVie
23:44:33:341 [ 1584] | INFO  | [MGPU Bridge] [MGPU][T3] init_device (subsequent) luid=0x00000000-0x00015621
23:44:33:341 [ 1584] | INFO  | [MGPU Bridge] [MGPU][T3] CrossAdapterRowMajorTextureSupported hr=0x00000000 supported=0 (record only)
23:44:33:341 [ 1584] | INFO  | [MGPU Bridge] [MGPU][T3] D3D12CreateDevice hr=0x00000000 luid=0x00000000-0x00015621 - device live on the second adapter; game rendering unaffected
23:44:33:341 [ 1584] | INFO  | [MGPU Bridge] [MGPU][P7.2] mgpu.ini read from beside the add-on: "C:\Games\Resonance - A Plague Tale Legacy\mgpu.ini". This is the file whose values appear on the arm line.
23:44:33:342 [ 1584] | INFO  | [MGPU Bridge] [MGPU][P7.10] window placement - auto, from the DESKTOP monitor list because the bridge adapter reported no outputs of its own: the first non-primary monitor - monitor 0 of 2, rect (-2560,-174)-(0,1266). CHECK THIS ONE: it is placed away from the primary display, not proven to be on the second card, because DXGI would not say. Set Monitor=<n> if it p
23:44:33:342 [ 1584] | INFO  | [MGPU Bridge] [MGPU][T4] display topology: 2 active path(s) -> extended or single
23:44:33:343 [ 1584] | INFO  | [MGPU Bridge] [MGPU][T4] window created: class="MGPU_Bridge_Wnd_00007FFDE6E60000" hwnd=0x0000000000480742 client=1280x720 (0,0,1280,720) thread id 0x630 (client area is the T4-fixed 1280x720)
23:44:33:345 [ 1584] | INFO  | [MGPU Bridge] [MGPU][P7.5] seam hotkeys: CTRL+ALT+LEFT/RIGHT move the split seam = OK/OK | add SHIFT for a coarse step = OK/OK. They repeat when held and need NO overlay open, so the seam can be dragged across a face while the game is the only thing on screen - which is the point of having them at all.
23:44:33:345 [ 1584] | INFO  | [MGPU Bridge] [MGPU][P7.4] view hotkey: CTRL+ALT+F7 cycles output -> input -> split = OK. Split shows the frame handed TO the model on the left and what it produced on the right, THE SAME FRAME, so the two halves cannot disagree about time, camera or lighting. The neural stage is unchanged in all three.
23:44:33:346 [ 1584] | INFO  | [MGPU Bridge] [MGPU][P6.3] intensity hotkeys: CTRL+ALT+F8 cycle target (all/p1/p2/...) = OK | CTRL+ALT+F9 down = OK | CTRL+ALT+F11 up = OK. Steps of 0.05, clamped 0.00-2.00, live from the next frame - NGX parameters are set per evaluate, so no re-arm and no relaunch. DOWN and UP repeat when held; the target key does not.
23:44:33:346 [ 1584] | INFO  | [MGPU Bridge] [MGPU][P1.3g] hotkey registered: CTRL+ALT+F10 runs the transit probe on demand, from any foreground window. Press it once the game has settled - in gameplay, not the menu - and again with a different window focused; each run labels itself and records which window held the foreground.
23:44:33:346 [ 1584] | INFO  | Redirecting ID3D12Device::CreateCommandQueue(this = 000001ECEF273500, pDesc = 000000CD69E6EE80, riid = {0EC870A6-5D7E-4C22-8CFC-5BAAE07616ED}, ppCommandQueue = 000000CD69E6EDF0) ...
23:44:33:346 [ 1584] | INFO  | > Dumping command queue description:
23:44:33:347 [ 1584] | INFO  |   +-----------------------------------------+-----------------------------------------+
23:44:33:347 [ 1584] | INFO  |   | Parameter                               | Value                                   |
23:44:33:347 [ 1584] | INFO  |   +-----------------------------------------+-----------------------------------------+
23:44:33:347 [ 1584] | INFO  |   | Type                                    | 0                                       |
23:44:33:348 [ 1584] | INFO  |   | Priority                                | 0                                       |
23:44:33:348 [ 1584] | INFO  |   | Flags                                   | 0                                       |
23:44:33:348 [ 1584] | INFO  |   | NodeMask                                | 0                                       |
23:44:33:348 [ 1584] | INFO  |   +-----------------------------------------+-----------------------------------------+
23:44:33:379 [ 1584] | INFO  | Redirecting CreateDXGIFactory2(Flags = 0, riid = {50C83A1C-E072-4C48-87B0-3630FA36A6D0}, ppFactory = 000000CD69E6EDE0) ...
23:44:33:380 [ 1584] | INFO  | Redirecting IDXGIFactory2::CreateSwapChainForHwnd(this = 000001ECF3837EA0, pDevice = 000001ECF0C49440, hWnd = 0000000000480742, pDesc = 000000CD69E6ED00, pFullscreenDesc = 0000000000000000, pRestrictToOutput = 0000000000000000, ppSwapChain = ) ...
23:44:33:380 [ 1584] | INFO  | > Dumping swap chain description:
23:44:33:380 [ 1584] | INFO  |   +-----------------------------------------+-----------------------------------------+
23:44:33:380 [ 1584] | INFO  |   | Parameter                               | Value                                   |
23:44:33:380 [ 1584] | INFO  |   +-----------------------------------------+-----------------------------------------+
23:44:33:380 [ 1584] | INFO  |   | Width                                   | 1280                                    |
23:44:33:381 [ 1584] | INFO  |   | Height                                  | 720                                     |
23:44:33:381 [ 1584] | INFO  |   | RefreshRate                             | 0                   0                   |
23:44:33:381 [ 1584] | INFO  |   | Format                                  | DXGI_FORMAT_R10G10B10A2_UNORM           |
23:44:33:381 [ 1584] | INFO  |   | Stereo                                  | FALSE                                   |
23:44:33:381 [ 1584] | INFO  |   | ScanlineOrdering                        | 0                                       |
23:44:33:381 [ 1584] | INFO  |   | Scaling                                 | 0                                       |
23:44:33:382 [ 1584] | INFO  |   | SampleCount                             | 1                                       |
23:44:33:382 [ 1584] | INFO  |   | SampleQuality                           | 0                                       |
23:44:33:382 [ 1584] | INFO  |   | BufferUsage                             | 0x20                                    |
23:44:33:382 [ 1584] | INFO  |   | BufferCount                             | 2                                       |
23:44:33:382 [ 1584] | INFO  |   | Windowed                                | TRUE                                    |
23:44:33:382 [ 1584] | INFO  |   | SwapEffect                              | 4                                       |
23:44:33:383 [ 1584] | INFO  |   | AlphaMode                               | 0                                       |
23:44:33:383 [ 1584] | INFO  |   | Flags                                   | 0                                       |
23:44:33:383 [ 1584] | INFO  |   +-----------------------------------------+-----------------------------------------+
23:44:33:412 [ 1584] | INFO  | Redirecting CreateDXGIFactory2(Flags = 0, riid = {1BC6EA02-EF36-464F-BF0C-21CA39E5168A}, ppFactory = 000000CD69E6E550) ...
23:44:33:412 [ 1584] | INFO  | Redirecting CreateDXGIFactory2(Flags = 0, riid = {1BC6EA02-EF36-464F-BF0C-21CA39E5168A}, ppFactory = 000000CD69E6E550) ...
23:44:33:413 [ 1584] | INFO  | Redirecting CreateDXGIFactory2(Flags = 0, riid = {1BC6EA02-EF36-464F-BF0C-21CA39E5168A}, ppFactory = 000000CD69E6E550) ...
23:44:33:413 [ 1584] | INFO  | Redirecting CreateDXGIFactory2(Flags = 0, riid = {1BC6EA02-EF36-464F-BF0C-21CA39E5168A}, ppFactory = 000000CD69E6E550) ...
23:44:33:414 [ 1584] | INFO  | Running on NVIDIA GeForce RTX 5060 Ti Driver 616.64.
23:44:33:415 [ 1584] | INFO  | [MGPU Bridge] [MGPU][T2] init_swapchain luid=0x00000000-0x00015621 - swapchain-derived game luid 0x00000000-0x00013FE8 already established; not re-selecting
23:44:33:417 [ 1584] | INFO  | Recreated runtime environment on runtime 000001ECF3F2FCD0 ('C:\Games\Resonance - A Plague Tale Legacy\ReShade2.ini').
23:44:33:418 [ 1584] | INFO  | [MGPU Bridge] [MGPU][T5] present chain created: format=DXGI_FORMAT_R10G10B10A2_UNORM buffers=2 swapeffect=FLIP_DISCARD queue=DIRECT client=1280x720 CreateSwapChainForHwnd hr=0x00000000 hwnd=0x0000000000480742 (vsync present, non-resizable window - no ResizeBuffers at P0)
23:44:33:423 [ 1584] | INFO  | [MGPU Bridge] [MGPU][P1.0c] ngx modules: _nvngx.dll=0x00007FFDD9300000 (already resident) nvngx_dlssnr.dll=0x00007FFDB1320000 (PRIVATE INSTANCE from mgpu\ - nothing else in this process has it) path=C:\Games\Resonance - A Plague Tale Legacy\mgpu\nvngx_dlssnr.dll
23:44:33:424 [ 1584] | INFO  | [MGPU Bridge] [MGPU][P1.0c] no copy of nvngx_dlssnr.dll beside the executable - the title cannot load it, so this add-on holds the only instance and NGX binds to the adapter WE pass. This is the correct layout.
23:44:33:424 [ 1584] | INFO  | [MGPU Bridge] [MGPU][P1.0c] ngx exports: Init=core+snippet(used:core) Init_Ext=core+snippet(used:core) GetCapabilityParameters=core+-(used:core) DestroyParameters=core+-(used:core) Shutdown1=core+snippet(used:core) CreateFeature=core+snippet(used:snippet) ReleaseFeature=core+snippet(used:snippet) EvaluateFeature=core+snippet(used:snippet)
23:44:33:424 [ 1584] | INFO  | [MGPU Bridge] [MGPU][P1.0c] snippet-only exports: Init=yes Init_Ext=yes Init_Ext2=no PopulateParameters_Impl=yes
23:44:33:425 [ 1584] | INFO  | [MGPU Bridge] [MGPU][P1.0c] Init: result=0xBAD0000C (FAIL_OutOfDate) device=0x000001ECEF273500 luid=00000000-00015621 app_id=0 sdk_version=0x00000015 log_callback=installed(VERBOSE) data_path="C:\Games\Resonance - A Plague Tale Legacy\"
23:44:33:425 [ 1584] | WARN  | [MGPU Bridge] [MGPU][P1.0c] FAIL_OutOfDate at init is an ENVIRONMENT fault, not a defect in this add-on - the same call succeeded repeatedly on this rig with this binary. Confirm in nvngx.log: its first line will be "NGXInitValidateSnippets: installed NGX API is older than the one used by client application" with NO telemetry blocks after it. FIX, reproduced on the rig 2026-09-03: OPEN THE NVIDIA APP, then relaunch the game. Every earlier clearing event was an instance of this - an app update, a reboot, a settings change - each of which restarted or refreshed that app. Relaunching the game ALONE does not reliably clear it. The OTA model store is NOT the cause and is exonerated: failing runs still parse C:\ProgramData\NVIDIA\NGX\models and MapProjectId succeeds in them. THIS RUN ANSWERS NOTHING ABOUT NGX and no NGX result from it may be recorded - but it does NOT void probes that never touch NGX. P1.3 builds its own devices and produced a valid cross-adapter transit result on a launch that failed here. Void the NGX portion, not the launch.
23:44:33:425 [ 1584] | INFO  | [MGPU Bridge] [MGPU][P1.0c] teardown: complete - D3D12 objects released, NGX session intentionally retained
23:44:33:425 [ 1584] | WARN  | [MGPU Bridge] [MGPU][P1.0c] PROBE FAILED at Init - see the result code above. Bridge continues.
23:44:33:426 [ 1584] | INFO  | [MGPU Bridge] [MGPU][P1.3] ===== RUN "startup" ===== foreground hwnd=0x00000000000F05F8 owner=this process class="AceApp" uptime=14996296 ms. A "startup" run is contaminated by construction (menu, shaders compiling) and its timings are an upper bound only. A manual run is quieter but is STILL not a performance figure: no shared fence, no pipelining, CPU-serialised round trip. What manual runs buy is repetition and a controlled foreground - n>1 in one launch, and a named focus condition per sample.
23:44:33:426 [ 1584] | INFO  | [MGPU Bridge] [MGPU][P1.3] no debug layer (see comment above transit_drain_info_queue) - the split per-call HRESULTs below are the instrument.
23:44:33:426 [ 1584] | INFO  | Redirecting CreateDXGIFactory2(Flags = 0, riid = {50C83A1C-E072-4C48-87B0-3630FA36A6D0}, ppFactory = 000000CD69E6DFB8) ...
23:44:33:426 [ 1584] | INFO  | Redirecting D3D12CreateDevice(pAdapter = 000001F0C9197310, MinimumFeatureLevel = b000, riid = {189819F1-1DB6-4B57-BE54-1821339B85F7}, ppDevice = 000000CD69E6E240) ...
23:44:33:426 [ 1584] | INFO  | Redirecting CreateDXGIFactory2(Flags = 0x80000000, riid = {1BC6EA02-EF36-464F-BF0C-21CA39E5168A}, ppFactory = 000000CD69E6D970) ...
23:44:33:427 [ 1584] | INFO  | Redirecting CreateDXGIFactory2(Flags = 0, riid = {50C83A1C-E072-4C48-87B0-3630FA36A6D0}, ppFactory = 000000CD69E6DFB8) ...
23:44:33:427 [ 1584] | INFO  | Redirecting D3D12CreateDevice(pAdapter = 000001F0C9197160, MinimumFeatureLevel = b000, riid = {189819F1-1DB6-4B57-BE54-1821339B85F7}, ppDevice = 000000CD69E6E2B0) ...
23:44:33:427 [ 1584] | INFO  | Redirecting CreateDXGIFactory2(Flags = 0x80000000, riid = {1BC6EA02-EF36-464F-BF0C-21CA39E5168A}, ppFactory = 000000CD69E6D970) ...
23:44:33:428 [ 1584] | INFO  | [MGPU Bridge] [MGPU][P1.3] own devices: gpu0(game adapter) hr=0x00000000 luid=00000000-00013FE8 | gpu1 hr=0x00000000 luid=00000000-00015621 (the game's own device is NOT touched)
23:44:33:428 [ 1584] | INFO  | Redirecting ID3D12Device::CreateCommandQueue(this = 000001EC85ABB7A0, pDesc = 000000CD69E6E0E0, riid = {0EC870A6-5D7E-4C22-8CFC-5BAAE07616ED}, ppCommandQueue = 000000CD69E6E248) ...
23:44:33:428 [ 1584] | INFO  | > Dumping command queue description:
23:44:33:428 [ 1584] | INFO  |   +-----------------------------------------+-----------------------------------------+
23:44:33:428 [ 1584] | INFO  |   | Parameter                               | Value                                   |
23:44:33:428 [ 1584] | INFO  |   +-----------------------------------------+-----------------------------------------+
23:44:33:429 [ 1584] | INFO  |   | Type                                    | 0                                       |
23:44:33:429 [ 1584] | INFO  |   | Priority                                | 0                                       |
23:44:33:429 [ 1584] | INFO  |   | Flags                                   | 0                                       |
23:44:33:429 [ 1584] | INFO  |   | NodeMask                                | 0                                       |
23:44:33:429 [ 1584] | INFO  |   +-----------------------------------------+-----------------------------------------+
23:44:33:457 [ 1584] | INFO  | Redirecting ID3D12Device::CreateCommandQueue(this = 000001ECEF273500, pDesc = 000000CD69E6E0E0, riid = {0EC870A6-5D7E-4C22-8CFC-5BAAE07616ED}, ppCommandQueue = 000000CD69E6E2B8) ...
23:44:33:457 [ 1584] | INFO  | > Dumping command queue description:
23:44:33:457 [ 1584] | INFO  |   +-----------------------------------------+-----------------------------------------+
23:44:33:457 [ 1584] | INFO  |   | Parameter                               | Value                                   |
23:44:33:457 [ 1584] | INFO  |   +-----------------------------------------+-----------------------------------------+
23:44:33:458 [ 1584] | INFO  |   | Type                                    | 0                                       |
23:44:33:458 [ 1584] | INFO  |   | Priority                                | 0                                       |
23:44:33:458 [ 1584] | INFO  |   | Flags                                   | 0                                       |
23:44:33:458 [ 1584] | INFO  |   | NodeMask                                | 0                                       |
23:44:33:458 [ 1584] | INFO  |   +-----------------------------------------+-----------------------------------------+
23:44:33:490 [ 1584] | INFO  | [MGPU Bridge] [MGPU][P1.3] ExistingHeaps support: gpu0=1 gpu1=1 (path A' needs both)
23:44:33:491 [ 1584] | INFO  | [MGPU Bridge] [MGPU][P1.3] 1280x720 A'.0 VirtualAlloc: addr=0x000001F0D1AC0000 bytes=3735552 (payload 3686400, rounded to 64 KB)
23:44:33:491 [ 1584] | INFO  | [MGPU Bridge] [MGPU][P1.3] 1280x720 A'.1 QueryInterface(ID3D12Device3): hr=0x00000000
23:44:33:492 [ 1584] | INFO  | [MGPU Bridge] [MGPU][P1.3] 1280x720 A'.2 OpenExistingHeapFromAddress on GPU 0: hr=0x00000000
23:44:33:492 [ 1584] | INFO  | [MGPU Bridge] [MGPU][P1.3] 1280x720 A'.3 OpenExistingHeapFromAddress on GPU 1: hr=0x00000000 <- same host pages, second adapter
23:44:33:493 [ 1584] | INFO  | [MGPU Bridge] [MGPU][P1.3] 1280x720 A'.3b heap desc: gpu0 size=3735552 align=65536 type=4(DEFAULT=1,UPLOAD=2,READBACK=3,CUSTOM=4) cpuPage=3 pool=1(L0=1,L1=2) flags=0x421 | gpu1 size=3735552 align=65536 type=4 cpuPage=3 pool=1 flags=0x421
23:44:33:493 [ 1584] | INFO  | [MGPU Bridge] [MGPU][P1.3] 1280x720 A'.4 CreatePlacedResource on GPU 0, flags=NONE state=COMMON: hr=0x80070057
23:44:33:493 [ 1584] | INFO  | [MGPU Bridge] [MGPU][P1.3] 1280x720 A'.4 CreatePlacedResource on GPU 0, flags=ALLOW_CROSS_ADAPTER state=COMMON: hr=0x00000000  <- ACCEPTED
23:44:33:494 [ 1584] | INFO  | [MGPU Bridge] [MGPU][P1.3] 1280x720 A'.5 CreatePlacedResource on GPU 1, flags=NONE state=COMMON: hr=0x80070057
23:44:33:494 [ 1584] | INFO  | [MGPU Bridge] [MGPU][P1.3] 1280x720 A'.5 CreatePlacedResource on GPU 1, flags=ALLOW_CROSS_ADAPTER state=COMMON: hr=0x00000000  <- ACCEPTED
23:44:33:504 [ 1584] | INFO  | [MGPU Bridge] [MGPU][P1.4b] 1280x720 SAME-ADAPTER CONTROL (GPU 0, identical two copies, destination LOCAL to GPU 0): hr=0x00000000 sub=1.42 wait=0.00 total=1.42 ms for 3.52 MiB. Compare against wait0 in the breakdown below: the DIFFERENCE is what crossing the adapter costs on this link; what is left is GPU 0 being busy with the game.
23:44:33:511 [ 1584] | INFO  | [MGPU Bridge] [MGPU][P1.3] 1280x720 via A'(host-pinned): 3.52 MiB round trip in 1.61 ms (2189 MiB/s apparent) differing=0 of 921600 sentinel=0
23:44:33:511 [ 1584] | INFO  | [MGPU Bridge] [MGPU][P1.4a] 1280x720 path=A'(host-pinned) forced=A-prime breakdown: rec0=0.03 sub0=0.04 wait0=0.19 | rec1=0.37 sub1=1.00 wait1=0.00 | cpu(rec+sub)=1.44 waits=0.19 (12% of the trip) round_trip=1.61 verify=4.34 ms. LINK: these absolute numbers are a property of WHATEVER INTERCONNECT THIS MACHINE HAS, which this line does not know and does not guess - check the slot topology against your board's manual before quoting them. They do not decide whether the architecture is viable. What they do decide is A versus A-prime, because both are measured over the same link.
23:44:33:511 [ 1584] | INFO  | [MGPU Bridge] [MGPU][P1.3] PAYLOAD INTACT - every pixel crossed the bus unchanged.
23:44:33:512 [ 1584] | INFO  | Redirecting ID3D12Device::CreateCommandQueue(this = 000001EC85ABB7A0, pDesc = 000000CD69E6E4A0, riid = {0EC870A6-5D7E-4C22-8CFC-5BAAE07616ED}, ppCommandQueue = 000000CD69E6E298) ...
23:44:33:512 [ 1584] | INFO  | > Dumping command queue description:
23:44:33:512 [ 1584] | INFO  |   +-----------------------------------------+-----------------------------------------+
23:44:33:512 [ 1584] | INFO  |   | Parameter                               | Value                                   |
23:44:33:512 [ 1584] | INFO  |   +-----------------------------------------+-----------------------------------------+
23:44:33:513 [ 1584] | INFO  |   | Type                                    | 3                                       |
23:44:33:513 [ 1584] | INFO  |   | Priority                                | 0                                       |
23:44:33:513 [ 1584] | INFO  |   | Flags                                   | 0                                       |
23:44:33:513 [ 1584] | INFO  |   | NodeMask                                | 0                                       |
23:44:33:513 [ 1584] | INFO  |   +-----------------------------------------+-----------------------------------------+
23:44:33:521 [ 1584] | INFO  | Redirecting ID3D12Device::CreateCommandQueue(this = 000001ECEF273500, pDesc = 000000CD69E6E4A0, riid = {0EC870A6-5D7E-4C22-8CFC-5BAAE07616ED}, ppCommandQueue = 000000CD69E6E2F8) ...
23:44:33:521 [ 1584] | INFO  | > Dumping command queue description:
23:44:33:521 [ 1584] | INFO  |   +-----------------------------------------+-----------------------------------------+
23:44:33:521 [ 1584] | INFO  |   | Parameter                               | Value                                   |
23:44:33:522 [ 1584] | INFO  |   +-----------------------------------------+-----------------------------------------+
23:44:33:522 [ 1584] | INFO  |   | Type                                    | 3                                       |
23:44:33:522 [ 1584] | INFO  |   | Priority                                | 0                                       |
23:44:33:522 [ 1584] | INFO  |   | Flags                                   | 0                                       |
23:44:33:522 [ 1584] | INFO  |   | NodeMask                                | 0                                       |
23:44:33:523 [ 1584] | INFO  |   +-----------------------------------------+-----------------------------------------+
23:44:33:531 [ 1584] | INFO  | [MGPU Bridge] [MGPU][P2.1] 1280x720 setup: COPY queues on both adapters, 4-deep ring, cross-adapter producer fence (CreateFence(SHARED|SHARED_CROSS_ADAPTER) on GPU 0 -> OpenSharedHandle on GPU 1): hr=0x00000000
23:44:33:544 [ 1584] | INFO  | [MGPU Bridge] [MGPU][P2.1] 1280x720 bands=4 rows_per_band=180 pitch=5120
23:44:33:545 [ 1584] | INFO  | [MGPU Bridge] [MGPU][P2.1] 1280x720 path=A'(host-pinned) buffer-to-buffer over the shared heap, 3.52 MiB | SERIAL(1 band, CPU wait between sides): ok=yes 0.78 ms (4529 MiB/s) differing=0 sentinel=0 | PIPELINED(4 bands, COPY queues, GPU-side fence wait): ok=yes 1.04 ms (3365 MiB/s) differing=0 sentinel=0
23:44:33:545 [ 1584] | INFO  | [MGPU Bridge] [MGPU][P2.1] PROBE PASSED (CORRECTNESS ONLY) - both arms delivered the payload byte-exact with no sentinel survivors, so the 4-band ring transports correctly and the GPU-side fence ordering between the two adapters holds at every band boundary. NO SPEED CLAIM IS MADE OR IMPLIED. The two durations above are single noisy wall-clock samples of a NARROWER path than P1.3's (shared-heap traversal only, no texture stages), neither is a GPU timestamp, and on this rig the pipelined arm has been the SLOWER of the two - both halves cross the same link, so overlapping them adds contention, not bandwidth. The overlap that could pay is transfer against neural execution, which this block does not test.
23:44:33:552 [ 1584] | INFO  | [MGPU Bridge] [MGPU][P1.3] 2560x1440 A'.0 VirtualAlloc: addr=0x000001F0D3E50000 bytes=14745600 (payload 14745600, rounded to 64 KB)
23:44:33:552 [ 1584] | INFO  | [MGPU Bridge] [MGPU][P1.3] 2560x1440 A'.1 QueryInterface(ID3D12Device3): hr=0x00000000
23:44:33:554 [ 1584] | INFO  | [MGPU Bridge] [MGPU][P1.3] 2560x1440 A'.2 OpenExistingHeapFromAddress on GPU 0: hr=0x00000000
23:44:33:554 [ 1584] | INFO  | [MGPU Bridge] [MGPU][P1.3] 2560x1440 A'.3 OpenExistingHeapFromAddress on GPU 1: hr=0x00000000 <- same host pages, second adapter
23:44:33:555 [ 1584] | INFO  | [MGPU Bridge] [MGPU][P1.3] 2560x1440 A'.3b heap desc: gpu0 size=14745600 align=65536 type=4(DEFAULT=1,UPLOAD=2,READBACK=3,CUSTOM=4) cpuPage=3 pool=1(L0=1,L1=2) flags=0x421 | gpu1 size=14745600 align=65536 type=4 cpuPage=3 pool=1 flags=0x421
23:44:33:555 [ 1584] | INFO  | [MGPU Bridge] [MGPU][P1.3] 2560x1440 A'.4 CreatePlacedResource on GPU 0, flags=NONE state=COMMON: hr=0x80070057
23:44:33:555 [ 1584] | INFO  | [MGPU Bridge] [MGPU][P1.3] 2560x1440 A'.4 CreatePlacedResource on GPU 0, flags=ALLOW_CROSS_ADAPTER state=COMMON: hr=0x00000000  <- ACCEPTED
23:44:33:555 [ 1584] | INFO  | [MGPU Bridge] [MGPU][P1.3] 2560x1440 A'.5 CreatePlacedResource on GPU 1, flags=NONE state=COMMON: hr=0x80070057
23:44:33:555 [ 1584] | INFO  | [MGPU Bridge] [MGPU][P1.3] 2560x1440 A'.5 CreatePlacedResource on GPU 1, flags=ALLOW_CROSS_ADAPTER state=COMMON: hr=0x00000000  <- ACCEPTED
23:44:33:560 [20812] | INFO  | [MGPU Bridge] [MGPU][R101] CALIBRATOR INSTALLED mode=2 | 43 import slot(s) patched across 149 module(s). This is a POINTER SWAP, not a code patch - no instruction anywhere in this process was modified, and Calib=0 puts every slot back. Our own module is skipped so the bridge's own DLSS-NR evaluates are never mistaken for the game's.
23:44:33:563 [20812] | INFO  | Recreated runtime environment on runtime 000001ECF0A1A880 ('C:\Games\Resonance - A Plague Tale Legacy\ReShade.ini').
23:44:33:563 [20812] | INFO  | Redirecting IDXGISwapChain3::SetColorSpace1(ColorSpace = 0) ...
23:44:33:563 [20812] | INFO  | Redirecting IDXGISwapChain::SetFullscreenState(this = 000001ECF0AA22D0, Fullscreen = FALSE, pTarget = 0000000000000000) ...
23:44:33:571 [ 1584] | INFO  | [MGPU Bridge] [MGPU][P1.4b] 2560x1440 SAME-ADAPTER CONTROL (GPU 0, identical two copies, destination LOCAL to GPU 0): hr=0x00000000 sub=0.08 wait=0.20 total=0.28 ms for 14.06 MiB. Compare against wait0 in the breakdown below: the DIFFERENCE is what crossing the adapter costs on this link; what is left is GPU 0 being busy with the game.
23:44:33:591 [ 1584] | INFO  | [MGPU Bridge] [MGPU][P1.3] 2560x1440 via A'(host-pinned): 14.06 MiB round trip in 1.91 ms (7351 MiB/s apparent) differing=0 of 3686400 sentinel=0
23:44:33:591 [ 1584] | INFO  | [MGPU Bridge] [MGPU][P1.4a] 2560x1440 path=A'(host-pinned) forced=A-prime breakdown: rec0=0.02 sub0=0.04 wait0=0.68 | rec1=0.01 sub1=0.04 wait1=1.14 | cpu(rec+sub)=0.12 waits=1.82 (95% of the trip) round_trip=1.91 verify=17.02 ms. LINK: these absolute numbers are a property of WHATEVER INTERCONNECT THIS MACHINE HAS, which this line does not know and does not guess - check the slot topology against your board's manual before quoting them. They do not decide whether the architecture is viable. What they do decide is A versus A-prime, because both are measured over the same link.
23:44:33:591 [ 1584] | INFO  | [MGPU Bridge] [MGPU][P1.3] PAYLOAD INTACT - every pixel crossed the bus unchanged.
23:44:33:591 [ 1584] | INFO  | Redirecting ID3D12Device::CreateCommandQueue(this = 000001EC85ABB7A0, pDesc = 000000CD69E6E4A0, riid = {0EC870A6-5D7E-4C22-8CFC-5BAAE07616ED}, ppCommandQueue = 000000CD69E6E298) ...
23:44:33:591 [ 1584] | INFO  | > Dumping command queue description:
23:44:33:591 [ 1584] | INFO  |   +-----------------------------------------+-----------------------------------------+
23:44:33:591 [ 1584] | INFO  |   | Parameter                               | Value                                   |
23:44:33:592 [ 1584] | INFO  |   +-----------------------------------------+-----------------------------------------+
23:44:33:592 [ 1584] | INFO  |   | Type                                    | 3                                       |
23:44:33:592 [ 1584] | INFO  |   | Priority                                | 0                                       |
23:44:33:592 [ 1584] | INFO  |   | Flags                                   | 0                                       |
23:44:33:592 [ 1584] | INFO  |   | NodeMask                                | 0                                       |
23:44:33:592 [ 1584] | INFO  |   +-----------------------------------------+-----------------------------------------+
23:44:33:598 [ 1584] | INFO  | Redirecting ID3D12Device::CreateCommandQueue(this = 000001ECEF273500, pDesc = 000000CD69E6E4A0, riid = {0EC870A6-5D7E-4C22-8CFC-5BAAE07616ED}, ppCommandQueue = 000000CD69E6E2F8) ...
23:44:33:598 [ 1584] | INFO  | > Dumping command queue description:
23:44:33:598 [ 1584] | INFO  |   +-----------------------------------------+-----------------------------------------+
23:44:33:598 [ 1584] | INFO  |   | Parameter                               | Value                                   |
23:44:33:598 [ 1584] | INFO  |   +-----------------------------------------+-----------------------------------------+
23:44:33:598 [ 1584] | INFO  |   | Type                                    | 3                                       |
23:44:33:598 [ 1584] | INFO  |   | Priority                                | 0                                       |
23:44:33:598 [ 1584] | INFO  |   | Flags                                   | 0                                       |
23:44:33:599 [ 1584] | INFO  |   | NodeMask                                | 0                                       |
23:44:33:599 [ 1584] | INFO  |   +-----------------------------------------+-----------------------------------------+
23:44:33:606 [ 1584] | INFO  | [MGPU Bridge] [MGPU][P2.1] 2560x1440 setup: COPY queues on both adapters, 4-deep ring, cross-adapter producer fence (CreateFence(SHARED|SHARED_CROSS_ADAPTER) on GPU 0 -> OpenSharedHandle on GPU 1): hr=0x00000000
23:44:33:673 [ 1584] | INFO  | [MGPU Bridge] [MGPU][P2.1] 2560x1440 bands=4 rows_per_band=360 pitch=10240
23:44:33:736 [ 1584] | INFO  | [MGPU Bridge] [MGPU][P2.1] 2560x1440 path=A'(host-pinned) buffer-to-buffer over the shared heap, 14.06 MiB | SERIAL(1 band, CPU wait between sides): ok=yes 1.98 ms (7114 MiB/s) differing=0 sentinel=0 | PIPELINED(4 bands, COPY queues, GPU-side fence wait): ok=yes 1.97 ms (7137 MiB/s) differing=0 sentinel=0
23:44:33:736 [ 1584] | INFO  | [MGPU Bridge] [MGPU][P2.1] PROBE PASSED (CORRECTNESS ONLY) - both arms delivered the payload byte-exact with no sentinel survivors, so the 4-band ring transports correctly and the GPU-side fence ordering between the two adapters holds at every band boundary. NO SPEED CLAIM IS MADE OR IMPLIED. The two durations above are single noisy wall-clock samples of a NARROWER path than P1.3's (shared-heap traversal only, no texture stages), neither is a GPU timestamp, and on this rig the pipelined arm has been the SLOWER of the two - both halves cross the same link, so overlapping them adds contention, not bandwidth. The overlap that could pay is transfer against neural execution, which this block does not test.
23:44:33:746 [ 1584] | INFO  | [MGPU Bridge] [MGPU][P1.3] NOTE: the timings above are a CPU-serialised round trip measured during game startup, with no shared fence and no pipelining. Treat the RATIO between the two sizes as the signal and the absolute numbers as an upper bound; a real figure needs cross-adapter GPU clock calibration and a settled scene (P2).
23:44:33:780 [ 1584] | INFO  | [MGPU Bridge] [MGPU][P1.3] transit probe torn down - both probe-owned devices released
23:44:33:780 [ 1584] | INFO  | [MGPU Bridge] [MGPU][P7.10] AutoArm is ON: the stream will arm itself after 600 presented frames AND 3000 ms with no swapchain event. For a MEASUREMENT leave it off and arm by hand in gameplay - that is what every published figure ran under.
23:44:33:794 [ 1584] | INFO  | [MGPU Bridge] [MGPU][T5] first successful present (frame 1) - the vsync-paced present loop is alive
23:44:33:805 [20124] | INFO  | Successfully compiled 'C:\Games\Resonance - A Plague Tale Legacy\reshade-shaders\Shaders\Daltonize.fx' in 0.022000 s.
23:44:33:813 [12512] | INFO  | Successfully compiled 'C:\Games\Resonance - A Plague Tale Legacy\reshade-shaders\Shaders\mgpu_depth_tap.fx' in 0.029000 s.
23:44:33:814 [ 6284] | INFO  | Successfully compiled 'C:\Games\Resonance - A Plague Tale Legacy\reshade-shaders\Shaders\LUT.fx' in 0.031000 s.
23:44:33:815 [ 1312] | INFO  | Successfully compiled 'C:\Games\Resonance - A Plague Tale Legacy\reshade-shaders\Shaders\Deband.fx' in 0.031000 s.
23:44:33:816 [22084] | INFO  | Successfully compiled 'C:\Games\Resonance - A Plague Tale Legacy\reshade-shaders\Shaders\DisplayDepth.fx' in 0.033000 s.
23:44:33:817 [ 2308] | INFO  | Successfully compiled 'C:\Games\Resonance - A Plague Tale Legacy\reshade-shaders\Shaders\UIMask.fx' in 0.033000 s.
23:44:33:826 [ 1584] | INFO  | [MGPU Bridge] [MGPU][P1.6] BRIDGE runtime preset="C:\Games\Resonance - A Plague Tale Legacy\gpu1.ini" | 0 of 7 techniques ENABLED. This line exists because a stale gpu1.ini once drew a motion-flow debug view over the neural output and three code hypotheses were spent on it. If anything unexpected is listed here, what is on screen is not what this add-on produced.
23:44:34:206 [20812] | INFO  | Redirecting D3D11CreateDevice(pAdapter = 0000000000000000, DriverType = 1, Software = 0000000000000000, Flags = 0x820, pFeatureLevels = 000000CD64FBF318, FeatureLevels = 2, SDKVersion = 7, ppDevice = 000001ECFADE28E8, pFeatureLevel = 000000CD64FBF308, ppImmediateContext = 000001ECFADE28F0) ...
23:44:34:206 [20812] | INFO  | > Passing on to D3D11CreateDeviceAndSwapChain:
23:44:34:206 [20812] | INFO  | Redirecting D3D11CreateDeviceAndSwapChain(pAdapter = 0000000000000000, DriverType = 1, Software = 0000000000000000, Flags = 0x820, pFeatureLevels = 000000CD64FBF318, FeatureLevels = 2, SDKVersion = 7, pSwapChainDesc = 0000000000000000, ppSwapChain = 0000000000000000, ppDevice = 000001ECFADE28E8, pFeatureLevel = 000000CD64FBF308, ppImmediateContext = 000001ECFADE28F0) ...
23:44:34:206 [20812] | INFO  | Redirecting CreateDXGIFactory2(Flags = 0x80000000, riid = {7B7166EC-21C7-44AE-B21A-C9AE321AE369}, ppFactory = 000000CD64FBE608) ...
23:44:34:225 [20812] | INFO  | Using feature level b100.
23:44:34:226 [20812] | INFO  | [MGPU Bridge] [MGPU][T2] init_device: not a d3d12 device - ignored for selection
23:44:34:227 [20812] | INFO  | Redirecting DirectInput8Create(hinst = 00007FF746950000, dwVersion = 800, riidltf = {BF798030-483A-4DA2-AA99-5D64ED369700}, ppvOut = 000001F0DC8C9EF0, pUnkOuter = 0000000000000000) ...
23:44:34:303 [17244] | INFO  | Successfully compiled 'C:\Games\Resonance - A Plague Tale Legacy\reshade-shaders\Shaders\LUT.fx' in 0.009000 s.
23:44:34:303 [27232] | INFO  | Successfully compiled 'C:\Games\Resonance - A Plague Tale Legacy\reshade-shaders\Shaders\Daltonize.fx' in 0.009000 s.
23:44:34:303 [20120] | INFO  | Successfully compiled 'C:\Games\Resonance - A Plague Tale Legacy\reshade-shaders\Shaders\mgpu_depth_tap.fx' in 0.009000 s.
23:44:34:304 [14212] | INFO  | Successfully compiled 'C:\Games\Resonance - A Plague Tale Legacy\reshade-shaders\Shaders\UIMask.fx' in 0.011000 s.
23:44:34:310 [24052] | INFO  | Successfully compiled 'C:\Games\Resonance - A Plague Tale Legacy\reshade-shaders\Shaders\Deband.fx' in 0.017000 s.
23:44:34:311 [21476] | INFO  | Successfully compiled 'C:\Games\Resonance - A Plague Tale Legacy\reshade-shaders\Shaders\DisplayDepth.fx' in 0.018000 s.
23:44:34:328 [20812] | INFO  | [MGPU Bridge] [MGPU][P1.6] GAME runtime preset="C:\Games\Resonance - A Plague Tale Legacy\ReShadePreset.ini" | 0 of 7 techniques ENABLED. This line exists because a stale gpu1.ini once drew a motion-flow debug view over the neural output and three code hypotheses were spent on it. If anything unexpected is listed here, what is on screen is not what this add-on produced.
23:44:34:332 [20812] | INFO  | Redirecting IDXGISwapChain::SetFullscreenState(this = 000001ECF0AA22D0, Fullscreen = FALSE, pTarget = 0000000000000000) ...
23:44:34:332 [20812] | INFO  | Redirecting IDXGISwapChain::ResizeBuffers(this = 000001ECF0AA22D0, BufferCount = 2, Width = 2560, Height = 1440, NewFormat = 28, SwapChainFlags = 0x800) ...
23:44:34:333 [20812] | INFO  | Destroyed runtime environment on runtime 000001ECF0A1A880 ('C:\Games\Resonance - A Plague Tale Legacy\ReShade.ini').
23:44:34:341 [20812] | INFO  | [MGPU Bridge] [MGPU][T2] init_swapchain (resize) luid=0x00000000-0x00013FE8 - swapchain-derived game luid 0x00000000-0x00013FE8 already established; not re-selecting
23:44:34:343 [20812] | INFO  | Recreated runtime environment on runtime 000001ECF0A1A880 ('C:\Games\Resonance - A Plague Tale Legacy\ReShade.ini').
23:44:34:343 [20812] | INFO  | Redirecting IDXGISwapChain3::SetColorSpace1(ColorSpace = 0) ...
23:44:34:344 [23096] | INFO  | Successfully compiled 'C:\Games\Resonance - A Plague Tale Legacy\reshade-shaders\Shaders\Daltonize.fx' in 0.000000 s.
23:44:34:345 [ 8936] | INFO  | Successfully compiled 'C:\Games\Resonance - A Plague Tale Legacy\reshade-shaders\Shaders\UIMask.fx' in 0.000000 s.
23:44:34:345 [ 9368] | INFO  | Successfully compiled 'C:\Games\Resonance - A Plague Tale Legacy\reshade-shaders\Shaders\mgpu_depth_tap.fx' in 0.000000 s.
23:44:34:345 [21664] | INFO  | Successfully compiled 'C:\Games\Resonance - A Plague Tale Legacy\reshade-shaders\Shaders\LUT.fx' in 0.001000 s.
23:44:34:345 [23524] | INFO  | Successfully compiled 'C:\Games\Resonance - A Plague Tale Legacy\reshade-shaders\Shaders\Deband.fx' in 0.001000 s.
23:44:34:345 [19664] | INFO  | Successfully compiled 'C:\Games\Resonance - A Plague Tale Legacy\reshade-shaders\Shaders\DisplayDepth.fx' in 0.001000 s.
23:44:34:395 [20812] | INFO  | Redirecting IDirectInput8A::CreateDevice(this = 000001ECF38E3450, rguid = {6F1D2B60-D5A0-11CF-BFC7-444553540000}, lplpDirectInputDevice = 000000CD64FB6660, pUnkOuter = 0000000000000000) ...
23:44:36:644 [ 1584] | INFO  | [MGPU Bridge] [MGPU][T5] present loop alive: frame 600 thread id 0x630
23:44:36:645 [ 1584] | INFO  | [MGPU Bridge] [MGPU][P7.10] AutoArm reached its frame count at 600 but the game's swapchain changed 2297 ms ago - waiting for 3000 ms of quiet. Arming across a swapchain rebuild is what produces a session-long run of DROPPED and REORDERED seals.
23:44:37:338 [ 1584] | INFO  | [MGPU Bridge] [MGPU][P7.10] AutoArm firing at frame 746 (3000 ms since the last swapchain event), from the same point in the loop the hotkey arms from. If the game is still in a menu the stream is armed against menu frames, which is correct but measures nothing.
23:44:37:341 [ 1584] | INFO  | [MGPU Bridge] [MGPU][P8.1] PassReset=0 - every pass keeps its history (the shipped behaviour)
23:44:37:341 [ 1584] | WARN  | [MGPU Bridge] [MGPU][R28] CopyQueue=2 - GPU-GATED. The unpack is on a dedicated COPY queue AND that queue waits on the GAME's fence ON THE GPU for a frame that has not arrived yet, so the copy fires the instant the payload lands rather than when the bridge thread next wakes and asks. This is the overlap P2.1 named and did not test: transfer against neural execution on GPU 1. NOTHING ABOUT PRESENTATION CHANGES - the evaluate is still CPU-gated, one frame at a time, presented on completion, so R25a's single clock is untouched. NOT THE CONTROL: every published figure was measured at CopyQueue=0. Watch cq_spec (frames armed before arrival - should be most of them) and OVERRUN, which has a one-frame-wider window in this mode.
23:44:37:341 [ 1584] | INFO  | [MGPU Bridge] [MGPU][P8.0] MVec=SYNTHETIC. THIS IS A CONTROL, NOT A FEATURE: mode 1 binds a CONSTANT field so two runs differ in exactly one thing - whether a NON-ZERO DLSSNR.MVec is bound. Identical output means NR does not read MVec on this path and no flow estimator is worth writing. Different output means it reads it, and the sign and scale can then be walked live instead of guessed. Compare the P2.2 mark 2->3 across the two runs for what it costs.
23:44:37:341 [ 1584] | INFO  | [MGPU Bridge] [MGPU][P8.0] synthetic flow dx=0.000 dy=0.000 scaleX=1.000 scaleY=1.000 (R32G32_FLOAT, full frame). A field of exactly 0,0 carries the same information as no field at all, so MVec=1 with dx=dy=0 is a wasted run.
23:44:37:341 [ 1584] | INFO  | [MGPU Bridge] [MGPU][P6.2] knobs | intensity p1=2.000 (0 per-pass overrides, * marks them). Set.* keys are passed to NGX VERBATIM and this add-on does not know whether the snippet reads them - a key listed here was SENT, not necessarily HONOURED. Intensity is the only one proven live (P1.2: 0.00 vs 1.60 changed 98.03% of pixels).
23:44:37:342 [ 1584] | INFO  | [MGPU Bridge] [MGPU][P4.0] stream REQUESTED - ring depth 6, bound 6000 frames, fault="none", neural=ON (P4.1 - DLSS-NR runs on every consumed frame), profile=off, present=nr (the neural output), passes=1, window=fit (borderless full screen). Every game frame from the next one is sealed and transited until the bound is reached, then a summary is printed. Stay in gameplay: a stream of menu frames measures identity and ordering correctly and tells you nothing about anything else.
23:44:37:343 [ 1584] | INFO  | [MGPU Bridge] [MGPU][P4.0] ignoring events from the bridge's own runtime (correct - said once)
23:44:39:501 [ 1584] | INFO  | [MGPU Bridge] [MGPU][T5] present loop alive: frame 1200 thread id 0x630
23:44:42:358 [ 1584] | INFO  | [MGPU Bridge] [MGPU][T5] present loop alive: frame 1800 thread id 0x630
23:44:45:216 [ 1584] | INFO  | [MGPU Bridge] [MGPU][T5] present loop alive: frame 2400 thread id 0x630
23:44:45:298 [20812] | INFO  | [MGPU Bridge] [MGPU][P9.1] META SRC mvec lane: 0 candidate(s), 210 ns/frame over 49 frames. R72: RANKED AND SORTED BY RTV BINDS - how often each is RENDERED INTO, which is a per-frame usage signal. srvs is kept alongside as the old created over the resource. THIS DOES NOT IDENTIFY MOTION VECTORS - nothing in ReShade says which one they are - it says whether an MVec-shaped resource is visible from a subscriber at all. An empty list with a non-zero examined count is the result that says the NGX hook has to be earned or abandoned. root-descriptor SRV pushes=0 (zero here with a non-zero SRV count above means this engine binds through descriptor TABLES and push_descriptors is blind in it - a fact about the engine, not a fault).
23:44:45:298 [20812] | INFO  | [MGPU Bridge] [MGPU][R71] MVEC SIZES over ALL 0 candidate(s): || TRANSPORT SOURCE res=0x0 (0 means not identified yet - it needs a display-extent candidate with render-target binds), handed to the transport 0 times, 0 second-binds-in-a-frame skipped. || EVICTIONS: 0 resources destroyed and removed from the tables (R76 - a resolution change destroys every render target, and a stale entry is a copy from freed memory). RTV BINDS SEEN IN TOTAL: 0. THE RANK ABOVE IS NOW RENDER TARGET BINDS, NOT SRV CREATIONS. R25 ranked by SRVs created, got 6/5/3/3, and called it "a candidate, not an identification" - that flatness was the SIGNAL being wrong, not the game. An SRV creation count is a LIFETIME number; a velocity buffer is RENDERED INTO once per frame, and RTVBINDS is that. THE EXTENT TO MATCH IS THE DISPLAY EXTENT 2560x1440, not the render extent: the game's own DLSS telemetry says ColorExtentHeight=936 with MVExtentWidth=2560 MVExtentHeight=1440, so this title feeds HIGH-RESOLUTION motion vectors. A single candidate marked <-DISPLAY-EXTENT with RTVBINDS close to the frame count is the velocity buffer. RTV BINDS SEEN = 0 with candidates present means THIS EVENT did not see it, and says nothing whatever about the other two. R81 retracted the sentence that used to sit here - it named optical flow and NGX hooking as the routes left, before anyone had read the event list. READ THE [R82] LINE BELOW INS
23:44:45:298 [20812] | INFO  | [MGPU Bridge] [MGPU][R82] ACQUISITION SIGNALS - three of them, one run. || RTV VIEW TABLE: 0 of 128 entries. THAT IS THE DENOMINATOR R80 COULD NOT SEE - a bind count of zero against an empty table means nothing at all. || OMSetRenderTargets: fired=0 rtvs=0 | matched via OUR TABLE=0 | matched via get_resource_from_view=0 || BeginRenderPass: fired=0 targets=0 matched=0 || Barrier: fired=0 resources=0 matched=0, costing 0 ns/frame || NO CANDIDATE SEEN BY ANY OF THE THREE. | || HOW TO READ IT. via TABLE=0 while via get_resource_from_view is non-zero: the table was the whole bug and R76 through R81 were spent on a cache we never needed. BeginRenderPass fired while OMSetRenderTargets did not: this engine uses render passes and we were subscribed to the wrong event. Barrier matched with a per-frame count near the frame count: use THAT permanently - it needs no view, no table and no binding-path assumption, and 0x4->0xC0 (render_target -> shader_resource) is the moment AFTER the pass wrote, which is the correct moment to copy and is one the bind events cannot offer. NOTE THE STALENESS R78 DID NOT STATE: both bind events fire BEFORE the pass runs, so a copy taken there carries the PREVIOUS frame's vectors. All three silent with candidates present is the only reading that makes optical flow or NGX hooking the honest next step. Two of the barriers per frame on the published source are OURS.
23:44:45:298 [20812] | INFO  | [MGPU Bridge] [MGPU][R63] stream arm HELD: Depth is on and ReShade has not bound a depth buffer yet, so the slot cannot be sized. This clears itself the moment a scene is on screen - R54 saw 20 seconds, R56 saw 35, both from a menu. If it NEVER clears, the tap did not load: check the [R53] TECHNIQUE LANE line for TAP = ON, and the compile lines for mgpu_depth_tap.fx.
23:44:45:313 [20812] | INFO  | Redirecting CreateDXGIFactory1(riid = {770AAE78-F26F-4DBA-A829-253C83D1B387}, ppFactory = 000000CD64FBEA60) ...
23:44:45:425 [23676] | INFO  | Redirecting CreateDXGIFactory1(riid = {50C83A1C-E072-4C48-87B0-3630FA36A6D0}, ppFactory = 000000CD6D2FD5B0) ...
23:44:45:427 [23676] | INFO  | Redirecting CreateDXGIFactory1(riid = {50C83A1C-E072-4C48-87B0-3630FA36A6D0}, ppFactory = 000000CD6D2FD9B8) ...
23:44:45:501 [23676] | INFO  | Redirecting CreateDXGIFactory1(riid = {50C83A1C-E072-4C48-87B0-3630FA36A6D0}, ppFactory = 000000CD6D2FEBD0) ...
23:44:45:566 [24340] | INFO  | Redirecting CreateDXGIFactory2(Flags = 0, riid = {A4966EED-76DB-44DA-84C1-EE9A7AFB20A8}, ppFactory = 000000CD6BA6E420) ...
23:44:45:928 [20812] | INFO  | [MGPU Bridge] [MGPU][R101] CALIBRATOR mode=2 site=data-scan | slots=43 data-slots=2 modules=149 gpa-calls=212 | resolved=1 creates=0 sr-handle=UNFILTERED | evaluates=0 captured=0 | cost 0 ns/frame | eval-copies=0 eval-skips=0. || HOW TO READ IT. resolved=0 with evaluates=0 means no module asked for the entry point after we installed - either the title does not use DLSS, or it resolved before the addon loaded; the barrier path is untouched either way and is still what drives. sr-handle=UNFILTERED means we were not present for CreateFeature, so the table may be from frame generation rather than super sampling - check that render/display extents look like a supersampling pair before trusting it. MVEC here is the GAME'S answer to the question every round from R70 to R100 tried to infer; if it does not equal the handle the barrier probe armed on Dragon Sword, the probe was wrong on a title we believed, and THAT is the finding. have=0 bits name the keys this producer does not populate - Streamline and the raw SDK do not set the same subset, and the difference is a fact about the route, not a bug. MVLowRes IS DEFERRED OPTION 11 ANSWERED: 1 means the game's motion vectors are at RENDER resolution, 0 means display resolution, and we have been inferring that from buffer sizes since R83. Read it together with MVecScale - a low-res field with a display-sized scale is the shape that makes reprojection look almost right.
23:44:46:089 [20812] | INFO  | [MGPU Bridge] [MGPU][R78] stream arm HELD: MVec=3 (REAL) and the probe has not published a velocity buffer yet, so the slot cannot be sized. This clears on the first frame of gameplay. If it NEVER clears, the probe found nothing: check the [R71] line for a MVEC SOURCE with a non-zero handle, and check that its width and height match the scene extents - the probe refuses to publish a candidate that does not.
23:44:46:668 [20812] | INFO  | [MGPU Bridge] [MGPU][R101] CALIBRATOR mode=2 site=data-scan | slots=43 data-slots=2 modules=149 gpa-calls=213 | resolved=1 creates=0 sr-handle=UNFILTERED | evaluates=0 captured=0 | cost 0 ns/frame | eval-copies=0 eval-skips=0. || HOW TO READ IT. resolved=0 with evaluates=0 means no module asked for the entry point after we installed - either the title does not use DLSS, or it resolved before the addon loaded; the barrier path is untouched either way and is still what drives. sr-handle=UNFILTERED means we were not present for CreateFeature, so the table may be from frame generation rather than super sampling - check that render/display extents look like a supersampling pair before trusting it. MVEC here is the GAME'S answer to the question every round from R70 to R100 tried to infer; if it does not equal the handle the barrier probe armed on Dragon Sword, the probe was wrong on a title we believed, and THAT is the finding. have=0 bits name the keys this producer does not populate - Streamline and the raw SDK do not set the same subset, and the difference is a fact about the route, not a bug. MVLowRes IS DEFERRED OPTION 11 ANSWERED: 1 means the game's motion vectors are at RENDER resolution, 0 means display resolution, and we have been inferring that from buffer sizes since R83. Read it together with MVecScale - a low-res field with a display-sized scale is the shape that makes reprojection look almost right.
23:44:47:327 [20812] | INFO  | [MGPU Bridge] [MGPU][R101] CALIBRATOR mode=2 site=data-scan | slots=43 data-slots=2 modules=149 gpa-calls=213 | resolved=1 creates=0 sr-handle=UNFILTERED | evaluates=0 captured=0 | cost 0 ns/frame | eval-copies=0 eval-skips=0. || HOW TO READ IT. resolved=0 with evaluates=0 means no module asked for the entry point after we installed - either the title does not use DLSS, or it resolved before the addon loaded; the barrier path is untouched either way and is still what drives. sr-handle=UNFILTERED means we were not present for CreateFeature, so the table may be from frame generation rather than super sampling - check that render/display extents look like a supersampling pair before trusting it. MVEC here is the GAME'S answer to the question every round from R70 to R100 tried to infer; if it does not equal the handle the barrier probe armed on Dragon Sword, the probe was wrong on a title we believed, and THAT is the finding. have=0 bits name the keys this producer does not populate - Streamline and the raw SDK do not set the same subset, and the difference is a fact about the route, not a bug. MVLowRes IS DEFERRED OPTION 11 ANSWERED: 1 means the game's motion vectors are at RENDER resolution, 0 means display resolution, and we have been inferring that from buffer sizes since R83. Read it together with MVecScale - a low-res field with a display-sized scale is the shape that makes reprojection look almost right.
23:44:48:075 [ 1584] | INFO  | [MGPU Bridge] [MGPU][T5] present loop alive: frame 3000 thread id 0x630
23:44:48:362 [20812] | INFO  | [MGPU Bridge] [MGPU][P9.1] META SRC mvec lane: 7 candidate(s), 47 ns/frame over 1067 frames. R72: RANKED AND SORTED BY RTV BINDS - how often each is RENDERED INTO, which is a per-frame usage signal. srvs is kept alongside as the old created over the resource. THIS DOES NOT IDENTIFY MOTION VECTORS - nothing in ReShade says which one they are - it says whether an MVec-shaped resource is visible from a subscriber at all. An empty list with a non-zero examined count is the result that says the NGX hook has to be earned or abandoned. root-descriptor SRV pushes=0 (zero here with a non-zero SRV count above means this engine binds through descriptor TABLES and push_descriptors is blind in it - a fact about the engine, not a fault). | #0 2560x1440 R16G16_FLOAT srvs=1 RTVBINDS=0 (0.00/frame) <-DISPLAY-EXTENT | #1 1280x720 R16G16_FLOAT srvs=1 RTVBINDS=0 (0.00/frame) | #2 1280x720 R16G16_FLOAT srvs=1 RTVBINDS=0 (0.00/frame) | #3 2560x1440 R16G16_FLOAT srvs=1 RTVBINDS=0 (0.00/frame) <-DISPLAY-EXTENT | #4 2560x1440 R16G16_UNORM srvs=1 RTVBINDS=0 (0.00/frame) <-DISPLAY-EXTENT | #5 1280x720 R16G16_FLOAT srvs=1 RTVBINDS=0 (0.00/frame) | #6 2560x1440 R16G16_UNORM srvs=1 RTVBINDS=0 (0.00/frame) <-DISPLAY-EXTENT
23:44:48:362 [20812] | INFO  | [MGPU Bridge] [MGPU][R71] MVEC SIZES over ALL 7 candidate(s): 2560x1440 x4 | 1280x720 x3 | || TRANSPORT SOURCE res=0x1f0ee694100 (0 means not identified yet - it needs a display-extent candidate with render-target binds), handed to the transport 0 times, 0 second-binds-in-a-frame skipped. || EVICTIONS: 0 resources destroyed and removed from the tables (R76 - a resolution change destroys every render target, and a stale entry is a copy from freed memory). RTV BINDS SEEN IN TOTAL: 0. THE RANK ABOVE IS NOW RENDER TARGET BINDS, NOT SRV CREATIONS. R25 ranked by SRVs created, got 6/5/3/3, and called it "a candidate, not an identification" - that flatness was the SIGNAL being wrong, not the game. An SRV creation count is a LIFETIME number; a velocity buffer is RENDERED INTO once per frame, and RTVBINDS is that. THE EXTENT TO MATCH IS THE DISPLAY EXTENT 2560x1440, not the render extent: the game's own DLSS telemetry says ColorExtentHeight=936 with MVExtentWidth=2560 MVExtentHeight=1440, so this title feeds HIGH-RESOLUTION motion vectors. A single candidate marked <-DISPLAY-EXTENT with RTVBINDS close to the frame count is the velocity buffer. RTV BINDS SEEN = 0 with candidates present means THIS EVENT did not see it, and says nothing whatever about the other two. R81 retracted the sentence that used to sit here - it named optical flow and NGX hooking as the routes left, before anyone had read the ev
23:44:48:363 [20812] | INFO  | [MGPU Bridge] [MGPU][R82] ACQUISITION SIGNALS - three of them, one run. || RTV VIEW TABLE: 5 of 128 entries. THAT IS THE DENOMINATOR R80 COULD NOT SEE - a bind count of zero against an empty table means nothing at all. || OMSetRenderTargets: fired=0 rtvs=0 | matched via OUR TABLE=0 | matched via get_resource_from_view=0 || BeginRenderPass: fired=0 targets=0 matched=0 || Barrier: fired=262 resources=449 matched=1, costing 12 ns/frame || #0 2560x1440 rtv=0 rp=0 bar=1(0x8->0xC0) | || HOW TO READ IT. via TABLE=0 while via get_resource_from_view is non-zero: the table was the whole bug and R76 through R81 were spent on a cache we never needed. BeginRenderPass fired while OMSetRenderTargets did not: this engine uses render passes and we were subscribed to the wrong event. Barrier matched with a per-frame count near the frame count: use THAT permanently - it needs no view, no table and no binding-path assumption, and 0x4->0xC0 (render_target -> shader_resource) is the moment AFTER the pass wrote, which is the correct moment to copy and is one the bind events cannot offer. NOTE THE STALENESS R78 DID NOT STATE: both bind events fire BEFORE the pass runs, so a copy taken there carries the PREVIOUS frame's vectors. All three silent with candidates present is the only reading that makes optical flow or NGX hooking the honest next step. Two of the barriers per frame on the published source are OURS.
23:44:50:522 [20812] | INFO  | [MGPU Bridge] [MGPU][R101] CALIBRATOR mode=2 site=data-scan | slots=43 data-slots=2 modules=149 gpa-calls=214 | resolved=1 creates=1 sr-handle=known | evaluates=133 captured=133 | cost 875 ns/frame | eval-copies=133 eval-skips=0. || THE GAME'S OWN TABLE: color=0x1f0ee6913b0 depth=0x1f0ee5373f0 MVEC=0x1f0ee694100 output=0x1f0ee538900 | MVecScale 2560.0000,1440.0000 | jitter -0.3958,-0.4975 | Reset=0 | CreateFlags=0x4b -> DepthInverted=1 MVLowRes=1 MVJittered=0 IsHDR=1 AutoExposure=1 | quality=5 | render 2560x1440 -> display 2560x1440 | dynamic 2534x1426..2560x1440 | subrect 2560x1440 at color(0,0) depth(0,0) MV(0,0) out(0,0) | have=0x1fff. || HOW TO READ IT. resolved=0 with evaluates=0 means no module asked for the entry point after we installed - either the title does not use DLSS, or it resolved before the addon loaded; the barrier path is untouched either way and is still what drives. sr-handle=UNFILTERED means we were not present for CreateFeature, so the table may be from frame generation rather than super sampling - check that render/display extents look like a supersampling pair before trusting it. MVEC here is the GAME'S answer to the question every round from R70 to R100 tried to infer; if it does not equal the handle the barrier probe armed on Dragon Sword, the probe was wrong on a title we believed, and THAT is the finding. have=0 bits name the keys this producer does not populate - Streamline and the raw SDK do not set the same subset, and the difference is a fact about the route, not a bug. MVLowRes IS DEFERRED OPTION 11 ANSWERED: 1 means the game's motion vectors are at RENDER resolution, 0 means display resolution, and we have been inferring that from buffer sizes since R83. Read it together with MVecScale - a low-res field with a display-sized scale is the shape that makes reprojection look almost right.
23:44:50:935 [ 1584] | INFO  | [MGPU Bridge] [MGPU][T5] present loop alive: frame 3600 thread id 0x630
23:44:51:371 [20812] | INFO  | [MGPU Bridge] [MGPU][P9.1] META SRC mvec lane: 7 candidate(s), 58 ns/frame over 1256 frames. R72: RANKED AND SORTED BY RTV BINDS - how often each is RENDERED INTO, which is a per-frame usage signal. srvs is kept alongside as the old created over the resource. THIS DOES NOT IDENTIFY MOTION VECTORS - nothing in ReShade says which one they are - it says whether an MVec-shaped resource is visible from a subscriber at all. An empty list with a non-zero examined count is the result that says the NGX hook has to be earned or abandoned. root-descriptor SRV pushes=0 (zero here with a non-zero SRV count above means this engine binds through descriptor TABLES and push_descriptors is blind in it - a fact about the engine, not a fault). | #0 2560x1440 R16G16_FLOAT srvs=2 RTVBINDS=0 (0.00/frame) <-DISPLAY-EXTENT | #1 1280x720 R16G16_FLOAT srvs=1 RTVBINDS=0 (0.00/frame) | #2 1280x720 R16G16_FLOAT srvs=1 RTVBINDS=0 (0.00/frame) | #3 2560x1440 R16G16_FLOAT srvs=1 RTVBINDS=0 (0.00/frame) <-DISPLAY-EXTENT | #4 2560x1440 R16G16_UNORM srvs=1 RTVBINDS=0 (0.00/frame) <-DISPLAY-EXTENT | #5 1280x720 R16G16_FLOAT srvs=1 RTVBINDS=0 (0.00/frame) | #6 2560x1440 R16G16_UNORM srvs=1 RTVBINDS=0 (0.00/frame) <-DISPLAY-EXTENT
23:44:51:372 [20812] | INFO  | [MGPU Bridge] [MGPU][R71] MVEC SIZES over ALL 7 candidate(s): 2560x1440 x4 | 1280x720 x3 | || TRANSPORT SOURCE res=0x1f0ee694100 (0 means not identified yet - it needs a display-extent candidate with render-target binds), handed to the transport 189 times, 0 second-binds-in-a-frame skipped. || EVICTIONS: 0 resources destroyed and removed from the tables (R76 - a resolution change destroys every render target, and a stale entry is a copy from freed memory). RTV BINDS SEEN IN TOTAL: 0. THE RANK ABOVE IS NOW RENDER TARGET BINDS, NOT SRV CREATIONS. R25 ranked by SRVs created, got 6/5/3/3, and called it "a candidate, not an identification" - that flatness was the SIGNAL being wrong, not the game. An SRV creation count is a LIFETIME number; a velocity buffer is RENDERED INTO once per frame, and RTVBINDS is that. THE EXTENT TO MATCH IS THE DISPLAY EXTENT 2560x1440, not the render extent: the game's own DLSS telemetry says ColorExtentHeight=936 with MVExtentWidth=2560 MVExtentHeight=1440, so this title feeds HIGH-RESOLUTION motion vectors. A single candidate marked <-DISPLAY-EXTENT with RTVBINDS close to the frame count is the velocity buffer. RTV BINDS SEEN = 0 with candidates present means THIS EVENT did not see it, and says nothing whatever about the other two. R81 retracted the sentence that used to sit here - it named optical flow and NGX hooking as the routes left, before anyone had read the 
23:44:51:373 [20812] | INFO  | [MGPU Bridge] [MGPU][R82] ACQUISITION SIGNALS - three of them, one run. || RTV VIEW TABLE: 5 of 128 entries. THAT IS THE DENOMINATOR R80 COULD NOT SEE - a bind count of zero against an empty table means nothing at all. || OMSetRenderTargets: fired=0 rtvs=0 | matched via OUR TABLE=0 | matched via get_resource_from_view=0 || BeginRenderPass: fired=0 targets=0 matched=0 || Barrier: fired=39105 resources=81965 matched=1134, costing 1722 ns/frame || #0 2560x1440 rtv=0 rp=0 bar=757(0x800->0xC0) | #6 2560x1440 rtv=0 rp=0 bar=377(0xC0->0x8) | || HOW TO READ IT. via TABLE=0 while via get_resource_from_view is non-zero: the table was the whole bug and R76 through R81 were spent on a cache we never needed. BeginRenderPass fired while OMSetRenderTargets did not: this engine uses render passes and we were subscribed to the wrong event. Barrier matched with a per-frame count near the frame count: use THAT permanently - it needs no view, no table and no binding-path assumption, and 0x4->0xC0 (render_target -> shader_resource) is the moment AFTER the pass wrote, which is the correct moment to copy and is one the bind events cannot offer. NOTE THE STALENESS R78 DID NOT STATE: both bind events fire BEFORE the pass runs, so a copy taken there carries the PREVIOUS frame's vectors. All three silent with candidates present is the only reading that makes optical flow or NGX hooking the honest next step. Two of the barriers per frame on the published source are OURS.
23:44:52:208 [20812] | INFO  | Redirecting ID3D12Device::CreateCommandQueue(this = 000001ECEF273500, pDesc = 000000CD64FBDB98, riid = {0EC870A6-5D7E-4C22-8CFC-5BAAE07616ED}, ppCommandQueue = 00007FFDE6EBE338) ...
23:44:52:208 [20812] | INFO  | > Dumping command queue description:
23:44:52:209 [20812] | INFO  |   +-----------------------------------------+-----------------------------------------+
23:44:52:209 [20812] | INFO  |   | Parameter                               | Value                                   |
23:44:52:209 [20812] | INFO  |   +-----------------------------------------+-----------------------------------------+
23:44:52:210 [20812] | INFO  |   | Type                                    | 0                                       |
23:44:52:210 [20812] | INFO  |   | Priority                                | 0                                       |
23:44:52:210 [20812] | INFO  |   | Flags                                   | 0                                       |
23:44:52:210 [20812] | INFO  |   | NodeMask                                | 0                                       |
23:44:52:211 [20812] | INFO  |   +-----------------------------------------+-----------------------------------------+
23:44:52:242 [20812] | INFO  | [MGPU Bridge] [MGPU][P2.2] GPU timestamps on GPU 1: query heap + GetTimestampFrequency hr=0x00000000 freq=1000000000 ticks/s -> ON. These are GPU time, not wall-clock; no cross-adapter clock is involved.
23:44:52:242 [20812] | INFO  | Redirecting ID3D12Device::CreateCommandQueue(this = 000001ECEF273500, pDesc = 000000CD64FBDB98, riid = {0EC870A6-5D7E-4C22-8CFC-5BAAE07616ED}, ppCommandQueue = 00007FFDE6EBE370) ...
23:44:52:242 [20812] | INFO  | > Dumping command queue description:
23:44:52:242 [20812] | INFO  |   +-----------------------------------------+-----------------------------------------+
23:44:52:244 [20812] | INFO  |   | Parameter                               | Value                                   |
23:44:52:244 [20812] | INFO  |   +-----------------------------------------+-----------------------------------------+
23:44:52:245 [20812] | INFO  |   | Type                                    | 3                                       |
23:44:52:245 [20812] | INFO  |   | Priority                                | 0                                       |
23:44:52:245 [20812] | INFO  |   | Flags                                   | 0                                       |
23:44:52:245 [20812] | INFO  |   | NodeMask                                | 0                                       |
23:44:52:245 [20812] | INFO  |   +-----------------------------------------+-----------------------------------------+
23:44:52:253 [20812] | INFO  | [MGPU Bridge] [MGPU][R26] COPY QUEUE UP on GPU 1, MODE 2 (GPU-gated arrival, R28-B): TYPE_COPY queue + 2 allocators + 2 lists + a copy fence. Timestamps hr=0x00000000 freq=1000000000 ticks/s -> ON. THIS CLOCK IS NOT THE DIRECT QUEUE's (1000000000 ticks/s) and the two are never mixed; the P2.2 unpack bracket on the direct queue goes to roughly zero in this mode BY CONSTRUCTION, because the copy is no longer on that queue - it is not a saving until the R26 line in the summary says the copies actually overlapped.
23:44:52:253 [20812] | INFO  | [MGPU Bridge] [MGPU][P4.0] stream arm hr=0x00000000 source=2560x1440 fmt=28 rowPitch=10240 payload=14745600 slot=44237312 ring=6 heap=265486336 bytes. The heap is created on the GAME's device: its command list can only reference resources from the device that made it. | DEPTH mode=1 (TRANSPORTED AND BOUND) 2560x1440 fmt=41 pitch=10240 bytes=14745600 at slot offset 14746112, held 253 frame(s) waiting for ReShade to bind depth. Seal v3, 192 bytes. The depth region is sized from the RESOURCE at arm time, never written down: R30's 1664x936 was true of one resolution and R60 moved the source to output resolution anyway.
23:44:52:254 [20812] | INFO  | [MGPU Bridge] [MGPU][R78] MVEC ARM: mode=3 REAL, region 2560x1440 fmt=34 pitch=10240 bytes=14745600 at slot offset 29491712 of 44237312, held 1004 frame(s) waiting for the probe. THE COST IS ON THIS LINE: 14745600 bytes per frame added to the bus on top of colour and depth. The velocity target is at the DISPLAY extent on this title while colour renders at ~65% of it, so this region is LARGER than the colour payload (14745600 bytes) - that is the engine's choice and not a mistake in the sizing. If frametime moves in this run and MVec=0 is clean, the bus is where to look first.
23:44:52:292 [ 1584] | INFO  | [MGPU Bridge] [MGPU][P4.1] using the PRIVATE NR snippet at C:\Games\Resonance - A Plague Tale Legacy\mgpu\nvngx_dlssnr.dll - this module instance is ours alone, so the Init below is the FIRST one it has seen and NGX binds to the adapter we pass.
23:44:52:293 [ 1584] | INFO  | [MGPU Bridge] [MGPU][P4.1] Init: result=0xBAD0000C (FAIL_OutOfDate)
23:44:52:479 [ 1584] | INFO  | Redirecting CreateDXGIFactory1(riid = {7B7166EC-21C7-44AE-B21A-C9AE321AE369}, ppFactory = 000000CD69E6C700) ...
23:44:52:496 [ 1584] | INFO  | [MGPU Bridge] [MGPU][P9.0] TITLE PROFILE exe="Resonance.exe" source=2560x1440 dxgi=28 nr_tex=28 in_tex=28 | game(28):rtv=1 uavstore=1 uavload=1 | rgba16f(10):rtv=1 uavstore=1 uavload=1 | rg32f(16):rtv=1 uavstore=1 uavload=1 | bound: Color=yes Output=yes MVec=synthetic Depth=no. Depth has never been bound on the stream path and MVec only as a control field - two of the four buffers Streamline registers as required. Grep P9.0 across titles for the format table.
23:44:52:496 [ 1584] | INFO  | [MGPU Bridge] [MGPU][P4.1] arm step 1: resetting the arm command allocator and list
23:44:52:497 [ 1584] | INFO  | [MGPU Bridge] [MGPU][P4.1] arm step 2: list open hr=0x00000000
23:44:52:497 [ 1584] | INFO  | [MGPU Bridge] [MGPU][V43] writing ArmCrashed=1 before entering NGX. If this launch dies in CreateFeature the key stays set and the next launch runs without NGX to clear the residue.
23:44:52:498 [ 1584] | INFO  | [MGPU Bridge] [MGPU][P7.2] mgpu.ini written: ArmCrashed=1 (replaced in place). THIS DOES NOT CHANGE THE RUNNING SESSION - the key is read at arm, so it takes effect on the next launch.
23:44:52:498 [ 1584] | INFO  | [MGPU Bridge] [MGPU][P4.1] arm step 3.1: entering CreateFeature(Reserved18) 2560x1440 - IF THIS IS THE LAST LINE, IT DIED INSIDE NGX
23:44:52:838 [ 1584] | INFO  | [MGPU Bridge] [MGPU][P4.1] CreateFeature(Reserved18) handle 1/2 2560x1440 fmt=28: result=0x00000001 (Success) handle=0x000001F1DFEDEA70 elapsed=340ms
23:44:52:839 [ 1584] | INFO  | [MGPU Bridge] [MGPU][P4.1] arm step 3.2: entering CreateFeature(Reserved18) 2560x1440 - IF THIS IS THE LAST LINE, IT DIED INSIDE NGX
23:44:52:975 [ 1584] | INFO  | [MGPU Bridge] [MGPU][P4.1] CreateFeature(Reserved18) handle 2/2 2560x1440 fmt=28: result=0x00000001 (Success) handle=0x000001F1E0FB53D0 elapsed=137ms
23:44:52:976 [ 1584] | INFO  | [MGPU Bridge] [MGPU][V43] CreateFeature returned - clearing ArmCrashed.
23:44:52:977 [ 1584] | INFO  | [MGPU Bridge] [MGPU][P7.2] mgpu.ini written: ArmCrashed=0 (replaced in place). THIS DOES NOT CHANGE THE RUNNING SESSION - the key is read at arm, so it takes effect on the next launch.
23:44:52:977 [ 1584] | INFO  | [MGPU Bridge] [MGPU][P4.1] arm step 4: closing the init list
23:44:52:977 [ 1584] | INFO  | [MGPU Bridge] [MGPU][P4.1] arm step 5: executing the init list and waiting on its fence
23:44:52:997 [ 1584] | INFO  | [MGPU Bridge] [MGPU][C2-SR] motion vectors are at the DISPLAY extent (2560x1440), which is what MVLowRes=0 means, so the flag stays OFF and MV_Scale is untouched. This is the DLAA / native-render case: the game is not upscaling, so its vectors cover the whole frame. R is ours from SRScale and the vectors are read as covering D, which is the truth.
23:44:52:997 [ 1584] | WARN  | [MGPU Bridge] [MGPU][C2-SR] THIS IS THE DLAA CASE. The game renders at native, so its render extent IS the display extent and there is nothing for SR to enlarge. SET SRScale - 50 or 67 - and R becomes ours to choose instead of inherited, which is what makes DLAA work: NR runs small and SR puts it back. That path needs the corrected MV scale and it is newer than the rest, so treat it as experimental.
23:44:52:998 [ 1584] | WARN  | [MGPU Bridge] [MGPU][C2-SR] render extent 2560x1440 is not SMALLER than the display extent 2560x1440, so there is nothing to upscale and nothing to save. SRUpscale off. This is what DLAA or a native-resolution preset looks like from here.
23:44:52:998 [ 1584] | WARN  | [MGPU Bridge] [MGPU][P7.3] BACKBUFFER FORMAT MISMATCH CORRECTED: the present chain was created DXGI format 24 and this game renders 28. CopyTextureRegion does not convert, so every pixel copied so far was reinterpreted across different channel boundaries - that is the colour noise on the bridge window, and it is a display fault only: the neural stage and the transport were unaffected and their figures stand. Resizing the chain to 28 now.
23:44:52:998 [ 1584] | INFO  | [MGPU Bridge] [MGPU][P7.1] resizing the present window - draining GPU 1. The producer is NOT paused, so expect one burst of DROPPED / REORDERED / STALE seals across the next few frames. That is this resize, not the transport; frames after it return to gap=1 OK.
23:44:53:000 [ 1584] | INFO  | Redirecting IDXGISwapChain::ResizeBuffers(this = 000001ECF3F2F7F0, BufferCount = 2, Width = 2560, Height = 1440, NewFormat = 28, SwapChainFlags = 0) ...
23:44:53:001 [ 1584] | INFO  | Destroyed runtime environment on runtime 000001ECF3F2FCD0 ('C:\Games\Resonance - A Plague Tale Legacy\ReShade2.ini').
23:44:53:014 [ 1584] | INFO  | [MGPU Bridge] [MGPU][T2] init_swapchain (resize) luid=0x00000000-0x00015621 - swapchain-derived game luid 0x00000000-0x00013FE8 already established; not re-selecting
23:44:53:018 [ 1584] | INFO  | Recreated runtime environment on runtime 000001ECF3F2FCD0 ('C:\Games\Resonance - A Plague Tale Legacy\ReShade2.ini').
23:44:53:018 [ 1584] | INFO  | [MGPU Bridge] [MGPU][P7.3] present chain resized: mode=fit source=2560x1440 fmt=28 -> window 2560x1440 at (-2560,-174), swapchain 2560x1440 fmt=28, monitor 2560x1440 at (-2560,-174). Window and swapchain are the same size, so nothing scales anywhere.
23:44:53:019 [ 1584] | INFO  | [MGPU Bridge] [MGPU][R105] MVecScale NOW READ, NOT TYPED: ini said 1.0000,1.0000 - the game says 2560.0000,1440.0000 (MVLowRes=1). If those differ, the ini was wrong and this is the fix; the ini value is still what gets used on any title where the calibrator does not resolve.
23:44:53:042 [ 1584] | INFO  | [MGPU Bridge] [MGPU][R63] DEPTH TRANSPORT f=1 mode=1 (TRANSPORTED AND BOUND) | producer: valid=5 invalid=0 size-rejected=0, arm held 253 frame(s) | consumer: seals seen valid=1 invalid=0 contract mismatches=0 | region 2560x1440 fmt=41 pitch=10240 bytes=14745600 at slot offset 14746112 of 44237312. INVALID IS NOT AN ERROR: ReShade unbinds depth in menus and scene changes, and R61 established that shipping the zeros it leaves behind would hand the model a false flat plane. An invalid frame carries the colour and says so. WHAT WOULD BE AN ERROR is contract mismatches above zero, or valid staying at zero once you are in gameplay - that means the tap is not feeding us. 100.0% of sealed frames carried depth. | GPU 1: unpacked=2 bound=1 skipped=0, DepthInverted=1, flag disagreements=0 (the seal crossed the adapter and the slot flag did not, so any disagreement between them is real). BOUND vs SKIPPED IS THE R61 TEST: skipped counts frames where ReShade had no depth and the model was given NONE rather than the previous frame's - open a menu mid-stream and this must move.
23:44:53:043 [ 1584] | INFO  | [MGPU Bridge] [MGPU][R78] MVEC TRANSPORT f=1 mode=3 REAL | producer: copies=6 missing=0 size-rejected=0 lock-skipped=0, arm held 1004 frame(s) | consumer: seals seen valid=1 invalid=0 contract mismatches=0 flag disagreements=0 | region 2560x1440 fmt=34 pitch=10240 bytes=14745600 at slot offset 29491712 of 44237312 | GPU 1: unpacked=2 bound=1 skipped=0, scale=(2560.000, 1440.000). 100.0% of sealed frames carried vectors. COPIES IS THE ONE TO WATCH: it counts frames where the bind hook fired and a copy was recorded. If it stays at zero the probe published a handle nobody binds, and MVec never reaches the model whatever the rest of this line says. SKIPPED IS NOT AN ERROR - it counts frames with no vectors, which is what a menu looks like, and those frames are handed NONE rather than the last frame's motion.
23:44:53:043 [ 1584] | INFO  | [MGPU Bridge] [MGPU][R87] MVEC FRAME ALIGNMENT f=1 | evaluates=1 | elapsed 1=1 2=0 3=0 4=0 5=0 6=0 7=0 8+=0 | worst=1 | 100.00% at 1. A motion vector describes ONE game frame; NR reprojects by whatever it is handed. When the frame NR blends against is older than one, history lands SHORT by this factor - zero error at rest, growing with speed, and no constant MVecScale can fix it. The scale is multiplied by this per evaluate. IF THIS LINE IS FLAT AT 1 AND THE ARTEFACT IS UNCHANGED, PACING IS ELIMINATED and what remains is units or sign. P4.1's skipped-frame counter predicts about 99.5% at 1, so a materially lower figure here is a desync no counter has shown us.
23:44:53:043 [ 1584] | INFO  | [MGPU Bridge] [MGPU][P5.0] the bridge window is now showing the NEURAL OUTPUT - every pixel on screen is a pixel DLSS-NR produced on the second adapter - THE WHOLE of the 2560x1440 frame at 2560x1440, one CopyTextureRegion, no resampling in this add-on. The cycling colour returns when the stream ends.
23:44:53:047 [11256] | INFO  | Successfully compiled 'C:\Games\Resonance - A Plague Tale Legacy\reshade-shaders\Shaders\Daltonize.fx' in 0.001000 s.
23:44:53:047 [11232] | INFO  | Successfully compiled 'C:\Games\Resonance - A Plague Tale Legacy\reshade-shaders\Shaders\Deband.fx' in 0.001000 s.
23:44:53:047 [11240] | INFO  | Successfully compiled 'C:\Games\Resonance - A Plague Tale Legacy\reshade-shaders\Shaders\LUT.fx' in 0.001000 s.
23:44:53:047 [19708] | INFO  | Successfully compiled 'C:\Games\Resonance - A Plague Tale Legacy\reshade-shaders\Shaders\DisplayDepth.fx' in 0.002000 s.
23:44:53:047 [25384] | INFO  | Successfully compiled 'C:\Games\Resonance - A Plague Tale Legacy\reshade-shaders\Shaders\UIMask.fx' in 0.001000 s.
23:44:53:047 [25892] | INFO  | Successfully compiled 'C:\Games\Resonance - A Plague Tale Legacy\reshade-shaders\Shaders\mgpu_depth_tap.fx' in 0.001000 s.
23:44:54:119 [ 1584] | INFO  | [MGPU Bridge] [MGPU][SEAL] new f=61 slot=0 gap=1 lat=36.88ms pitch=10240 fmt=28 bytes=14745600 bc=0(unimplemented) OK
23:44:54:381 [20812] | INFO  | [MGPU Bridge] [MGPU][P9.1] META SRC mvec lane: 7 candidate(s), 53 ns/frame over 1384 frames. R72: RANKED AND SORTED BY RTV BINDS - how often each is RENDERED INTO, which is a per-frame usage signal. srvs is kept alongside as the old created over the resource. THIS DOES NOT IDENTIFY MOTION VECTORS - nothing in ReShade says which one they are - it says whether an MVec-shaped resource is visible from a subscriber at all. An empty list with a non-zero examined count is the result that says the NGX hook has to be earned or abandoned. root-descriptor SRV pushes=0 (zero here with a non-zero SRV count above means this engine binds through descriptor TABLES and push_descriptors is blind in it - a fact about the engine, not a fault). | #0 2560x1440 R16G16_FLOAT srvs=2 RTVBINDS=0 (0.00/frame) <-DISPLAY-EXTENT | #1 1280x720 R16G16_FLOAT srvs=1 RTVBINDS=0 (0.00/frame) | #2 1280x720 R16G16_FLOAT srvs=1 RTVBINDS=0 (0.00/frame) | #3 2560x1440 R16G16_FLOAT srvs=1 RTVBINDS=0 (0.00/frame) <-DISPLAY-EXTENT | #4 2560x1440 R16G16_UNORM srvs=1 RTVBINDS=0 (0.00/frame) <-DISPLAY-EXTENT | #5 1280x720 R16G16_FLOAT srvs=1 RTVBINDS=0 (0.00/frame) | #6 2560x1440 R16G16_UNORM srvs=1 RTVBINDS=0 (0.00/frame) <-DISPLAY-EXTENT
23:44:54:381 [20812] | INFO  | [MGPU Bridge] [MGPU][R71] MVEC SIZES over ALL 7 candidate(s): 2560x1440 x4 | 1280x720 x3 | || TRANSPORT SOURCE res=0x1f0ee694100 (0 means not identified yet - it needs a display-extent candidate with render-target binds), handed to the transport 317 times, 0 second-binds-in-a-frame skipped. || EVICTIONS: 0 resources destroyed and removed from the tables (R76 - a resolution change destroys every render target, and a stale entry is a copy from freed memory). RTV BINDS SEEN IN TOTAL: 0. THE RANK ABOVE IS NOW RENDER TARGET BINDS, NOT SRV CREATIONS. R25 ranked by SRVs created, got 6/5/3/3, and called it "a candidate, not an identification" - that flatness was the SIGNAL being wrong, not the game. An SRV creation count is a LIFETIME number; a velocity buffer is RENDERED INTO once per frame, and RTVBINDS is that. THE EXTENT TO MATCH IS THE DISPLAY EXTENT 2560x1440, not the render extent: the game's own DLSS telemetry says ColorExtentHeight=936 with MVExtentWidth=2560 MVExtentHeight=1440, so this title feeds HIGH-RESOLUTION motion vectors. A single candidate marked <-DISPLAY-EXTENT with RTVBINDS close to the frame count is the velocity buffer. RTV BINDS SEEN = 0 with candidates present means THIS EVENT did not see it, and says nothing whatever about the other two. R81 retracted the sentence that used to sit here - it named optical flow and NGX hooking as the routes left, before anyone had read the 
23:44:54:381 [20812] | INFO  | [MGPU Bridge] [MGPU][R82] ACQUISITION SIGNALS - three of them, one run. || RTV VIEW TABLE: 5 of 128 entries. THAT IS THE DENOMINATOR R80 COULD NOT SEE - a bind count of zero against an empty table means nothing at all. || OMSetRenderTargets: fired=0 rtvs=0 | matched via OUR TABLE=0 | matched via get_resource_from_view=0 || BeginRenderPass: fired=0 targets=0 matched=0 || Barrier: fired=65811 resources=133743 matched=1902, costing 2909 ns/frame || #0 2560x1440 rtv=0 rp=0 bar=1269(0x800->0xC0) | #6 2560x1440 rtv=0 rp=0 bar=633(0xC0->0x8) | || HOW TO READ IT. via TABLE=0 while via get_resource_from_view is non-zero: the table was the whole bug and R76 through R81 were spent on a cache we never needed. BeginRenderPass fired while OMSetRenderTargets did not: this engine uses render passes and we were subscribed to the wrong event. Barrier matched with a per-frame count near the frame count: use THAT permanently - it needs no view, no table and no binding-path assumption, and 0x4->0xC0 (render_target -> shader_resource) is the moment AFTER the pass wrote, which is the correct moment to copy and is one the bind events cannot offer. NOTE THE STALENESS R78 DID NOT STATE: both bind events fire BEFORE the pass runs, so a copy taken there carries the PREVIOUS frame's vectors. All three silent with candidates present is the only reading that makes optical flow or NGX hooking the honest next step. Two of the barriers per frame on the published source are OURS.
23:44:55:186 [ 1584] | INFO  | [MGPU Bridge] [MGPU][SEAL] new f=122 slot=1 gap=1 lat=36.13ms pitch=10240 fmt=28 bytes=14745600 bc=0(unimplemented) OK
23:44:56:245 [ 1584] | INFO  | [MGPU Bridge] [MGPU][SEAL] new f=183 slot=2 gap=1 lat=37.33ms pitch=10240 fmt=28 bytes=14745600 bc=0(unimplemented) OK
23:44:56:399 [20812] | INFO  | [MGPU Bridge] [MGPU][R101] CALIBRATOR mode=2 site=data-scan | slots=43 data-slots=2 modules=149 gpa-calls=226 | resolved=1 creates=1 sr-handle=known | evaluates=433 captured=433 | cost 1816 ns/frame | eval-copies=433 eval-skips=0. || THE GAME'S OWN TABLE: color=0x1f0ee6913b0 depth=0x1f0ee5373f0 MVEC=0x1f0ee694100 output=0x1f0ee538900 | MVecScale 2560.0000,1440.0000 | jitter -0.1811,0.4295 | Reset=0 | CreateFlags=0x4b -> DepthInverted=1 MVLowRes=1 MVJittered=0 IsHDR=1 AutoExposure=1 | quality=5 | render 2560x1440 -> display 2560x1440 | dynamic 2534x1426..2560x1440 | subrect 2560x1440 at color(0,0) depth(0,0) MV(0,0) out(0,0) | have=0x1fff. || HOW TO READ IT. resolved=0 with evaluates=0 means no module asked for the entry point after we installed - either the title does not use DLSS, or it resolved before the addon loaded; the barrier path is untouched either way and is still what drives. sr-handle=UNFILTERED means we were not present for CreateFeature, so the table may be from frame generation rather than super sampling - check that render/display extents look like a supersampling pair before trusting it. MVEC here is the GAME'S answer to the question every round from R70 to R100 tried to infer; if it does not equal the handle the barrier probe armed on Dragon Sword, the probe was wrong on a title we believed, and THAT is the finding. have=0 bits name the keys this producer does not populate - Streamline and the raw SDK do not set the same subset, and the difference is a fact about the route, not a bug. MVLowRes IS DEFERRED OPTION 11 ANSWERED: 1 means the game's motion vectors are at RENDER resolution, 0 means display resolution, and we have been inferring that from buffer sizes since R83. Read it together with MVecScale - a low-res field with a display-sized scale is the shape that makes reprojection look almost right.
23:44:57:301 [ 1584] | INFO  | [MGPU Bridge] [MGPU][SEAL] new f=244 slot=3 gap=1 lat=36.62ms pitch=10240 fmt=28 bytes=14745600 bc=0(unimplemented) OK
23:44:57:384 [20812] | INFO  | [MGPU Bridge] [MGPU][P9.1] META SRC mvec lane: 7 candidate(s), 47 ns/frame over 1557 frames. R72: RANKED AND SORTED BY RTV BINDS - how often each is RENDERED INTO, which is a per-frame usage signal. srvs is kept alongside as the old created over the resource. THIS DOES NOT IDENTIFY MOTION VECTORS - nothing in ReShade says which one they are - it says whether an MVec-shaped resource is visible from a subscriber at all. An empty list with a non-zero examined count is the result that says the NGX hook has to be earned or abandoned. root-descriptor SRV pushes=0 (zero here with a non-zero SRV count above means this engine binds through descriptor TABLES and push_descriptors is blind in it - a fact about the engine, not a fault). | #0 2560x1440 R16G16_FLOAT srvs=2 RTVBINDS=0 (0.00/frame) <-DISPLAY-EXTENT | #1 1280x720 R16G16_FLOAT srvs=1 RTVBINDS=0 (0.00/frame) | #2 1280x720 R16G16_FLOAT srvs=1 RTVBINDS=0 (0.00/frame) | #3 2560x1440 R16G16_FLOAT srvs=1 RTVBINDS=0 (0.00/frame) <-DISPLAY-EXTENT | #4 2560x1440 R16G16_UNORM srvs=1 RTVBINDS=0 (0.00/frame) <-DISPLAY-EXTENT | #5 1280x720 R16G16_FLOAT srvs=1 RTVBINDS=0 (0.00/frame) | #6 2560x1440 R16G16_UNORM srvs=1 RTVBINDS=0 (0.00/frame) <-DISPLAY-EXTENT
23:44:57:385 [20812] | INFO  | [MGPU Bridge] [MGPU][R71] MVEC SIZES over ALL 7 candidate(s): 2560x1440 x4 | 1280x720 x3 | || TRANSPORT SOURCE res=0x1f0ee694100 (0 means not identified yet - it needs a display-extent candidate with render-target binds), handed to the transport 490 times, 0 second-binds-in-a-frame skipped. || EVICTIONS: 0 resources destroyed and removed from the tables (R76 - a resolution change destroys every render target, and a stale entry is a copy from freed memory). RTV BINDS SEEN IN TOTAL: 0. THE RANK ABOVE IS NOW RENDER TARGET BINDS, NOT SRV CREATIONS. R25 ranked by SRVs created, got 6/5/3/3, and called it "a candidate, not an identification" - that flatness was the SIGNAL being wrong, not the game. An SRV creation count is a LIFETIME number; a velocity buffer is RENDERED INTO once per frame, and RTVBINDS is that. THE EXTENT TO MATCH IS THE DISPLAY EXTENT 2560x1440, not the render extent: the game's own DLSS telemetry says ColorExtentHeight=936 with MVExtentWidth=2560 MVExtentHeight=1440, so this title feeds HIGH-RESOLUTION motion vectors. A single candidate marked <-DISPLAY-EXTENT with RTVBINDS close to the frame count is the velocity buffer. RTV BINDS SEEN = 0 with candidates present means THIS EVENT did not see it, and says nothing whatever about the other two. R81 retracted the sentence that used to sit here - it named optical flow and NGX hooking as the routes left, before anyone had read the 
23:44:57:385 [20812] | INFO  | [MGPU Bridge] [MGPU][R82] ACQUISITION SIGNALS - three of them, one run. || RTV VIEW TABLE: 5 of 128 entries. THAT IS THE DENOMINATOR R80 COULD NOT SEE - a bind count of zero against an empty table means nothing at all. || OMSetRenderTargets: fired=0 rtvs=0 | matched via OUR TABLE=0 | matched via get_resource_from_view=0 || BeginRenderPass: fired=0 targets=0 matched=0 || Barrier: fired=103692 resources=203110 matched=2940, costing 4521 ns/frame || #0 2560x1440 rtv=0 rp=0 bar=1961(0x800->0xC0) | #6 2560x1440 rtv=0 rp=0 bar=979(0xC0->0x8) | || HOW TO READ IT. via TABLE=0 while via get_resource_from_view is non-zero: the table was the whole bug and R76 through R81 were spent on a cache we never needed. BeginRenderPass fired while OMSetRenderTargets did not: this engine uses render passes and we were subscribed to the wrong event. Barrier matched with a per-frame count near the frame count: use THAT permanently - it needs no view, no table and no binding-path assumption, and 0x4->0xC0 (render_target -> shader_resource) is the moment AFTER the pass wrote, which is the correct moment to copy and is one the bind events cannot offer. NOTE THE STALENESS R78 DID NOT STATE: both bind events fire BEFORE the pass runs, so a copy taken there carries the PREVIOUS frame's vectors. All three silent with candidates present is the only reading that makes optical flow or NGX hooking the honest next step. Two of the barriers per frame on the published source are OURS.
23:44:57:830 [20812] | INFO  | Redirecting CreateDXGIFactory1(riid = {770AAE78-F26F-4DBA-A829-253C83D1B387}, ppFactory = 000000CD64FBE910) ...
23:44:57:852 [23596] | INFO  | Redirecting CreateDXGIFactory1(riid = {50C83A1C-E072-4C48-87B0-3630FA36A6D0}, ppFactory = 000000CD6D84D620) ...
23:44:57:852 [23596] | INFO  | Redirecting CreateDXGIFactory1(riid = {50C83A1C-E072-4C48-87B0-3630FA36A6D0}, ppFactory = 000000CD6D84DA28) ...
23:44:57:864 [20512] | INFO  | Redirecting CreateDXGIFactory1(riid = {50C83A1C-E072-4C48-87B0-3630FA36A6D0}, ppFactory = 000000CD6D73E850) ...
23:44:57:873 [24340] | INFO  | Redirecting CreateDXGIFactory2(Flags = 0, riid = {A4966EED-76DB-44DA-84C1-EE9A7AFB20A8}, ppFactory = 000000CD6BA6E420) ...
23:44:58:318 [ 1584] | INFO  | [MGPU Bridge] [MGPU][R63] DEPTH TRANSPORT f=301 mode=1 (TRANSPORTED AND BOUND) | producer: valid=303 invalid=0 size-rejected=0, arm held 253 frame(s) | consumer: seals seen valid=301 invalid=0 contract mismatches=0 | region 2560x1440 fmt=41 pitch=10240 bytes=14745600 at slot offset 14746112 of 44237312. INVALID IS NOT AN ERROR: ReShade unbinds depth in menus and scene changes, and R61 established that shipping the zeros it leaves behind would hand the model a false flat plane. An invalid frame carries the colour and says so. WHAT WOULD BE AN ERROR is contract mismatches above zero, or valid staying at zero once you are in gameplay - that means the tap is not feeding us. 100.0% of sealed frames carried depth. | GPU 1: unpacked=301 bound=299 skipped=0, DepthInverted=1, flag disagreements=0 (the seal crossed the adapter and the slot flag did not, so any disagreement between them is real). BOUND vs SKIPPED IS THE R61 TEST: skipped counts frames where ReShade had no depth and the model was given NONE rather than the previous frame's - open a menu mid-stream and this must move.
23:44:58:318 [ 1584] | INFO  | [MGPU Bridge] [MGPU][R78] MVEC TRANSPORT f=301 mode=3 REAL | producer: copies=303 missing=0 size-rejected=0 lock-skipped=0, arm held 1004 frame(s) | consumer: seals seen valid=301 invalid=0 contract mismatches=0 flag disagreements=0 | region 2560x1440 fmt=34 pitch=10240 bytes=14745600 at slot offset 29491712 of 44237312 | GPU 1: unpacked=301 bound=299 skipped=0, scale=(2560.000, 1440.000). 100.0% of sealed frames carried vectors. COPIES IS THE ONE TO WATCH: it counts frames where the bind hook fired and a copy was recorded. If it stays at zero the probe published a handle nobody binds, and MVec never reaches the model whatever the rest of this line says. SKIPPED IS NOT AN ERROR - it counts frames with no vectors, which is what a menu looks like, and those frames are handed NONE rather than the last frame's motion.
23:44:58:318 [ 1584] | INFO  | [MGPU Bridge] [MGPU][R87] MVEC FRAME ALIGNMENT f=301 | evaluates=299 | elapsed 1=298 2=0 3=1 4=0 5=0 6=0 7=0 8+=0 | worst=3 | 99.67% at 1. A motion vector describes ONE game frame; NR reprojects by whatever it is handed. When the frame NR blends against is older than one, history lands SHORT by this factor - zero error at rest, growing with speed, and no constant MVecScale can fix it. The scale is multiplied by this per evaluate. IF THIS LINE IS FLAT AT 1 AND THE ARTEFACT IS UNCHANGED, PACING IS ELIMINATED and what remains is units or sign. P4.1's skipped-frame counter predicts about 99.5% at 1, so a materially lower figure here is a desync no counter has shown us.
23:44:58:389 [ 1584] | INFO  | [MGPU Bridge] [MGPU][SEAL] new f=305 slot=4 gap=1 lat=36.88ms pitch=10240 fmt=28 bytes=14745600 bc=0(unimplemented) OK
23:44:59:154 [ 1584] | INFO  | [MGPU Bridge] [MGPU][T5] present loop alive: frame 4200 thread id 0x630
23:44:59:447 [ 1584] | INFO  | [MGPU Bridge] [MGPU][SEAL] new f=366 slot=5 gap=1 lat=36.65ms pitch=10240 fmt=28 bytes=14745600 bc=0(unimplemented) OK
23:45:00:398 [20812] | INFO  | [MGPU Bridge] [MGPU][P9.1] META SRC mvec lane: 7 candidate(s), 43 ns/frame over 1729 frames. R72: RANKED AND SORTED BY RTV BINDS - how often each is RENDERED INTO, which is a per-frame usage signal. srvs is kept alongside as the old created over the resource. THIS DOES NOT IDENTIFY MOTION VECTORS - nothing in ReShade says which one they are - it says whether an MVec-shaped resource is visible from a subscriber at all. An empty list with a non-zero examined count is the result that says the NGX hook has to be earned or abandoned. root-descriptor SRV pushes=0 (zero here with a non-zero SRV count above means this engine binds through descriptor TABLES and push_descriptors is blind in it - a fact about the engine, not a fault). | #0 2560x1440 R16G16_FLOAT srvs=2 RTVBINDS=0 (0.00/frame) <-DISPLAY-EXTENT | #1 1280x720 R16G16_FLOAT srvs=1 RTVBINDS=0 (0.00/frame) | #2 1280x720 R16G16_FLOAT srvs=1 RTVBINDS=0 (0.00/frame) | #3 2560x1440 R16G16_FLOAT srvs=1 RTVBINDS=0 (0.00/frame) <-DISPLAY-EXTENT | #4 2560x1440 R16G16_UNORM srvs=1 RTVBINDS=0 (0.00/frame) <-DISPLAY-EXTENT | #5 1280x720 R16G16_FLOAT srvs=1 RTVBINDS=0 (0.00/frame) | #6 2560x1440 R16G16_UNORM srvs=1 RTVBINDS=0 (0.00/frame) <-DISPLAY-EXTENT
23:45:00:401 [20812] | INFO  | [MGPU Bridge] [MGPU][R71] MVEC SIZES over ALL 7 candidate(s): 2560x1440 x4 | 1280x720 x3 | || TRANSPORT SOURCE res=0x1f0ee694100 (0 means not identified yet - it needs a display-extent candidate with render-target binds), handed to the transport 662 times, 0 second-binds-in-a-frame skipped. || EVICTIONS: 0 resources destroyed and removed from the tables (R76 - a resolution change destroys every render target, and a stale entry is a copy from freed memory). RTV BINDS SEEN IN TOTAL: 0. THE RANK ABOVE IS NOW RENDER TARGET BINDS, NOT SRV CREATIONS. R25 ranked by SRVs created, got 6/5/3/3, and called it "a candidate, not an identification" - that flatness was the SIGNAL being wrong, not the game. An SRV creation count is a LIFETIME number; a velocity buffer is RENDERED INTO once per frame, and RTVBINDS is that. THE EXTENT TO MATCH IS THE DISPLAY EXTENT 2560x1440, not the render extent: the game's own DLSS telemetry says ColorExtentHeight=936 with MVExtentWidth=2560 MVExtentHeight=1440, so this title feeds HIGH-RESOLUTION motion vectors. A single candidate marked <-DISPLAY-EXTENT with RTVBINDS close to the frame count is the velocity buffer. RTV BINDS SEEN = 0 with candidates present means THIS EVENT did not see it, and says nothing whatever about the other two. R81 retracted the sentence that used to sit here - it named optical flow and NGX hooking as the routes left, before anyone had read the 
23:45:00:401 [20812] | INFO  | [MGPU Bridge] [MGPU][R82] ACQUISITION SIGNALS - three of them, one run. || RTV VIEW TABLE: 5 of 128 entries. THAT IS THE DENOMINATOR R80 COULD NOT SEE - a bind count of zero against an empty table means nothing at all. || OMSetRenderTargets: fired=0 rtvs=0 | matched via OUR TABLE=0 | matched via get_resource_from_view=0 || BeginRenderPass: fired=0 targets=0 matched=0 || Barrier: fired=141378 resources=272101 matched=3972, costing 5784 ns/frame || #0 2560x1440 rtv=0 rp=0 bar=2649(0x800->0xC0) | #6 2560x1440 rtv=0 rp=0 bar=1323(0xC0->0x8) | || HOW TO READ IT. via TABLE=0 while via get_resource_from_view is non-zero: the table was the whole bug and R76 through R81 were spent on a cache we never needed. BeginRenderPass fired while OMSetRenderTargets did not: this engine uses render passes and we were subscribed to the wrong event. Barrier matched with a per-frame count near the frame count: use THAT permanently - it needs no view, no table and no binding-path assumption, and 0x4->0xC0 (render_target -> shader_resource) is the moment AFTER the pass wrote, which is the correct moment to copy and is one the bind events cannot offer. NOTE THE STALENESS R78 DID NOT STATE: both bind events fire BEFORE the pass runs, so a copy taken there carries the PREVIOUS frame's vectors. All three silent with candidates present is the only reading that makes optical flow or NGX hooking the honest next step. Two of the barriers per frame on the published source are OURS.
23:45:00:506 [ 1584] | INFO  | [MGPU Bridge] [MGPU][SEAL] new f=427 slot=0 gap=1 lat=38.49ms pitch=10240 fmt=28 bytes=14745600 bc=0(unimplemented) OK
23:45:01:565 [ 1584] | INFO  | [MGPU Bridge] [MGPU][SEAL] new f=488 slot=1 gap=1 lat=35.60ms pitch=10240 fmt=28 bytes=14745600 bc=0(unimplemented) OK
23:45:01:633 [20812] | INFO  | [MGPU Bridge] [MGPU][R101] CALIBRATOR mode=2 site=data-scan | slots=43 data-slots=2 modules=149 gpa-calls=227 | resolved=1 creates=1 sr-handle=known | evaluates=733 captured=733 | cost 1982 ns/frame | eval-copies=733 eval-skips=0. || THE GAME'S OWN TABLE: color=0x1f0ee6913b0 depth=0x1f0ee5373f0 MVEC=0x1f0ee694100 output=0x1f0ee538900 | MVecScale 2560.0000,1440.0000 | jitter 0.4091,0.2961 | Reset=0 | CreateFlags=0x4b -> DepthInverted=1 MVLowRes=1 MVJittered=0 IsHDR=1 AutoExposure=1 | quality=5 | render 2560x1440 -> display 2560x1440 | dynamic 2534x1426..2560x1440 | subrect 2560x1440 at color(0,0) depth(0,0) MV(0,0) out(0,0) | have=0x1fff. || HOW TO READ IT. resolved=0 with evaluates=0 means no module asked for the entry point after we installed - either the title does not use DLSS, or it resolved before the addon loaded; the barrier path is untouched either way and is still what drives. sr-handle=UNFILTERED means we were not present for CreateFeature, so the table may be from frame generation rather than super sampling - check that render/display extents look like a supersampling pair before trusting it. MVEC here is the GAME'S answer to the question every round from R70 to R100 tried to infer; if it does not equal the handle the barrier probe armed on Dragon Sword, the probe was wrong on a title we believed, and THAT is the finding. have=0 bits name the keys this producer does not populate - Streamline and the raw SDK do not set the same subset, and the difference is a fact about the route, not a bug. MVLowRes IS DEFERRED OPTION 11 ANSWERED: 1 means the game's motion vectors are at RENDER resolution, 0 means display resolution, and we have been inferring that from buffer sizes since R83. Read it together with MVecScale - a low-res field with a display-sized scale is the shape that makes reprojection look almost right.
23:45:02:619 [ 1584] | INFO  | [MGPU Bridge] [MGPU][SEAL] new f=549 slot=2 gap=1 lat=36.35ms pitch=10240 fmt=28 bytes=14745600 bc=0(unimplemented) OK
23:45:03:406 [20812] | INFO  | [MGPU Bridge] [MGPU][P9.1] META SRC mvec lane: 7 candidate(s), 39 ns/frame over 1902 frames. R72: RANKED AND SORTED BY RTV BINDS - how often each is RENDERED INTO, which is a per-frame usage signal. srvs is kept alongside as the old created over the resource. THIS DOES NOT IDENTIFY MOTION VECTORS - nothing in ReShade says which one they are - it says whether an MVec-shaped resource is visible from a subscriber at all. An empty list with a non-zero examined count is the result that says the NGX hook has to be earned or abandoned. root-descriptor SRV pushes=0 (zero here with a non-zero SRV count above means this engine binds through descriptor TABLES and push_descriptors is blind in it - a fact about the engine, not a fault). | #0 2560x1440 R16G16_FLOAT srvs=2 RTVBINDS=0 (0.00/frame) <-DISPLAY-EXTENT | #1 1280x720 R16G16_FLOAT srvs=1 RTVBINDS=0 (0.00/frame) | #2 1280x720 R16G16_FLOAT srvs=1 RTVBINDS=0 (0.00/frame) | #3 2560x1440 R16G16_FLOAT srvs=1 RTVBINDS=0 (0.00/frame) <-DISPLAY-EXTENT | #4 2560x1440 R16G16_UNORM srvs=1 RTVBINDS=0 (0.00/frame) <-DISPLAY-EXTENT | #5 1280x720 R16G16_FLOAT srvs=1 RTVBINDS=0 (0.00/frame) | #6 2560x1440 R16G16_UNORM srvs=1 RTVBINDS=0 (0.00/frame) <-DISPLAY-EXTENT
23:45:03:407 [20812] | INFO  | [MGPU Bridge] [MGPU][R71] MVEC SIZES over ALL 7 candidate(s): 2560x1440 x4 | 1280x720 x3 | || TRANSPORT SOURCE res=0x1f0ee694100 (0 means not identified yet - it needs a display-extent candidate with render-target binds), handed to the transport 835 times, 0 second-binds-in-a-frame skipped. || EVICTIONS: 0 resources destroyed and removed from the tables (R76 - a resolution change destroys every render target, and a stale entry is a copy from freed memory). RTV BINDS SEEN IN TOTAL: 0. THE RANK ABOVE IS NOW RENDER TARGET BINDS, NOT SRV CREATIONS. R25 ranked by SRVs created, got 6/5/3/3, and called it "a candidate, not an identification" - that flatness was the SIGNAL being wrong, not the game. An SRV creation count is a LIFETIME number; a velocity buffer is RENDERED INTO once per frame, and RTVBINDS is that. THE EXTENT TO MATCH IS THE DISPLAY EXTENT 2560x1440, not the render extent: the game's own DLSS telemetry says ColorExtentHeight=936 with MVExtentWidth=2560 MVExtentHeight=1440, so this title feeds HIGH-RESOLUTION motion vectors. A single candidate marked <-DISPLAY-EXTENT with RTVBINDS close to the frame count is the velocity buffer. RTV BINDS SEEN = 0 with candidates present means THIS EVENT did not see it, and says nothing whatever about the other two. R81 retracted the sentence that used to sit here - it named optical flow and NGX hooking as the routes left, before anyone had read the 
23:45:03:407 [20812] | INFO  | [MGPU Bridge] [MGPU][R82] ACQUISITION SIGNALS - three of them, one run. || RTV VIEW TABLE: 5 of 128 entries. THAT IS THE DENOMINATOR R80 COULD NOT SEE - a bind count of zero against an empty table means nothing at all. || OMSetRenderTargets: fired=0 rtvs=0 | matched via OUR TABLE=0 | matched via get_resource_from_view=0 || BeginRenderPass: fired=0 targets=0 matched=0 || Barrier: fired=179324 resources=341533 matched=5010, costing 6816 ns/frame || #0 2560x1440 rtv=0 rp=0 bar=3341(0x800->0xC0) | #6 2560x1440 rtv=0 rp=0 bar=1669(0xC0->0x8) | || HOW TO READ IT. via TABLE=0 while via get_resource_from_view is non-zero: the table was the whole bug and R76 through R81 were spent on a cache we never needed. BeginRenderPass fired while OMSetRenderTargets did not: this engine uses render passes and we were subscribed to the wrong event. Barrier matched with a per-frame count near the frame count: use THAT permanently - it needs no view, no table and no binding-path assumption, and 0x4->0xC0 (render_target -> shader_resource) is the moment AFTER the pass wrote, which is the correct moment to copy and is one the bind events cannot offer. NOTE THE STALENESS R78 DID NOT STATE: both bind events fire BEFORE the pass runs, so a copy taken there carries the PREVIOUS frame's vectors. All three silent with candidates present is the only reading that makes optical flow or NGX hooking the honest next step. Two of the barriers per frame on the published source are OURS.
23:45:03:529 [ 1584] | INFO  | [MGPU Bridge] [MGPU][R63] DEPTH TRANSPORT f=601 mode=1 (TRANSPORTED AND BOUND) | producer: valid=603 invalid=0 size-rejected=0, arm held 253 frame(s) | consumer: seals seen valid=601 invalid=0 contract mismatches=0 | region 2560x1440 fmt=41 pitch=10240 bytes=14745600 at slot offset 14746112 of 44237312. INVALID IS NOT AN ERROR: ReShade unbinds depth in menus and scene changes, and R61 established that shipping the zeros it leaves behind would hand the model a false flat plane. An invalid frame carries the colour and says so. WHAT WOULD BE AN ERROR is contract mismatches above zero, or valid staying at zero once you are in gameplay - that means the tap is not feeding us. 100.0% of sealed frames carried depth. | GPU 1: unpacked=601 bound=599 skipped=0, DepthInverted=1, flag disagreements=0 (the seal crossed the adapter and the slot flag did not, so any disagreement between them is real). BOUND vs SKIPPED IS THE R61 TEST: skipped counts frames where ReShade had no depth and the model was given NONE rather than the previous frame's - open a menu mid-stream and this must move.
23:45:03:529 [ 1584] | INFO  | [MGPU Bridge] [MGPU][R78] MVEC TRANSPORT f=601 mode=3 REAL | producer: copies=604 missing=0 size-rejected=0 lock-skipped=0, arm held 1004 frame(s) | consumer: seals seen valid=601 invalid=0 contract mismatches=0 flag disagreements=0 | region 2560x1440 fmt=34 pitch=10240 bytes=14745600 at slot offset 29491712 of 44237312 | GPU 1: unpacked=601 bound=599 skipped=0, scale=(2560.000, 1440.000). 100.0% of sealed frames carried vectors. COPIES IS THE ONE TO WATCH: it counts frames where the bind hook fired and a copy was recorded. If it stays at zero the probe published a handle nobody binds, and MVec never reaches the model whatever the rest of this line says. SKIPPED IS NOT AN ERROR - it counts frames with no vectors, which is what a menu looks like, and those frames are handed NONE rather than the last frame's motion.
23:45:03:529 [ 1584] | INFO  | [MGPU Bridge] [MGPU][R87] MVEC FRAME ALIGNMENT f=601 | evaluates=599 | elapsed 1=598 2=0 3=1 4=0 5=0 6=0 7=0 8+=0 | worst=3 | 99.83% at 1. A motion vector describes ONE game frame; NR reprojects by whatever it is handed. When the frame NR blends against is older than one, history lands SHORT by this factor - zero error at rest, growing with speed, and no constant MVecScale can fix it. The scale is multiplied by this per evaluate. IF THIS LINE IS FLAT AT 1 AND THE ARTEFACT IS UNCHANGED, PACING IS ELIMINATED and what remains is units or sign. P4.1's skipped-frame counter predicts about 99.5% at 1, so a materially lower figure here is a desync no counter has shown us.
23:45:03:686 [ 1584] | INFO  | [MGPU Bridge] [MGPU][SEAL] new f=610 slot=3 gap=1 lat=36.32ms pitch=10240 fmt=28 bytes=14745600 bc=0(unimplemented) OK
23:45:04:745 [ 1584] | INFO  | [MGPU Bridge] [MGPU][SEAL] new f=671 slot=4 gap=1 lat=37.10ms pitch=10240 fmt=28 bytes=14745600 bc=0(unimplemented) OK
23:45:05:795 [ 1584] | INFO  | [MGPU Bridge] [MGPU][SEAL] new f=732 slot=5 gap=1 lat=36.04ms pitch=10240 fmt=28 bytes=14745600 bc=0(unimplemented) OK
23:45:06:415 [20812] | INFO  | [MGPU Bridge] [MGPU][P9.1] META SRC mvec lane: 7 candidate(s), 37 ns/frame over 2076 frames. R72: RANKED AND SORTED BY RTV BINDS - how often each is RENDERED INTO, which is a per-frame usage signal. srvs is kept alongside as the old created over the resource. THIS DOES NOT IDENTIFY MOTION VECTORS - nothing in ReShade says which one they are - it says whether an MVec-shaped resource is visible from a subscriber at all. An empty list with a non-zero examined count is the result that says the NGX hook has to be earned or abandoned. root-descriptor SRV pushes=0 (zero here with a non-zero SRV count above means this engine binds through descriptor TABLES and push_descriptors is blind in it - a fact about the engine, not a fault). | #0 2560x1440 R16G16_FLOAT srvs=2 RTVBINDS=0 (0.00/frame) <-DISPLAY-EXTENT | #1 1280x720 R16G16_FLOAT srvs=1 RTVBINDS=0 (0.00/frame) | #2 1280x720 R16G16_FLOAT srvs=1 RTVBINDS=0 (0.00/frame) | #3 2560x1440 R16G16_FLOAT srvs=1 RTVBINDS=0 (0.00/frame) <-DISPLAY-EXTENT | #4 2560x1440 R16G16_UNORM srvs=1 RTVBINDS=0 (0.00/frame) <-DISPLAY-EXTENT | #5 1280x720 R16G16_FLOAT srvs=1 RTVBINDS=0 (0.00/frame) | #6 2560x1440 R16G16_UNORM srvs=1 RTVBINDS=0 (0.00/frame) <-DISPLAY-EXTENT
23:45:06:415 [20812] | INFO  | [MGPU Bridge] [MGPU][R71] MVEC SIZES over ALL 7 candidate(s): 2560x1440 x4 | 1280x720 x3 | || TRANSPORT SOURCE res=0x1f0ee694100 (0 means not identified yet - it needs a display-extent candidate with render-target binds), handed to the transport 1009 times, 0 second-binds-in-a-frame skipped. || EVICTIONS: 0 resources destroyed and removed from the tables (R76 - a resolution change destroys every render target, and a stale entry is a copy from freed memory). RTV BINDS SEEN IN TOTAL: 0. THE RANK ABOVE IS NOW RENDER TARGET BINDS, NOT SRV CREATIONS. R25 ranked by SRVs created, got 6/5/3/3, and called it "a candidate, not an identification" - that flatness was the SIGNAL being wrong, not the game. An SRV creation count is a LIFETIME number; a velocity buffer is RENDERED INTO once per frame, and RTVBINDS is that. THE EXTENT TO MATCH IS THE DISPLAY EXTENT 2560x1440, not the render extent: the game's own DLSS telemetry says ColorExtentHeight=936 with MVExtentWidth=2560 MVExtentHeight=1440, so this title feeds HIGH-RESOLUTION motion vectors. A single candidate marked <-DISPLAY-EXTENT with RTVBINDS close to the frame count is the velocity buffer. RTV BINDS SEEN = 0 with candidates present means THIS EVENT did not see it, and says nothing whatever about the other two. R81 retracted the sentence that used to sit here - it named optical flow and NGX hooking as the routes left, before anyone had read the
23:45:06:415 [20812] | INFO  | [MGPU Bridge] [MGPU][R82] ACQUISITION SIGNALS - three of them, one run. || RTV VIEW TABLE: 5 of 128 entries. THAT IS THE DENOMINATOR R80 COULD NOT SEE - a bind count of zero against an empty table means nothing at all. || OMSetRenderTargets: fired=0 rtvs=0 | matched via OUR TABLE=0 | matched via get_resource_from_view=0 || BeginRenderPass: fired=0 targets=0 matched=0 || Barrier: fired=217792 resources=411669 matched=6054, costing 7712 ns/frame || #0 2560x1440 rtv=0 rp=0 bar=4037(0x800->0xC0) | #6 2560x1440 rtv=0 rp=0 bar=2017(0xC0->0x8) | || HOW TO READ IT. via TABLE=0 while via get_resource_from_view is non-zero: the table was the whole bug and R76 through R81 were spent on a cache we never needed. BeginRenderPass fired while OMSetRenderTargets did not: this engine uses render passes and we were subscribed to the wrong event. Barrier matched with a per-frame count near the frame count: use THAT permanently - it needs no view, no table and no binding-path assumption, and 0x4->0xC0 (render_target -> shader_resource) is the moment AFTER the pass wrote, which is the correct moment to copy and is one the bind events cannot offer. NOTE THE STALENESS R78 DID NOT STATE: both bind events fire BEFORE the pass runs, so a copy taken there carries the PREVIOUS frame's vectors. All three silent with candidates present is the only reading that makes optical flow or NGX hooking the honest next step. Two of the barriers per frame on the published source are OURS.
23:45:06:828 [20812] | INFO  | [MGPU Bridge] [MGPU][R101] CALIBRATOR mode=2 site=data-scan | slots=43 data-slots=2 modules=149 gpa-calls=227 | resolved=1 creates=1 sr-handle=known | evaluates=1033 captured=1033 | cost 2091 ns/frame | eval-copies=1033 eval-skips=0. || THE GAME'S OWN TABLE: color=0x1f0ee6913b0 depth=0x1f0ee5373f0 MVEC=0x1f0ee694100 output=0x1f0ee538900 | MVecScale 2560.0000,1440.0000 | jitter -0.3762,0.2231 | Reset=0 | CreateFlags=0x4b -> DepthInverted=1 MVLowRes=1 MVJittered=0 IsHDR=1 AutoExposure=1 | quality=5 | render 2560x1440 -> display 2560x1440 | dynamic 2534x1426..2560x1440 | subrect 2560x1440 at color(0,0) depth(0,0) MV(0,0) out(0,0) | have=0x1fff. || HOW TO READ IT. resolved=0 with evaluates=0 means no module asked for the entry point after we installed - either the title does not use DLSS, or it resolved before the addon loaded; the barrier path is untouched either way and is still what drives. sr-handle=UNFILTERED means we were not present for CreateFeature, so the table may be from frame generation rather than super sampling - check that render/display extents look like a supersampling pair before trusting it. MVEC here is the GAME'S answer to the question every round from R70 to R100 tried to infer; if it does not equal the handle the barrier probe armed on Dragon Sword, the probe was wrong on a title we believed, and THAT is the finding. have=0 bits name the keys this producer does not populate - Streamline and the raw SDK do not set the same subset, and the difference is a fact about the route, not a bug. MVLowRes IS DEFERRED OPTION 11 ANSWERED: 1 means the game's motion vectors are at RENDER resolution, 0 means display resolution, and we have been inferring that from buffer sizes since R83. Read it together with MVecScale - a low-res field with a display-sized scale is the shape that makes reprojection look almost right.
23:45:06:847 [ 1584] | INFO  | [MGPU Bridge] [MGPU][SEAL] new f=793 slot=0 gap=1 lat=36.60ms pitch=10240 fmt=28 bytes=14745600 bc=0(unimplemented) OK
23:45:07:887 [ 1584] | INFO  | [MGPU Bridge] [MGPU][SEAL] new f=854 slot=1 gap=1 lat=36.42ms pitch=10240 fmt=28 bytes=14745600 bc=0(unimplemented) OK
23:45:08:679 [ 1584] | INFO  | [MGPU Bridge] [MGPU][R63] DEPTH TRANSPORT f=901 mode=1 (TRANSPORTED AND BOUND) | producer: valid=903 invalid=0 size-rejected=0, arm held 253 frame(s) | consumer: seals seen valid=901 invalid=0 contract mismatches=0 | region 2560x1440 fmt=41 pitch=10240 bytes=14745600 at slot offset 14746112 of 44237312. INVALID IS NOT AN ERROR: ReShade unbinds depth in menus and scene changes, and R61 established that shipping the zeros it leaves behind would hand the model a false flat plane. An invalid frame carries the colour and says so. WHAT WOULD BE AN ERROR is contract mismatches above zero, or valid staying at zero once you are in gameplay - that means the tap is not feeding us. 100.0% of sealed frames carried depth. | GPU 1: unpacked=901 bound=899 skipped=0, DepthInverted=1, flag disagreements=0 (the seal crossed the adapter and the slot flag did not, so any disagreement between them is real). BOUND vs SKIPPED IS THE R61 TEST: skipped counts frames where ReShade had no depth and the model was given NONE rather than the previous frame's - open a menu mid-stream and this must move.
23:45:08:679 [ 1584] | INFO  | [MGPU Bridge] [MGPU][R78] MVEC TRANSPORT f=901 mode=3 REAL | producer: copies=904 missing=0 size-rejected=0 lock-skipped=0, arm held 1004 frame(s) | consumer: seals seen valid=901 invalid=0 contract mismatches=0 flag disagreements=0 | region 2560x1440 fmt=34 pitch=10240 bytes=14745600 at slot offset 29491712 of 44237312 | GPU 1: unpacked=901 bound=899 skipped=0, scale=(2560.000, 1440.000). 100.0% of sealed frames carried vectors. COPIES IS THE ONE TO WATCH: it counts frames where the bind hook fired and a copy was recorded. If it stays at zero the probe published a handle nobody binds, and MVec never reaches the model whatever the rest of this line says. SKIPPED IS NOT AN ERROR - it counts frames with no vectors, which is what a menu looks like, and those frames are handed NONE rather than the last frame's motion.
23:45:08:679 [ 1584] | INFO  | [MGPU Bridge] [MGPU][R87] MVEC FRAME ALIGNMENT f=901 | evaluates=899 | elapsed 1=898 2=0 3=1 4=0 5=0 6=0 7=0 8+=0 | worst=3 | 99.89% at 1. A motion vector describes ONE game frame; NR reprojects by whatever it is handed. When the frame NR blends against is older than one, history lands SHORT by this factor - zero error at rest, growing with speed, and no constant MVecScale can fix it. The scale is multiplied by this per evaluate. IF THIS LINE IS FLAT AT 1 AND THE ARTEFACT IS UNCHANGED, PACING IS ELIMINATED and what remains is units or sign. P4.1's skipped-frame counter predicts about 99.5% at 1, so a materially lower figure here is a desync no counter has shown us.
23:45:08:916 [ 1584] | INFO  | [MGPU Bridge] [MGPU][SEAL] new f=915 slot=2 gap=1 lat=36.13ms pitch=10240 fmt=28 bytes=14745600 bc=0(unimplemented) OK
23:45:09:419 [20812] | INFO  | [MGPU Bridge] [MGPU][P9.1] META SRC mvec lane: 7 candidate(s), 34 ns/frame over 2253 frames. R72: RANKED AND SORTED BY RTV BINDS - how often each is RENDERED INTO, which is a per-frame usage signal. srvs is kept alongside as the old created over the resource. THIS DOES NOT IDENTIFY MOTION VECTORS - nothing in ReShade says which one they are - it says whether an MVec-shaped resource is visible from a subscriber at all. An empty list with a non-zero examined count is the result that says the NGX hook has to be earned or abandoned. root-descriptor SRV pushes=0 (zero here with a non-zero SRV count above means this engine binds through descriptor TABLES and push_descriptors is blind in it - a fact about the engine, not a fault). | #0 2560x1440 R16G16_FLOAT srvs=2 RTVBINDS=0 (0.00/frame) <-DISPLAY-EXTENT | #1 1280x720 R16G16_FLOAT srvs=1 RTVBINDS=0 (0.00/frame) | #2 1280x720 R16G16_FLOAT srvs=1 RTVBINDS=0 (0.00/frame) | #3 2560x1440 R16G16_FLOAT srvs=1 RTVBINDS=0 (0.00/frame) <-DISPLAY-EXTENT | #4 2560x1440 R16G16_UNORM srvs=1 RTVBINDS=0 (0.00/frame) <-DISPLAY-EXTENT | #5 1280x720 R16G16_FLOAT srvs=1 RTVBINDS=0 (0.00/frame) | #6 2560x1440 R16G16_UNORM srvs=1 RTVBINDS=0 (0.00/frame) <-DISPLAY-EXTENT
23:45:09:419 [20812] | INFO  | [MGPU Bridge] [MGPU][R71] MVEC SIZES over ALL 7 candidate(s): 2560x1440 x4 | 1280x720 x3 | || TRANSPORT SOURCE res=0x1f0ee694100 (0 means not identified yet - it needs a display-extent candidate with render-target binds), handed to the transport 1186 times, 0 second-binds-in-a-frame skipped. || EVICTIONS: 0 resources destroyed and removed from the tables (R76 - a resolution change destroys every render target, and a stale entry is a copy from freed memory). RTV BINDS SEEN IN TOTAL: 0. THE RANK ABOVE IS NOW RENDER TARGET BINDS, NOT SRV CREATIONS. R25 ranked by SRVs created, got 6/5/3/3, and called it "a candidate, not an identification" - that flatness was the SIGNAL being wrong, not the game. An SRV creation count is a LIFETIME number; a velocity buffer is RENDERED INTO once per frame, and RTVBINDS is that. THE EXTENT TO MATCH IS THE DISPLAY EXTENT 2560x1440, not the render extent: the game's own DLSS telemetry says ColorExtentHeight=936 with MVExtentWidth=2560 MVExtentHeight=1440, so this title feeds HIGH-RESOLUTION motion vectors. A single candidate marked <-DISPLAY-EXTENT with RTVBINDS close to the frame count is the velocity buffer. RTV BINDS SEEN = 0 with candidates present means THIS EVENT did not see it, and says nothing whatever about the other two. R81 retracted the sentence that used to sit here - it named optical flow and NGX hooking as the routes left, before anyone had read the
23:45:09:421 [20812] | INFO  | [MGPU Bridge] [MGPU][R82] ACQUISITION SIGNALS - three of them, one run. || RTV VIEW TABLE: 5 of 128 entries. THAT IS THE DENOMINATOR R80 COULD NOT SEE - a bind count of zero against an empty table means nothing at all. || OMSetRenderTargets: fired=0 rtvs=0 | matched via OUR TABLE=0 | matched via get_resource_from_view=0 || BeginRenderPass: fired=0 targets=0 matched=0 || Barrier: fired=256928 resources=483019 matched=7116, costing 8490 ns/frame || #0 2560x1440 rtv=0 rp=0 bar=4745(0x800->0xC0) | #6 2560x1440 rtv=0 rp=0 bar=2371(0xC0->0x8) | || HOW TO READ IT. via TABLE=0 while via get_resource_from_view is non-zero: the table was the whole bug and R76 through R81 were spent on a cache we never needed. BeginRenderPass fired while OMSetRenderTargets did not: this engine uses render passes and we were subscribed to the wrong event. Barrier matched with a per-frame count near the frame count: use THAT permanently - it needs no view, no table and no binding-path assumption, and 0x4->0xC0 (render_target -> shader_resource) is the moment AFTER the pass wrote, which is the correct moment to copy and is one the bind events cannot offer. NOTE THE STALENESS R78 DID NOT STATE: both bind events fire BEFORE the pass runs, so a copy taken there carries the PREVIOUS frame's vectors. All three silent with candidates present is the only reading that makes optical flow or NGX hooking the honest next step. Two of the barriers per frame on the published source are OURS.
23:45:09:490 [ 1584] | INFO  | [MGPU Bridge] [MGPU][T5] present loop alive: frame 4800 thread id 0x630
23:45:09:943 [ 1584] | INFO  | [MGPU Bridge] [MGPU][SEAL] new f=976 slot=3 gap=1 lat=35.80ms pitch=10240 fmt=28 bytes=14745600 bc=0(unimplemented) OK
23:45:10:972 [ 1584] | INFO  | [MGPU Bridge] [MGPU][SEAL] new f=1037 slot=4 gap=1 lat=36.17ms pitch=10240 fmt=28 bytes=14745600 bc=0(unimplemented) OK
23:45:11:903 [20812] | INFO  | [MGPU Bridge] [MGPU][R101] CALIBRATOR mode=2 site=data-scan | slots=43 data-slots=2 modules=149 gpa-calls=227 | resolved=1 creates=1 sr-handle=known | evaluates=1333 captured=1333 | cost 2177 ns/frame | eval-copies=1333 eval-skips=0. || THE GAME'S OWN TABLE: color=0x1f0ee6913b0 depth=0x1f0ee5373f0 MVEC=0x1f0ee694100 output=0x1f0ee538900 | MVecScale 2560.0000,1440.0000 | jitter -0.1616,0.1502 | Reset=0 | CreateFlags=0x4b -> DepthInverted=1 MVLowRes=1 MVJittered=0 IsHDR=1 AutoExposure=1 | quality=5 | render 2560x1440 -> display 2560x1440 | dynamic 2534x1426..2560x1440 | subrect 2560x1440 at color(0,0) depth(0,0) MV(0,0) out(0,0) | have=0x1fff. || HOW TO READ IT. resolved=0 with evaluates=0 means no module asked for the entry point after we installed - either the title does not use DLSS, or it resolved before the addon loaded; the barrier path is untouched either way and is still what drives. sr-handle=UNFILTERED means we were not present for CreateFeature, so the table may be from frame generation rather than super sampling - check that render/display extents look like a supersampling pair before trusting it. MVEC here is the GAME'S answer to the question every round from R70 to R100 tried to infer; if it does not equal the handle the barrier probe armed on Dragon Sword, the probe was wrong on a title we believed, and THAT is the finding. have=0 bits name the keys this producer does not populate - Streamline and the raw SDK do not set the same subset, and the difference is a fact about the route, not a bug. MVLowRes IS DEFERRED OPTION 11 ANSWERED: 1 means the game's motion vectors are at RENDER resolution, 0 means display resolution, and we have been inferring that from buffer sizes since R83. Read it together with MVecScale - a low-res field with a display-sized scale is the shape that makes reprojection look almost right.
23:45:12:008 [ 1584] | INFO  | [MGPU Bridge] [MGPU][SEAL] new f=1098 slot=5 gap=1 lat=37.06ms pitch=10240 fmt=28 bytes=14745600 bc=0(unimplemented) OK
23:45:12:430 [20812] | INFO  | [MGPU Bridge] [MGPU][P9.1] META SRC mvec lane: 7 candidate(s), 33 ns/frame over 2431 frames. R72: RANKED AND SORTED BY RTV BINDS - how often each is RENDERED INTO, which is a per-frame usage signal. srvs is kept alongside as the old created over the resource. THIS DOES NOT IDENTIFY MOTION VECTORS - nothing in ReShade says which one they are - it says whether an MVec-shaped resource is visible from a subscriber at all. An empty list with a non-zero examined count is the result that says the NGX hook has to be earned or abandoned. root-descriptor SRV pushes=0 (zero here with a non-zero SRV count above means this engine binds through descriptor TABLES and push_descriptors is blind in it - a fact about the engine, not a fault). | #0 2560x1440 R16G16_FLOAT srvs=2 RTVBINDS=0 (0.00/frame) <-DISPLAY-EXTENT | #1 1280x720 R16G16_FLOAT srvs=1 RTVBINDS=0 (0.00/frame) | #2 1280x720 R16G16_FLOAT srvs=1 RTVBINDS=0 (0.00/frame) | #3 2560x1440 R16G16_FLOAT srvs=1 RTVBINDS=0 (0.00/frame) <-DISPLAY-EXTENT | #4 2560x1440 R16G16_UNORM srvs=1 RTVBINDS=0 (0.00/frame) <-DISPLAY-EXTENT | #5 1280x720 R16G16_FLOAT srvs=1 RTVBINDS=0 (0.00/frame) | #6 2560x1440 R16G16_UNORM srvs=1 RTVBINDS=0 (0.00/frame) <-DISPLAY-EXTENT
23:45:12:431 [20812] | INFO  | [MGPU Bridge] [MGPU][R71] MVEC SIZES over ALL 7 candidate(s): 2560x1440 x4 | 1280x720 x3 | || TRANSPORT SOURCE res=0x1f0ee694100 (0 means not identified yet - it needs a display-extent candidate with render-target binds), handed to the transport 1364 times, 0 second-binds-in-a-frame skipped. || EVICTIONS: 0 resources destroyed and removed from the tables (R76 - a resolution change destroys every render target, and a stale entry is a copy from freed memory). RTV BINDS SEEN IN TOTAL: 0. THE RANK ABOVE IS NOW RENDER TARGET BINDS, NOT SRV CREATIONS. R25 ranked by SRVs created, got 6/5/3/3, and called it "a candidate, not an identification" - that flatness was the SIGNAL being wrong, not the game. An SRV creation count is a LIFETIME number; a velocity buffer is RENDERED INTO once per frame, and RTVBINDS is that. THE EXTENT TO MATCH IS THE DISPLAY EXTENT 2560x1440, not the render extent: the game's own DLSS telemetry says ColorExtentHeight=936 with MVExtentWidth=2560 MVExtentHeight=1440, so this title feeds HIGH-RESOLUTION motion vectors. A single candidate marked <-DISPLAY-EXTENT with RTVBINDS close to the frame count is the velocity buffer. RTV BINDS SEEN = 0 with candidates present means THIS EVENT did not see it, and says nothing whatever about the other two. R81 retracted the sentence that used to sit here - it named optical flow and NGX hooking as the routes left, before anyone had read the
23:45:12:431 [20812] | INFO  | [MGPU Bridge] [MGPU][R82] ACQUISITION SIGNALS - three of them, one run. || RTV VIEW TABLE: 5 of 128 entries. THAT IS THE DENOMINATOR R80 COULD NOT SEE - a bind count of zero against an empty table means nothing at all. || OMSetRenderTargets: fired=0 rtvs=0 | matched via OUR TABLE=0 | matched via get_resource_from_view=0 || BeginRenderPass: fired=0 targets=0 matched=0 || Barrier: fired=296106 resources=554593 matched=8184, costing 9132 ns/frame || #0 2560x1440 rtv=0 rp=0 bar=5457(0x800->0xC0) | #6 2560x1440 rtv=0 rp=0 bar=2727(0xC0->0x8) | || HOW TO READ IT. via TABLE=0 while via get_resource_from_view is non-zero: the table was the whole bug and R76 through R81 were spent on a cache we never needed. BeginRenderPass fired while OMSetRenderTargets did not: this engine uses render passes and we were subscribed to the wrong event. Barrier matched with a per-frame count near the frame count: use THAT permanently - it needs no view, no table and no binding-path assumption, and 0x4->0xC0 (render_target -> shader_resource) is the moment AFTER the pass wrote, which is the correct moment to copy and is one the bind events cannot offer. NOTE THE STALENESS R78 DID NOT STATE: both bind events fire BEFORE the pass runs, so a copy taken there carries the PREVIOUS frame's vectors. All three silent with candidates present is the only reading that makes optical flow or NGX hooking the honest next step. Two of the barriers per frame on the published source are OURS.
23:45:13:042 [ 1584] | INFO  | [MGPU Bridge] [MGPU][SEAL] new f=1159 slot=0 gap=1 lat=36.57ms pitch=10240 fmt=28 bytes=14745600 bc=0(unimplemented) OK
23:45:13:753 [ 1584] | INFO  | [MGPU Bridge] [MGPU][R63] DEPTH TRANSPORT f=1201 mode=1 (TRANSPORTED AND BOUND) | producer: valid=1203 invalid=0 size-rejected=0, arm held 253 frame(s) | consumer: seals seen valid=1201 invalid=0 contract mismatches=0 | region 2560x1440 fmt=41 pitch=10240 bytes=14745600 at slot offset 14746112 of 44237312. INVALID IS NOT AN ERROR: ReShade unbinds depth in menus and scene changes, and R61 established that shipping the zeros it leaves behind would hand the model a false flat plane. An invalid frame carries the colour and says so. WHAT WOULD BE AN ERROR is contract mismatches above zero, or valid staying at zero once you are in gameplay - that means the tap is not feeding us. 100.0% of sealed frames carried depth. | GPU 1: unpacked=1201 bound=1199 skipped=0, DepthInverted=1, flag disagreements=0 (the seal crossed the adapter and the slot flag did not, so any disagreement between them is real). BOUND vs SKIPPED IS THE R61 TEST: skipped counts frames where ReShade had no depth and the model was given NONE rather than the previous frame's - open a menu mid-stream and this must move.
23:45:13:753 [ 1584] | INFO  | [MGPU Bridge] [MGPU][R78] MVEC TRANSPORT f=1201 mode=3 REAL | producer: copies=1204 missing=0 size-rejected=0 lock-skipped=0, arm held 1004 frame(s) | consumer: seals seen valid=1201 invalid=0 contract mismatches=0 flag disagreements=0 | region 2560x1440 fmt=34 pitch=10240 bytes=14745600 at slot offset 29491712 of 44237312 | GPU 1: unpacked=1201 bound=1199 skipped=0, scale=(2560.000, 1440.000). 100.0% of sealed frames carried vectors. COPIES IS THE ONE TO WATCH: it counts frames where the bind hook fired and a copy was recorded. If it stays at zero the probe published a handle nobody binds, and MVec never reaches the model whatever the rest of this line says. SKIPPED IS NOT AN ERROR - it counts frames with no vectors, which is what a menu looks like, and those frames are handed NONE rather than the last frame's motion.
23:45:13:753 [ 1584] | INFO  | [MGPU Bridge] [MGPU][R87] MVEC FRAME ALIGNMENT f=1201 | evaluates=1199 | elapsed 1=1198 2=0 3=1 4=0 5=0 6=0 7=0 8+=0 | worst=3 | 99.92% at 1. A motion vector describes ONE game frame; NR reprojects by whatever it is handed. When the frame NR blends against is older than one, history lands SHORT by this factor - zero error at rest, growing with speed, and no constant MVecScale can fix it. The scale is multiplied by this per evaluate. IF THIS LINE IS FLAT AT 1 AND THE ARTEFACT IS UNCHANGED, PACING IS ELIMINATED and what remains is units or sign. P4.1's skipped-frame counter predicts about 99.5% at 1, so a materially lower figure here is a desync no counter has shown us.
23:45:14:074 [ 1584] | INFO  | [MGPU Bridge] [MGPU][SEAL] new f=1220 slot=1 gap=1 lat=36.36ms pitch=10240 fmt=28 bytes=14745600 bc=0(unimplemented) OK
23:45:15:109 [ 1584] | INFO  | [MGPU Bridge] [MGPU][SEAL] new f=1281 slot=2 gap=1 lat=36.47ms pitch=10240 fmt=28 bytes=14745600 bc=0(unimplemented) OK
23:45:15:445 [20812] | INFO  | [MGPU Bridge] [MGPU][P9.1] META SRC mvec lane: 7 candidate(s), 31 ns/frame over 2609 frames. R72: RANKED AND SORTED BY RTV BINDS - how often each is RENDERED INTO, which is a per-frame usage signal. srvs is kept alongside as the old created over the resource. THIS DOES NOT IDENTIFY MOTION VECTORS - nothing in ReShade says which one they are - it says whether an MVec-shaped resource is visible from a subscriber at all. An empty list with a non-zero examined count is the result that says the NGX hook has to be earned or abandoned. root-descriptor SRV pushes=0 (zero here with a non-zero SRV count above means this engine binds through descriptor TABLES and push_descriptors is blind in it - a fact about the engine, not a fault). | #0 2560x1440 R16G16_FLOAT srvs=2 RTVBINDS=0 (0.00/frame) <-DISPLAY-EXTENT | #1 1280x720 R16G16_FLOAT srvs=1 RTVBINDS=0 (0.00/frame) | #2 1280x720 R16G16_FLOAT srvs=1 RTVBINDS=0 (0.00/frame) | #3 2560x1440 R16G16_FLOAT srvs=1 RTVBINDS=0 (0.00/frame) <-DISPLAY-EXTENT | #4 2560x1440 R16G16_UNORM srvs=1 RTVBINDS=0 (0.00/frame) <-DISPLAY-EXTENT | #5 1280x720 R16G16_FLOAT srvs=1 RTVBINDS=0 (0.00/frame) | #6 2560x1440 R16G16_UNORM srvs=1 RTVBINDS=0 (0.00/frame) <-DISPLAY-EXTENT
23:45:15:446 [20812] | INFO  | [MGPU Bridge] [MGPU][R71] MVEC SIZES over ALL 7 candidate(s): 2560x1440 x4 | 1280x720 x3 | || TRANSPORT SOURCE res=0x1f0ee694100 (0 means not identified yet - it needs a display-extent candidate with render-target binds), handed to the transport 1542 times, 0 second-binds-in-a-frame skipped. || EVICTIONS: 0 resources destroyed and removed from the tables (R76 - a resolution change destroys every render target, and a stale entry is a copy from freed memory). RTV BINDS SEEN IN TOTAL: 0. THE RANK ABOVE IS NOW RENDER TARGET BINDS, NOT SRV CREATIONS. R25 ranked by SRVs created, got 6/5/3/3, and called it "a candidate, not an identification" - that flatness was the SIGNAL being wrong, not the game. An SRV creation count is a LIFETIME number; a velocity buffer is RENDERED INTO once per frame, and RTVBINDS is that. THE EXTENT TO MATCH IS THE DISPLAY EXTENT 2560x1440, not the render extent: the game's own DLSS telemetry says ColorExtentHeight=936 with MVExtentWidth=2560 MVExtentHeight=1440, so this title feeds HIGH-RESOLUTION motion vectors. A single candidate marked <-DISPLAY-EXTENT with RTVBINDS close to the frame count is the velocity buffer. RTV BINDS SEEN = 0 with candidates present means THIS EVENT did not see it, and says nothing whatever about the other two. R81 retracted the sentence that used to sit here - it named optical flow and NGX hooking as the routes left, before anyone had read the
23:45:15:446 [20812] | INFO  | [MGPU Bridge] [MGPU][R82] ACQUISITION SIGNALS - three of them, one run. || RTV VIEW TABLE: 5 of 128 entries. THAT IS THE DENOMINATOR R80 COULD NOT SEE - a bind count of zero against an empty table means nothing at all. || OMSetRenderTargets: fired=0 rtvs=0 | matched via OUR TABLE=0 | matched via get_resource_from_view=0 || BeginRenderPass: fired=0 targets=0 matched=0 || Barrier: fired=335423 resources=626306 matched=9252, costing 9704 ns/frame || #0 2560x1440 rtv=0 rp=0 bar=6169(0x800->0xC0) | #6 2560x1440 rtv=0 rp=0 bar=3083(0xC0->0x8) | || HOW TO READ IT. via TABLE=0 while via get_resource_from_view is non-zero: the table was the whole bug and R76 through R81 were spent on a cache we never needed. BeginRenderPass fired while OMSetRenderTargets did not: this engine uses render passes and we were subscribed to the wrong event. Barrier matched with a per-frame count near the frame count: use THAT permanently - it needs no view, no table and no binding-path assumption, and 0x4->0xC0 (render_target -> shader_resource) is the moment AFTER the pass wrote, which is the correct moment to copy and is one the bind events cannot offer. NOTE THE STALENESS R78 DID NOT STATE: both bind events fire BEFORE the pass runs, so a copy taken there carries the PREVIOUS frame's vectors. All three silent with candidates present is the only reading that makes optical flow or NGX hooking the honest next step. Two of the barriers per frame on the published source are OURS.
23:45:16:174 [ 1584] | INFO  | [MGPU Bridge] [MGPU][SEAL] new f=1342 slot=3 gap=1 lat=36.24ms pitch=10240 fmt=28 bytes=14745600 bc=0(unimplemented) OK
23:45:17:073 [20812] | INFO  | [MGPU Bridge] [MGPU][R101] CALIBRATOR mode=2 site=data-scan | slots=43 data-slots=2 modules=149 gpa-calls=227 | resolved=1 creates=1 sr-handle=known | evaluates=1633 captured=1633 | cost 2257 ns/frame | eval-copies=1633 eval-skips=0. || THE GAME'S OWN TABLE: color=0x1f0ee6913b0 depth=0x1f0ee5373f0 MVEC=0x1f0ee694100 output=0x1f0ee538900 | MVecScale 2560.0000,1440.0000 | jitter 0.4287,0.0168 | Reset=0 | CreateFlags=0x4b -> DepthInverted=1 MVLowRes=1 MVJittered=0 IsHDR=1 AutoExposure=1 | quality=5 | render 2560x1440 -> display 2560x1440 | dynamic 2534x1426..2560x1440 | subrect 2560x1440 at color(0,0) depth(0,0) MV(0,0) out(0,0) | have=0x1fff. || HOW TO READ IT. resolved=0 with evaluates=0 means no module asked for the entry point after we installed - either the title does not use DLSS, or it resolved before the addon loaded; the barrier path is untouched either way and is still what drives. sr-handle=UNFILTERED means we were not present for CreateFeature, so the table may be from frame generation rather than super sampling - check that render/display extents look like a supersampling pair before trusting it. MVEC here is the GAME'S answer to the question every round from R70 to R100 tried to infer; if it does not equal the handle the barrier probe armed on Dragon Sword, the probe was wrong on a title we believed, and THAT is the finding. have=0 bits name the keys this producer does not populate - Streamline and the raw SDK do not set the same subset, and the difference is a fact about the route, not a bug. MVLowRes IS DEFERRED OPTION 11 ANSWERED: 1 means the game's motion vectors are at RENDER resolution, 0 means display resolution, and we have been inferring that from buffer sizes since R83. Read it together with MVecScale - a low-res field with a display-sized scale is the shape that makes reprojection look almost right.
23:45:17:262 [ 1584] | INFO  | [MGPU Bridge] [MGPU][SEAL] new f=1403 slot=4 gap=1 lat=34.74ms pitch=10240 fmt=28 bytes=14745600 bc=0(unimplemented) OK
23:45:18:021 [ 1584] | INFO  | [MGPU Bridge] [MGPU][SEAL] new f=1464 slot=5 gap=1 lat=45.25ms pitch=10240 fmt=28 bytes=14745600 bc=0(unimplemented) OK
23:45:18:454 [20812] | INFO  | [MGPU Bridge] [MGPU][P9.1] META SRC mvec lane: 7 candidate(s), 49 ns/frame over 2806 frames. R72: RANKED AND SORTED BY RTV BINDS - how often each is RENDERED INTO, which is a per-frame usage signal. srvs is kept alongside as the old created over the resource. THIS DOES NOT IDENTIFY MOTION VECTORS - nothing in ReShade says which one they are - it says whether an MVec-shaped resource is visible from a subscriber at all. An empty list with a non-zero examined count is the result that says the NGX hook has to be earned or abandoned. root-descriptor SRV pushes=0 (zero here with a non-zero SRV count above means this engine binds through descriptor TABLES and push_descriptors is blind in it - a fact about the engine, not a fault). | #0 2560x1440 R16G16_FLOAT srvs=2 RTVBINDS=0 (0.00/frame) <-DISPLAY-EXTENT | #1 1280x720 R16G16_FLOAT srvs=1 RTVBINDS=0 (0.00/frame) | #2 1280x720 R16G16_FLOAT srvs=1 RTVBINDS=0 (0.00/frame) | #3 2560x1440 R16G16_FLOAT srvs=1 RTVBINDS=0 (0.00/frame) <-DISPLAY-EXTENT | #4 2560x1440 R16G16_UNORM srvs=1 RTVBINDS=0 (0.00/frame) <-DISPLAY-EXTENT | #5 1280x720 R16G16_FLOAT srvs=1 RTVBINDS=0 (0.00/frame) | #6 2560x1440 R16G16_UNORM srvs=1 RTVBINDS=0 (0.00/frame) <-DISPLAY-EXTENT
23:45:18:454 [20812] | INFO  | [MGPU Bridge] [MGPU][R71] MVEC SIZES over ALL 7 candidate(s): 2560x1440 x4 | 1280x720 x3 | || TRANSPORT SOURCE res=0x1f0ee694100 (0 means not identified yet - it needs a display-extent candidate with render-target binds), handed to the transport 1714 times, 0 second-binds-in-a-frame skipped. || EVICTIONS: 0 resources destroyed and removed from the tables (R76 - a resolution change destroys every render target, and a stale entry is a copy from freed memory). RTV BINDS SEEN IN TOTAL: 0. THE RANK ABOVE IS NOW RENDER TARGET BINDS, NOT SRV CREATIONS. R25 ranked by SRVs created, got 6/5/3/3, and called it "a candidate, not an identification" - that flatness was the SIGNAL being wrong, not the game. An SRV creation count is a LIFETIME number; a velocity buffer is RENDERED INTO once per frame, and RTVBINDS is that. THE EXTENT TO MATCH IS THE DISPLAY EXTENT 2560x1440, not the render extent: the game's own DLSS telemetry says ColorExtentHeight=936 with MVExtentWidth=2560 MVExtentHeight=1440, so this title feeds HIGH-RESOLUTION motion vectors. A single candidate marked <-DISPLAY-EXTENT with RTVBINDS close to the frame count is the velocity buffer. RTV BINDS SEEN = 0 with candidates present means THIS EVENT did not see it, and says nothing whatever about the other two. R81 retracted the sentence that used to sit here - it named optical flow and NGX hooking as the routes left, before anyone had read the
23:45:18:454 [20812] | INFO  | [MGPU Bridge] [MGPU][R82] ACQUISITION SIGNALS - three of them, one run. || RTV VIEW TABLE: 5 of 128 entries. THAT IS THE DENOMINATOR R80 COULD NOT SEE - a bind count of zero against an empty table means nothing at all. || OMSetRenderTargets: fired=0 rtvs=0 | matched via OUR TABLE=0 | matched via get_resource_from_view=0 || BeginRenderPass: fired=0 targets=0 matched=0 || Barrier: fired=374573 resources=694714 matched=10282, costing 10181 ns/frame || #0 2560x1440 rtv=0 rp=0 bar=6857(0x800->0xC0) | #6 2560x1440 rtv=0 rp=0 bar=3425(0xC0->0x8) | || HOW TO READ IT. via TABLE=0 while via get_resource_from_view is non-zero: the table was the whole bug and R76 through R81 were spent on a cache we never needed. BeginRenderPass fired while OMSetRenderTargets did not: this engine uses render passes and we were subscribed to the wrong event. Barrier matched with a per-frame count near the frame count: use THAT permanently - it needs no view, no table and no binding-path assumption, and 0x4->0xC0 (render_target -> shader_resource) is the moment AFTER the pass wrote, which is the correct moment to copy and is one the bind events cannot offer. NOTE THE STALENESS R78 DID NOT STATE: both bind events fire BEFORE the pass runs, so a copy taken there carries the PREVIOUS frame's vectors. All three silent with candidates present is the only reading that makes optical flow or NGX hooking the honest next step. Two of the barriers per frame on the published source are OURS.
23:45:18:504 [ 1584] | INFO  | [MGPU Bridge] [MGPU][R63] DEPTH TRANSPORT f=1501 mode=1 (TRANSPORTED AND BOUND) | producer: valid=1504 invalid=0 size-rejected=0, arm held 253 frame(s) | consumer: seals seen valid=1492 invalid=0 contract mismatches=0 | region 2560x1440 fmt=41 pitch=10240 bytes=14745600 at slot offset 14746112 of 44237312. INVALID IS NOT AN ERROR: ReShade unbinds depth in menus and scene changes, and R61 established that shipping the zeros it leaves behind would hand the model a false flat plane. An invalid frame carries the colour and says so. WHAT WOULD BE AN ERROR is contract mismatches above zero, or valid staying at zero once you are in gameplay - that means the tap is not feeding us. 100.0% of sealed frames carried depth. | GPU 1: unpacked=1488 bound=1463 skipped=0, DepthInverted=1, flag disagreements=0 (the seal crossed the adapter and the slot flag did not, so any disagreement between them is real). BOUND vs SKIPPED IS THE R61 TEST: skipped counts frames where ReShade had no depth and the model was given NONE rather than the previous frame's - open a menu mid-stream and this must move.
23:45:18:505 [ 1584] | INFO  | [MGPU Bridge] [MGPU][R78] MVEC TRANSPORT f=1501 mode=3 REAL | producer: copies=1480 missing=25 size-rejected=0 lock-skipped=0, arm held 1004 frame(s) | consumer: seals seen valid=1476 invalid=16 contract mismatches=0 flag disagreements=0 | region 2560x1440 fmt=34 pitch=10240 bytes=14745600 at slot offset 29491712 of 44237312 | GPU 1: unpacked=1476 bound=1455 skipped=8, scale=(2560.000, 1440.000). 98.9% of sealed frames carried vectors. COPIES IS THE ONE TO WATCH: it counts frames where the bind hook fired and a copy was recorded. If it stays at zero the probe published a handle nobody binds, and MVec never reaches the model whatever the rest of this line says. SKIPPED IS NOT AN ERROR - it counts frames with no vectors, which is what a menu looks like, and those frames are handed NONE rather than the last frame's motion.
23:45:18:505 [ 1584] | INFO  | [MGPU Bridge] [MGPU][R87] MVEC FRAME ALIGNMENT f=1501 | evaluates=1463 | elapsed 1=1439 2=19 3=2 4=1 5=0 6=0 7=2 8+=0 | worst=7 | 98.36% at 1. A motion vector describes ONE game frame; NR reprojects by whatever it is handed. When the frame NR blends against is older than one, history lands SHORT by this factor - zero error at rest, growing with speed, and no constant MVecScale can fix it. The scale is multiplied by this per evaluate. IF THIS LINE IS FLAT AT 1 AND THE ARTEFACT IS UNCHANGED, PACING IS ELIMINATED and what remains is units or sign. P4.1's skipped-frame counter predicts about 99.5% at 1, so a materially lower figure here is a desync no counter has shown us.
23:45:19:251 [ 1584] | INFO  | [MGPU Bridge] [MGPU][SEAL] new f=1525 slot=0 gap=1 lat=78.84ms pitch=10240 fmt=28 bytes=14745600 bc=0(unimplemented) OK
23:45:20:595 [ 1584] | INFO  | [MGPU Bridge] [MGPU][SEAL] new f=1586 slot=1 gap=1 lat=40.62ms pitch=10240 fmt=28 bytes=14745600 bc=0(unimplemented) OK
23:45:20:674 [ 1584] | INFO  | [MGPU Bridge] [MGPU][T5] present loop alive: frame 5400 thread id 0x630
23:45:21:457 [20812] | INFO  | [MGPU Bridge] [MGPU][P9.1] META SRC mvec lane: 7 candidate(s), 71 ns/frame over 2939 frames. R72: RANKED AND SORTED BY RTV BINDS - how often each is RENDERED INTO, which is a per-frame usage signal. srvs is kept alongside as the old created over the resource. THIS DOES NOT IDENTIFY MOTION VECTORS - nothing in ReShade says which one they are - it says whether an MVec-shaped resource is visible from a subscriber at all. An empty list with a non-zero examined count is the result that says the NGX hook has to be earned or abandoned. root-descriptor SRV pushes=0 (zero here with a non-zero SRV count above means this engine binds through descriptor TABLES and push_descriptors is blind in it - a fact about the engine, not a fault). | #0 2560x1440 R16G16_FLOAT srvs=2 RTVBINDS=0 (0.00/frame) <-DISPLAY-EXTENT | #1 1280x720 R16G16_FLOAT srvs=1 RTVBINDS=0 (0.00/frame) | #2 1280x720 R16G16_FLOAT srvs=1 RTVBINDS=0 (0.00/frame) | #3 2560x1440 R16G16_FLOAT srvs=1 RTVBINDS=0 (0.00/frame) <-DISPLAY-EXTENT | #4 2560x1440 R16G16_UNORM srvs=1 RTVBINDS=0 (0.00/frame) <-DISPLAY-EXTENT | #5 1280x720 R16G16_FLOAT srvs=1 RTVBINDS=0 (0.00/frame) | #6 2560x1440 R16G16_UNORM srvs=1 RTVBINDS=0 (0.00/frame) <-DISPLAY-EXTENT
23:45:21:458 [20812] | INFO  | [MGPU Bridge] [MGPU][R71] MVEC SIZES over ALL 7 candidate(s): 2560x1440 x4 | 1280x720 x3 | || TRANSPORT SOURCE res=0x1f0ee694100 (0 means not identified yet - it needs a display-extent candidate with render-target binds), handed to the transport 1847 times, 0 second-binds-in-a-frame skipped. || EVICTIONS: 0 resources destroyed and removed from the tables (R76 - a resolution change destroys every render target, and a stale entry is a copy from freed memory). RTV BINDS SEEN IN TOTAL: 0. THE RANK ABOVE IS NOW RENDER TARGET BINDS, NOT SRV CREATIONS. R25 ranked by SRVs created, got 6/5/3/3, and called it "a candidate, not an identification" - that flatness was the SIGNAL being wrong, not the game. An SRV creation count is a LIFETIME number; a velocity buffer is RENDERED INTO once per frame, and RTVBINDS is that. THE EXTENT TO MATCH IS THE DISPLAY EXTENT 2560x1440, not the render extent: the game's own DLSS telemetry says ColorExtentHeight=936 with MVExtentWidth=2560 MVExtentHeight=1440, so this title feeds HIGH-RESOLUTION motion vectors. A single candidate marked <-DISPLAY-EXTENT with RTVBINDS close to the frame count is the velocity buffer. RTV BINDS SEEN = 0 with candidates present means THIS EVENT did not see it, and says nothing whatever about the other two. R81 retracted the sentence that used to sit here - it named optical flow and NGX hooking as the routes left, before anyone had read the
23:45:21:458 [20812] | INFO  | [MGPU Bridge] [MGPU][R82] ACQUISITION SIGNALS - three of them, one run. || RTV VIEW TABLE: 5 of 128 entries. THAT IS THE DENOMINATOR R80 COULD NOT SEE - a bind count of zero against an empty table means nothing at all. || OMSetRenderTargets: fired=0 rtvs=0 | matched via OUR TABLE=0 | matched via get_resource_from_view=0 || BeginRenderPass: fired=0 targets=0 matched=0 || Barrier: fired=411856 resources=774188 matched=11081, costing 10761 ns/frame || #0 2560x1440 rtv=0 rp=0 bar=7389(0x800->0xC0) | #5 1280x720 rtv=0 rp=0 bar=1(0x4->0xC0) | #6 2560x1440 rtv=0 rp=0 bar=3691(0xC0->0x8) | || HOW TO READ IT. via TABLE=0 while via get_resource_from_view is non-zero: the table was the whole bug and R76 through R81 were spent on a cache we never needed. BeginRenderPass fired while OMSetRenderTargets did not: this engine uses render passes and we were subscribed to the wrong event. Barrier matched with a per-frame count near the frame count: use THAT permanently - it needs no view, no table and no binding-path assumption, and 0x4->0xC0 (render_target -> shader_resource) is the moment AFTER the pass wrote, which is the correct moment to copy and is one the bind events cannot offer. NOTE THE STALENESS R78 DID NOT STATE: both bind events fire BEFORE the pass runs, so a copy taken there carries the PREVIOUS frame's vectors. All three silent with candidates present is the only reading that makes optical flow or NGX hooking the honest next step. Two of the barriers per frame on the published source are OURS.
23:45:21:771 [ 1584] | INFO  | [MGPU Bridge] [MGPU][SEAL] new f=1647 slot=2 gap=1 lat=41.16ms pitch=10240 fmt=28 bytes=14745600 bc=0(unimplemented) OK
23:45:22:638 [20812] | INFO  | [MGPU Bridge] [MGPU][R101] CALIBRATOR mode=2 site=data-scan | slots=43 data-slots=2 modules=149 gpa-calls=227 | resolved=1 creates=1 sr-handle=known | evaluates=1908 captured=1908 | cost 2540 ns/frame | eval-copies=1908 eval-skips=0. || THE GAME'S OWN TABLE: color=0x1f0ee6913b0 depth=0x1f0ee5373f0 MVEC=0x1f0ee694100 output=0x1f0ee538900 | MVecScale 2560.0000,1440.0000 | jitter 0.1335,0.0835 | Reset=0 | CreateFlags=0x4b -> DepthInverted=1 MVLowRes=1 MVJittered=0 IsHDR=1 AutoExposure=1 | quality=5 | render 2560x1440 -> display 2560x1440 | dynamic 2534x1426..2560x1440 | subrect 2560x1440 at color(0,0) depth(0,0) MV(0,0) out(0,0) | have=0x1fff. || HOW TO READ IT. resolved=0 with evaluates=0 means no module asked for the entry point after we installed - either the title does not use DLSS, or it resolved before the addon loaded; the barrier path is untouched either way and is still what drives. sr-handle=UNFILTERED means we were not present for CreateFeature, so the table may be from frame generation rather than super sampling - check that render/display extents look like a supersampling pair before trusting it. MVEC here is the GAME'S answer to the question every round from R70 to R100 tried to infer; if it does not equal the handle the barrier probe armed on Dragon Sword, the probe was wrong on a title we believed, and THAT is the finding. have=0 bits name the keys this producer does not populate - Streamline and the raw SDK do not set the same subset, and the difference is a fact about the route, not a bug. MVLowRes IS DEFERRED OPTION 11 ANSWERED: 1 means the game's motion vectors are at RENDER resolution, 0 means display resolution, and we have been inferring that from buffer sizes since R83. Read it together with MVecScale - a low-res field with a display-sized scale is the shape that makes reprojection look almost right.
23:45:22:939 [ 1584] | INFO  | [MGPU Bridge] [MGPU][SEAL] new f=1708 slot=3 gap=1 lat=41.32ms pitch=10240 fmt=28 bytes=14745600 bc=0(unimplemented) OK
23:45:24:100 [ 1584] | INFO  | [MGPU Bridge] [MGPU][SEAL] new f=1769 slot=4 gap=1 lat=67.95ms pitch=10240 fmt=28 bytes=14745600 bc=0(unimplemented) OK
23:45:24:476 [20812] | INFO  | [MGPU Bridge] [MGPU][P9.1] META SRC mvec lane: 7 candidate(s), 69 ns/frame over 3095 frames. R72: RANKED AND SORTED BY RTV BINDS - how often each is RENDERED INTO, which is a per-frame usage signal. srvs is kept alongside as the old created over the resource. THIS DOES NOT IDENTIFY MOTION VECTORS - nothing in ReShade says which one they are - it says whether an MVec-shaped resource is visible from a subscriber at all. An empty list with a non-zero examined count is the result that says the NGX hook has to be earned or abandoned. root-descriptor SRV pushes=0 (zero here with a non-zero SRV count above means this engine binds through descriptor TABLES and push_descriptors is blind in it - a fact about the engine, not a fault). | #0 2560x1440 R16G16_FLOAT srvs=2 RTVBINDS=0 (0.00/frame) <-DISPLAY-EXTENT | #1 1280x720 R16G16_FLOAT srvs=1 RTVBINDS=0 (0.00/frame) | #2 1280x720 R16G16_FLOAT srvs=1 RTVBINDS=0 (0.00/frame) | #3 2560x1440 R16G16_FLOAT srvs=1 RTVBINDS=0 (0.00/frame) <-DISPLAY-EXTENT | #4 2560x1440 R16G16_UNORM srvs=1 RTVBINDS=0 (0.00/frame) <-DISPLAY-EXTENT | #5 1280x720 R16G16_FLOAT srvs=1 RTVBINDS=0 (0.00/frame) | #6 2560x1440 R16G16_UNORM srvs=1 RTVBINDS=0 (0.00/frame) <-DISPLAY-EXTENT
23:45:24:477 [20812] | INFO  | [MGPU Bridge] [MGPU][R71] MVEC SIZES over ALL 7 candidate(s): 2560x1440 x4 | 1280x720 x3 | || TRANSPORT SOURCE res=0x1f0ee694100 (0 means not identified yet - it needs a display-extent candidate with render-target binds), handed to the transport 2003 times, 0 second-binds-in-a-frame skipped. || EVICTIONS: 0 resources destroyed and removed from the tables (R76 - a resolution change destroys every render target, and a stale entry is a copy from freed memory). RTV BINDS SEEN IN TOTAL: 0. THE RANK ABOVE IS NOW RENDER TARGET BINDS, NOT SRV CREATIONS. R25 ranked by SRVs created, got 6/5/3/3, and called it "a candidate, not an identification" - that flatness was the SIGNAL being wrong, not the game. An SRV creation count is a LIFETIME number; a velocity buffer is RENDERED INTO once per frame, and RTVBINDS is that. THE EXTENT TO MATCH IS THE DISPLAY EXTENT 2560x1440, not the render extent: the game's own DLSS telemetry says ColorExtentHeight=936 with MVExtentWidth=2560 MVExtentHeight=1440, so this title feeds HIGH-RESOLUTION motion vectors. A single candidate marked <-DISPLAY-EXTENT with RTVBINDS close to the frame count is the velocity buffer. RTV BINDS SEEN = 0 with candidates present means THIS EVENT did not see it, and says nothing whatever about the other two. R81 retracted the sentence that used to sit here - it named optical flow and NGX hooking as the routes left, before anyone had read the
23:45:24:477 [20812] | INFO  | [MGPU Bridge] [MGPU][R82] ACQUISITION SIGNALS - three of them, one run. || RTV VIEW TABLE: 5 of 128 entries. THAT IS THE DENOMINATOR R80 COULD NOT SEE - a bind count of zero against an empty table means nothing at all. || OMSetRenderTargets: fired=0 rtvs=0 | matched via OUR TABLE=0 | matched via get_resource_from_view=0 || BeginRenderPass: fired=0 targets=0 matched=0 || Barrier: fired=451592 resources=867111 matched=12017, costing 11168 ns/frame || #0 2560x1440 rtv=0 rp=0 bar=8013(0x800->0xC0) | #5 1280x720 rtv=0 rp=0 bar=1(0x4->0xC0) | #6 2560x1440 rtv=0 rp=0 bar=4003(0xC0->0x8) | || HOW TO READ IT. via TABLE=0 while via get_resource_from_view is non-zero: the table was the whole bug and R76 through R81 were spent on a cache we never needed. BeginRenderPass fired while OMSetRenderTargets did not: this engine uses render passes and we were subscribed to the wrong event. Barrier matched with a per-frame count near the frame count: use THAT permanently - it needs no view, no table and no binding-path assumption, and 0x4->0xC0 (render_target -> shader_resource) is the moment AFTER the pass wrote, which is the correct moment to copy and is one the bind events cannot offer. NOTE THE STALENESS R78 DID NOT STATE: both bind events fire BEFORE the pass runs, so a copy taken there carries the PREVIOUS frame's vectors. All three silent with candidates present is the only reading that makes optical flow or NGX hooking the honest next step. Two of the barriers per frame on the published source are OURS.
23:45:24:765 [ 1584] | INFO  | [MGPU Bridge] [MGPU][R63] DEPTH TRANSPORT f=1801 mode=1 (TRANSPORTED AND BOUND) | producer: valid=1803 invalid=0 size-rejected=0, arm held 253 frame(s) | consumer: seals seen valid=1792 invalid=0 contract mismatches=0 | region 2560x1440 fmt=41 pitch=10240 bytes=14745600 at slot offset 14746112 of 44237312. INVALID IS NOT AN ERROR: ReShade unbinds depth in menus and scene changes, and R61 established that shipping the zeros it leaves behind would hand the model a false flat plane. An invalid frame carries the colour and says so. WHAT WOULD BE AN ERROR is contract mismatches above zero, or valid staying at zero once you are in gameplay - that means the tap is not feeding us. 100.0% of sealed frames carried depth. | GPU 1: unpacked=1788 bound=1758 skipped=0, DepthInverted=1, flag disagreements=0 (the seal crossed the adapter and the slot flag did not, so any disagreement between them is real). BOUND vs SKIPPED IS THE R61 TEST: skipped counts frames where ReShade had no depth and the model was given NONE rather than the previous frame's - open a menu mid-stream and this must move.
23:45:24:765 [ 1584] | INFO  | [MGPU Bridge] [MGPU][R78] MVEC TRANSPORT f=1801 mode=3 REAL | producer: copies=1778 missing=25 size-rejected=0 lock-skipped=0, arm held 1004 frame(s) | consumer: seals seen valid=1776 invalid=16 contract mismatches=0 flag disagreements=0 | region 2560x1440 fmt=34 pitch=10240 bytes=14745600 at slot offset 29491712 of 44237312 | GPU 1: unpacked=1776 bound=1750 skipped=8, scale=(2560.000, 1440.000). 99.1% of sealed frames carried vectors. COPIES IS THE ONE TO WATCH: it counts frames where the bind hook fired and a copy was recorded. If it stays at zero the probe published a handle nobody binds, and MVec never reaches the model whatever the rest of this line says. SKIPPED IS NOT AN ERROR - it counts frames with no vectors, which is what a menu looks like, and those frames are handed NONE rather than the last frame's motion.
23:45:24:765 [ 1584] | INFO  | [MGPU Bridge] [MGPU][R87] MVEC FRAME ALIGNMENT f=1801 | evaluates=1758 | elapsed 1=1729 2=24 3=2 4=1 5=0 6=0 7=2 8+=0 | worst=7 | 98.35% at 1. A motion vector describes ONE game frame; NR reprojects by whatever it is handed. When the frame NR blends against is older than one, history lands SHORT by this factor - zero error at rest, growing with speed, and no constant MVecScale can fix it. The scale is multiplied by this per evaluate. IF THIS LINE IS FLAT AT 1 AND THE ARTEFACT IS UNCHANGED, PACING IS ELIMINATED and what remains is units or sign. P4.1's skipped-frame counter predicts about 99.5% at 1, so a materially lower figure here is a desync no counter has shown us.
23:45:25:338 [ 1584] | INFO  | [MGPU Bridge] [MGPU][SEAL] new f=1830 slot=5 gap=1 lat=41.35ms pitch=10240 fmt=28 bytes=14745600 bc=0(unimplemented) OK
23:45:26:525 [ 1584] | INFO  | [MGPU Bridge] [MGPU][SEAL] new f=1891 slot=0 gap=1 lat=42.66ms pitch=10240 fmt=28 bytes=14745600 bc=0(unimplemented) OK
23:45:27:495 [20812] | INFO  | [MGPU Bridge] [MGPU][P9.1] META SRC mvec lane: 7 candidate(s), 66 ns/frame over 3250 frames. R72: RANKED AND SORTED BY RTV BINDS - how often each is RENDERED INTO, which is a per-frame usage signal. srvs is kept alongside as the old created over the resource. THIS DOES NOT IDENTIFY MOTION VECTORS - nothing in ReShade says which one they are - it says whether an MVec-shaped resource is visible from a subscriber at all. An empty list with a non-zero examined count is the result that says the NGX hook has to be earned or abandoned. root-descriptor SRV pushes=0 (zero here with a non-zero SRV count above means this engine binds through descriptor TABLES and push_descriptors is blind in it - a fact about the engine, not a fault). | #0 2560x1440 R16G16_FLOAT srvs=2 RTVBINDS=0 (0.00/frame) <-DISPLAY-EXTENT | #1 1280x720 R16G16_FLOAT srvs=1 RTVBINDS=0 (0.00/frame) | #2 1280x720 R16G16_FLOAT srvs=1 RTVBINDS=0 (0.00/frame) | #3 2560x1440 R16G16_FLOAT srvs=1 RTVBINDS=0 (0.00/frame) <-DISPLAY-EXTENT | #4 2560x1440 R16G16_UNORM srvs=1 RTVBINDS=0 (0.00/frame) <-DISPLAY-EXTENT | #5 1280x720 R16G16_FLOAT srvs=1 RTVBINDS=0 (0.00/frame) | #6 2560x1440 R16G16_UNORM srvs=1 RTVBINDS=0 (0.00/frame) <-DISPLAY-EXTENT
23:45:27:496 [20812] | INFO  | [MGPU Bridge] [MGPU][R71] MVEC SIZES over ALL 7 candidate(s): 2560x1440 x4 | 1280x720 x3 | || TRANSPORT SOURCE res=0x1f0ee694100 (0 means not identified yet - it needs a display-extent candidate with render-target binds), handed to the transport 2158 times, 0 second-binds-in-a-frame skipped. || EVICTIONS: 0 resources destroyed and removed from the tables (R76 - a resolution change destroys every render target, and a stale entry is a copy from freed memory). RTV BINDS SEEN IN TOTAL: 0. THE RANK ABOVE IS NOW RENDER TARGET BINDS, NOT SRV CREATIONS. R25 ranked by SRVs created, got 6/5/3/3, and called it "a candidate, not an identification" - that flatness was the SIGNAL being wrong, not the game. An SRV creation count is a LIFETIME number; a velocity buffer is RENDERED INTO once per frame, and RTVBINDS is that. THE EXTENT TO MATCH IS THE DISPLAY EXTENT 2560x1440, not the render extent: the game's own DLSS telemetry says ColorExtentHeight=936 with MVExtentWidth=2560 MVExtentHeight=1440, so this title feeds HIGH-RESOLUTION motion vectors. A single candidate marked <-DISPLAY-EXTENT with RTVBINDS close to the frame count is the velocity buffer. RTV BINDS SEEN = 0 with candidates present means THIS EVENT did not see it, and says nothing whatever about the other two. R81 retracted the sentence that used to sit here - it named optical flow and NGX hooking as the routes left, before anyone had read the
23:45:27:496 [20812] | INFO  | [MGPU Bridge] [MGPU][R82] ACQUISITION SIGNALS - three of them, one run. || RTV VIEW TABLE: 5 of 128 entries. THAT IS THE DENOMINATOR R80 COULD NOT SEE - a bind count of zero against an empty table means nothing at all. || OMSetRenderTargets: fired=0 rtvs=0 | matched via OUR TABLE=0 | matched via get_resource_from_view=0 || BeginRenderPass: fired=0 targets=0 matched=0 || Barrier: fired=490029 resources=958406 matched=12947, costing 11505 ns/frame || #0 2560x1440 rtv=0 rp=0 bar=8633(0x800->0xC0) | #5 1280x720 rtv=0 rp=0 bar=1(0x4->0xC0) | #6 2560x1440 rtv=0 rp=0 bar=4313(0xC0->0x8) | || HOW TO READ IT. via TABLE=0 while via get_resource_from_view is non-zero: the table was the whole bug and R76 through R81 were spent on a cache we never needed. BeginRenderPass fired while OMSetRenderTargets did not: this engine uses render passes and we were subscribed to the wrong event. Barrier matched with a per-frame count near the frame count: use THAT permanently - it needs no view, no table and no binding-path assumption, and 0x4->0xC0 (render_target -> shader_resource) is the moment AFTER the pass wrote, which is the correct moment to copy and is one the bind events cannot offer. NOTE THE STALENESS R78 DID NOT STATE: both bind events fire BEFORE the pass runs, so a copy taken there carries the PREVIOUS frame's vectors. All three silent with candidates present is the only reading that makes optical flow or NGX hooking the honest next step. Two of the barriers per frame on the published source are OURS.
23:45:27:691 [ 1584] | INFO  | [MGPU Bridge] [MGPU][SEAL] new f=1952 slot=1 gap=1 lat=41.51ms pitch=10240 fmt=28 bytes=14745600 bc=0(unimplemented) OK
23:45:28:458 [20812] | INFO  | [MGPU Bridge] [MGPU][R101] CALIBRATOR mode=2 site=data-scan | slots=43 data-slots=2 modules=149 gpa-calls=227 | resolved=1 creates=1 sr-handle=known | evaluates=2208 captured=2208 | cost 2676 ns/frame | eval-copies=2208 eval-skips=0. || THE GAME'S OWN TABLE: color=0x1f0ee6913b0 depth=0x1f0ee5373f0 MVEC=0x1f0ee694100 output=0x1f0ee538900 | MVecScale 2560.0000,1440.0000 | jitter 0.3481,0.0105 | Reset=0 | CreateFlags=0x4b -> DepthInverted=1 MVLowRes=1 MVJittered=0 IsHDR=1 AutoExposure=1 | quality=5 | render 2560x1440 -> display 2560x1440 | dynamic 2534x1426..2560x1440 | subrect 2560x1440 at color(0,0) depth(0,0) MV(0,0) out(0,0) | have=0x1fff. || HOW TO READ IT. resolved=0 with evaluates=0 means no module asked for the entry point after we installed - either the title does not use DLSS, or it resolved before the addon loaded; the barrier path is untouched either way and is still what drives. sr-handle=UNFILTERED means we were not present for CreateFeature, so the table may be from frame generation rather than super sampling - check that render/display extents look like a supersampling pair before trusting it. MVEC here is the GAME'S answer to the question every round from R70 to R100 tried to infer; if it does not equal the handle the barrier probe armed on Dragon Sword, the probe was wrong on a title we believed, and THAT is the finding. have=0 bits name the keys this producer does not populate - Streamline and the raw SDK do not set the same subset, and the difference is a fact about the route, not a bug. MVLowRes IS DEFERRED OPTION 11 ANSWERED: 1 means the game's motion vectors are at RENDER resolution, 0 means display resolution, and we have been inferring that from buffer sizes since R83. Read it together with MVecScale - a low-res field with a display-sized scale is the shape that makes reprojection look almost right.
23:45:28:863 [ 1584] | INFO  | [MGPU Bridge] [MGPU][SEAL] new f=2013 slot=2 gap=1 lat=41.78ms pitch=10240 fmt=28 bytes=14745600 bc=0(unimplemented) OK
23:45:30:030 [ 1584] | INFO  | [MGPU Bridge] [MGPU][SEAL] new f=2074 slot=3 gap=1 lat=43.32ms pitch=10240 fmt=28 bytes=14745600 bc=0(unimplemented) OK
23:45:30:503 [20812] | INFO  | [MGPU Bridge] [MGPU][P9.1] META SRC mvec lane: 7 candidate(s), 63 ns/frame over 3407 frames. R72: RANKED AND SORTED BY RTV BINDS - how often each is RENDERED INTO, which is a per-frame usage signal. srvs is kept alongside as the old created over the resource. THIS DOES NOT IDENTIFY MOTION VECTORS - nothing in ReShade says which one they are - it says whether an MVec-shaped resource is visible from a subscriber at all. An empty list with a non-zero examined count is the result that says the NGX hook has to be earned or abandoned. root-descriptor SRV pushes=0 (zero here with a non-zero SRV count above means this engine binds through descriptor TABLES and push_descriptors is blind in it - a fact about the engine, not a fault). | #0 2560x1440 R16G16_FLOAT srvs=2 RTVBINDS=0 (0.00/frame) <-DISPLAY-EXTENT | #1 1280x720 R16G16_FLOAT srvs=1 RTVBINDS=0 (0.00/frame) | #2 1280x720 R16G16_FLOAT srvs=1 RTVBINDS=0 (0.00/frame) | #3 2560x1440 R16G16_FLOAT srvs=1 RTVBINDS=0 (0.00/frame) <-DISPLAY-EXTENT | #4 2560x1440 R16G16_UNORM srvs=1 RTVBINDS=0 (0.00/frame) <-DISPLAY-EXTENT | #5 1280x720 R16G16_FLOAT srvs=1 RTVBINDS=0 (0.00/frame) | #6 2560x1440 R16G16_UNORM srvs=1 RTVBINDS=0 (0.00/frame) <-DISPLAY-EXTENT
23:45:30:503 [20812] | INFO  | [MGPU Bridge] [MGPU][R71] MVEC SIZES over ALL 7 candidate(s): 2560x1440 x4 | 1280x720 x3 | || TRANSPORT SOURCE res=0x1f0ee694100 (0 means not identified yet - it needs a display-extent candidate with render-target binds), handed to the transport 2315 times, 0 second-binds-in-a-frame skipped. || EVICTIONS: 0 resources destroyed and removed from the tables (R76 - a resolution change destroys every render target, and a stale entry is a copy from freed memory). RTV BINDS SEEN IN TOTAL: 0. THE RANK ABOVE IS NOW RENDER TARGET BINDS, NOT SRV CREATIONS. R25 ranked by SRVs created, got 6/5/3/3, and called it "a candidate, not an identification" - that flatness was the SIGNAL being wrong, not the game. An SRV creation count is a LIFETIME number; a velocity buffer is RENDERED INTO once per frame, and RTVBINDS is that. THE EXTENT TO MATCH IS THE DISPLAY EXTENT 2560x1440, not the render extent: the game's own DLSS telemetry says ColorExtentHeight=936 with MVExtentWidth=2560 MVExtentHeight=1440, so this title feeds HIGH-RESOLUTION motion vectors. A single candidate marked <-DISPLAY-EXTENT with RTVBINDS close to the frame count is the velocity buffer. RTV BINDS SEEN = 0 with candidates present means THIS EVENT did not see it, and says nothing whatever about the other two. R81 retracted the sentence that used to sit here - it named optical flow and NGX hooking as the routes left, before anyone had read the
23:45:30:503 [20812] | INFO  | [MGPU Bridge] [MGPU][R82] ACQUISITION SIGNALS - three of them, one run. || RTV VIEW TABLE: 5 of 128 entries. THAT IS THE DENOMINATOR R80 COULD NOT SEE - a bind count of zero against an empty table means nothing at all. || OMSetRenderTargets: fired=0 rtvs=0 | matched via OUR TABLE=0 | matched via get_resource_from_view=0 || BeginRenderPass: fired=0 targets=0 matched=0 || Barrier: fired=528971 resources=1050885 matched=13889, costing 11828 ns/frame || #0 2560x1440 rtv=0 rp=0 bar=9261(0x800->0xC0) | #5 1280x720 rtv=0 rp=0 bar=1(0x4->0xC0) | #6 2560x1440 rtv=0 rp=0 bar=4627(0xC0->0x8) | || HOW TO READ IT. via TABLE=0 while via get_resource_from_view is non-zero: the table was the whole bug and R76 through R81 were spent on a cache we never needed. BeginRenderPass fired while OMSetRenderTargets did not: this engine uses render passes and we were subscribed to the wrong event. Barrier matched with a per-frame count near the frame count: use THAT permanently - it needs no view, no table and no binding-path assumption, and 0x4->0xC0 (render_target -> shader_resource) is the moment AFTER the pass wrote, which is the correct moment to copy and is one the bind events cannot offer. NOTE THE STALENESS R78 DID NOT STATE: both bind events fire BEFORE the pass runs, so a copy taken there carries the PREVIOUS frame's vectors. All three silent with candidates present is the only reading that makes optical flow or NGX hooking the honest next step. Two of the barriers per frame on the published source are OURS.
23:45:30:545 [ 1584] | INFO  | [MGPU Bridge] [MGPU][R63] DEPTH TRANSPORT f=2101 mode=1 (TRANSPORTED AND BOUND) | producer: valid=2103 invalid=0 size-rejected=0, arm held 253 frame(s) | consumer: seals seen valid=2092 invalid=0 contract mismatches=0 | region 2560x1440 fmt=41 pitch=10240 bytes=14745600 at slot offset 14746112 of 44237312. INVALID IS NOT AN ERROR: ReShade unbinds depth in menus and scene changes, and R61 established that shipping the zeros it leaves behind would hand the model a false flat plane. An invalid frame carries the colour and says so. WHAT WOULD BE AN ERROR is contract mismatches above zero, or valid staying at zero once you are in gameplay - that means the tap is not feeding us. 100.0% of sealed frames carried depth. | GPU 1: unpacked=2088 bound=2058 skipped=0, DepthInverted=1, flag disagreements=0 (the seal crossed the adapter and the slot flag did not, so any disagreement between them is real). BOUND vs SKIPPED IS THE R61 TEST: skipped counts frames where ReShade had no depth and the model was given NONE rather than the previous frame's - open a menu mid-stream and this must move.
23:45:30:545 [ 1584] | INFO  | [MGPU Bridge] [MGPU][R78] MVEC TRANSPORT f=2101 mode=3 REAL | producer: copies=2078 missing=25 size-rejected=0 lock-skipped=0, arm held 1004 frame(s) | consumer: seals seen valid=2076 invalid=16 contract mismatches=0 flag disagreements=0 | region 2560x1440 fmt=34 pitch=10240 bytes=14745600 at slot offset 29491712 of 44237312 | GPU 1: unpacked=2076 bound=2050 skipped=8, scale=(2560.000, 1440.000). 99.2% of sealed frames carried vectors. COPIES IS THE ONE TO WATCH: it counts frames where the bind hook fired and a copy was recorded. If it stays at zero the probe published a handle nobody binds, and MVec never reaches the model whatever the rest of this line says. SKIPPED IS NOT AN ERROR - it counts frames with no vectors, which is what a menu looks like, and those frames are handed NONE rather than the last frame's motion.
23:45:30:545 [ 1584] | INFO  | [MGPU Bridge] [MGPU][R87] MVEC FRAME ALIGNMENT f=2101 | evaluates=2058 | elapsed 1=2029 2=24 3=2 4=1 5=0 6=0 7=2 8+=0 | worst=7 | 98.59% at 1. A motion vector describes ONE game frame; NR reprojects by whatever it is handed. When the frame NR blends against is older than one, history lands SHORT by this factor - zero error at rest, growing with speed, and no constant MVecScale can fix it. The scale is multiplied by this per evaluate. IF THIS LINE IS FLAT AT 1 AND THE ARTEFACT IS UNCHANGED, PACING IS ELIMINATED and what remains is units or sign. P4.1's skipped-frame counter predicts about 99.5% at 1, so a materially lower figure here is a desync no counter has shown us.
23:45:31:207 [ 1584] | INFO  | [MGPU Bridge] [MGPU][SEAL] new f=2135 slot=4 gap=1 lat=45.48ms pitch=10240 fmt=28 bytes=14745600 bc=0(unimplemented) OK
23:45:32:289 [ 1584] | INFO  | [MGPU Bridge] [MGPU][T5] present loop alive: frame 6000 thread id 0x630
23:45:32:398 [ 1584] | INFO  | [MGPU Bridge] [MGPU][SEAL] new f=2196 slot=5 gap=1 lat=43.52ms pitch=10240 fmt=28 bytes=14745600 bc=0(unimplemented) OK
23:45:33:518 [20812] | INFO  | [MGPU Bridge] [MGPU][P9.1] META SRC mvec lane: 7 candidate(s), 68 ns/frame over 3563 frames. R72: RANKED AND SORTED BY RTV BINDS - how often each is RENDERED INTO, which is a per-frame usage signal. srvs is kept alongside as the old created over the resource. THIS DOES NOT IDENTIFY MOTION VECTORS - nothing in ReShade says which one they are - it says whether an MVec-shaped resource is visible from a subscriber at all. An empty list with a non-zero examined count is the result that says the NGX hook has to be earned or abandoned. root-descriptor SRV pushes=0 (zero here with a non-zero SRV count above means this engine binds through descriptor TABLES and push_descriptors is blind in it - a fact about the engine, not a fault). | #0 2560x1440 R16G16_FLOAT srvs=2 RTVBINDS=0 (0.00/frame) <-DISPLAY-EXTENT | #1 1280x720 R16G16_FLOAT srvs=1 RTVBINDS=0 (0.00/frame) | #2 1280x720 R16G16_FLOAT srvs=1 RTVBINDS=0 (0.00/frame) | #3 2560x1440 R16G16_FLOAT srvs=1 RTVBINDS=0 (0.00/frame) <-DISPLAY-EXTENT | #4 2560x1440 R16G16_UNORM srvs=1 RTVBINDS=0 (0.00/frame) <-DISPLAY-EXTENT | #5 1280x720 R16G16_FLOAT srvs=1 RTVBINDS=0 (0.00/frame) | #6 2560x1440 R16G16_UNORM srvs=1 RTVBINDS=0 (0.00/frame) <-DISPLAY-EXTENT
23:45:33:519 [20812] | INFO  | [MGPU Bridge] [MGPU][R71] MVEC SIZES over ALL 7 candidate(s): 2560x1440 x4 | 1280x720 x3 | || TRANSPORT SOURCE res=0x1f0ee694100 (0 means not identified yet - it needs a display-extent candidate with render-target binds), handed to the transport 2471 times, 0 second-binds-in-a-frame skipped. || EVICTIONS: 0 resources destroyed and removed from the tables (R76 - a resolution change destroys every render target, and a stale entry is a copy from freed memory). RTV BINDS SEEN IN TOTAL: 0. THE RANK ABOVE IS NOW RENDER TARGET BINDS, NOT SRV CREATIONS. R25 ranked by SRVs created, got 6/5/3/3, and called it "a candidate, not an identification" - that flatness was the SIGNAL being wrong, not the game. An SRV creation count is a LIFETIME number; a velocity buffer is RENDERED INTO once per frame, and RTVBINDS is that. THE EXTENT TO MATCH IS THE DISPLAY EXTENT 2560x1440, not the render extent: the game's own DLSS telemetry says ColorExtentHeight=936 with MVExtentWidth=2560 MVExtentHeight=1440, so this title feeds HIGH-RESOLUTION motion vectors. A single candidate marked <-DISPLAY-EXTENT with RTVBINDS close to the frame count is the velocity buffer. RTV BINDS SEEN = 0 with candidates present means THIS EVENT did not see it, and says nothing whatever about the other two. R81 retracted the sentence that used to sit here - it named optical flow and NGX hooking as the routes left, before anyone had read the
23:45:33:519 [20812] | INFO  | [MGPU Bridge] [MGPU][R82] ACQUISITION SIGNALS - three of them, one run. || RTV VIEW TABLE: 5 of 128 entries. THAT IS THE DENOMINATOR R80 COULD NOT SEE - a bind count of zero against an empty table means nothing at all. || OMSetRenderTargets: fired=0 rtvs=0 | matched via OUR TABLE=0 | matched via get_resource_from_view=0 || BeginRenderPass: fired=0 targets=0 matched=0 || Barrier: fired=570427 resources=1145268 matched=14825, costing 12155 ns/frame || #0 2560x1440 rtv=0 rp=0 bar=9885(0x800->0xC0) | #5 1280x720 rtv=0 rp=0 bar=1(0x4->0xC0) | #6 2560x1440 rtv=0 rp=0 bar=4939(0xC0->0x8) | || HOW TO READ IT. via TABLE=0 while via get_resource_from_view is non-zero: the table was the whole bug and R76 through R81 were spent on a cache we never needed. BeginRenderPass fired while OMSetRenderTargets did not: this engine uses render passes and we were subscribed to the wrong event. Barrier matched with a per-frame count near the frame count: use THAT permanently - it needs no view, no table and no binding-path assumption, and 0x4->0xC0 (render_target -> shader_resource) is the moment AFTER the pass wrote, which is the correct moment to copy and is one the bind events cannot offer. NOTE THE STALENESS R78 DID NOT STATE: both bind events fire BEFORE the pass runs, so a copy taken there carries the PREVIOUS frame's vectors. All three silent with candidates present is the only reading that makes optical flow or NGX hooking the honest next step. Two of the barriers per frame on the published source are OURS.
23:45:33:556 [ 1584] | INFO  | [MGPU Bridge] [MGPU][SEAL] new f=2257 slot=0 gap=1 lat=37.28ms pitch=10240 fmt=28 bytes=14745600 bc=0(unimplemented) OK
23:45:34:132 [20812] | INFO  | [MGPU Bridge] [MGPU][R101] CALIBRATOR mode=2 site=data-scan | slots=43 data-slots=2 modules=149 gpa-calls=227 | resolved=1 creates=1 sr-handle=known | evaluates=2508 captured=2508 | cost 2831 ns/frame | eval-copies=2508 eval-skips=0. || THE GAME'S OWN TABLE: color=0x1f0ee6913b0 depth=0x1f0ee5373f0 MVEC=0x1f0ee694100 output=0x1f0ee538900 | MVecScale 2560.0000,1440.0000 | jitter -0.0616,-0.1229 | Reset=0 | CreateFlags=0x4b -> DepthInverted=1 MVLowRes=1 MVJittered=0 IsHDR=1 AutoExposure=1 | quality=5 | render 2560x1440 -> display 2560x1440 | dynamic 2534x1426..2560x1440 | subrect 2560x1440 at color(0,0) depth(0,0) MV(0,0) out(0,0) | have=0x1fff. || HOW TO READ IT. resolved=0 with evaluates=0 means no module asked for the entry point after we installed - either the title does not use DLSS, or it resolved before the addon loaded; the barrier path is untouched either way and is still what drives. sr-handle=UNFILTERED means we were not present for CreateFeature, so the table may be from frame generation rather than super sampling - check that render/display extents look like a supersampling pair before trusting it. MVEC here is the GAME'S answer to the question every round from R70 to R100 tried to infer; if it does not equal the handle the barrier probe armed on Dragon Sword, the probe was wrong on a title we believed, and THAT is the finding. have=0 bits name the keys this producer does not populate - Streamline and the raw SDK do not set the same subset, and the difference is a fact about the route, not a bug. MVLowRes IS DEFERRED OPTION 11 ANSWERED: 1 means the game's motion vectors are at RENDER resolution, 0 means display resolution, and we have been inferring that from buffer sizes since R83. Read it together with MVecScale - a low-res field with a display-sized scale is the shape that makes reprojection look almost right.
23:45:34:565 [ 1584] | INFO  | [MGPU Bridge] [MGPU][SEAL] new f=2318 slot=1 gap=1 lat=37.20ms pitch=10240 fmt=28 bytes=14745600 bc=0(unimplemented) OK
23:45:35:575 [ 1584] | INFO  | [MGPU Bridge] [MGPU][SEAL] new f=2379 slot=2 gap=1 lat=42.25ms pitch=10240 fmt=28 bytes=14745600 bc=0(unimplemented) OK
23:45:35:982 [ 1584] | INFO  | [MGPU Bridge] [MGPU][R63] DEPTH TRANSPORT f=2401 mode=1 (TRANSPORTED AND BOUND) | producer: valid=2403 invalid=0 size-rejected=0, arm held 253 frame(s) | consumer: seals seen valid=2392 invalid=0 contract mismatches=0 | region 2560x1440 fmt=41 pitch=10240 bytes=14745600 at slot offset 14746112 of 44237312. INVALID IS NOT AN ERROR: ReShade unbinds depth in menus and scene changes, and R61 established that shipping the zeros it leaves behind would hand the model a false flat plane. An invalid frame carries the colour and says so. WHAT WOULD BE AN ERROR is contract mismatches above zero, or valid staying at zero once you are in gameplay - that means the tap is not feeding us. 100.0% of sealed frames carried depth. | GPU 1: unpacked=2388 bound=2358 skipped=0, DepthInverted=1, flag disagreements=0 (the seal crossed the adapter and the slot flag did not, so any disagreement between them is real). BOUND vs SKIPPED IS THE R61 TEST: skipped counts frames where ReShade had no depth and the model was given NONE rather than the previous frame's - open a menu mid-stream and this must move.
23:45:35:983 [ 1584] | INFO  | [MGPU Bridge] [MGPU][R78] MVEC TRANSPORT f=2401 mode=3 REAL | producer: copies=2378 missing=25 size-rejected=0 lock-skipped=0, arm held 1004 frame(s) | consumer: seals seen valid=2376 invalid=16 contract mismatches=0 flag disagreements=0 | region 2560x1440 fmt=34 pitch=10240 bytes=14745600 at slot offset 29491712 of 44237312 | GPU 1: unpacked=2376 bound=2350 skipped=8, scale=(2560.000, 1440.000). 99.3% of sealed frames carried vectors. COPIES IS THE ONE TO WATCH: it counts frames where the bind hook fired and a copy was recorded. If it stays at zero the probe published a handle nobody binds, and MVec never reaches the model whatever the rest of this line says. SKIPPED IS NOT AN ERROR - it counts frames with no vectors, which is what a menu looks like, and those frames are handed NONE rather than the last frame's motion.
23:45:35:983 [ 1584] | INFO  | [MGPU Bridge] [MGPU][R87] MVEC FRAME ALIGNMENT f=2401 | evaluates=2358 | elapsed 1=2329 2=24 3=2 4=1 5=0 6=0 7=2 8+=0 | worst=7 | 98.77% at 1. A motion vector describes ONE game frame; NR reprojects by whatever it is handed. When the frame NR blends against is older than one, history lands SHORT by this factor - zero error at rest, growing with speed, and no constant MVecScale can fix it. The scale is multiplied by this per evaluate. IF THIS LINE IS FLAT AT 1 AND THE ARTEFACT IS UNCHANGED, PACING IS ELIMINATED and what remains is units or sign. P4.1's skipped-frame counter predicts about 99.5% at 1, so a materially lower figure here is a desync no counter has shown us.
23:45:36:536 [20812] | INFO  | [MGPU Bridge] [MGPU][P9.1] META SRC mvec lane: 7 candidate(s), 67 ns/frame over 3737 frames. R72: RANKED AND SORTED BY RTV BINDS - how often each is RENDERED INTO, which is a per-frame usage signal. srvs is kept alongside as the old created over the resource. THIS DOES NOT IDENTIFY MOTION VECTORS - nothing in ReShade says which one they are - it says whether an MVec-shaped resource is visible from a subscriber at all. An empty list with a non-zero examined count is the result that says the NGX hook has to be earned or abandoned. root-descriptor SRV pushes=0 (zero here with a non-zero SRV count above means this engine binds through descriptor TABLES and push_descriptors is blind in it - a fact about the engine, not a fault). | #0 2560x1440 R16G16_FLOAT srvs=2 RTVBINDS=0 (0.00/frame) <-DISPLAY-EXTENT | #1 1280x720 R16G16_FLOAT srvs=1 RTVBINDS=0 (0.00/frame) | #2 1280x720 R16G16_FLOAT srvs=1 RTVBINDS=0 (0.00/frame) | #3 2560x1440 R16G16_FLOAT srvs=1 RTVBINDS=0 (0.00/frame) <-DISPLAY-EXTENT | #4 2560x1440 R16G16_UNORM srvs=1 RTVBINDS=0 (0.00/frame) <-DISPLAY-EXTENT | #5 1280x720 R16G16_FLOAT srvs=1 RTVBINDS=0 (0.00/frame) | #6 2560x1440 R16G16_UNORM srvs=1 RTVBINDS=0 (0.00/frame) <-DISPLAY-EXTENT
23:45:36:536 [20812] | INFO  | [MGPU Bridge] [MGPU][R71] MVEC SIZES over ALL 7 candidate(s): 2560x1440 x4 | 1280x720 x3 | || TRANSPORT SOURCE res=0x1f0ee694100 (0 means not identified yet - it needs a display-extent candidate with render-target binds), handed to the transport 2645 times, 0 second-binds-in-a-frame skipped. || EVICTIONS: 0 resources destroyed and removed from the tables (R76 - a resolution change destroys every render target, and a stale entry is a copy from freed memory). RTV BINDS SEEN IN TOTAL: 0. THE RANK ABOVE IS NOW RENDER TARGET BINDS, NOT SRV CREATIONS. R25 ranked by SRVs created, got 6/5/3/3, and called it "a candidate, not an identification" - that flatness was the SIGNAL being wrong, not the game. An SRV creation count is a LIFETIME number; a velocity buffer is RENDERED INTO once per frame, and RTVBINDS is that. THE EXTENT TO MATCH IS THE DISPLAY EXTENT 2560x1440, not the render extent: the game's own DLSS telemetry says ColorExtentHeight=936 with MVExtentWidth=2560 MVExtentHeight=1440, so this title feeds HIGH-RESOLUTION motion vectors. A single candidate marked <-DISPLAY-EXTENT with RTVBINDS close to the frame count is the velocity buffer. RTV BINDS SEEN = 0 with candidates present means THIS EVENT did not see it, and says nothing whatever about the other two. R81 retracted the sentence that used to sit here - it named optical flow and NGX hooking as the routes left, before anyone had read the
23:45:36:536 [20812] | INFO  | [MGPU Bridge] [MGPU][R82] ACQUISITION SIGNALS - three of them, one run. || RTV VIEW TABLE: 5 of 128 entries. THAT IS THE DENOMINATOR R80 COULD NOT SEE - a bind count of zero against an empty table means nothing at all. || OMSetRenderTargets: fired=0 rtvs=0 | matched via OUR TABLE=0 | matched via get_resource_from_view=0 || BeginRenderPass: fired=0 targets=0 matched=0 || Barrier: fired=613508 resources=1247100 matched=15869, costing 12458 ns/frame || #0 2560x1440 rtv=0 rp=0 bar=10581(0x800->0xC0) | #5 1280x720 rtv=0 rp=0 bar=1(0x4->0xC0) | #6 2560x1440 rtv=0 rp=0 bar=5287(0xC0->0x8) | || HOW TO READ IT. via TABLE=0 while via get_resource_from_view is non-zero: the table was the whole bug and R76 through R81 were spent on a cache we never needed. BeginRenderPass fired while OMSetRenderTargets did not: this engine uses render passes and we were subscribed to the wrong event. Barrier matched with a per-frame count near the frame count: use THAT permanently - it needs no view, no table and no binding-path assumption, and 0x4->0xC0 (render_target -> shader_resource) is the moment AFTER the pass wrote, which is the correct moment to copy and is one the bind events cannot offer. NOTE THE STALENESS R78 DID NOT STATE: both bind events fire BEFORE the pass runs, so a copy taken there carries the PREVIOUS frame's vectors. All three silent with candidates present is the only reading that makes optical flow or NGX hooking the honest next step. Two of the barriers per frame on the published source are OURS.
23:45:36:759 [ 1584] | INFO  | [MGPU Bridge] [MGPU][SEAL] new f=2440 slot=3 gap=1 lat=41.29ms pitch=10240 fmt=28 bytes=14745600 bc=0(unimplemented) OK
23:45:37:925 [ 1584] | INFO  | [MGPU Bridge] [MGPU][SEAL] new f=2501 slot=4 gap=1 lat=41.38ms pitch=10240 fmt=28 bytes=14745600 bc=0(unimplemented) OK
23:45:39:003 [ 1584] | INFO  | [MGPU Bridge] [MGPU][SEAL] new f=2562 slot=5 gap=1 lat=37.74ms pitch=10240 fmt=28 bytes=14745600 bc=0(unimplemented) OK
23:45:39:492 [20812] | INFO  | [MGPU Bridge] [MGPU][R101] CALIBRATOR mode=2 site=data-scan | slots=43 data-slots=2 modules=149 gpa-calls=227 | resolved=1 creates=1 sr-handle=known | evaluates=2808 captured=2808 | cost 2935 ns/frame | eval-copies=2808 eval-skips=0. || THE GAME'S OWN TABLE: color=0x1f0ee6913b0 depth=0x1f0ee5373f0 MVEC=0x1f0ee694100 output=0x1f0ee538900 | MVecScale 2560.0000,1440.0000 | jitter 0.1530,-0.1959 | Reset=0 | CreateFlags=0x4b -> DepthInverted=1 MVLowRes=1 MVJittered=0 IsHDR=1 AutoExposure=1 | quality=5 | render 2560x1440 -> display 2560x1440 | dynamic 2534x1426..2560x1440 | subrect 2560x1440 at color(0,0) depth(0,0) MV(0,0) out(0,0) | have=0x1fff. || HOW TO READ IT. resolved=0 with evaluates=0 means no module asked for the entry point after we installed - either the title does not use DLSS, or it resolved before the addon loaded; the barrier path is untouched either way and is still what drives. sr-handle=UNFILTERED means we were not present for CreateFeature, so the table may be from frame generation rather than super sampling - check that render/display extents look like a supersampling pair before trusting it. MVEC here is the GAME'S answer to the question every round from R70 to R100 tried to infer; if it does not equal the handle the barrier probe armed on Dragon Sword, the probe was wrong on a title we believed, and THAT is the finding. have=0 bits name the keys this producer does not populate - Streamline and the raw SDK do not set the same subset, and the difference is a fact about the route, not a bug. MVLowRes IS DEFERRED OPTION 11 ANSWERED: 1 means the game's motion vectors are at RENDER resolution, 0 means display resolution, and we have been inferring that from buffer sizes since R83. Read it together with MVecScale - a low-res field with a display-sized scale is the shape that makes reprojection look almost right.
23:45:39:541 [20812] | INFO  | [MGPU Bridge] [MGPU][P9.1] META SRC mvec lane: 7 candidate(s), 66 ns/frame over 3903 frames. R72: RANKED AND SORTED BY RTV BINDS - how often each is RENDERED INTO, which is a per-frame usage signal. srvs is kept alongside as the old created over the resource. THIS DOES NOT IDENTIFY MOTION VECTORS - nothing in ReShade says which one they are - it says whether an MVec-shaped resource is visible from a subscriber at all. An empty list with a non-zero examined count is the result that says the NGX hook has to be earned or abandoned. root-descriptor SRV pushes=0 (zero here with a non-zero SRV count above means this engine binds through descriptor TABLES and push_descriptors is blind in it - a fact about the engine, not a fault). | #0 2560x1440 R16G16_FLOAT srvs=2 RTVBINDS=0 (0.00/frame) <-DISPLAY-EXTENT | #1 1280x720 R16G16_FLOAT srvs=1 RTVBINDS=0 (0.00/frame) | #2 1280x720 R16G16_FLOAT srvs=1 RTVBINDS=0 (0.00/frame) | #3 2560x1440 R16G16_FLOAT srvs=1 RTVBINDS=0 (0.00/frame) <-DISPLAY-EXTENT | #4 2560x1440 R16G16_UNORM srvs=1 RTVBINDS=0 (0.00/frame) <-DISPLAY-EXTENT | #5 1280x720 R16G16_FLOAT srvs=1 RTVBINDS=0 (0.00/frame) | #6 2560x1440 R16G16_UNORM srvs=1 RTVBINDS=0 (0.00/frame) <-DISPLAY-EXTENT
23:45:39:541 [20812] | INFO  | [MGPU Bridge] [MGPU][R71] MVEC SIZES over ALL 7 candidate(s): 2560x1440 x4 | 1280x720 x3 | || TRANSPORT SOURCE res=0x1f0ee694100 (0 means not identified yet - it needs a display-extent candidate with render-target binds), handed to the transport 2811 times, 0 second-binds-in-a-frame skipped. || EVICTIONS: 0 resources destroyed and removed from the tables (R76 - a resolution change destroys every render target, and a stale entry is a copy from freed memory). RTV BINDS SEEN IN TOTAL: 0. THE RANK ABOVE IS NOW RENDER TARGET BINDS, NOT SRV CREATIONS. R25 ranked by SRVs created, got 6/5/3/3, and called it "a candidate, not an identification" - that flatness was the SIGNAL being wrong, not the game. An SRV creation count is a LIFETIME number; a velocity buffer is RENDERED INTO once per frame, and RTVBINDS is that. THE EXTENT TO MATCH IS THE DISPLAY EXTENT 2560x1440, not the render extent: the game's own DLSS telemetry says ColorExtentHeight=936 with MVExtentWidth=2560 MVExtentHeight=1440, so this title feeds HIGH-RESOLUTION motion vectors. A single candidate marked <-DISPLAY-EXTENT with RTVBINDS close to the frame count is the velocity buffer. RTV BINDS SEEN = 0 with candidates present means THIS EVENT did not see it, and says nothing whatever about the other two. R81 retracted the sentence that used to sit here - it named optical flow and NGX hooking as the routes left, before anyone had read the
23:45:39:541 [20812] | INFO  | [MGPU Bridge] [MGPU][R82] ACQUISITION SIGNALS - three of them, one run. || RTV VIEW TABLE: 5 of 128 entries. THAT IS THE DENOMINATOR R80 COULD NOT SEE - a bind count of zero against an empty table means nothing at all. || OMSetRenderTargets: fired=0 rtvs=0 | matched via OUR TABLE=0 | matched via get_resource_from_view=0 || BeginRenderPass: fired=0 targets=0 matched=0 || Barrier: fired=654581 resources=1344149 matched=16865, costing 12713 ns/frame || #0 2560x1440 rtv=0 rp=0 bar=11245(0x800->0xC0) | #5 1280x720 rtv=0 rp=0 bar=1(0x4->0xC0) | #6 2560x1440 rtv=0 rp=0 bar=5619(0xC0->0x8) | || HOW TO READ IT. via TABLE=0 while via get_resource_from_view is non-zero: the table was the whole bug and R76 through R81 were spent on a cache we never needed. BeginRenderPass fired while OMSetRenderTargets did not: this engine uses render passes and we were subscribed to the wrong event. Barrier matched with a per-frame count near the frame count: use THAT permanently - it needs no view, no table and no binding-path assumption, and 0x4->0xC0 (render_target -> shader_resource) is the moment AFTER the pass wrote, which is the correct moment to copy and is one the bind events cannot offer. NOTE THE STALENESS R78 DID NOT STATE: both bind events fire BEFORE the pass runs, so a copy taken there carries the PREVIOUS frame's vectors. All three silent with candidates present is the only reading that makes optical flow or NGX hooking the honest next step. Two of the barriers per frame on the published source are OURS.
23:45:40:023 [ 1584] | INFO  | [MGPU Bridge] [MGPU][SEAL] new f=2623 slot=0 gap=1 lat=41.98ms pitch=10240 fmt=28 bytes=14745600 bc=0(unimplemented) OK
23:45:41:187 [ 1584] | INFO  | [MGPU Bridge] [MGPU][SEAL] new f=2684 slot=1 gap=1 lat=42.88ms pitch=10240 fmt=28 bytes=14745600 bc=0(unimplemented) OK
23:45:41:519 [ 1584] | INFO  | [MGPU Bridge] [MGPU][R63] DEPTH TRANSPORT f=2701 mode=1 (TRANSPORTED AND BOUND) | producer: valid=2703 invalid=0 size-rejected=0, arm held 253 frame(s) | consumer: seals seen valid=2692 invalid=0 contract mismatches=0 | region 2560x1440 fmt=41 pitch=10240 bytes=14745600 at slot offset 14746112 of 44237312. INVALID IS NOT AN ERROR: ReShade unbinds depth in menus and scene changes, and R61 established that shipping the zeros it leaves behind would hand the model a false flat plane. An invalid frame carries the colour and says so. WHAT WOULD BE AN ERROR is contract mismatches above zero, or valid staying at zero once you are in gameplay - that means the tap is not feeding us. 100.0% of sealed frames carried depth. | GPU 1: unpacked=2688 bound=2658 skipped=0, DepthInverted=1, flag disagreements=0 (the seal crossed the adapter and the slot flag did not, so any disagreement between them is real). BOUND vs SKIPPED IS THE R61 TEST: skipped counts frames where ReShade had no depth and the model was given NONE rather than the previous frame's - open a menu mid-stream and this must move.
23:45:41:520 [ 1584] | INFO  | [MGPU Bridge] [MGPU][R78] MVEC TRANSPORT f=2701 mode=3 REAL | producer: copies=2678 missing=25 size-rejected=0 lock-skipped=0, arm held 1004 frame(s) | consumer: seals seen valid=2676 invalid=16 contract mismatches=0 flag disagreements=0 | region 2560x1440 fmt=34 pitch=10240 bytes=14745600 at slot offset 29491712 of 44237312 | GPU 1: unpacked=2676 bound=2650 skipped=8, scale=(2560.000, 1440.000). 99.4% of sealed frames carried vectors. COPIES IS THE ONE TO WATCH: it counts frames where the bind hook fired and a copy was recorded. If it stays at zero the probe published a handle nobody binds, and MVec never reaches the model whatever the rest of this line says. SKIPPED IS NOT AN ERROR - it counts frames with no vectors, which is what a menu looks like, and those frames are handed NONE rather than the last frame's motion.
23:45:41:520 [ 1584] | INFO  | [MGPU Bridge] [MGPU][R87] MVEC FRAME ALIGNMENT f=2701 | evaluates=2658 | elapsed 1=2629 2=24 3=2 4=1 5=0 6=0 7=2 8+=0 | worst=7 | 98.91% at 1. A motion vector describes ONE game frame; NR reprojects by whatever it is handed. When the frame NR blends against is older than one, history lands SHORT by this factor - zero error at rest, growing with speed, and no constant MVecScale can fix it. The scale is multiplied by this per evaluate. IF THIS LINE IS FLAT AT 1 AND THE ARTEFACT IS UNCHANGED, PACING IS ELIMINATED and what remains is units or sign. P4.1's skipped-frame counter predicts about 99.5% at 1, so a materially lower figure here is a desync no counter has shown us.
23:45:42:328 [ 1584] | INFO  | [MGPU Bridge] [MGPU][SEAL] new f=2745 slot=2 gap=1 lat=37.75ms pitch=10240 fmt=28 bytes=14745600 bc=0(unimplemented) OK
23:45:42:549 [20812] | INFO  | [MGPU Bridge] [MGPU][P9.1] META SRC mvec lane: 7 candidate(s), 65 ns/frame over 4066 frames. R72: RANKED AND SORTED BY RTV BINDS - how often each is RENDERED INTO, which is a per-frame usage signal. srvs is kept alongside as the old created over the resource. THIS DOES NOT IDENTIFY MOTION VECTORS - nothing in ReShade says which one they are - it says whether an MVec-shaped resource is visible from a subscriber at all. An empty list with a non-zero examined count is the result that says the NGX hook has to be earned or abandoned. root-descriptor SRV pushes=0 (zero here with a non-zero SRV count above means this engine binds through descriptor TABLES and push_descriptors is blind in it - a fact about the engine, not a fault). | #0 2560x1440 R16G16_FLOAT srvs=2 RTVBINDS=0 (0.00/frame) <-DISPLAY-EXTENT | #1 1280x720 R16G16_FLOAT srvs=1 RTVBINDS=0 (0.00/frame) | #2 1280x720 R16G16_FLOAT srvs=1 RTVBINDS=0 (0.00/frame) | #3 2560x1440 R16G16_FLOAT srvs=1 RTVBINDS=0 (0.00/frame) <-DISPLAY-EXTENT | #4 2560x1440 R16G16_UNORM srvs=1 RTVBINDS=0 (0.00/frame) <-DISPLAY-EXTENT | #5 1280x720 R16G16_FLOAT srvs=1 RTVBINDS=0 (0.00/frame) | #6 2560x1440 R16G16_UNORM srvs=1 RTVBINDS=0 (0.00/frame) <-DISPLAY-EXTENT
23:45:42:550 [20812] | INFO  | [MGPU Bridge] [MGPU][R71] MVEC SIZES over ALL 7 candidate(s): 2560x1440 x4 | 1280x720 x3 | || TRANSPORT SOURCE res=0x1f0ee694100 (0 means not identified yet - it needs a display-extent candidate with render-target binds), handed to the transport 2974 times, 0 second-binds-in-a-frame skipped. || EVICTIONS: 0 resources destroyed and removed from the tables (R76 - a resolution change destroys every render target, and a stale entry is a copy from freed memory). RTV BINDS SEEN IN TOTAL: 0. THE RANK ABOVE IS NOW RENDER TARGET BINDS, NOT SRV CREATIONS. R25 ranked by SRVs created, got 6/5/3/3, and called it "a candidate, not an identification" - that flatness was the SIGNAL being wrong, not the game. An SRV creation count is a LIFETIME number; a velocity buffer is RENDERED INTO once per frame, and RTVBINDS is that. THE EXTENT TO MATCH IS THE DISPLAY EXTENT 2560x1440, not the render extent: the game's own DLSS telemetry says ColorExtentHeight=936 with MVExtentWidth=2560 MVExtentHeight=1440, so this title feeds HIGH-RESOLUTION motion vectors. A single candidate marked <-DISPLAY-EXTENT with RTVBINDS close to the frame count is the velocity buffer. RTV BINDS SEEN = 0 with candidates present means THIS EVENT did not see it, and says nothing whatever about the other two. R81 retracted the sentence that used to sit here - it named optical flow and NGX hooking as the routes left, before anyone had read the
23:45:42:550 [20812] | INFO  | [MGPU Bridge] [MGPU][R82] ACQUISITION SIGNALS - three of them, one run. || RTV VIEW TABLE: 5 of 128 entries. THAT IS THE DENOMINATOR R80 COULD NOT SEE - a bind count of zero against an empty table means nothing at all. || OMSetRenderTargets: fired=0 rtvs=0 | matched via OUR TABLE=0 | matched via get_resource_from_view=0 || BeginRenderPass: fired=0 targets=0 matched=0 || Barrier: fired=695178 resources=1439702 matched=17843, costing 12946 ns/frame || #0 2560x1440 rtv=0 rp=0 bar=11897(0x800->0xC0) | #5 1280x720 rtv=0 rp=0 bar=1(0x4->0xC0) | #6 2560x1440 rtv=0 rp=0 bar=5945(0xC0->0x8) | || HOW TO READ IT. via TABLE=0 while via get_resource_from_view is non-zero: the table was the whole bug and R76 through R81 were spent on a cache we never needed. BeginRenderPass fired while OMSetRenderTargets did not: this engine uses render passes and we were subscribed to the wrong event. Barrier matched with a per-frame count near the frame count: use THAT permanently - it needs no view, no table and no binding-path assumption, and 0x4->0xC0 (render_target -> shader_resource) is the moment AFTER the pass wrote, which is the correct moment to copy and is one the bind events cannot offer. NOTE THE STALENESS R78 DID NOT STATE: both bind events fire BEFORE the pass runs, so a copy taken there carries the PREVIOUS frame's vectors. All three silent with candidates present is the only reading that makes optical flow or NGX hooking the honest next step. Two of the barriers per frame on the published source are OURS.
23:45:43:134 [ 1584] | INFO  | [MGPU Bridge] [MGPU][T5] present loop alive: frame 6600 thread id 0x630
23:45:43:423 [ 1584] | INFO  | [MGPU Bridge] [MGPU][SEAL] new f=2806 slot=3 gap=1 lat=42.15ms pitch=10240 fmt=28 bytes=14745600 bc=0(unimplemented) OK
23:45:44:539 [ 1584] | INFO  | [MGPU Bridge] [MGPU][SEAL] new f=2867 slot=4 gap=1 lat=41.28ms pitch=10240 fmt=28 bytes=14745600 bc=0(unimplemented) OK
23:45:44:989 [20812] | INFO  | [MGPU Bridge] [MGPU][R101] CALIBRATOR mode=2 site=data-scan | slots=43 data-slots=2 modules=149 gpa-calls=227 | resolved=1 creates=1 sr-handle=known | evaluates=3108 captured=3108 | cost 3053 ns/frame | eval-copies=3108 eval-skips=0. || THE GAME'S OWN TABLE: color=0x1f0ee6913b0 depth=0x1f0ee5373f0 MVEC=0x1f0ee694100 output=0x1f0ee538900 | MVecScale 2560.0000,1440.0000 | jitter 0.3676,-0.2689 | Reset=0 | CreateFlags=0x4b -> DepthInverted=1 MVLowRes=1 MVJittered=0 IsHDR=1 AutoExposure=1 | quality=5 | render 2560x1440 -> display 2560x1440 | dynamic 2534x1426..2560x1440 | subrect 2560x1440 at color(0,0) depth(0,0) MV(0,0) out(0,0) | have=0x1fff. || HOW TO READ IT. resolved=0 with evaluates=0 means no module asked for the entry point after we installed - either the title does not use DLSS, or it resolved before the addon loaded; the barrier path is untouched either way and is still what drives. sr-handle=UNFILTERED means we were not present for CreateFeature, so the table may be from frame generation rather than super sampling - check that render/display extents look like a supersampling pair before trusting it. MVEC here is the GAME'S answer to the question every round from R70 to R100 tried to infer; if it does not equal the handle the barrier probe armed on Dragon Sword, the probe was wrong on a title we believed, and THAT is the finding. have=0 bits name the keys this producer does not populate - Streamline and the raw SDK do not set the same subset, and the difference is a fact about the route, not a bug. MVLowRes IS DEFERRED OPTION 11 ANSWERED: 1 means the game's motion vectors are at RENDER resolution, 0 means display resolution, and we have been inferring that from buffer sizes since R83. Read it together with MVecScale - a low-res field with a display-sized scale is the shape that makes reprojection look almost right.
23:45:45:555 [20812] | INFO  | [MGPU Bridge] [MGPU][P9.1] META SRC mvec lane: 7 candidate(s), 64 ns/frame over 4232 frames. R72: RANKED AND SORTED BY RTV BINDS - how often each is RENDERED INTO, which is a per-frame usage signal. srvs is kept alongside as the old created over the resource. THIS DOES NOT IDENTIFY MOTION VECTORS - nothing in ReShade says which one they are - it says whether an MVec-shaped resource is visible from a subscriber at all. An empty list with a non-zero examined count is the result that says the NGX hook has to be earned or abandoned. root-descriptor SRV pushes=0 (zero here with a non-zero SRV count above means this engine binds through descriptor TABLES and push_descriptors is blind in it - a fact about the engine, not a fault). | #0 2560x1440 R16G16_FLOAT srvs=2 RTVBINDS=0 (0.00/frame) <-DISPLAY-EXTENT | #1 1280x720 R16G16_FLOAT srvs=1 RTVBINDS=0 (0.00/frame) | #2 1280x720 R16G16_FLOAT srvs=1 RTVBINDS=0 (0.00/frame) | #3 2560x1440 R16G16_FLOAT srvs=1 RTVBINDS=0 (0.00/frame) <-DISPLAY-EXTENT | #4 2560x1440 R16G16_UNORM srvs=1 RTVBINDS=0 (0.00/frame) <-DISPLAY-EXTENT | #5 1280x720 R16G16_FLOAT srvs=1 RTVBINDS=0 (0.00/frame) | #6 2560x1440 R16G16_UNORM srvs=1 RTVBINDS=0 (0.00/frame) <-DISPLAY-EXTENT
23:45:45:556 [20812] | INFO  | [MGPU Bridge] [MGPU][R71] MVEC SIZES over ALL 7 candidate(s): 2560x1440 x4 | 1280x720 x3 | || TRANSPORT SOURCE res=0x1f0ee694100 (0 means not identified yet - it needs a display-extent candidate with render-target binds), handed to the transport 3140 times, 0 second-binds-in-a-frame skipped. || EVICTIONS: 0 resources destroyed and removed from the tables (R76 - a resolution change destroys every render target, and a stale entry is a copy from freed memory). RTV BINDS SEEN IN TOTAL: 0. THE RANK ABOVE IS NOW RENDER TARGET BINDS, NOT SRV CREATIONS. R25 ranked by SRVs created, got 6/5/3/3, and called it "a candidate, not an identification" - that flatness was the SIGNAL being wrong, not the game. An SRV creation count is a LIFETIME number; a velocity buffer is RENDERED INTO once per frame, and RTVBINDS is that. THE EXTENT TO MATCH IS THE DISPLAY EXTENT 2560x1440, not the render extent: the game's own DLSS telemetry says ColorExtentHeight=936 with MVExtentWidth=2560 MVExtentHeight=1440, so this title feeds HIGH-RESOLUTION motion vectors. A single candidate marked <-DISPLAY-EXTENT with RTVBINDS close to the frame count is the velocity buffer. RTV BINDS SEEN = 0 with candidates present means THIS EVENT did not see it, and says nothing whatever about the other two. R81 retracted the sentence that used to sit here - it named optical flow and NGX hooking as the routes left, before anyone had read the
23:45:45:556 [20812] | INFO  | [MGPU Bridge] [MGPU][R82] ACQUISITION SIGNALS - three of them, one run. || RTV VIEW TABLE: 5 of 128 entries. THAT IS THE DENOMINATOR R80 COULD NOT SEE - a bind count of zero against an empty table means nothing at all. || OMSetRenderTargets: fired=0 rtvs=0 | matched via OUR TABLE=0 | matched via get_resource_from_view=0 || BeginRenderPass: fired=0 targets=0 matched=0 || Barrier: fired=736939 resources=1538913 matched=18839, costing 13180 ns/frame || #0 2560x1440 rtv=0 rp=0 bar=12561(0x800->0xC0) | #5 1280x720 rtv=0 rp=0 bar=1(0x4->0xC0) | #6 2560x1440 rtv=0 rp=0 bar=6277(0xC0->0x8) | || HOW TO READ IT. via TABLE=0 while via get_resource_from_view is non-zero: the table was the whole bug and R76 through R81 were spent on a cache we never needed. BeginRenderPass fired while OMSetRenderTargets did not: this engine uses render passes and we were subscribed to the wrong event. Barrier matched with a per-frame count near the frame count: use THAT permanently - it needs no view, no table and no binding-path assumption, and 0x4->0xC0 (render_target -> shader_resource) is the moment AFTER the pass wrote, which is the correct moment to copy and is one the bind events cannot offer. NOTE THE STALENESS R78 DID NOT STATE: both bind events fire BEFORE the pass runs, so a copy taken there carries the PREVIOUS frame's vectors. All three silent with candidates present is the only reading that makes optical flow or NGX hooking the honest next step. Two of the barriers per frame on the published source are OURS.
23:45:45:631 [ 1584] | INFO  | [MGPU Bridge] [MGPU][SEAL] new f=2928 slot=5 gap=1 lat=40.35ms pitch=10240 fmt=28 bytes=14745600 bc=0(unimplemented) OK
23:45:46:674 [ 1584] | INFO  | [MGPU Bridge] [MGPU][SEAL] new f=2989 slot=0 gap=1 lat=39.96ms pitch=10240 fmt=28 bytes=14745600 bc=0(unimplemented) OK
23:45:46:876 [ 1584] | INFO  | [MGPU Bridge] [MGPU][R63] DEPTH TRANSPORT f=3001 mode=1 (TRANSPORTED AND BOUND) | producer: valid=3003 invalid=0 size-rejected=0, arm held 253 frame(s) | consumer: seals seen valid=2992 invalid=0 contract mismatches=0 | region 2560x1440 fmt=41 pitch=10240 bytes=14745600 at slot offset 14746112 of 44237312. INVALID IS NOT AN ERROR: ReShade unbinds depth in menus and scene changes, and R61 established that shipping the zeros it leaves behind would hand the model a false flat plane. An invalid frame carries the colour and says so. WHAT WOULD BE AN ERROR is contract mismatches above zero, or valid staying at zero once you are in gameplay - that means the tap is not feeding us. 100.0% of sealed frames carried depth. | GPU 1: unpacked=2988 bound=2958 skipped=0, DepthInverted=1, flag disagreements=0 (the seal crossed the adapter and the slot flag did not, so any disagreement between them is real). BOUND vs SKIPPED IS THE R61 TEST: skipped counts frames where ReShade had no depth and the model was given NONE rather than the previous frame's - open a menu mid-stream and this must move.
23:45:46:876 [ 1584] | INFO  | [MGPU Bridge] [MGPU][R78] MVEC TRANSPORT f=3001 mode=3 REAL | producer: copies=2978 missing=25 size-rejected=0 lock-skipped=0, arm held 1004 frame(s) | consumer: seals seen valid=2976 invalid=16 contract mismatches=0 flag disagreements=0 | region 2560x1440 fmt=34 pitch=10240 bytes=14745600 at slot offset 29491712 of 44237312 | GPU 1: unpacked=2976 bound=2950 skipped=8, scale=(2560.000, 1440.000). 99.5% of sealed frames carried vectors. COPIES IS THE ONE TO WATCH: it counts frames where the bind hook fired and a copy was recorded. If it stays at zero the probe published a handle nobody binds, and MVec never reaches the model whatever the rest of this line says. SKIPPED IS NOT AN ERROR - it counts frames with no vectors, which is what a menu looks like, and those frames are handed NONE rather than the last frame's motion.
23:45:46:877 [ 1584] | INFO  | [MGPU Bridge] [MGPU][R87] MVEC FRAME ALIGNMENT f=3001 | evaluates=2958 | elapsed 1=2929 2=24 3=2 4=1 5=0 6=0 7=2 8+=0 | worst=7 | 99.02% at 1. A motion vector describes ONE game frame; NR reprojects by whatever it is handed. When the frame NR blends against is older than one, history lands SHORT by this factor - zero error at rest, growing with speed, and no constant MVecScale can fix it. The scale is multiplied by this per evaluate. IF THIS LINE IS FLAT AT 1 AND THE ARTEFACT IS UNCHANGED, PACING IS ELIMINATED and what remains is units or sign. P4.1's skipped-frame counter predicts about 99.5% at 1, so a materially lower figure here is a desync no counter has shown us.
23:45:47:689 [ 1584] | INFO  | [MGPU Bridge] [MGPU][SEAL] new f=3050 slot=1 gap=1 lat=36.15ms pitch=10240 fmt=28 bytes=14745600 bc=0(unimplemented) OK
23:45:48:564 [20812] | INFO  | [MGPU Bridge] [MGPU][P9.1] META SRC mvec lane: 7 candidate(s), 62 ns/frame over 4414 frames. R72: RANKED AND SORTED BY RTV BINDS - how often each is RENDERED INTO, which is a per-frame usage signal. srvs is kept alongside as the old created over the resource. THIS DOES NOT IDENTIFY MOTION VECTORS - nothing in ReShade says which one they are - it says whether an MVec-shaped resource is visible from a subscriber at all. An empty list with a non-zero examined count is the result that says the NGX hook has to be earned or abandoned. root-descriptor SRV pushes=0 (zero here with a non-zero SRV count above means this engine binds through descriptor TABLES and push_descriptors is blind in it - a fact about the engine, not a fault). | #0 2560x1440 R16G16_FLOAT srvs=2 RTVBINDS=0 (0.00/frame) <-DISPLAY-EXTENT | #1 1280x720 R16G16_FLOAT srvs=1 RTVBINDS=0 (0.00/frame) | #2 1280x720 R16G16_FLOAT srvs=1 RTVBINDS=0 (0.00/frame) | #3 2560x1440 R16G16_FLOAT srvs=1 RTVBINDS=0 (0.00/frame) <-DISPLAY-EXTENT | #4 2560x1440 R16G16_UNORM srvs=1 RTVBINDS=0 (0.00/frame) <-DISPLAY-EXTENT | #5 1280x720 R16G16_FLOAT srvs=1 RTVBINDS=0 (0.00/frame) | #6 2560x1440 R16G16_UNORM srvs=1 RTVBINDS=0 (0.00/frame) <-DISPLAY-EXTENT
23:45:48:564 [20812] | INFO  | [MGPU Bridge] [MGPU][R71] MVEC SIZES over ALL 7 candidate(s): 2560x1440 x4 | 1280x720 x3 | || TRANSPORT SOURCE res=0x1f0ee694100 (0 means not identified yet - it needs a display-extent candidate with render-target binds), handed to the transport 3322 times, 0 second-binds-in-a-frame skipped. || EVICTIONS: 0 resources destroyed and removed from the tables (R76 - a resolution change destroys every render target, and a stale entry is a copy from freed memory). RTV BINDS SEEN IN TOTAL: 0. THE RANK ABOVE IS NOW RENDER TARGET BINDS, NOT SRV CREATIONS. R25 ranked by SRVs created, got 6/5/3/3, and called it "a candidate, not an identification" - that flatness was the SIGNAL being wrong, not the game. An SRV creation count is a LIFETIME number; a velocity buffer is RENDERED INTO once per frame, and RTVBINDS is that. THE EXTENT TO MATCH IS THE DISPLAY EXTENT 2560x1440, not the render extent: the game's own DLSS telemetry says ColorExtentHeight=936 with MVExtentWidth=2560 MVExtentHeight=1440, so this title feeds HIGH-RESOLUTION motion vectors. A single candidate marked <-DISPLAY-EXTENT with RTVBINDS close to the frame count is the velocity buffer. RTV BINDS SEEN = 0 with candidates present means THIS EVENT did not see it, and says nothing whatever about the other two. R81 retracted the sentence that used to sit here - it named optical flow and NGX hooking as the routes left, before anyone had read the
23:45:48:564 [20812] | INFO  | [MGPU Bridge] [MGPU][R82] ACQUISITION SIGNALS - three of them, one run. || RTV VIEW TABLE: 5 of 128 entries. THAT IS THE DENOMINATOR R80 COULD NOT SEE - a bind count of zero against an empty table means nothing at all. || OMSetRenderTargets: fired=0 rtvs=0 | matched via OUR TABLE=0 | matched via get_resource_from_view=0 || BeginRenderPass: fired=0 targets=0 matched=0 || Barrier: fired=781297 resources=1645473 matched=19931, costing 13397 ns/frame || #0 2560x1440 rtv=0 rp=0 bar=13289(0x800->0xC0) | #5 1280x720 rtv=0 rp=0 bar=1(0x4->0xC0) | #6 2560x1440 rtv=0 rp=0 bar=6641(0xC0->0x8) | || HOW TO READ IT. via TABLE=0 while via get_resource_from_view is non-zero: the table was the whole bug and R76 through R81 were spent on a cache we never needed. BeginRenderPass fired while OMSetRenderTargets did not: this engine uses render passes and we were subscribed to the wrong event. Barrier matched with a per-frame count near the frame count: use THAT permanently - it needs no view, no table and no binding-path assumption, and 0x4->0xC0 (render_target -> shader_resource) is the moment AFTER the pass wrote, which is the correct moment to copy and is one the bind events cannot offer. NOTE THE STALENESS R78 DID NOT STATE: both bind events fire BEFORE the pass runs, so a copy taken there carries the PREVIOUS frame's vectors. All three silent with candidates present is the only reading that makes optical flow or NGX hooking the honest next step. Two of the barriers per frame on the published source are OURS.
23:45:48:646 [ 1584] | INFO  | [MGPU Bridge] [MGPU][SEAL] new f=3111 slot=2 gap=1 lat=36.35ms pitch=10240 fmt=28 bytes=14745600 bc=0(unimplemented) OK
23:45:49:604 [ 1584] | INFO  | [MGPU Bridge] [MGPU][SEAL] new f=3172 slot=3 gap=1 lat=48.04ms pitch=10240 fmt=28 bytes=14745600 bc=0(unimplemented) OK
23:45:49:902 [20812] | INFO  | [MGPU Bridge] [MGPU][R101] CALIBRATOR mode=2 site=data-scan | slots=43 data-slots=2 modules=149 gpa-calls=227 | resolved=1 creates=1 sr-handle=known | evaluates=3408 captured=3408 | cost 3099 ns/frame | eval-copies=3408 eval-skips=0. || THE GAME'S OWN TABLE: color=0x1f0ee6913b0 depth=0x1f0ee5373f0 MVEC=0x1f0ee694100 output=0x1f0ee538900 | MVecScale 2560.0000,1440.0000 | jitter -0.0421,-0.4023 | Reset=0 | CreateFlags=0x4b -> DepthInverted=1 MVLowRes=1 MVJittered=0 IsHDR=1 AutoExposure=1 | quality=5 | render 2560x1440 -> display 2560x1440 | dynamic 2534x1426..2560x1440 | subrect 2560x1440 at color(0,0) depth(0,0) MV(0,0) out(0,0) | have=0x1fff. || HOW TO READ IT. resolved=0 with evaluates=0 means no module asked for the entry point after we installed - either the title does not use DLSS, or it resolved before the addon loaded; the barrier path is untouched either way and is still what drives. sr-handle=UNFILTERED means we were not present for CreateFeature, so the table may be from frame generation rather than super sampling - check that render/display extents look like a supersampling pair before trusting it. MVEC here is the GAME'S answer to the question every round from R70 to R100 tried to infer; if it does not equal the handle the barrier probe armed on Dragon Sword, the probe was wrong on a title we believed, and THAT is the finding. have=0 bits name the keys this producer does not populate - Streamline and the raw SDK do not set the same subset, and the difference is a fact about the route, not a bug. MVLowRes IS DEFERRED OPTION 11 ANSWERED: 1 means the game's motion vectors are at RENDER resolution, 0 means display resolution, and we have been inferring that from buffer sizes since R83. Read it together with MVecScale - a low-res field with a display-sized scale is the shape that makes reprojection look almost right.
23:45:50:588 [ 1584] | INFO  | [MGPU Bridge] [MGPU][SEAL] new f=3233 slot=4 gap=1 lat=41.84ms pitch=10240 fmt=28 bytes=14745600 bc=0(unimplemented) OK
23:45:51:567 [20812] | INFO  | [MGPU Bridge] [MGPU][P9.1] META SRC mvec lane: 7 candidate(s), 60 ns/frame over 4593 frames. R72: RANKED AND SORTED BY RTV BINDS - how often each is RENDERED INTO, which is a per-frame usage signal. srvs is kept alongside as the old created over the resource. THIS DOES NOT IDENTIFY MOTION VECTORS - nothing in ReShade says which one they are - it says whether an MVec-shaped resource is visible from a subscriber at all. An empty list with a non-zero examined count is the result that says the NGX hook has to be earned or abandoned. root-descriptor SRV pushes=0 (zero here with a non-zero SRV count above means this engine binds through descriptor TABLES and push_descriptors is blind in it - a fact about the engine, not a fault). | #0 2560x1440 R16G16_FLOAT srvs=2 RTVBINDS=0 (0.00/frame) <-DISPLAY-EXTENT | #1 1280x720 R16G16_FLOAT srvs=1 RTVBINDS=0 (0.00/frame) | #2 1280x720 R16G16_FLOAT srvs=1 RTVBINDS=0 (0.00/frame) | #3 2560x1440 R16G16_FLOAT srvs=1 RTVBINDS=0 (0.00/frame) <-DISPLAY-EXTENT | #4 2560x1440 R16G16_UNORM srvs=1 RTVBINDS=0 (0.00/frame) <-DISPLAY-EXTENT | #5 1280x720 R16G16_FLOAT srvs=1 RTVBINDS=0 (0.00/frame) | #6 2560x1440 R16G16_UNORM srvs=1 RTVBINDS=0 (0.00/frame) <-DISPLAY-EXTENT
23:45:51:569 [20812] | INFO  | [MGPU Bridge] [MGPU][R71] MVEC SIZES over ALL 7 candidate(s): 2560x1440 x4 | 1280x720 x3 | || TRANSPORT SOURCE res=0x1f0ee694100 (0 means not identified yet - it needs a display-extent candidate with render-target binds), handed to the transport 3501 times, 0 second-binds-in-a-frame skipped. || EVICTIONS: 0 resources destroyed and removed from the tables (R76 - a resolution change destroys every render target, and a stale entry is a copy from freed memory). RTV BINDS SEEN IN TOTAL: 0. THE RANK ABOVE IS NOW RENDER TARGET BINDS, NOT SRV CREATIONS. R25 ranked by SRVs created, got 6/5/3/3, and called it "a candidate, not an identification" - that flatness was the SIGNAL being wrong, not the game. An SRV creation count is a LIFETIME number; a velocity buffer is RENDERED INTO once per frame, and RTVBINDS is that. THE EXTENT TO MATCH IS THE DISPLAY EXTENT 2560x1440, not the render extent: the game's own DLSS telemetry says ColorExtentHeight=936 with MVExtentWidth=2560 MVExtentHeight=1440, so this title feeds HIGH-RESOLUTION motion vectors. A single candidate marked <-DISPLAY-EXTENT with RTVBINDS close to the frame count is the velocity buffer. RTV BINDS SEEN = 0 with candidates present means THIS EVENT did not see it, and says nothing whatever about the other two. R81 retracted the sentence that used to sit here - it named optical flow and NGX hooking as the routes left, before anyone had read the
23:45:51:569 [20812] | INFO  | [MGPU Bridge] [MGPU][R82] ACQUISITION SIGNALS - three of them, one run. || RTV VIEW TABLE: 5 of 128 entries. THAT IS THE DENOMINATOR R80 COULD NOT SEE - a bind count of zero against an empty table means nothing at all. || OMSetRenderTargets: fired=0 rtvs=0 | matched via OUR TABLE=0 | matched via get_resource_from_view=0 || BeginRenderPass: fired=0 targets=0 matched=0 || Barrier: fired=824613 resources=1749745 matched=21005, costing 13575 ns/frame || #0 2560x1440 rtv=0 rp=0 bar=14005(0x800->0xC0) | #5 1280x720 rtv=0 rp=0 bar=1(0x4->0xC0) | #6 2560x1440 rtv=0 rp=0 bar=6999(0xC0->0x8) | || HOW TO READ IT. via TABLE=0 while via get_resource_from_view is non-zero: the table was the whole bug and R76 through R81 were spent on a cache we never needed. BeginRenderPass fired while OMSetRenderTargets did not: this engine uses render passes and we were subscribed to the wrong event. Barrier matched with a per-frame count near the frame count: use THAT permanently - it needs no view, no table and no binding-path assumption, and 0x4->0xC0 (render_target -> shader_resource) is the moment AFTER the pass wrote, which is the correct moment to copy and is one the bind events cannot offer. NOTE THE STALENESS R78 DID NOT STATE: both bind events fire BEFORE the pass runs, so a copy taken there carries the PREVIOUS frame's vectors. All three silent with candidates present is the only reading that makes optical flow or NGX hooking the honest next step. Two of the barriers per frame on the published source are OURS.
23:45:51:739 [ 1584] | INFO  | [MGPU Bridge] [MGPU][SEAL] new f=3294 slot=5 gap=1 lat=39.20ms pitch=10240 fmt=28 bytes=14745600 bc=0(unimplemented) OK
23:45:51:870 [ 1584] | INFO  | [MGPU Bridge] [MGPU][R63] DEPTH TRANSPORT f=3301 mode=1 (TRANSPORTED AND BOUND) | producer: valid=3303 invalid=0 size-rejected=0, arm held 253 frame(s) | consumer: seals seen valid=3292 invalid=0 contract mismatches=0 | region 2560x1440 fmt=41 pitch=10240 bytes=14745600 at slot offset 14746112 of 44237312. INVALID IS NOT AN ERROR: ReShade unbinds depth in menus and scene changes, and R61 established that shipping the zeros it leaves behind would hand the model a false flat plane. An invalid frame carries the colour and says so. WHAT WOULD BE AN ERROR is contract mismatches above zero, or valid staying at zero once you are in gameplay - that means the tap is not feeding us. 100.0% of sealed frames carried depth. | GPU 1: unpacked=3288 bound=3254 skipped=0, DepthInverted=1, flag disagreements=0 (the seal crossed the adapter and the slot flag did not, so any disagreement between them is real). BOUND vs SKIPPED IS THE R61 TEST: skipped counts frames where ReShade had no depth and the model was given NONE rather than the previous frame's - open a menu mid-stream and this must move.
23:45:51:871 [ 1584] | INFO  | [MGPU Bridge] [MGPU][R78] MVEC TRANSPORT f=3301 mode=3 REAL | producer: copies=3278 missing=25 size-rejected=0 lock-skipped=0, arm held 1004 frame(s) | consumer: seals seen valid=3276 invalid=16 contract mismatches=0 flag disagreements=0 | region 2560x1440 fmt=34 pitch=10240 bytes=14745600 at slot offset 29491712 of 44237312 | GPU 1: unpacked=3276 bound=3246 skipped=8, scale=(2560.000, 1440.000). 99.5% of sealed frames carried vectors. COPIES IS THE ONE TO WATCH: it counts frames where the bind hook fired and a copy was recorded. If it stays at zero the probe published a handle nobody binds, and MVec never reaches the model whatever the rest of this line says. SKIPPED IS NOT AN ERROR - it counts frames with no vectors, which is what a menu looks like, and those frames are handed NONE rather than the last frame's motion.
23:45:51:871 [ 1584] | INFO  | [MGPU Bridge] [MGPU][R87] MVEC FRAME ALIGNMENT f=3301 | evaluates=3254 | elapsed 1=3221 2=28 3=2 4=1 5=0 6=0 7=2 8+=0 | worst=7 | 98.99% at 1. A motion vector describes ONE game frame; NR reprojects by whatever it is handed. When the frame NR blends against is older than one, history lands SHORT by this factor - zero error at rest, growing with speed, and no constant MVecScale can fix it. The scale is multiplied by this per evaluate. IF THIS LINE IS FLAT AT 1 AND THE ARTEFACT IS UNCHANGED, PACING IS ELIMINATED and what remains is units or sign. P4.1's skipped-frame counter predicts about 99.5% at 1, so a materially lower figure here is a desync no counter has shown us.
23:45:52:827 [ 1584] | INFO  | [MGPU Bridge] [MGPU][SEAL] new f=3355 slot=0 gap=1 lat=36.10ms pitch=10240 fmt=28 bytes=14745600 bc=0(unimplemented) OK
23:45:53:486 [ 1584] | INFO  | [MGPU Bridge] [MGPU][T5] present loop alive: frame 7200 thread id 0x630
23:45:53:851 [ 1584] | INFO  | [MGPU Bridge] [MGPU][SEAL] new f=3416 slot=1 gap=1 lat=35.75ms pitch=10240 fmt=28 bytes=14745600 bc=0(unimplemented) OK
23:45:54:575 [20812] | INFO  | [MGPU Bridge] [MGPU][P9.1] META SRC mvec lane: 7 candidate(s), 59 ns/frame over 4769 frames. R72: RANKED AND SORTED BY RTV BINDS - how often each is RENDERED INTO, which is a per-frame usage signal. srvs is kept alongside as the old created over the resource. THIS DOES NOT IDENTIFY MOTION VECTORS - nothing in ReShade says which one they are - it says whether an MVec-shaped resource is visible from a subscriber at all. An empty list with a non-zero examined count is the result that says the NGX hook has to be earned or abandoned. root-descriptor SRV pushes=0 (zero here with a non-zero SRV count above means this engine binds through descriptor TABLES and push_descriptors is blind in it - a fact about the engine, not a fault). | #0 2560x1440 R16G16_FLOAT srvs=2 RTVBINDS=0 (0.00/frame) <-DISPLAY-EXTENT | #1 1280x720 R16G16_FLOAT srvs=1 RTVBINDS=0 (0.00/frame) | #2 1280x720 R16G16_FLOAT srvs=1 RTVBINDS=0 (0.00/frame) | #3 2560x1440 R16G16_FLOAT srvs=1 RTVBINDS=0 (0.00/frame) <-DISPLAY-EXTENT | #4 2560x1440 R16G16_UNORM srvs=1 RTVBINDS=0 (0.00/frame) <-DISPLAY-EXTENT | #5 1280x720 R16G16_FLOAT srvs=1 RTVBINDS=0 (0.00/frame) | #6 2560x1440 R16G16_UNORM srvs=1 RTVBINDS=0 (0.00/frame) <-DISPLAY-EXTENT
23:45:54:576 [20812] | INFO  | [MGPU Bridge] [MGPU][R71] MVEC SIZES over ALL 7 candidate(s): 2560x1440 x4 | 1280x720 x3 | || TRANSPORT SOURCE res=0x1f0ee694100 (0 means not identified yet - it needs a display-extent candidate with render-target binds), handed to the transport 3677 times, 0 second-binds-in-a-frame skipped. || EVICTIONS: 0 resources destroyed and removed from the tables (R76 - a resolution change destroys every render target, and a stale entry is a copy from freed memory). RTV BINDS SEEN IN TOTAL: 0. THE RANK ABOVE IS NOW RENDER TARGET BINDS, NOT SRV CREATIONS. R25 ranked by SRVs created, got 6/5/3/3, and called it "a candidate, not an identification" - that flatness was the SIGNAL being wrong, not the game. An SRV creation count is a LIFETIME number; a velocity buffer is RENDERED INTO once per frame, and RTVBINDS is that. THE EXTENT TO MATCH IS THE DISPLAY EXTENT 2560x1440, not the render extent: the game's own DLSS telemetry says ColorExtentHeight=936 with MVExtentWidth=2560 MVExtentHeight=1440, so this title feeds HIGH-RESOLUTION motion vectors. A single candidate marked <-DISPLAY-EXTENT with RTVBINDS close to the frame count is the velocity buffer. RTV BINDS SEEN = 0 with candidates present means THIS EVENT did not see it, and says nothing whatever about the other two. R81 retracted the sentence that used to sit here - it named optical flow and NGX hooking as the routes left, before anyone had read the
23:45:54:576 [20812] | INFO  | [MGPU Bridge] [MGPU][R82] ACQUISITION SIGNALS - three of them, one run. || RTV VIEW TABLE: 5 of 128 entries. THAT IS THE DENOMINATOR R80 COULD NOT SEE - a bind count of zero against an empty table means nothing at all. || OMSetRenderTargets: fired=0 rtvs=0 | matched via OUR TABLE=0 | matched via get_resource_from_view=0 || BeginRenderPass: fired=0 targets=0 matched=0 || Barrier: fired=867718 resources=1852703 matched=22061, costing 13769 ns/frame || #0 2560x1440 rtv=0 rp=0 bar=14709(0x800->0xC0) | #5 1280x720 rtv=0 rp=0 bar=1(0x4->0xC0) | #6 2560x1440 rtv=0 rp=0 bar=7351(0xC0->0x8) | || HOW TO READ IT. via TABLE=0 while via get_resource_from_view is non-zero: the table was the whole bug and R76 through R81 were spent on a cache we never needed. BeginRenderPass fired while OMSetRenderTargets did not: this engine uses render passes and we were subscribed to the wrong event. Barrier matched with a per-frame count near the frame count: use THAT permanently - it needs no view, no table and no binding-path assumption, and 0x4->0xC0 (render_target -> shader_resource) is the moment AFTER the pass wrote, which is the correct moment to copy and is one the bind events cannot offer. NOTE THE STALENESS R78 DID NOT STATE: both bind events fire BEFORE the pass runs, so a copy taken there carries the PREVIOUS frame's vectors. All three silent with candidates present is the only reading that makes optical flow or NGX hooking the honest next step. Two of the barriers per frame on the published source are OURS.
23:45:54:834 [ 1584] | INFO  | [MGPU Bridge] [MGPU][SEAL] new f=3477 slot=2 gap=1 lat=40.07ms pitch=10240 fmt=28 bytes=14745600 bc=0(unimplemented) OK
23:45:55:056 [20812] | INFO  | [MGPU Bridge] [MGPU][R101] CALIBRATOR mode=2 site=data-scan | slots=43 data-slots=2 modules=149 gpa-calls=227 | resolved=1 creates=1 sr-handle=known | evaluates=3708 captured=3708 | cost 3151 ns/frame | eval-copies=3708 eval-skips=0. || THE GAME'S OWN TABLE: color=0x1f0ee6913b0 depth=0x1f0ee5373f0 MVEC=0x1f0ee694100 output=0x1f0ee538900 | MVecScale 2560.0000,1440.0000 | jitter 0.1725,-0.4753 | Reset=0 | CreateFlags=0x4b -> DepthInverted=1 MVLowRes=1 MVJittered=0 IsHDR=1 AutoExposure=1 | quality=5 | render 2560x1440 -> display 2560x1440 | dynamic 2534x1426..2560x1440 | subrect 2560x1440 at color(0,0) depth(0,0) MV(0,0) out(0,0) | have=0x1fff. || HOW TO READ IT. resolved=0 with evaluates=0 means no module asked for the entry point after we installed - either the title does not use DLSS, or it resolved before the addon loaded; the barrier path is untouched either way and is still what drives. sr-handle=UNFILTERED means we were not present for CreateFeature, so the table may be from frame generation rather than super sampling - check that render/display extents look like a supersampling pair before trusting it. MVEC here is the GAME'S answer to the question every round from R70 to R100 tried to infer; if it does not equal the handle the barrier probe armed on Dragon Sword, the probe was wrong on a title we believed, and THAT is the finding. have=0 bits name the keys this producer does not populate - Streamline and the raw SDK do not set the same subset, and the difference is a fact about the route, not a bug. MVLowRes IS DEFERRED OPTION 11 ANSWERED: 1 means the game's motion vectors are at RENDER resolution, 0 means display resolution, and we have been inferring that from buffer sizes since R83. Read it together with MVecScale - a low-res field with a display-sized scale is the shape that makes reprojection look almost right.
23:45:55:756 [ 1584] | INFO  | [MGPU Bridge] [MGPU][SEAL] new f=3538 slot=3 gap=1 lat=36.91ms pitch=10240 fmt=28 bytes=14745600 bc=0(unimplemented) OK
23:45:56:691 [ 1584] | INFO  | [MGPU Bridge] [MGPU][SEAL] new f=3599 slot=4 gap=1 lat=41.09ms pitch=10240 fmt=28 bytes=14745600 bc=0(unimplemented) OK
23:45:56:724 [ 1584] | INFO  | [MGPU Bridge] [MGPU][R63] DEPTH TRANSPORT f=3601 mode=1 (TRANSPORTED AND BOUND) | producer: valid=3603 invalid=0 size-rejected=0, arm held 253 frame(s) | consumer: seals seen valid=3592 invalid=0 contract mismatches=0 | region 2560x1440 fmt=41 pitch=10240 bytes=14745600 at slot offset 14746112 of 44237312. INVALID IS NOT AN ERROR: ReShade unbinds depth in menus and scene changes, and R61 established that shipping the zeros it leaves behind would hand the model a false flat plane. An invalid frame carries the colour and says so. WHAT WOULD BE AN ERROR is contract mismatches above zero, or valid staying at zero once you are in gameplay - that means the tap is not feeding us. 100.0% of sealed frames carried depth. | GPU 1: unpacked=3588 bound=3546 skipped=0, DepthInverted=1, flag disagreements=0 (the seal crossed the adapter and the slot flag did not, so any disagreement between them is real). BOUND vs SKIPPED IS THE R61 TEST: skipped counts frames where ReShade had no depth and the model was given NONE rather than the previous frame's - open a menu mid-stream and this must move.
23:45:56:724 [ 1584] | INFO  | [MGPU Bridge] [MGPU][R78] MVEC TRANSPORT f=3601 mode=3 REAL | producer: copies=3579 missing=25 size-rejected=0 lock-skipped=0, arm held 1004 frame(s) | consumer: seals seen valid=3576 invalid=16 contract mismatches=0 flag disagreements=0 | region 2560x1440 fmt=34 pitch=10240 bytes=14745600 at slot offset 29491712 of 44237312 | GPU 1: unpacked=3576 bound=3538 skipped=8, scale=(2560.000, 1440.000). 99.6% of sealed frames carried vectors. COPIES IS THE ONE TO WATCH: it counts frames where the bind hook fired and a copy was recorded. If it stays at zero the probe published a handle nobody binds, and MVec never reaches the model whatever the rest of this line says. SKIPPED IS NOT AN ERROR - it counts frames with no vectors, which is what a menu looks like, and those frames are handed NONE rather than the last frame's motion.
23:45:56:724 [ 1584] | INFO  | [MGPU Bridge] [MGPU][R87] MVEC FRAME ALIGNMENT f=3601 | evaluates=3546 | elapsed 1=3505 2=36 3=2 4=1 5=0 6=0 7=2 8+=0 | worst=7 | 98.84% at 1. A motion vector describes ONE game frame; NR reprojects by whatever it is handed. When the frame NR blends against is older than one, history lands SHORT by this factor - zero error at rest, growing with speed, and no constant MVecScale can fix it. The scale is multiplied by this per evaluate. IF THIS LINE IS FLAT AT 1 AND THE ARTEFACT IS UNCHANGED, PACING IS ELIMINATED and what remains is units or sign. P4.1's skipped-frame counter predicts about 99.5% at 1, so a materially lower figure here is a desync no counter has shown us.
23:45:57:581 [20812] | INFO  | [MGPU Bridge] [MGPU][P9.1] META SRC mvec lane: 7 candidate(s), 58 ns/frame over 4964 frames. R72: RANKED AND SORTED BY RTV BINDS - how often each is RENDERED INTO, which is a per-frame usage signal. srvs is kept alongside as the old created over the resource. THIS DOES NOT IDENTIFY MOTION VECTORS - nothing in ReShade says which one they are - it says whether an MVec-shaped resource is visible from a subscriber at all. An empty list with a non-zero examined count is the result that says the NGX hook has to be earned or abandoned. root-descriptor SRV pushes=0 (zero here with a non-zero SRV count above means this engine binds through descriptor TABLES and push_descriptors is blind in it - a fact about the engine, not a fault). | #0 2560x1440 R16G16_FLOAT srvs=2 RTVBINDS=0 (0.00/frame) <-DISPLAY-EXTENT | #1 1280x720 R16G16_FLOAT srvs=1 RTVBINDS=0 (0.00/frame) | #2 1280x720 R16G16_FLOAT srvs=1 RTVBINDS=0 (0.00/frame) | #3 2560x1440 R16G16_FLOAT srvs=1 RTVBINDS=0 (0.00/frame) <-DISPLAY-EXTENT | #4 2560x1440 R16G16_UNORM srvs=1 RTVBINDS=0 (0.00/frame) <-DISPLAY-EXTENT | #5 1280x720 R16G16_FLOAT srvs=1 RTVBINDS=0 (0.00/frame) | #6 2560x1440 R16G16_UNORM srvs=1 RTVBINDS=0 (0.00/frame) <-DISPLAY-EXTENT
23:45:57:581 [20812] | INFO  | [MGPU Bridge] [MGPU][R71] MVEC SIZES over ALL 7 candidate(s): 2560x1440 x4 | 1280x720 x3 | || TRANSPORT SOURCE res=0x1f0ee694100 (0 means not identified yet - it needs a display-extent candidate with render-target binds), handed to the transport 3872 times, 0 second-binds-in-a-frame skipped. || EVICTIONS: 0 resources destroyed and removed from the tables (R76 - a resolution change destroys every render target, and a stale entry is a copy from freed memory). RTV BINDS SEEN IN TOTAL: 0. THE RANK ABOVE IS NOW RENDER TARGET BINDS, NOT SRV CREATIONS. R25 ranked by SRVs created, got 6/5/3/3, and called it "a candidate, not an identification" - that flatness was the SIGNAL being wrong, not the game. An SRV creation count is a LIFETIME number; a velocity buffer is RENDERED INTO once per frame, and RTVBINDS is that. THE EXTENT TO MATCH IS THE DISPLAY EXTENT 2560x1440, not the render extent: the game's own DLSS telemetry says ColorExtentHeight=936 with MVExtentWidth=2560 MVExtentHeight=1440, so this title feeds HIGH-RESOLUTION motion vectors. A single candidate marked <-DISPLAY-EXTENT with RTVBINDS close to the frame count is the velocity buffer. RTV BINDS SEEN = 0 with candidates present means THIS EVENT did not see it, and says nothing whatever about the other two. R81 retracted the sentence that used to sit here - it named optical flow and NGX hooking as the routes left, before anyone had read the
23:45:57:581 [20812] | INFO  | [MGPU Bridge] [MGPU][R82] ACQUISITION SIGNALS - three of them, one run. || RTV VIEW TABLE: 5 of 128 entries. THAT IS THE DENOMINATOR R80 COULD NOT SEE - a bind count of zero against an empty table means nothing at all. || OMSetRenderTargets: fired=0 rtvs=0 | matched via OUR TABLE=0 | matched via get_resource_from_view=0 || BeginRenderPass: fired=0 targets=0 matched=0 || Barrier: fired=914528 resources=1966545 matched=23231, costing 13940 ns/frame || #0 2560x1440 rtv=0 rp=0 bar=15489(0x800->0xC0) | #5 1280x720 rtv=0 rp=0 bar=1(0x4->0xC0) | #6 2560x1440 rtv=0 rp=0 bar=7741(0xC0->0x8) | || HOW TO READ IT. via TABLE=0 while via get_resource_from_view is non-zero: the table was the whole bug and R76 through R81 were spent on a cache we never needed. BeginRenderPass fired while OMSetRenderTargets did not: this engine uses render passes and we were subscribed to the wrong event. Barrier matched with a per-frame count near the frame count: use THAT permanently - it needs no view, no table and no binding-path assumption, and 0x4->0xC0 (render_target -> shader_resource) is the moment AFTER the pass wrote, which is the correct moment to copy and is one the bind events cannot offer. NOTE THE STALENESS R78 DID NOT STATE: both bind events fire BEFORE the pass runs, so a copy taken there carries the PREVIOUS frame's vectors. All three silent with candidates present is the only reading that makes optical flow or NGX hooking the honest next step. Two of the barriers per frame on the published source are OURS.
23:45:57:651 [ 1584] | INFO  | [MGPU Bridge] [MGPU][SEAL] new f=3660 slot=5 gap=1 lat=38.83ms pitch=10240 fmt=28 bytes=14745600 bc=0(unimplemented) OK
23:45:58:735 [ 1584] | INFO  | [MGPU Bridge] [MGPU][SEAL] new f=3721 slot=0 gap=1 lat=38.11ms pitch=10240 fmt=28 bytes=14745600 bc=0(unimplemented) OK
23:45:59:839 [ 1584] | INFO  | [MGPU Bridge] [MGPU][SEAL] new f=3782 slot=1 gap=1 lat=42.67ms pitch=10240 fmt=28 bytes=14745600 bc=0(unimplemented) OK
23:46:00:028 [20812] | INFO  | [MGPU Bridge] [MGPU][R101] CALIBRATOR mode=2 site=data-scan | slots=43 data-slots=2 modules=149 gpa-calls=227 | resolved=1 creates=1 sr-handle=known | evaluates=4008 captured=4008 | cost 3207 ns/frame | eval-copies=4008 eval-skips=0. || THE GAME'S OWN TABLE: color=0x1f0ee6913b0 depth=0x1f0ee5373f0 MVEC=0x1f0ee694100 output=0x1f0ee538900 | MVecScale 2560.0000,1440.0000 | jitter 0.3872,0.4518 | Reset=0 | CreateFlags=0x4b -> DepthInverted=1 MVLowRes=1 MVJittered=0 IsHDR=1 AutoExposure=1 | quality=5 | render 2560x1440 -> display 2560x1440 | dynamic 2534x1426..2560x1440 | subrect 2560x1440 at color(0,0) depth(0,0) MV(0,0) out(0,0) | have=0x1fff. || HOW TO READ IT. resolved=0 with evaluates=0 means no module asked for the entry point after we installed - either the title does not use DLSS, or it resolved before the addon loaded; the barrier path is untouched either way and is still what drives. sr-handle=UNFILTERED means we were not present for CreateFeature, so the table may be from frame generation rather than super sampling - check that render/display extents look like a supersampling pair before trusting it. MVEC here is the GAME'S answer to the question every round from R70 to R100 tried to infer; if it does not equal the handle the barrier probe armed on Dragon Sword, the probe was wrong on a title we believed, and THAT is the finding. have=0 bits name the keys this producer does not populate - Streamline and the raw SDK do not set the same subset, and the difference is a fact about the route, not a bug. MVLowRes IS DEFERRED OPTION 11 ANSWERED: 1 means the game's motion vectors are at RENDER resolution, 0 means display resolution, and we have been inferring that from buffer sizes since R83. Read it together with MVecScale - a low-res field with a display-sized scale is the shape that makes reprojection look almost right.
23:46:00:595 [20812] | INFO  | [MGPU Bridge] [MGPU][P9.1] META SRC mvec lane: 7 candidate(s), 58 ns/frame over 5130 frames. R72: RANKED AND SORTED BY RTV BINDS - how often each is RENDERED INTO, which is a per-frame usage signal. srvs is kept alongside as the old created over the resource. THIS DOES NOT IDENTIFY MOTION VECTORS - nothing in ReShade says which one they are - it says whether an MVec-shaped resource is visible from a subscriber at all. An empty list with a non-zero examined count is the result that says the NGX hook has to be earned or abandoned. root-descriptor SRV pushes=0 (zero here with a non-zero SRV count above means this engine binds through descriptor TABLES and push_descriptors is blind in it - a fact about the engine, not a fault). | #0 2560x1440 R16G16_FLOAT srvs=2 RTVBINDS=0 (0.00/frame) <-DISPLAY-EXTENT | #1 1280x720 R16G16_FLOAT srvs=1 RTVBINDS=0 (0.00/frame) | #2 1280x720 R16G16_FLOAT srvs=1 RTVBINDS=0 (0.00/frame) | #3 2560x1440 R16G16_FLOAT srvs=1 RTVBINDS=0 (0.00/frame) <-DISPLAY-EXTENT | #4 2560x1440 R16G16_UNORM srvs=1 RTVBINDS=0 (0.00/frame) <-DISPLAY-EXTENT | #5 1280x720 R16G16_FLOAT srvs=1 RTVBINDS=0 (0.00/frame) | #6 2560x1440 R16G16_UNORM srvs=1 RTVBINDS=0 (0.00/frame) <-DISPLAY-EXTENT
23:46:00:596 [20812] | INFO  | [MGPU Bridge] [MGPU][R71] MVEC SIZES over ALL 7 candidate(s): 2560x1440 x4 | 1280x720 x3 | || TRANSPORT SOURCE res=0x1f0ee694100 (0 means not identified yet - it needs a display-extent candidate with render-target binds), handed to the transport 4038 times, 0 second-binds-in-a-frame skipped. || EVICTIONS: 0 resources destroyed and removed from the tables (R76 - a resolution change destroys every render target, and a stale entry is a copy from freed memory). RTV BINDS SEEN IN TOTAL: 0. THE RANK ABOVE IS NOW RENDER TARGET BINDS, NOT SRV CREATIONS. R25 ranked by SRVs created, got 6/5/3/3, and called it "a candidate, not an identification" - that flatness was the SIGNAL being wrong, not the game. An SRV creation count is a LIFETIME number; a velocity buffer is RENDERED INTO once per frame, and RTVBINDS is that. THE EXTENT TO MATCH IS THE DISPLAY EXTENT 2560x1440, not the render extent: the game's own DLSS telemetry says ColorExtentHeight=936 with MVExtentWidth=2560 MVExtentHeight=1440, so this title feeds HIGH-RESOLUTION motion vectors. A single candidate marked <-DISPLAY-EXTENT with RTVBINDS close to the frame count is the velocity buffer. RTV BINDS SEEN = 0 with candidates present means THIS EVENT did not see it, and says nothing whatever about the other two. R81 retracted the sentence that used to sit here - it named optical flow and NGX hooking as the routes left, before anyone had read the
23:46:00:596 [20812] | INFO  | [MGPU Bridge] [MGPU][R82] ACQUISITION SIGNALS - three of them, one run. || RTV VIEW TABLE: 5 of 128 entries. THAT IS THE DENOMINATOR R80 COULD NOT SEE - a bind count of zero against an empty table means nothing at all. || OMSetRenderTargets: fired=0 rtvs=0 | matched via OUR TABLE=0 | matched via get_resource_from_view=0 || BeginRenderPass: fired=0 targets=0 matched=0 || Barrier: fired=955592 resources=2064694 matched=24227, costing 14084 ns/frame || #0 2560x1440 rtv=0 rp=0 bar=16153(0x800->0xC0) | #5 1280x720 rtv=0 rp=0 bar=1(0x4->0xC0) | #6 2560x1440 rtv=0 rp=0 bar=8073(0xC0->0x8) | || HOW TO READ IT. via TABLE=0 while via get_resource_from_view is non-zero: the table was the whole bug and R76 through R81 were spent on a cache we never needed. BeginRenderPass fired while OMSetRenderTargets did not: this engine uses render passes and we were subscribed to the wrong event. Barrier matched with a per-frame count near the frame count: use THAT permanently - it needs no view, no table and no binding-path assumption, and 0x4->0xC0 (render_target -> shader_resource) is the moment AFTER the pass wrote, which is the correct moment to copy and is one the bind events cannot offer. NOTE THE STALENESS R78 DID NOT STATE: both bind events fire BEFORE the pass runs, so a copy taken there carries the PREVIOUS frame's vectors. All three silent with candidates present is the only reading that makes optical flow or NGX hooking the honest next step. Two of the barriers per frame on the published source are OURS.
23:46:01:000 [ 1584] | INFO  | [MGPU Bridge] [MGPU][SEAL] new f=3843 slot=2 gap=1 lat=40.61ms pitch=10240 fmt=28 bytes=14745600 bc=0(unimplemented) OK
23:46:02:118 [ 1584] | INFO  | [MGPU Bridge] [MGPU][R63] DEPTH TRANSPORT f=3901 mode=1 (TRANSPORTED AND BOUND) | producer: valid=3903 invalid=0 size-rejected=0, arm held 253 frame(s) | consumer: seals seen valid=3892 invalid=0 contract mismatches=0 | region 2560x1440 fmt=41 pitch=10240 bytes=14745600 at slot offset 14746112 of 44237312. INVALID IS NOT AN ERROR: ReShade unbinds depth in menus and scene changes, and R61 established that shipping the zeros it leaves behind would hand the model a false flat plane. An invalid frame carries the colour and says so. WHAT WOULD BE AN ERROR is contract mismatches above zero, or valid staying at zero once you are in gameplay - that means the tap is not feeding us. 100.0% of sealed frames carried depth. | GPU 1: unpacked=3888 bound=3844 skipped=0, DepthInverted=1, flag disagreements=0 (the seal crossed the adapter and the slot flag did not, so any disagreement between them is real). BOUND vs SKIPPED IS THE R61 TEST: skipped counts frames where ReShade had no depth and the model was given NONE rather than the previous frame's - open a menu mid-stream and this must move.
23:46:02:119 [ 1584] | INFO  | [MGPU Bridge] [MGPU][R78] MVEC TRANSPORT f=3901 mode=3 REAL | producer: copies=3878 missing=25 size-rejected=0 lock-skipped=0, arm held 1004 frame(s) | consumer: seals seen valid=3876 invalid=16 contract mismatches=0 flag disagreements=0 | region 2560x1440 fmt=34 pitch=10240 bytes=14745600 at slot offset 29491712 of 44237312 | GPU 1: unpacked=3876 bound=3836 skipped=8, scale=(2560.000, 1440.000). 99.6% of sealed frames carried vectors. COPIES IS THE ONE TO WATCH: it counts frames where the bind hook fired and a copy was recorded. If it stays at zero the probe published a handle nobody binds, and MVec never reaches the model whatever the rest of this line says. SKIPPED IS NOT AN ERROR - it counts frames with no vectors, which is what a menu looks like, and those frames are handed NONE rather than the last frame's motion.
23:46:02:119 [ 1584] | INFO  | [MGPU Bridge] [MGPU][R87] MVEC FRAME ALIGNMENT f=3901 | evaluates=3844 | elapsed 1=3801 2=38 3=2 4=1 5=0 6=0 7=2 8+=0 | worst=7 | 98.88% at 1. A motion vector describes ONE game frame; NR reprojects by whatever it is handed. When the frame NR blends against is older than one, history lands SHORT by this factor - zero error at rest, growing with speed, and no constant MVecScale can fix it. The scale is multiplied by this per evaluate. IF THIS LINE IS FLAT AT 1 AND THE ARTEFACT IS UNCHANGED, PACING IS ELIMINATED and what remains is units or sign. P4.1's skipped-frame counter predicts about 99.5% at 1, so a materially lower figure here is a desync no counter has shown us.
23:46:02:176 [ 1584] | INFO  | [MGPU Bridge] [MGPU][SEAL] new f=3904 slot=3 gap=1 lat=42.03ms pitch=10240 fmt=28 bytes=14745600 bc=0(unimplemented) OK
23:46:03:342 [ 1584] | INFO  | [MGPU Bridge] [MGPU][SEAL] new f=3965 slot=4 gap=1 lat=41.10ms pitch=10240 fmt=28 bytes=14745600 bc=0(unimplemented) OK
23:46:03:607 [20812] | INFO  | [MGPU Bridge] [MGPU][P9.1] META SRC mvec lane: 7 candidate(s), 57 ns/frame over 5287 frames. R72: RANKED AND SORTED BY RTV BINDS - how often each is RENDERED INTO, which is a per-frame usage signal. srvs is kept alongside as the old created over the resource. THIS DOES NOT IDENTIFY MOTION VECTORS - nothing in ReShade says which one they are - it says whether an MVec-shaped resource is visible from a subscriber at all. An empty list with a non-zero examined count is the result that says the NGX hook has to be earned or abandoned. root-descriptor SRV pushes=0 (zero here with a non-zero SRV count above means this engine binds through descriptor TABLES and push_descriptors is blind in it - a fact about the engine, not a fault). | #0 2560x1440 R16G16_FLOAT srvs=2 RTVBINDS=0 (0.00/frame) <-DISPLAY-EXTENT | #1 1280x720 R16G16_FLOAT srvs=1 RTVBINDS=0 (0.00/frame) | #2 1280x720 R16G16_FLOAT srvs=1 RTVBINDS=0 (0.00/frame) | #3 2560x1440 R16G16_FLOAT srvs=1 RTVBINDS=0 (0.00/frame) <-DISPLAY-EXTENT | #4 2560x1440 R16G16_UNORM srvs=1 RTVBINDS=0 (0.00/frame) <-DISPLAY-EXTENT | #5 1280x720 R16G16_FLOAT srvs=1 RTVBINDS=0 (0.00/frame) | #6 2560x1440 R16G16_UNORM srvs=1 RTVBINDS=0 (0.00/frame) <-DISPLAY-EXTENT
23:46:03:607 [20812] | INFO  | [MGPU Bridge] [MGPU][R71] MVEC SIZES over ALL 7 candidate(s): 2560x1440 x4 | 1280x720 x3 | || TRANSPORT SOURCE res=0x1f0ee694100 (0 means not identified yet - it needs a display-extent candidate with render-target binds), handed to the transport 4195 times, 0 second-binds-in-a-frame skipped. || EVICTIONS: 0 resources destroyed and removed from the tables (R76 - a resolution change destroys every render target, and a stale entry is a copy from freed memory). RTV BINDS SEEN IN TOTAL: 0. THE RANK ABOVE IS NOW RENDER TARGET BINDS, NOT SRV CREATIONS. R25 ranked by SRVs created, got 6/5/3/3, and called it "a candidate, not an identification" - that flatness was the SIGNAL being wrong, not the game. An SRV creation count is a LIFETIME number; a velocity buffer is RENDERED INTO once per frame, and RTVBINDS is that. THE EXTENT TO MATCH IS THE DISPLAY EXTENT 2560x1440, not the render extent: the game's own DLSS telemetry says ColorExtentHeight=936 with MVExtentWidth=2560 MVExtentHeight=1440, so this title feeds HIGH-RESOLUTION motion vectors. A single candidate marked <-DISPLAY-EXTENT with RTVBINDS close to the frame count is the velocity buffer. RTV BINDS SEEN = 0 with candidates present means THIS EVENT did not see it, and says nothing whatever about the other two. R81 retracted the sentence that used to sit here - it named optical flow and NGX hooking as the routes left, before anyone had read the
23:46:03:607 [20812] | INFO  | [MGPU Bridge] [MGPU][R82] ACQUISITION SIGNALS - three of them, one run. || RTV VIEW TABLE: 5 of 128 entries. THAT IS THE DENOMINATOR R80 COULD NOT SEE - a bind count of zero against an empty table means nothing at all. || OMSetRenderTargets: fired=0 rtvs=0 | matched via OUR TABLE=0 | matched via get_resource_from_view=0 || BeginRenderPass: fired=0 targets=0 matched=0 || Barrier: fired=994439 resources=2156376 matched=25169, costing 14193 ns/frame || #0 2560x1440 rtv=0 rp=0 bar=16781(0x800->0xC0) | #5 1280x720 rtv=0 rp=0 bar=1(0x4->0xC0) | #6 2560x1440 rtv=0 rp=0 bar=8387(0xC0->0x8) | || HOW TO READ IT. via TABLE=0 while via get_resource_from_view is non-zero: the table was the whole bug and R76 through R81 were spent on a cache we never needed. BeginRenderPass fired while OMSetRenderTargets did not: this engine uses render passes and we were subscribed to the wrong event. Barrier matched with a per-frame count near the frame count: use THAT permanently - it needs no view, no table and no binding-path assumption, and 0x4->0xC0 (render_target -> shader_resource) is the moment AFTER the pass wrote, which is the correct moment to copy and is one the bind events cannot offer. NOTE THE STALENESS R78 DID NOT STATE: both bind events fire BEFORE the pass runs, so a copy taken there carries the PREVIOUS frame's vectors. All three silent with candidates present is the only reading that makes optical flow or NGX hooking the honest next step. Two of the barriers per frame on the published source are OURS.
23:46:04:089 [ 1584] | INFO  | [MGPU Bridge] [MGPU][T5] present loop alive: frame 7800 thread id 0x630
23:46:04:518 [ 1584] | INFO  | [MGPU Bridge] [MGPU][SEAL] new f=4026 slot=5 gap=1 lat=40.27ms pitch=10240 fmt=28 bytes=14745600 bc=0(unimplemented) OK
23:46:05:702 [ 1584] | INFO  | [MGPU Bridge] [MGPU][SEAL] new f=4087 slot=0 gap=1 lat=39.30ms pitch=10240 fmt=28 bytes=14745600 bc=0(unimplemented) OK
23:46:05:794 [20812] | INFO  | [MGPU Bridge] [MGPU][R101] CALIBRATOR mode=2 site=data-scan | slots=43 data-slots=2 modules=149 gpa-calls=227 | resolved=1 creates=1 sr-handle=known | evaluates=4308 captured=4308 | cost 3271 ns/frame | eval-copies=4308 eval-skips=0. || THE GAME'S OWN TABLE: color=0x1f0ee6913b0 depth=0x1f0ee5373f0 MVEC=0x1f0ee694100 output=0x1f0ee538900 | MVecScale 2560.0000,1440.0000 | jitter -0.0226,0.3184 | Reset=0 | CreateFlags=0x4b -> DepthInverted=1 MVLowRes=1 MVJittered=0 IsHDR=1 AutoExposure=1 | quality=5 | render 2560x1440 -> display 2560x1440 | dynamic 2534x1426..2560x1440 | subrect 2560x1440 at color(0,0) depth(0,0) MV(0,0) out(0,0) | have=0x1fff. || HOW TO READ IT. resolved=0 with evaluates=0 means no module asked for the entry point after we installed - either the title does not use DLSS, or it resolved before the addon loaded; the barrier path is untouched either way and is still what drives. sr-handle=UNFILTERED means we were not present for CreateFeature, so the table may be from frame generation rather than super sampling - check that render/display extents look like a supersampling pair before trusting it. MVEC here is the GAME'S answer to the question every round from R70 to R100 tried to infer; if it does not equal the handle the barrier probe armed on Dragon Sword, the probe was wrong on a title we believed, and THAT is the finding. have=0 bits name the keys this producer does not populate - Streamline and the raw SDK do not set the same subset, and the difference is a fact about the route, not a bug. MVLowRes IS DEFERRED OPTION 11 ANSWERED: 1 means the game's motion vectors are at RENDER resolution, 0 means display resolution, and we have been inferring that from buffer sizes since R83. Read it together with MVecScale - a low-res field with a display-sized scale is the shape that makes reprojection look almost right.
23:46:06:607 [20812] | INFO  | [MGPU Bridge] [MGPU][P9.1] META SRC mvec lane: 7 candidate(s), 56 ns/frame over 5443 frames. R72: RANKED AND SORTED BY RTV BINDS - how often each is RENDERED INTO, which is a per-frame usage signal. srvs is kept alongside as the old created over the resource. THIS DOES NOT IDENTIFY MOTION VECTORS - nothing in ReShade says which one they are - it says whether an MVec-shaped resource is visible from a subscriber at all. An empty list with a non-zero examined count is the result that says the NGX hook has to be earned or abandoned. root-descriptor SRV pushes=0 (zero here with a non-zero SRV count above means this engine binds through descriptor TABLES and push_descriptors is blind in it - a fact about the engine, not a fault). | #0 2560x1440 R16G16_FLOAT srvs=2 RTVBINDS=0 (0.00/frame) <-DISPLAY-EXTENT | #1 1280x720 R16G16_FLOAT srvs=1 RTVBINDS=0 (0.00/frame) | #2 1280x720 R16G16_FLOAT srvs=1 RTVBINDS=0 (0.00/frame) | #3 2560x1440 R16G16_FLOAT srvs=1 RTVBINDS=0 (0.00/frame) <-DISPLAY-EXTENT | #4 2560x1440 R16G16_UNORM srvs=1 RTVBINDS=0 (0.00/frame) <-DISPLAY-EXTENT | #5 1280x720 R16G16_FLOAT srvs=1 RTVBINDS=0 (0.00/frame) | #6 2560x1440 R16G16_UNORM srvs=1 RTVBINDS=0 (0.00/frame) <-DISPLAY-EXTENT
23:46:06:607 [20812] | INFO  | [MGPU Bridge] [MGPU][R71] MVEC SIZES over ALL 7 candidate(s): 2560x1440 x4 | 1280x720 x3 | || TRANSPORT SOURCE res=0x1f0ee694100 (0 means not identified yet - it needs a display-extent candidate with render-target binds), handed to the transport 4351 times, 0 second-binds-in-a-frame skipped. || EVICTIONS: 0 resources destroyed and removed from the tables (R76 - a resolution change destroys every render target, and a stale entry is a copy from freed memory). RTV BINDS SEEN IN TOTAL: 0. THE RANK ABOVE IS NOW RENDER TARGET BINDS, NOT SRV CREATIONS. R25 ranked by SRVs created, got 6/5/3/3, and called it "a candidate, not an identification" - that flatness was the SIGNAL being wrong, not the game. An SRV creation count is a LIFETIME number; a velocity buffer is RENDERED INTO once per frame, and RTVBINDS is that. THE EXTENT TO MATCH IS THE DISPLAY EXTENT 2560x1440, not the render extent: the game's own DLSS telemetry says ColorExtentHeight=936 with MVExtentWidth=2560 MVExtentHeight=1440, so this title feeds HIGH-RESOLUTION motion vectors. A single candidate marked <-DISPLAY-EXTENT with RTVBINDS close to the frame count is the velocity buffer. RTV BINDS SEEN = 0 with candidates present means THIS EVENT did not see it, and says nothing whatever about the other two. R81 retracted the sentence that used to sit here - it named optical flow and NGX hooking as the routes left, before anyone had read the
23:46:06:607 [20812] | INFO  | [MGPU Bridge] [MGPU][R82] ACQUISITION SIGNALS - three of them, one run. || RTV VIEW TABLE: 5 of 128 entries. THAT IS THE DENOMINATOR R80 COULD NOT SEE - a bind count of zero against an empty table means nothing at all. || OMSetRenderTargets: fired=0 rtvs=0 | matched via OUR TABLE=0 | matched via get_resource_from_view=0 || BeginRenderPass: fired=0 targets=0 matched=0 || Barrier: fired=1033239 resources=2247696 matched=26105, costing 14304 ns/frame || #0 2560x1440 rtv=0 rp=0 bar=17405(0x800->0xC0) | #5 1280x720 rtv=0 rp=0 bar=1(0x4->0xC0) | #6 2560x1440 rtv=0 rp=0 bar=8699(0xC0->0x8) | || HOW TO READ IT. via TABLE=0 while via get_resource_from_view is non-zero: the table was the whole bug and R76 through R81 were spent on a cache we never needed. BeginRenderPass fired while OMSetRenderTargets did not: this engine uses render passes and we were subscribed to the wrong event. Barrier matched with a per-frame count near the frame count: use THAT permanently - it needs no view, no table and no binding-path assumption, and 0x4->0xC0 (render_target -> shader_resource) is the moment AFTER the pass wrote, which is the correct moment to copy and is one the bind events cannot offer. NOTE THE STALENESS R78 DID NOT STATE: both bind events fire BEFORE the pass runs, so a copy taken there carries the PREVIOUS frame's vectors. All three silent with candidates present is the only reading that makes optical flow or NGX hooking the honest next step. Two of the barriers per frame on the published source are OURS.
23:46:06:858 [ 1584] | INFO  | [MGPU Bridge] [MGPU][SEAL] new f=4148 slot=1 gap=1 lat=41.33ms pitch=10240 fmt=28 bytes=14745600 bc=0(unimplemented) OK
23:46:07:873 [ 1584] | INFO  | [MGPU Bridge] [MGPU][R63] DEPTH TRANSPORT f=4201 mode=1 (TRANSPORTED AND BOUND) | producer: valid=4203 invalid=0 size-rejected=0, arm held 253 frame(s) | consumer: seals seen valid=4192 invalid=0 contract mismatches=0 | region 2560x1440 fmt=41 pitch=10240 bytes=14745600 at slot offset 14746112 of 44237312. INVALID IS NOT AN ERROR: ReShade unbinds depth in menus and scene changes, and R61 established that shipping the zeros it leaves behind would hand the model a false flat plane. An invalid frame carries the colour and says so. WHAT WOULD BE AN ERROR is contract mismatches above zero, or valid staying at zero once you are in gameplay - that means the tap is not feeding us. 100.0% of sealed frames carried depth. | GPU 1: unpacked=4188 bound=4144 skipped=0, DepthInverted=1, flag disagreements=0 (the seal crossed the adapter and the slot flag did not, so any disagreement between them is real). BOUND vs SKIPPED IS THE R61 TEST: skipped counts frames where ReShade had no depth and the model was given NONE rather than the previous frame's - open a menu mid-stream and this must move.
23:46:07:875 [ 1584] | INFO  | [MGPU Bridge] [MGPU][R78] MVEC TRANSPORT f=4201 mode=3 REAL | producer: copies=4178 missing=25 size-rejected=0 lock-skipped=0, arm held 1004 frame(s) | consumer: seals seen valid=4176 invalid=16 contract mismatches=0 flag disagreements=0 | region 2560x1440 fmt=34 pitch=10240 bytes=14745600 at slot offset 29491712 of 44237312 | GPU 1: unpacked=4176 bound=4136 skipped=8, scale=(2560.000, 1440.000). 99.6% of sealed frames carried vectors. COPIES IS THE ONE TO WATCH: it counts frames where the bind hook fired and a copy was recorded. If it stays at zero the probe published a handle nobody binds, and MVec never reaches the model whatever the rest of this line says. SKIPPED IS NOT AN ERROR - it counts frames with no vectors, which is what a menu looks like, and those frames are handed NONE rather than the last frame's motion.
23:46:07:875 [ 1584] | INFO  | [MGPU Bridge] [MGPU][R87] MVEC FRAME ALIGNMENT f=4201 | evaluates=4144 | elapsed 1=4101 2=38 3=2 4=1 5=0 6=0 7=2 8+=0 | worst=7 | 98.96% at 1. A motion vector describes ONE game frame; NR reprojects by whatever it is handed. When the frame NR blends against is older than one, history lands SHORT by this factor - zero error at rest, growing with speed, and no constant MVecScale can fix it. The scale is multiplied by this per evaluate. IF THIS LINE IS FLAT AT 1 AND THE ARTEFACT IS UNCHANGED, PACING IS ELIMINATED and what remains is units or sign. P4.1's skipped-frame counter predicts about 99.5% at 1, so a materially lower figure here is a desync no counter has shown us.
23:46:08:027 [ 1584] | INFO  | [MGPU Bridge] [MGPU][SEAL] new f=4209 slot=2 gap=1 lat=43.73ms pitch=10240 fmt=28 bytes=14745600 bc=0(unimplemented) OK
23:46:09:194 [ 1584] | INFO  | [MGPU Bridge] [MGPU][SEAL] new f=4270 slot=3 gap=1 lat=42.44ms pitch=10240 fmt=28 bytes=14745600 bc=0(unimplemented) OK
23:46:09:612 [20812] | INFO  | [MGPU Bridge] [MGPU][P9.1] META SRC mvec lane: 7 candidate(s), 55 ns/frame over 5599 frames. R72: RANKED AND SORTED BY RTV BINDS - how often each is RENDERED INTO, which is a per-frame usage signal. srvs is kept alongside as the old created over the resource. THIS DOES NOT IDENTIFY MOTION VECTORS - nothing in ReShade says which one they are - it says whether an MVec-shaped resource is visible from a subscriber at all. An empty list with a non-zero examined count is the result that says the NGX hook has to be earned or abandoned. root-descriptor SRV pushes=0 (zero here with a non-zero SRV count above means this engine binds through descriptor TABLES and push_descriptors is blind in it - a fact about the engine, not a fault). | #0 2560x1440 R16G16_FLOAT srvs=2 RTVBINDS=0 (0.00/frame) <-DISPLAY-EXTENT | #1 1280x720 R16G16_FLOAT srvs=1 RTVBINDS=0 (0.00/frame) | #2 1280x720 R16G16_FLOAT srvs=1 RTVBINDS=0 (0.00/frame) | #3 2560x1440 R16G16_FLOAT srvs=1 RTVBINDS=0 (0.00/frame) <-DISPLAY-EXTENT | #4 2560x1440 R16G16_UNORM srvs=1 RTVBINDS=0 (0.00/frame) <-DISPLAY-EXTENT | #5 1280x720 R16G16_FLOAT srvs=1 RTVBINDS=0 (0.00/frame) | #6 2560x1440 R16G16_UNORM srvs=1 RTVBINDS=0 (0.00/frame) <-DISPLAY-EXTENT
23:46:09:612 [20812] | INFO  | [MGPU Bridge] [MGPU][R71] MVEC SIZES over ALL 7 candidate(s): 2560x1440 x4 | 1280x720 x3 | || TRANSPORT SOURCE res=0x1f0ee694100 (0 means not identified yet - it needs a display-extent candidate with render-target binds), handed to the transport 4507 times, 0 second-binds-in-a-frame skipped. || EVICTIONS: 0 resources destroyed and removed from the tables (R76 - a resolution change destroys every render target, and a stale entry is a copy from freed memory). RTV BINDS SEEN IN TOTAL: 0. THE RANK ABOVE IS NOW RENDER TARGET BINDS, NOT SRV CREATIONS. R25 ranked by SRVs created, got 6/5/3/3, and called it "a candidate, not an identification" - that flatness was the SIGNAL being wrong, not the game. An SRV creation count is a LIFETIME number; a velocity buffer is RENDERED INTO once per frame, and RTVBINDS is that. THE EXTENT TO MATCH IS THE DISPLAY EXTENT 2560x1440, not the render extent: the game's own DLSS telemetry says ColorExtentHeight=936 with MVExtentWidth=2560 MVExtentHeight=1440, so this title feeds HIGH-RESOLUTION motion vectors. A single candidate marked <-DISPLAY-EXTENT with RTVBINDS close to the frame count is the velocity buffer. RTV BINDS SEEN = 0 with candidates present means THIS EVENT did not see it, and says nothing whatever about the other two. R81 retracted the sentence that used to sit here - it named optical flow and NGX hooking as the routes left, before anyone had read the
23:46:09:613 [20812] | INFO  | [MGPU Bridge] [MGPU][R82] ACQUISITION SIGNALS - three of them, one run. || RTV VIEW TABLE: 5 of 128 entries. THAT IS THE DENOMINATOR R80 COULD NOT SEE - a bind count of zero against an empty table means nothing at all. || OMSetRenderTargets: fired=0 rtvs=0 | matched via OUR TABLE=0 | matched via get_resource_from_view=0 || BeginRenderPass: fired=0 targets=0 matched=0 || Barrier: fired=1071950 resources=2338820 matched=27041, costing 14411 ns/frame || #0 2560x1440 rtv=0 rp=0 bar=18029(0x800->0xC0) | #5 1280x720 rtv=0 rp=0 bar=1(0x4->0xC0) | #6 2560x1440 rtv=0 rp=0 bar=9011(0xC0->0x8) | || HOW TO READ IT. via TABLE=0 while via get_resource_from_view is non-zero: the table was the whole bug and R76 through R81 were spent on a cache we never needed. BeginRenderPass fired while OMSetRenderTargets did not: this engine uses render passes and we were subscribed to the wrong event. Barrier matched with a per-frame count near the frame count: use THAT permanently - it needs no view, no table and no binding-path assumption, and 0x4->0xC0 (render_target -> shader_resource) is the moment AFTER the pass wrote, which is the correct moment to copy and is one the bind events cannot offer. NOTE THE STALENESS R78 DID NOT STATE: both bind events fire BEFORE the pass runs, so a copy taken there carries the PREVIOUS frame's vectors. All three silent with candidates present is the only reading that makes optical flow or NGX hooking the honest next step. Two of the barriers per frame on the published source are OURS.
23:46:10:391 [ 1584] | INFO  | [MGPU Bridge] [MGPU][SEAL] new f=4331 slot=4 gap=1 lat=39.34ms pitch=10240 fmt=28 bytes=14745600 bc=0(unimplemented) OK
23:46:11:515 [20812] | INFO  | [MGPU Bridge] [MGPU][R101] CALIBRATOR mode=2 site=data-scan | slots=43 data-slots=2 modules=149 gpa-calls=227 | resolved=1 creates=1 sr-handle=known | evaluates=4608 captured=4608 | cost 3357 ns/frame | eval-copies=4608 eval-skips=0. || THE GAME'S OWN TABLE: color=0x1f0ee6913b0 depth=0x1f0ee5373f0 MVEC=0x1f0ee694100 output=0x1f0ee538900 | MVecScale 2560.0000,1440.0000 | jitter 0.1920,0.2454 | Reset=0 | CreateFlags=0x4b -> DepthInverted=1 MVLowRes=1 MVJittered=0 IsHDR=1 AutoExposure=1 | quality=5 | render 2560x1440 -> display 2560x1440 | dynamic 2534x1426..2560x1440 | subrect 2560x1440 at color(0,0) depth(0,0) MV(0,0) out(0,0) | have=0x1fff. || HOW TO READ IT. resolved=0 with evaluates=0 means no module asked for the entry point after we installed - either the title does not use DLSS, or it resolved before the addon loaded; the barrier path is untouched either way and is still what drives. sr-handle=UNFILTERED means we were not present for CreateFeature, so the table may be from frame generation rather than super sampling - check that render/display extents look like a supersampling pair before trusting it. MVEC here is the GAME'S answer to the question every round from R70 to R100 tried to infer; if it does not equal the handle the barrier probe armed on Dragon Sword, the probe was wrong on a title we believed, and THAT is the finding. have=0 bits name the keys this producer does not populate - Streamline and the raw SDK do not set the same subset, and the difference is a fact about the route, not a bug. MVLowRes IS DEFERRED OPTION 11 ANSWERED: 1 means the game's motion vectors are at RENDER resolution, 0 means display resolution, and we have been inferring that from buffer sizes since R83. Read it together with MVecScale - a low-res field with a display-sized scale is the shape that makes reprojection look almost right.
23:46:11:517 [ 1584] | INFO  | [MGPU Bridge] [MGPU][SEAL] new f=4392 slot=5 gap=1 lat=38.92ms pitch=10240 fmt=28 bytes=14745600 bc=0(unimplemented) OK
23:46:12:629 [20812] | INFO  | [MGPU Bridge] [MGPU][P9.1] META SRC mvec lane: 7 candidate(s), 54 ns/frame over 5760 frames. R72: RANKED AND SORTED BY RTV BINDS - how often each is RENDERED INTO, which is a per-frame usage signal. srvs is kept alongside as the old created over the resource. THIS DOES NOT IDENTIFY MOTION VECTORS - nothing in ReShade says which one they are - it says whether an MVec-shaped resource is visible from a subscriber at all. An empty list with a non-zero examined count is the result that says the NGX hook has to be earned or abandoned. root-descriptor SRV pushes=0 (zero here with a non-zero SRV count above means this engine binds through descriptor TABLES and push_descriptors is blind in it - a fact about the engine, not a fault). | #0 2560x1440 R16G16_FLOAT srvs=2 RTVBINDS=0 (0.00/frame) <-DISPLAY-EXTENT | #1 1280x720 R16G16_FLOAT srvs=1 RTVBINDS=0 (0.00/frame) | #2 1280x720 R16G16_FLOAT srvs=1 RTVBINDS=0 (0.00/frame) | #3 2560x1440 R16G16_FLOAT srvs=1 RTVBINDS=0 (0.00/frame) <-DISPLAY-EXTENT | #4 2560x1440 R16G16_UNORM srvs=1 RTVBINDS=0 (0.00/frame) <-DISPLAY-EXTENT | #5 1280x720 R16G16_FLOAT srvs=1 RTVBINDS=0 (0.00/frame) | #6 2560x1440 R16G16_UNORM srvs=1 RTVBINDS=0 (0.00/frame) <-DISPLAY-EXTENT
23:46:12:629 [20812] | INFO  | [MGPU Bridge] [MGPU][R71] MVEC SIZES over ALL 7 candidate(s): 2560x1440 x4 | 1280x720 x3 | || TRANSPORT SOURCE res=0x1f0ee694100 (0 means not identified yet - it needs a display-extent candidate with render-target binds), handed to the transport 4668 times, 0 second-binds-in-a-frame skipped. || EVICTIONS: 0 resources destroyed and removed from the tables (R76 - a resolution change destroys every render target, and a stale entry is a copy from freed memory). RTV BINDS SEEN IN TOTAL: 0. THE RANK ABOVE IS NOW RENDER TARGET BINDS, NOT SRV CREATIONS. R25 ranked by SRVs created, got 6/5/3/3, and called it "a candidate, not an identification" - that flatness was the SIGNAL being wrong, not the game. An SRV creation count is a LIFETIME number; a velocity buffer is RENDERED INTO once per frame, and RTVBINDS is that. THE EXTENT TO MATCH IS THE DISPLAY EXTENT 2560x1440, not the render extent: the game's own DLSS telemetry says ColorExtentHeight=936 with MVExtentWidth=2560 MVExtentHeight=1440, so this title feeds HIGH-RESOLUTION motion vectors. A single candidate marked <-DISPLAY-EXTENT with RTVBINDS close to the frame count is the velocity buffer. RTV BINDS SEEN = 0 with candidates present means THIS EVENT did not see it, and says nothing whatever about the other two. R81 retracted the sentence that used to sit here - it named optical flow and NGX hooking as the routes left, before anyone had read the
23:46:12:629 [20812] | INFO  | [MGPU Bridge] [MGPU][R82] ACQUISITION SIGNALS - three of them, one run. || RTV VIEW TABLE: 5 of 128 entries. THAT IS THE DENOMINATOR R80 COULD NOT SEE - a bind count of zero against an empty table means nothing at all. || OMSetRenderTargets: fired=0 rtvs=0 | matched via OUR TABLE=0 | matched via get_resource_from_view=0 || BeginRenderPass: fired=0 targets=0 matched=0 || Barrier: fired=1112662 resources=2433721 matched=28007, costing 14523 ns/frame || #0 2560x1440 rtv=0 rp=0 bar=18673(0x800->0xC0) | #5 1280x720 rtv=0 rp=0 bar=1(0x4->0xC0) | #6 2560x1440 rtv=0 rp=0 bar=9333(0xC0->0x8) | || HOW TO READ IT. via TABLE=0 while via get_resource_from_view is non-zero: the table was the whole bug and R76 through R81 were spent on a cache we never needed. BeginRenderPass fired while OMSetRenderTargets did not: this engine uses render passes and we were subscribed to the wrong event. Barrier matched with a per-frame count near the frame count: use THAT permanently - it needs no view, no table and no binding-path assumption, and 0x4->0xC0 (render_target -> shader_resource) is the moment AFTER the pass wrote, which is the correct moment to copy and is one the bind events cannot offer. NOTE THE STALENESS R78 DID NOT STATE: both bind events fire BEFORE the pass runs, so a copy taken there carries the PREVIOUS frame's vectors. All three silent with candidates present is the only reading that makes optical flow or NGX hooking the honest next step. Two of the barriers per frame on the published source are OURS.
23:46:12:650 [ 1584] | INFO  | [MGPU Bridge] [MGPU][SEAL] new f=4453 slot=0 gap=1 lat=40.08ms pitch=10240 fmt=28 bytes=14745600 bc=0(unimplemented) OK
23:46:13:541 [ 1584] | INFO  | [MGPU Bridge] [MGPU][R63] DEPTH TRANSPORT f=4501 mode=1 (TRANSPORTED AND BOUND) | producer: valid=4503 invalid=0 size-rejected=0, arm held 253 frame(s) | consumer: seals seen valid=4492 invalid=0 contract mismatches=0 | region 2560x1440 fmt=41 pitch=10240 bytes=14745600 at slot offset 14746112 of 44237312. INVALID IS NOT AN ERROR: ReShade unbinds depth in menus and scene changes, and R61 established that shipping the zeros it leaves behind would hand the model a false flat plane. An invalid frame carries the colour and says so. WHAT WOULD BE AN ERROR is contract mismatches above zero, or valid staying at zero once you are in gameplay - that means the tap is not feeding us. 100.0% of sealed frames carried depth. | GPU 1: unpacked=4488 bound=4444 skipped=0, DepthInverted=1, flag disagreements=0 (the seal crossed the adapter and the slot flag did not, so any disagreement between them is real). BOUND vs SKIPPED IS THE R61 TEST: skipped counts frames where ReShade had no depth and the model was given NONE rather than the previous frame's - open a menu mid-stream and this must move.
23:46:13:541 [ 1584] | INFO  | [MGPU Bridge] [MGPU][R78] MVEC TRANSPORT f=4501 mode=3 REAL | producer: copies=4478 missing=25 size-rejected=0 lock-skipped=0, arm held 1004 frame(s) | consumer: seals seen valid=4476 invalid=16 contract mismatches=0 flag disagreements=0 | region 2560x1440 fmt=34 pitch=10240 bytes=14745600 at slot offset 29491712 of 44237312 | GPU 1: unpacked=4476 bound=4436 skipped=8, scale=(2560.000, 1440.000). 99.6% of sealed frames carried vectors. COPIES IS THE ONE TO WATCH: it counts frames where the bind hook fired and a copy was recorded. If it stays at zero the probe published a handle nobody binds, and MVec never reaches the model whatever the rest of this line says. SKIPPED IS NOT AN ERROR - it counts frames with no vectors, which is what a menu looks like, and those frames are handed NONE rather than the last frame's motion.
23:46:13:542 [ 1584] | INFO  | [MGPU Bridge] [MGPU][R87] MVEC FRAME ALIGNMENT f=4501 | evaluates=4444 | elapsed 1=4401 2=38 3=2 4=1 5=0 6=0 7=2 8+=0 | worst=7 | 99.03% at 1. A motion vector describes ONE game frame; NR reprojects by whatever it is handed. When the frame NR blends against is older than one, history lands SHORT by this factor - zero error at rest, growing with speed, and no constant MVecScale can fix it. The scale is multiplied by this per evaluate. IF THIS LINE IS FLAT AT 1 AND THE ARTEFACT IS UNCHANGED, PACING IS ELIMINATED and what remains is units or sign. P4.1's skipped-frame counter predicts about 99.5% at 1, so a materially lower figure here is a desync no counter has shown us.
23:46:13:778 [ 1584] | INFO  | [MGPU Bridge] [MGPU][SEAL] new f=4514 slot=1 gap=1 lat=43.07ms pitch=10240 fmt=28 bytes=14745600 bc=0(unimplemented) OK
23:46:14:862 [ 1584] | INFO  | [MGPU Bridge] [MGPU][SEAL] new f=4575 slot=2 gap=1 lat=38.83ms pitch=10240 fmt=28 bytes=14745600 bc=0(unimplemented) OK
23:46:15:391 [ 1584] | INFO  | [MGPU Bridge] [MGPU][T5] present loop alive: frame 8400 thread id 0x630
23:46:15:633 [20812] | INFO  | [MGPU Bridge] [MGPU][P9.1] META SRC mvec lane: 7 candidate(s), 53 ns/frame over 5925 frames. R72: RANKED AND SORTED BY RTV BINDS - how often each is RENDERED INTO, which is a per-frame usage signal. srvs is kept alongside as the old created over the resource. THIS DOES NOT IDENTIFY MOTION VECTORS - nothing in ReShade says which one they are - it says whether an MVec-shaped resource is visible from a subscriber at all. An empty list with a non-zero examined count is the result that says the NGX hook has to be earned or abandoned. root-descriptor SRV pushes=0 (zero here with a non-zero SRV count above means this engine binds through descriptor TABLES and push_descriptors is blind in it - a fact about the engine, not a fault). | #0 2560x1440 R16G16_FLOAT srvs=2 RTVBINDS=0 (0.00/frame) <-DISPLAY-EXTENT | #1 1280x720 R16G16_FLOAT srvs=1 RTVBINDS=0 (0.00/frame) | #2 1280x720 R16G16_FLOAT srvs=1 RTVBINDS=0 (0.00/frame) | #3 2560x1440 R16G16_FLOAT srvs=1 RTVBINDS=0 (0.00/frame) <-DISPLAY-EXTENT | #4 2560x1440 R16G16_UNORM srvs=1 RTVBINDS=0 (0.00/frame) <-DISPLAY-EXTENT | #5 1280x720 R16G16_FLOAT srvs=1 RTVBINDS=0 (0.00/frame) | #6 2560x1440 R16G16_UNORM srvs=1 RTVBINDS=0 (0.00/frame) <-DISPLAY-EXTENT
23:46:15:634 [20812] | INFO  | [MGPU Bridge] [MGPU][R71] MVEC SIZES over ALL 7 candidate(s): 2560x1440 x4 | 1280x720 x3 | || TRANSPORT SOURCE res=0x1f0ee694100 (0 means not identified yet - it needs a display-extent candidate with render-target binds), handed to the transport 4833 times, 0 second-binds-in-a-frame skipped. || EVICTIONS: 0 resources destroyed and removed from the tables (R76 - a resolution change destroys every render target, and a stale entry is a copy from freed memory). RTV BINDS SEEN IN TOTAL: 0. THE RANK ABOVE IS NOW RENDER TARGET BINDS, NOT SRV CREATIONS. R25 ranked by SRVs created, got 6/5/3/3, and called it "a candidate, not an identification" - that flatness was the SIGNAL being wrong, not the game. An SRV creation count is a LIFETIME number; a velocity buffer is RENDERED INTO once per frame, and RTVBINDS is that. THE EXTENT TO MATCH IS THE DISPLAY EXTENT 2560x1440, not the render extent: the game's own DLSS telemetry says ColorExtentHeight=936 with MVExtentWidth=2560 MVExtentHeight=1440, so this title feeds HIGH-RESOLUTION motion vectors. A single candidate marked <-DISPLAY-EXTENT with RTVBINDS close to the frame count is the velocity buffer. RTV BINDS SEEN = 0 with candidates present means THIS EVENT did not see it, and says nothing whatever about the other two. R81 retracted the sentence that used to sit here - it named optical flow and NGX hooking as the routes left, before anyone had read the
23:46:15:634 [20812] | INFO  | [MGPU Bridge] [MGPU][R82] ACQUISITION SIGNALS - three of them, one run. || RTV VIEW TABLE: 5 of 128 entries. THAT IS THE DENOMINATOR R80 COULD NOT SEE - a bind count of zero against an empty table means nothing at all. || OMSetRenderTargets: fired=0 rtvs=0 | matched via OUR TABLE=0 | matched via get_resource_from_view=0 || BeginRenderPass: fired=0 targets=0 matched=0 || Barrier: fired=1153296 resources=2530530 matched=28997, costing 14645 ns/frame || #0 2560x1440 rtv=0 rp=0 bar=19333(0x800->0xC0) | #5 1280x720 rtv=0 rp=0 bar=1(0x4->0xC0) | #6 2560x1440 rtv=0 rp=0 bar=9663(0xC0->0x8) | || HOW TO READ IT. via TABLE=0 while via get_resource_from_view is non-zero: the table was the whole bug and R76 through R81 were spent on a cache we never needed. BeginRenderPass fired while OMSetRenderTargets did not: this engine uses render passes and we were subscribed to the wrong event. Barrier matched with a per-frame count near the frame count: use THAT permanently - it needs no view, no table and no binding-path assumption, and 0x4->0xC0 (render_target -> shader_resource) is the moment AFTER the pass wrote, which is the correct moment to copy and is one the bind events cannot offer. NOTE THE STALENESS R78 DID NOT STATE: both bind events fire BEFORE the pass runs, so a copy taken there carries the PREVIOUS frame's vectors. All three silent with candidates present is the only reading that makes optical flow or NGX hooking the honest next step. Two of the barriers per frame on the published source are OURS.
23:46:15:985 [ 1584] | INFO  | [MGPU Bridge] [MGPU][SEAL] new f=4636 slot=3 gap=1 lat=41.04ms pitch=10240 fmt=28 bytes=14745600 bc=0(unimplemented) OK
23:46:16:995 [20812] | INFO  | [MGPU Bridge] [MGPU][R101] CALIBRATOR mode=2 site=data-scan | slots=43 data-slots=2 modules=149 gpa-calls=227 | resolved=1 creates=1 sr-handle=known | evaluates=4908 captured=4908 | cost 3445 ns/frame | eval-copies=4908 eval-skips=0. || THE GAME'S OWN TABLE: color=0x1f0ee6913b0 depth=0x1f0ee5373f0 MVEC=0x1f0ee694100 output=0x1f0ee538900 | MVecScale 2560.0000,1440.0000 | jitter 0.4067,0.1724 | Reset=0 | CreateFlags=0x4b -> DepthInverted=1 MVLowRes=1 MVJittered=0 IsHDR=1 AutoExposure=1 | quality=5 | render 2560x1440 -> display 2560x1440 | dynamic 2534x1426..2560x1440 | subrect 2560x1440 at color(0,0) depth(0,0) MV(0,0) out(0,0) | have=0x1fff. || HOW TO READ IT. resolved=0 with evaluates=0 means no module asked for the entry point after we installed - either the title does not use DLSS, or it resolved before the addon loaded; the barrier path is untouched either way and is still what drives. sr-handle=UNFILTERED means we were not present for CreateFeature, so the table may be from frame generation rather than super sampling - check that render/display extents look like a supersampling pair before trusting it. MVEC here is the GAME'S answer to the question every round from R70 to R100 tried to infer; if it does not equal the handle the barrier probe armed on Dragon Sword, the probe was wrong on a title we believed, and THAT is the finding. have=0 bits name the keys this producer does not populate - Streamline and the raw SDK do not set the same subset, and the difference is a fact about the route, not a bug. MVLowRes IS DEFERRED OPTION 11 ANSWERED: 1 means the game's motion vectors are at RENDER resolution, 0 means display resolution, and we have been inferring that from buffer sizes since R83. Read it together with MVecScale - a low-res field with a display-sized scale is the shape that makes reprojection look almost right.
23:46:17:090 [ 1584] | INFO  | [MGPU Bridge] [MGPU][SEAL] new f=4697 slot=4 gap=1 lat=42.17ms pitch=10240 fmt=28 bytes=14745600 bc=0(unimplemented) OK
23:46:18:155 [ 1584] | INFO  | [MGPU Bridge] [MGPU][SEAL] new f=4758 slot=5 gap=1 lat=39.01ms pitch=10240 fmt=28 bytes=14745600 bc=0(unimplemented) OK
23:46:18:649 [20812] | INFO  | [MGPU Bridge] [MGPU][P9.1] META SRC mvec lane: 7 candidate(s), 52 ns/frame over 6091 frames. R72: RANKED AND SORTED BY RTV BINDS - how often each is RENDERED INTO, which is a per-frame usage signal. srvs is kept alongside as the old created over the resource. THIS DOES NOT IDENTIFY MOTION VECTORS - nothing in ReShade says which one they are - it says whether an MVec-shaped resource is visible from a subscriber at all. An empty list with a non-zero examined count is the result that says the NGX hook has to be earned or abandoned. root-descriptor SRV pushes=0 (zero here with a non-zero SRV count above means this engine binds through descriptor TABLES and push_descriptors is blind in it - a fact about the engine, not a fault). | #0 2560x1440 R16G16_FLOAT srvs=2 RTVBINDS=0 (0.00/frame) <-DISPLAY-EXTENT | #1 1280x720 R16G16_FLOAT srvs=1 RTVBINDS=0 (0.00/frame) | #2 1280x720 R16G16_FLOAT srvs=1 RTVBINDS=0 (0.00/frame) | #3 2560x1440 R16G16_FLOAT srvs=1 RTVBINDS=0 (0.00/frame) <-DISPLAY-EXTENT | #4 2560x1440 R16G16_UNORM srvs=1 RTVBINDS=0 (0.00/frame) <-DISPLAY-EXTENT | #5 1280x720 R16G16_FLOAT srvs=1 RTVBINDS=0 (0.00/frame) | #6 2560x1440 R16G16_UNORM srvs=1 RTVBINDS=0 (0.00/frame) <-DISPLAY-EXTENT
23:46:18:651 [20812] | INFO  | [MGPU Bridge] [MGPU][R71] MVEC SIZES over ALL 7 candidate(s): 2560x1440 x4 | 1280x720 x3 | || TRANSPORT SOURCE res=0x1f0ee694100 (0 means not identified yet - it needs a display-extent candidate with render-target binds), handed to the transport 4999 times, 0 second-binds-in-a-frame skipped. || EVICTIONS: 0 resources destroyed and removed from the tables (R76 - a resolution change destroys every render target, and a stale entry is a copy from freed memory). RTV BINDS SEEN IN TOTAL: 0. THE RANK ABOVE IS NOW RENDER TARGET BINDS, NOT SRV CREATIONS. R25 ranked by SRVs created, got 6/5/3/3, and called it "a candidate, not an identification" - that flatness was the SIGNAL being wrong, not the game. An SRV creation count is a LIFETIME number; a velocity buffer is RENDERED INTO once per frame, and RTVBINDS is that. THE EXTENT TO MATCH IS THE DISPLAY EXTENT 2560x1440, not the render extent: the game's own DLSS telemetry says ColorExtentHeight=936 with MVExtentWidth=2560 MVExtentHeight=1440, so this title feeds HIGH-RESOLUTION motion vectors. A single candidate marked <-DISPLAY-EXTENT with RTVBINDS close to the frame count is the velocity buffer. RTV BINDS SEEN = 0 with candidates present means THIS EVENT did not see it, and says nothing whatever about the other two. R81 retracted the sentence that used to sit here - it named optical flow and NGX hooking as the routes left, before anyone had read the
23:46:18:651 [20812] | INFO  | [MGPU Bridge] [MGPU][R82] ACQUISITION SIGNALS - three of them, one run. || RTV VIEW TABLE: 5 of 128 entries. THAT IS THE DENOMINATOR R80 COULD NOT SEE - a bind count of zero against an empty table means nothing at all. || OMSetRenderTargets: fired=0 rtvs=0 | matched via OUR TABLE=0 | matched via get_resource_from_view=0 || BeginRenderPass: fired=0 targets=0 matched=0 || Barrier: fired=1194499 resources=2627289 matched=29993, costing 14759 ns/frame || #0 2560x1440 rtv=0 rp=0 bar=19997(0x800->0xC0) | #5 1280x720 rtv=0 rp=0 bar=1(0x4->0xC0) | #6 2560x1440 rtv=0 rp=0 bar=9995(0xC0->0x8) | || HOW TO READ IT. via TABLE=0 while via get_resource_from_view is non-zero: the table was the whole bug and R76 through R81 were spent on a cache we never needed. BeginRenderPass fired while OMSetRenderTargets did not: this engine uses render passes and we were subscribed to the wrong event. Barrier matched with a per-frame count near the frame count: use THAT permanently - it needs no view, no table and no binding-path assumption, and 0x4->0xC0 (render_target -> shader_resource) is the moment AFTER the pass wrote, which is the correct moment to copy and is one the bind events cannot offer. NOTE THE STALENESS R78 DID NOT STATE: both bind events fire BEFORE the pass runs, so a copy taken there carries the PREVIOUS frame's vectors. All three silent with candidates present is the only reading that makes optical flow or NGX hooking the honest next step. Two of the barriers per frame on the published source are OURS.
23:46:19:007 [ 1584] | INFO  | [MGPU Bridge] [MGPU][R63] DEPTH TRANSPORT f=4801 mode=1 (TRANSPORTED AND BOUND) | producer: valid=4803 invalid=0 size-rejected=0, arm held 253 frame(s) | consumer: seals seen valid=4792 invalid=0 contract mismatches=0 | region 2560x1440 fmt=41 pitch=10240 bytes=14745600 at slot offset 14746112 of 44237312. INVALID IS NOT AN ERROR: ReShade unbinds depth in menus and scene changes, and R61 established that shipping the zeros it leaves behind would hand the model a false flat plane. An invalid frame carries the colour and says so. WHAT WOULD BE AN ERROR is contract mismatches above zero, or valid staying at zero once you are in gameplay - that means the tap is not feeding us. 100.0% of sealed frames carried depth. | GPU 1: unpacked=4788 bound=4744 skipped=0, DepthInverted=1, flag disagreements=0 (the seal crossed the adapter and the slot flag did not, so any disagreement between them is real). BOUND vs SKIPPED IS THE R61 TEST: skipped counts frames where ReShade had no depth and the model was given NONE rather than the previous frame's - open a menu mid-stream and this must move.
23:46:19:008 [ 1584] | INFO  | [MGPU Bridge] [MGPU][R78] MVEC TRANSPORT f=4801 mode=3 REAL | producer: copies=4778 missing=25 size-rejected=0 lock-skipped=0, arm held 1004 frame(s) | consumer: seals seen valid=4776 invalid=16 contract mismatches=0 flag disagreements=0 | region 2560x1440 fmt=34 pitch=10240 bytes=14745600 at slot offset 29491712 of 44237312 | GPU 1: unpacked=4776 bound=4736 skipped=8, scale=(2560.000, 1440.000). 99.7% of sealed frames carried vectors. COPIES IS THE ONE TO WATCH: it counts frames where the bind hook fired and a copy was recorded. If it stays at zero the probe published a handle nobody binds, and MVec never reaches the model whatever the rest of this line says. SKIPPED IS NOT AN ERROR - it counts frames with no vectors, which is what a menu looks like, and those frames are handed NONE rather than the last frame's motion.
23:46:19:008 [ 1584] | INFO  | [MGPU Bridge] [MGPU][R87] MVEC FRAME ALIGNMENT f=4801 | evaluates=4744 | elapsed 1=4701 2=38 3=2 4=1 5=0 6=0 7=2 8+=0 | worst=7 | 99.09% at 1. A motion vector describes ONE game frame; NR reprojects by whatever it is handed. When the frame NR blends against is older than one, history lands SHORT by this factor - zero error at rest, growing with speed, and no constant MVecScale can fix it. The scale is multiplied by this per evaluate. IF THIS LINE IS FLAT AT 1 AND THE ARTEFACT IS UNCHANGED, PACING IS ELIMINATED and what remains is units or sign. P4.1's skipped-frame counter predicts about 99.5% at 1, so a materially lower figure here is a desync no counter has shown us.
23:46:19:368 [ 1584] | INFO  | [MGPU Bridge] [MGPU][SEAL] new f=4819 slot=0 gap=1 lat=42.72ms pitch=10240 fmt=28 bytes=14745600 bc=0(unimplemented) OK
23:46:20:595 [ 1584] | INFO  | [MGPU Bridge] [MGPU][SEAL] new f=4880 slot=1 gap=1 lat=40.82ms pitch=10240 fmt=28 bytes=14745600 bc=0(unimplemented) OK
23:46:21:660 [20812] | INFO  | [MGPU Bridge] [MGPU][P9.1] META SRC mvec lane: 7 candidate(s), 51 ns/frame over 6241 frames. R72: RANKED AND SORTED BY RTV BINDS - how often each is RENDERED INTO, which is a per-frame usage signal. srvs is kept alongside as the old created over the resource. THIS DOES NOT IDENTIFY MOTION VECTORS - nothing in ReShade says which one they are - it says whether an MVec-shaped resource is visible from a subscriber at all. An empty list with a non-zero examined count is the result that says the NGX hook has to be earned or abandoned. root-descriptor SRV pushes=0 (zero here with a non-zero SRV count above means this engine binds through descriptor TABLES and push_descriptors is blind in it - a fact about the engine, not a fault). | #0 2560x1440 R16G16_FLOAT srvs=2 RTVBINDS=0 (0.00/frame) <-DISPLAY-EXTENT | #1 1280x720 R16G16_FLOAT srvs=1 RTVBINDS=0 (0.00/frame) | #2 1280x720 R16G16_FLOAT srvs=1 RTVBINDS=0 (0.00/frame) | #3 2560x1440 R16G16_FLOAT srvs=1 RTVBINDS=0 (0.00/frame) <-DISPLAY-EXTENT | #4 2560x1440 R16G16_UNORM srvs=1 RTVBINDS=0 (0.00/frame) <-DISPLAY-EXTENT | #5 1280x720 R16G16_FLOAT srvs=1 RTVBINDS=0 (0.00/frame) | #6 2560x1440 R16G16_UNORM srvs=1 RTVBINDS=0 (0.00/frame) <-DISPLAY-EXTENT
23:46:21:662 [20812] | INFO  | [MGPU Bridge] [MGPU][R71] MVEC SIZES over ALL 7 candidate(s): 2560x1440 x4 | 1280x720 x3 | || TRANSPORT SOURCE res=0x1f0ee694100 (0 means not identified yet - it needs a display-extent candidate with render-target binds), handed to the transport 5149 times, 0 second-binds-in-a-frame skipped. || EVICTIONS: 0 resources destroyed and removed from the tables (R76 - a resolution change destroys every render target, and a stale entry is a copy from freed memory). RTV BINDS SEEN IN TOTAL: 0. THE RANK ABOVE IS NOW RENDER TARGET BINDS, NOT SRV CREATIONS. R25 ranked by SRVs created, got 6/5/3/3, and called it "a candidate, not an identification" - that flatness was the SIGNAL being wrong, not the game. An SRV creation count is a LIFETIME number; a velocity buffer is RENDERED INTO once per frame, and RTVBINDS is that. THE EXTENT TO MATCH IS THE DISPLAY EXTENT 2560x1440, not the render extent: the game's own DLSS telemetry says ColorExtentHeight=936 with MVExtentWidth=2560 MVExtentHeight=1440, so this title feeds HIGH-RESOLUTION motion vectors. A single candidate marked <-DISPLAY-EXTENT with RTVBINDS close to the frame count is the velocity buffer. RTV BINDS SEEN = 0 with candidates present means THIS EVENT did not see it, and says nothing whatever about the other two. R81 retracted the sentence that used to sit here - it named optical flow and NGX hooking as the routes left, before anyone had read the
23:46:21:662 [20812] | INFO  | [MGPU Bridge] [MGPU][R82] ACQUISITION SIGNALS - three of them, one run. || RTV VIEW TABLE: 5 of 128 entries. THAT IS THE DENOMINATOR R80 COULD NOT SEE - a bind count of zero against an empty table means nothing at all. || OMSetRenderTargets: fired=0 rtvs=0 | matched via OUR TABLE=0 | matched via get_resource_from_view=0 || BeginRenderPass: fired=0 targets=0 matched=0 || Barrier: fired=1232038 resources=2715444 matched=30893, costing 14840 ns/frame || #0 2560x1440 rtv=0 rp=0 bar=20597(0x800->0xC0) | #5 1280x720 rtv=0 rp=0 bar=1(0x4->0xC0) | #6 2560x1440 rtv=0 rp=0 bar=10295(0xC0->0x8) | || HOW TO READ IT. via TABLE=0 while via get_resource_from_view is non-zero: the table was the whole bug and R76 through R81 were spent on a cache we never needed. BeginRenderPass fired while OMSetRenderTargets did not: this engine uses render passes and we were subscribed to the wrong event. Barrier matched with a per-frame count near the frame count: use THAT permanently - it needs no view, no table and no binding-path assumption, and 0x4->0xC0 (render_target -> shader_resource) is the moment AFTER the pass wrote, which is the correct moment to copy and is one the bind events cannot offer. NOTE THE STALENESS R78 DID NOT STATE: both bind events fire BEFORE the pass runs, so a copy taken there carries the PREVIOUS frame's vectors. All three silent with candidates present is the only reading that makes optical flow or NGX hooking the honest next step. Two of the barriers per frame on the published source are OURS.
23:46:21:831 [ 1584] | INFO  | [MGPU Bridge] [MGPU][SEAL] new f=4941 slot=2 gap=1 lat=43.20ms pitch=10240 fmt=28 bytes=14745600 bc=0(unimplemented) OK
23:46:22:899 [20812] | INFO  | [MGPU Bridge] [MGPU][R101] CALIBRATOR mode=2 site=data-scan | slots=43 data-slots=2 modules=149 gpa-calls=227 | resolved=1 creates=1 sr-handle=known | evaluates=5208 captured=5208 | cost 3512 ns/frame | eval-copies=5208 eval-skips=0. || THE GAME'S OWN TABLE: color=0x1f0ee6913b0 depth=0x1f0ee5373f0 MVEC=0x1f0ee694100 output=0x1f0ee538900 | MVecScale 2560.0000,1440.0000 | jitter -0.0031,0.0390 | Reset=0 | CreateFlags=0x4b -> DepthInverted=1 MVLowRes=1 MVJittered=0 IsHDR=1 AutoExposure=1 | quality=5 | render 2560x1440 -> display 2560x1440 | dynamic 2534x1426..2560x1440 | subrect 2560x1440 at color(0,0) depth(0,0) MV(0,0) out(0,0) | have=0x1fff. || HOW TO READ IT. resolved=0 with evaluates=0 means no module asked for the entry point after we installed - either the title does not use DLSS, or it resolved before the addon loaded; the barrier path is untouched either way and is still what drives. sr-handle=UNFILTERED means we were not present for CreateFeature, so the table may be from frame generation rather than super sampling - check that render/display extents look like a supersampling pair before trusting it. MVEC here is the GAME'S answer to the question every round from R70 to R100 tried to infer; if it does not equal the handle the barrier probe armed on Dragon Sword, the probe was wrong on a title we believed, and THAT is the finding. have=0 bits name the keys this producer does not populate - Streamline and the raw SDK do not set the same subset, and the difference is a fact about the route, not a bug. MVLowRes IS DEFERRED OPTION 11 ANSWERED: 1 means the game's motion vectors are at RENDER resolution, 0 means display resolution, and we have been inferring that from buffer sizes since R83. Read it together with MVecScale - a low-res field with a display-sized scale is the shape that makes reprojection look almost right.
23:46:23:107 [ 1584] | INFO  | [MGPU Bridge] [MGPU][SEAL] new f=5002 slot=3 gap=1 lat=42.09ms pitch=10240 fmt=28 bytes=14745600 bc=0(unimplemented) OK
23:46:24:259 [ 1584] | INFO  | [MGPU Bridge] [MGPU][SEAL] new f=5063 slot=4 gap=1 lat=41.77ms pitch=10240 fmt=28 bytes=14745600 bc=0(unimplemented) OK
23:46:24:672 [20812] | INFO  | [MGPU Bridge] [MGPU][P9.1] META SRC mvec lane: 7 candidate(s), 50 ns/frame over 6394 frames. R72: RANKED AND SORTED BY RTV BINDS - how often each is RENDERED INTO, which is a per-frame usage signal. srvs is kept alongside as the old created over the resource. THIS DOES NOT IDENTIFY MOTION VECTORS - nothing in ReShade says which one they are - it says whether an MVec-shaped resource is visible from a subscriber at all. An empty list with a non-zero examined count is the result that says the NGX hook has to be earned or abandoned. root-descriptor SRV pushes=0 (zero here with a non-zero SRV count above means this engine binds through descriptor TABLES and push_descriptors is blind in it - a fact about the engine, not a fault). | #0 2560x1440 R16G16_FLOAT srvs=2 RTVBINDS=0 (0.00/frame) <-DISPLAY-EXTENT | #1 1280x720 R16G16_FLOAT srvs=1 RTVBINDS=0 (0.00/frame) | #2 1280x720 R16G16_FLOAT srvs=1 RTVBINDS=0 (0.00/frame) | #3 2560x1440 R16G16_FLOAT srvs=1 RTVBINDS=0 (0.00/frame) <-DISPLAY-EXTENT | #4 2560x1440 R16G16_UNORM srvs=1 RTVBINDS=0 (0.00/frame) <-DISPLAY-EXTENT | #5 1280x720 R16G16_FLOAT srvs=1 RTVBINDS=0 (0.00/frame) | #6 2560x1440 R16G16_UNORM srvs=1 RTVBINDS=0 (0.00/frame) <-DISPLAY-EXTENT
23:46:24:672 [20812] | INFO  | [MGPU Bridge] [MGPU][R71] MVEC SIZES over ALL 7 candidate(s): 2560x1440 x4 | 1280x720 x3 | || TRANSPORT SOURCE res=0x1f0ee694100 (0 means not identified yet - it needs a display-extent candidate with render-target binds), handed to the transport 5302 times, 0 second-binds-in-a-frame skipped. || EVICTIONS: 0 resources destroyed and removed from the tables (R76 - a resolution change destroys every render target, and a stale entry is a copy from freed memory). RTV BINDS SEEN IN TOTAL: 0. THE RANK ABOVE IS NOW RENDER TARGET BINDS, NOT SRV CREATIONS. R25 ranked by SRVs created, got 6/5/3/3, and called it "a candidate, not an identification" - that flatness was the SIGNAL being wrong, not the game. An SRV creation count is a LIFETIME number; a velocity buffer is RENDERED INTO once per frame, and RTVBINDS is that. THE EXTENT TO MATCH IS THE DISPLAY EXTENT 2560x1440, not the render extent: the game's own DLSS telemetry says ColorExtentHeight=936 with MVExtentWidth=2560 MVExtentHeight=1440, so this title feeds HIGH-RESOLUTION motion vectors. A single candidate marked <-DISPLAY-EXTENT with RTVBINDS close to the frame count is the velocity buffer. RTV BINDS SEEN = 0 with candidates present means THIS EVENT did not see it, and says nothing whatever about the other two. R81 retracted the sentence that used to sit here - it named optical flow and NGX hooking as the routes left, before anyone had read the
23:46:24:672 [20812] | INFO  | [MGPU Bridge] [MGPU][R82] ACQUISITION SIGNALS - three of them, one run. || RTV VIEW TABLE: 5 of 128 entries. THAT IS THE DENOMINATOR R80 COULD NOT SEE - a bind count of zero against an empty table means nothing at all. || OMSetRenderTargets: fired=0 rtvs=0 | matched via OUR TABLE=0 | matched via get_resource_from_view=0 || BeginRenderPass: fired=0 targets=0 matched=0 || Barrier: fired=1270084 resources=2805203 matched=31811, costing 14923 ns/frame || #0 2560x1440 rtv=0 rp=0 bar=21209(0x800->0xC0) | #5 1280x720 rtv=0 rp=0 bar=1(0x4->0xC0) | #6 2560x1440 rtv=0 rp=0 bar=10601(0xC0->0x8) | || HOW TO READ IT. via TABLE=0 while via get_resource_from_view is non-zero: the table was the whole bug and R76 through R81 were spent on a cache we never needed. BeginRenderPass fired while OMSetRenderTargets did not: this engine uses render passes and we were subscribed to the wrong event. Barrier matched with a per-frame count near the frame count: use THAT permanently - it needs no view, no table and no binding-path assumption, and 0x4->0xC0 (render_target -> shader_resource) is the moment AFTER the pass wrote, which is the correct moment to copy and is one the bind events cannot offer. NOTE THE STALENESS R78 DID NOT STATE: both bind events fire BEFORE the pass runs, so a copy taken there carries the PREVIOUS frame's vectors. All three silent with candidates present is the only reading that makes optical flow or NGX hooking the honest next step. Two of the barriers per frame on the published source are OURS.
23:46:24:953 [ 1584] | INFO  | [MGPU Bridge] [MGPU][R63] DEPTH TRANSPORT f=5101 mode=1 (TRANSPORTED AND BOUND) | producer: valid=5103 invalid=0 size-rejected=0, arm held 253 frame(s) | consumer: seals seen valid=5092 invalid=0 contract mismatches=0 | region 2560x1440 fmt=41 pitch=10240 bytes=14745600 at slot offset 14746112 of 44237312. INVALID IS NOT AN ERROR: ReShade unbinds depth in menus and scene changes, and R61 established that shipping the zeros it leaves behind would hand the model a false flat plane. An invalid frame carries the colour and says so. WHAT WOULD BE AN ERROR is contract mismatches above zero, or valid staying at zero once you are in gameplay - that means the tap is not feeding us. 100.0% of sealed frames carried depth. | GPU 1: unpacked=5088 bound=5044 skipped=0, DepthInverted=1, flag disagreements=0 (the seal crossed the adapter and the slot flag did not, so any disagreement between them is real). BOUND vs SKIPPED IS THE R61 TEST: skipped counts frames where ReShade had no depth and the model was given NONE rather than the previous frame's - open a menu mid-stream and this must move.
23:46:24:953 [ 1584] | INFO  | [MGPU Bridge] [MGPU][R78] MVEC TRANSPORT f=5101 mode=3 REAL | producer: copies=5078 missing=25 size-rejected=0 lock-skipped=0, arm held 1004 frame(s) | consumer: seals seen valid=5076 invalid=16 contract mismatches=0 flag disagreements=0 | region 2560x1440 fmt=34 pitch=10240 bytes=14745600 at slot offset 29491712 of 44237312 | GPU 1: unpacked=5076 bound=5036 skipped=8, scale=(2560.000, 1440.000). 99.7% of sealed frames carried vectors. COPIES IS THE ONE TO WATCH: it counts frames where the bind hook fired and a copy was recorded. If it stays at zero the probe published a handle nobody binds, and MVec never reaches the model whatever the rest of this line says. SKIPPED IS NOT AN ERROR - it counts frames with no vectors, which is what a menu looks like, and those frames are handed NONE rather than the last frame's motion.
23:46:24:953 [ 1584] | INFO  | [MGPU Bridge] [MGPU][R87] MVEC FRAME ALIGNMENT f=5101 | evaluates=5044 | elapsed 1=5001 2=38 3=2 4=1 5=0 6=0 7=2 8+=0 | worst=7 | 99.15% at 1. A motion vector describes ONE game frame; NR reprojects by whatever it is handed. When the frame NR blends against is older than one, history lands SHORT by this factor - zero error at rest, growing with speed, and no constant MVecScale can fix it. The scale is multiplied by this per evaluate. IF THIS LINE IS FLAT AT 1 AND THE ARTEFACT IS UNCHANGED, PACING IS ELIMINATED and what remains is units or sign. P4.1's skipped-frame counter predicts about 99.5% at 1, so a materially lower figure here is a desync no counter has shown us.
23:46:25:374 [ 1584] | INFO  | [MGPU Bridge] [MGPU][SEAL] new f=5124 slot=5 gap=1 lat=42.42ms pitch=10240 fmt=28 bytes=14745600 bc=0(unimplemented) OK
23:46:26:465 [ 1584] | INFO  | [MGPU Bridge] [MGPU][SEAL] new f=5185 slot=0 gap=1 lat=40.39ms pitch=10240 fmt=28 bytes=14745600 bc=0(unimplemented) OK
23:46:26:810 [ 1584] | INFO  | [MGPU Bridge] [MGPU][T5] present loop alive: frame 9000 thread id 0x630
23:46:27:578 [ 1584] | INFO  | [MGPU Bridge] [MGPU][SEAL] new f=5246 slot=1 gap=1 lat=41.71ms pitch=10240 fmt=28 bytes=14745600 bc=0(unimplemented) OK
23:46:27:683 [20812] | INFO  | [MGPU Bridge] [MGPU][P9.1] META SRC mvec lane: 7 candidate(s), 49 ns/frame over 6560 frames. R72: RANKED AND SORTED BY RTV BINDS - how often each is RENDERED INTO, which is a per-frame usage signal. srvs is kept alongside as the old created over the resource. THIS DOES NOT IDENTIFY MOTION VECTORS - nothing in ReShade says which one they are - it says whether an MVec-shaped resource is visible from a subscriber at all. An empty list with a non-zero examined count is the result that says the NGX hook has to be earned or abandoned. root-descriptor SRV pushes=0 (zero here with a non-zero SRV count above means this engine binds through descriptor TABLES and push_descriptors is blind in it - a fact about the engine, not a fault). | #0 2560x1440 R16G16_FLOAT srvs=2 RTVBINDS=0 (0.00/frame) <-DISPLAY-EXTENT | #1 1280x720 R16G16_FLOAT srvs=1 RTVBINDS=0 (0.00/frame) | #2 1280x720 R16G16_FLOAT srvs=1 RTVBINDS=0 (0.00/frame) | #3 2560x1440 R16G16_FLOAT srvs=1 RTVBINDS=0 (0.00/frame) <-DISPLAY-EXTENT | #4 2560x1440 R16G16_UNORM srvs=1 RTVBINDS=0 (0.00/frame) <-DISPLAY-EXTENT | #5 1280x720 R16G16_FLOAT srvs=1 RTVBINDS=0 (0.00/frame) | #6 2560x1440 R16G16_UNORM srvs=1 RTVBINDS=0 (0.00/frame) <-DISPLAY-EXTENT
23:46:27:684 [20812] | INFO  | [MGPU Bridge] [MGPU][R71] MVEC SIZES over ALL 7 candidate(s): 2560x1440 x4 | 1280x720 x3 | || TRANSPORT SOURCE res=0x1f0ee694100 (0 means not identified yet - it needs a display-extent candidate with render-target binds), handed to the transport 5468 times, 0 second-binds-in-a-frame skipped. || EVICTIONS: 0 resources destroyed and removed from the tables (R76 - a resolution change destroys every render target, and a stale entry is a copy from freed memory). RTV BINDS SEEN IN TOTAL: 0. THE RANK ABOVE IS NOW RENDER TARGET BINDS, NOT SRV CREATIONS. R25 ranked by SRVs created, got 6/5/3/3, and called it "a candidate, not an identification" - that flatness was the SIGNAL being wrong, not the game. An SRV creation count is a LIFETIME number; a velocity buffer is RENDERED INTO once per frame, and RTVBINDS is that. THE EXTENT TO MATCH IS THE DISPLAY EXTENT 2560x1440, not the render extent: the game's own DLSS telemetry says ColorExtentHeight=936 with MVExtentWidth=2560 MVExtentHeight=1440, so this title feeds HIGH-RESOLUTION motion vectors. A single candidate marked <-DISPLAY-EXTENT with RTVBINDS close to the frame count is the velocity buffer. RTV BINDS SEEN = 0 with candidates present means THIS EVENT did not see it, and says nothing whatever about the other two. R81 retracted the sentence that used to sit here - it named optical flow and NGX hooking as the routes left, before anyone had read the
23:46:27:684 [20812] | INFO  | [MGPU Bridge] [MGPU][R82] ACQUISITION SIGNALS - three of them, one run. || RTV VIEW TABLE: 5 of 128 entries. THAT IS THE DENOMINATOR R80 COULD NOT SEE - a bind count of zero against an empty table means nothing at all. || OMSetRenderTargets: fired=0 rtvs=0 | matched via OUR TABLE=0 | matched via get_resource_from_view=0 || BeginRenderPass: fired=0 targets=0 matched=0 || Barrier: fired=1311095 resources=2902755 matched=32807, costing 15014 ns/frame || #0 2560x1440 rtv=0 rp=0 bar=21873(0x800->0xC0) | #5 1280x720 rtv=0 rp=0 bar=1(0x4->0xC0) | #6 2560x1440 rtv=0 rp=0 bar=10933(0xC0->0x8) | || HOW TO READ IT. via TABLE=0 while via get_resource_from_view is non-zero: the table was the whole bug and R76 through R81 were spent on a cache we never needed. BeginRenderPass fired while OMSetRenderTargets did not: this engine uses render passes and we were subscribed to the wrong event. Barrier matched with a per-frame count near the frame count: use THAT permanently - it needs no view, no table and no binding-path assumption, and 0x4->0xC0 (render_target -> shader_resource) is the moment AFTER the pass wrote, which is the correct moment to copy and is one the bind events cannot offer. NOTE THE STALENESS R78 DID NOT STATE: both bind events fire BEFORE the pass runs, so a copy taken there carries the PREVIOUS frame's vectors. All three silent with candidates present is the only reading that makes optical flow or NGX hooking the honest next step. Two of the barriers per frame on the published source are OURS.
23:46:28:412 [20812] | INFO  | [MGPU Bridge] [MGPU][R101] CALIBRATOR mode=2 site=data-scan | slots=43 data-slots=2 modules=149 gpa-calls=227 | resolved=1 creates=1 sr-handle=known | evaluates=5508 captured=5508 | cost 3587 ns/frame | eval-copies=5508 eval-skips=0. || THE GAME'S OWN TABLE: color=0x1f0ee6913b0 depth=0x1f0ee5373f0 MVEC=0x1f0ee694100 output=0x1f0ee538900 | MVecScale 2560.0000,1440.0000 | jitter 0.2116,-0.0340 | Reset=0 | CreateFlags=0x4b -> DepthInverted=1 MVLowRes=1 MVJittered=0 IsHDR=1 AutoExposure=1 | quality=5 | render 2560x1440 -> display 2560x1440 | dynamic 2534x1426..2560x1440 | subrect 2560x1440 at color(0,0) depth(0,0) MV(0,0) out(0,0) | have=0x1fff. || HOW TO READ IT. resolved=0 with evaluates=0 means no module asked for the entry point after we installed - either the title does not use DLSS, or it resolved before the addon loaded; the barrier path is untouched either way and is still what drives. sr-handle=UNFILTERED means we were not present for CreateFeature, so the table may be from frame generation rather than super sampling - check that render/display extents look like a supersampling pair before trusting it. MVEC here is the GAME'S answer to the question every round from R70 to R100 tried to infer; if it does not equal the handle the barrier probe armed on Dragon Sword, the probe was wrong on a title we believed, and THAT is the finding. have=0 bits name the keys this producer does not populate - Streamline and the raw SDK do not set the same subset, and the difference is a fact about the route, not a bug. MVLowRes IS DEFERRED OPTION 11 ANSWERED: 1 means the game's motion vectors are at RENDER resolution, 0 means display resolution, and we have been inferring that from buffer sizes since R83. Read it together with MVecScale - a low-res field with a display-sized scale is the shape that makes reprojection look almost right.
23:46:28:685 [ 1584] | INFO  | [MGPU Bridge] [MGPU][SEAL] new f=5307 slot=2 gap=1 lat=42.71ms pitch=10240 fmt=28 bytes=14745600 bc=0(unimplemented) OK
23:46:29:763 [ 1584] | INFO  | [MGPU Bridge] [MGPU][SEAL] new f=5368 slot=3 gap=1 lat=43.24ms pitch=10240 fmt=28 bytes=14745600 bc=0(unimplemented) OK
23:46:30:343 [ 1584] | INFO  | [MGPU Bridge] [MGPU][R63] DEPTH TRANSPORT f=5401 mode=1 (TRANSPORTED AND BOUND) | producer: valid=5403 invalid=0 size-rejected=0, arm held 253 frame(s) | consumer: seals seen valid=5392 invalid=0 contract mismatches=0 | region 2560x1440 fmt=41 pitch=10240 bytes=14745600 at slot offset 14746112 of 44237312. INVALID IS NOT AN ERROR: ReShade unbinds depth in menus and scene changes, and R61 established that shipping the zeros it leaves behind would hand the model a false flat plane. An invalid frame carries the colour and says so. WHAT WOULD BE AN ERROR is contract mismatches above zero, or valid staying at zero once you are in gameplay - that means the tap is not feeding us. 100.0% of sealed frames carried depth. | GPU 1: unpacked=5388 bound=5344 skipped=0, DepthInverted=1, flag disagreements=0 (the seal crossed the adapter and the slot flag did not, so any disagreement between them is real). BOUND vs SKIPPED IS THE R61 TEST: skipped counts frames where ReShade had no depth and the model was given NONE rather than the previous frame's - open a menu mid-stream and this must move.
23:46:30:343 [ 1584] | INFO  | [MGPU Bridge] [MGPU][R78] MVEC TRANSPORT f=5401 mode=3 REAL | producer: copies=5379 missing=25 size-rejected=0 lock-skipped=0, arm held 1004 frame(s) | consumer: seals seen valid=5376 invalid=16 contract mismatches=0 flag disagreements=0 | region 2560x1440 fmt=34 pitch=10240 bytes=14745600 at slot offset 29491712 of 44237312 | GPU 1: unpacked=5376 bound=5336 skipped=8, scale=(2560.000, 1440.000). 99.7% of sealed frames carried vectors. COPIES IS THE ONE TO WATCH: it counts frames where the bind hook fired and a copy was recorded. If it stays at zero the probe published a handle nobody binds, and MVec never reaches the model whatever the rest of this line says. SKIPPED IS NOT AN ERROR - it counts frames with no vectors, which is what a menu looks like, and those frames are handed NONE rather than the last frame's motion.
23:46:30:343 [ 1584] | INFO  | [MGPU Bridge] [MGPU][R87] MVEC FRAME ALIGNMENT f=5401 | evaluates=5344 | elapsed 1=5301 2=38 3=2 4=1 5=0 6=0 7=2 8+=0 | worst=7 | 99.20% at 1. A motion vector describes ONE game frame; NR reprojects by whatever it is handed. When the frame NR blends against is older than one, history lands SHORT by this factor - zero error at rest, growing with speed, and no constant MVecScale can fix it. The scale is multiplied by this per evaluate. IF THIS LINE IS FLAT AT 1 AND THE ARTEFACT IS UNCHANGED, PACING IS ELIMINATED and what remains is units or sign. P4.1's skipped-frame counter predicts about 99.5% at 1, so a materially lower figure here is a desync no counter has shown us.
23:46:30:693 [20812] | INFO  | [MGPU Bridge] [MGPU][P9.1] META SRC mvec lane: 7 candidate(s), 48 ns/frame over 6729 frames. R72: RANKED AND SORTED BY RTV BINDS - how often each is RENDERED INTO, which is a per-frame usage signal. srvs is kept alongside as the old created over the resource. THIS DOES NOT IDENTIFY MOTION VECTORS - nothing in ReShade says which one they are - it says whether an MVec-shaped resource is visible from a subscriber at all. An empty list with a non-zero examined count is the result that says the NGX hook has to be earned or abandoned. root-descriptor SRV pushes=0 (zero here with a non-zero SRV count above means this engine binds through descriptor TABLES and push_descriptors is blind in it - a fact about the engine, not a fault). | #0 2560x1440 R16G16_FLOAT srvs=2 RTVBINDS=0 (0.00/frame) <-DISPLAY-EXTENT | #1 1280x720 R16G16_FLOAT srvs=1 RTVBINDS=0 (0.00/frame) | #2 1280x720 R16G16_FLOAT srvs=1 RTVBINDS=0 (0.00/frame) | #3 2560x1440 R16G16_FLOAT srvs=1 RTVBINDS=0 (0.00/frame) <-DISPLAY-EXTENT | #4 2560x1440 R16G16_UNORM srvs=1 RTVBINDS=0 (0.00/frame) <-DISPLAY-EXTENT | #5 1280x720 R16G16_FLOAT srvs=1 RTVBINDS=0 (0.00/frame) | #6 2560x1440 R16G16_UNORM srvs=1 RTVBINDS=0 (0.00/frame) <-DISPLAY-EXTENT
23:46:30:693 [20812] | INFO  | [MGPU Bridge] [MGPU][R71] MVEC SIZES over ALL 7 candidate(s): 2560x1440 x4 | 1280x720 x3 | || TRANSPORT SOURCE res=0x1f0ee694100 (0 means not identified yet - it needs a display-extent candidate with render-target binds), handed to the transport 5637 times, 0 second-binds-in-a-frame skipped. || EVICTIONS: 0 resources destroyed and removed from the tables (R76 - a resolution change destroys every render target, and a stale entry is a copy from freed memory). RTV BINDS SEEN IN TOTAL: 0. THE RANK ABOVE IS NOW RENDER TARGET BINDS, NOT SRV CREATIONS. R25 ranked by SRVs created, got 6/5/3/3, and called it "a candidate, not an identification" - that flatness was the SIGNAL being wrong, not the game. An SRV creation count is a LIFETIME number; a velocity buffer is RENDERED INTO once per frame, and RTVBINDS is that. THE EXTENT TO MATCH IS THE DISPLAY EXTENT 2560x1440, not the render extent: the game's own DLSS telemetry says ColorExtentHeight=936 with MVExtentWidth=2560 MVExtentHeight=1440, so this title feeds HIGH-RESOLUTION motion vectors. A single candidate marked <-DISPLAY-EXTENT with RTVBINDS close to the frame count is the velocity buffer. RTV BINDS SEEN = 0 with candidates present means THIS EVENT did not see it, and says nothing whatever about the other two. R81 retracted the sentence that used to sit here - it named optical flow and NGX hooking as the routes left, before anyone had read the
23:46:30:694 [20812] | INFO  | [MGPU Bridge] [MGPU][R82] ACQUISITION SIGNALS - three of them, one run. || RTV VIEW TABLE: 5 of 128 entries. THAT IS THE DENOMINATOR R80 COULD NOT SEE - a bind count of zero against an empty table means nothing at all. || OMSetRenderTargets: fired=0 rtvs=0 | matched via OUR TABLE=0 | matched via get_resource_from_view=0 || BeginRenderPass: fired=0 targets=0 matched=0 || Barrier: fired=1352739 resources=3000989 matched=33821, costing 15099 ns/frame || #0 2560x1440 rtv=0 rp=0 bar=22549(0x800->0xC0) | #5 1280x720 rtv=0 rp=0 bar=1(0x4->0xC0) | #6 2560x1440 rtv=0 rp=0 bar=11271(0xC0->0x8) | || HOW TO READ IT. via TABLE=0 while via get_resource_from_view is non-zero: the table was the whole bug and R76 through R81 were spent on a cache we never needed. BeginRenderPass fired while OMSetRenderTargets did not: this engine uses render passes and we were subscribed to the wrong event. Barrier matched with a per-frame count near the frame count: use THAT permanently - it needs no view, no table and no binding-path assumption, and 0x4->0xC0 (render_target -> shader_resource) is the moment AFTER the pass wrote, which is the correct moment to copy and is one the bind events cannot offer. NOTE THE STALENESS R78 DID NOT STATE: both bind events fire BEFORE the pass runs, so a copy taken there carries the PREVIOUS frame's vectors. All three silent with candidates present is the only reading that makes optical flow or NGX hooking the honest next step. Two of the barriers per frame on the published source are OURS.
23:46:30:840 [ 1584] | INFO  | [MGPU Bridge] [MGPU][SEAL] new f=5429 slot=4 gap=1 lat=42.23ms pitch=10240 fmt=28 bytes=14745600 bc=0(unimplemented) OK
23:46:31:894 [ 1584] | INFO  | [MGPU Bridge] [MGPU][SEAL] new f=5490 slot=5 gap=1 lat=38.92ms pitch=10240 fmt=28 bytes=14745600 bc=0(unimplemented) OK
23:46:32:942 [ 1584] | INFO  | [MGPU Bridge] [MGPU][SEAL] new f=5551 slot=0 gap=1 lat=38.34ms pitch=10240 fmt=28 bytes=14745600 bc=0(unimplemented) OK
23:46:33:634 [20812] | INFO  | [MGPU Bridge] [MGPU][R101] CALIBRATOR mode=2 site=data-scan | slots=43 data-slots=2 modules=149 gpa-calls=227 | resolved=1 creates=1 sr-handle=known | evaluates=5808 captured=5808 | cost 3627 ns/frame | eval-copies=5808 eval-skips=0. || THE GAME'S OWN TABLE: color=0x1f0ee6913b0 depth=0x1f0ee5373f0 MVEC=0x1f0ee694100 output=0x1f0ee538900 | MVecScale 2560.0000,1440.0000 | jitter 0.4262,-0.1069 | Reset=0 | CreateFlags=0x4b -> DepthInverted=1 MVLowRes=1 MVJittered=0 IsHDR=1 AutoExposure=1 | quality=5 | render 2560x1440 -> display 2560x1440 | dynamic 2534x1426..2560x1440 | subrect 2560x1440 at color(0,0) depth(0,0) MV(0,0) out(0,0) | have=0x1fff. || HOW TO READ IT. resolved=0 with evaluates=0 means no module asked for the entry point after we installed - either the title does not use DLSS, or it resolved before the addon loaded; the barrier path is untouched either way and is still what drives. sr-handle=UNFILTERED means we were not present for CreateFeature, so the table may be from frame generation rather than super sampling - check that render/display extents look like a supersampling pair before trusting it. MVEC here is the GAME'S answer to the question every round from R70 to R100 tried to infer; if it does not equal the handle the barrier probe armed on Dragon Sword, the probe was wrong on a title we believed, and THAT is the finding. have=0 bits name the keys this producer does not populate - Streamline and the raw SDK do not set the same subset, and the difference is a fact about the route, not a bug. MVLowRes IS DEFERRED OPTION 11 ANSWERED: 1 means the game's motion vectors are at RENDER resolution, 0 means display resolution, and we have been inferring that from buffer sizes since R83. Read it together with MVecScale - a low-res field with a display-sized scale is the shape that makes reprojection look almost right.
23:46:33:703 [20812] | INFO  | [MGPU Bridge] [MGPU][P9.1] META SRC mvec lane: 7 candidate(s), 47 ns/frame over 6904 frames. R72: RANKED AND SORTED BY RTV BINDS - how often each is RENDERED INTO, which is a per-frame usage signal. srvs is kept alongside as the old created over the resource. THIS DOES NOT IDENTIFY MOTION VECTORS - nothing in ReShade says which one they are - it says whether an MVec-shaped resource is visible from a subscriber at all. An empty list with a non-zero examined count is the result that says the NGX hook has to be earned or abandoned. root-descriptor SRV pushes=0 (zero here with a non-zero SRV count above means this engine binds through descriptor TABLES and push_descriptors is blind in it - a fact about the engine, not a fault). | #0 2560x1440 R16G16_FLOAT srvs=2 RTVBINDS=0 (0.00/frame) <-DISPLAY-EXTENT | #1 1280x720 R16G16_FLOAT srvs=1 RTVBINDS=0 (0.00/frame) | #2 1280x720 R16G16_FLOAT srvs=1 RTVBINDS=0 (0.00/frame) | #3 2560x1440 R16G16_FLOAT srvs=1 RTVBINDS=0 (0.00/frame) <-DISPLAY-EXTENT | #4 2560x1440 R16G16_UNORM srvs=1 RTVBINDS=0 (0.00/frame) <-DISPLAY-EXTENT | #5 1280x720 R16G16_FLOAT srvs=1 RTVBINDS=0 (0.00/frame) | #6 2560x1440 R16G16_UNORM srvs=1 RTVBINDS=0 (0.00/frame) <-DISPLAY-EXTENT
23:46:33:704 [20812] | INFO  | [MGPU Bridge] [MGPU][R71] MVEC SIZES over ALL 7 candidate(s): 2560x1440 x4 | 1280x720 x3 | || TRANSPORT SOURCE res=0x1f0ee694100 (0 means not identified yet - it needs a display-extent candidate with render-target binds), handed to the transport 5812 times, 0 second-binds-in-a-frame skipped. || EVICTIONS: 0 resources destroyed and removed from the tables (R76 - a resolution change destroys every render target, and a stale entry is a copy from freed memory). RTV BINDS SEEN IN TOTAL: 0. THE RANK ABOVE IS NOW RENDER TARGET BINDS, NOT SRV CREATIONS. R25 ranked by SRVs created, got 6/5/3/3, and called it "a candidate, not an identification" - that flatness was the SIGNAL being wrong, not the game. An SRV creation count is a LIFETIME number; a velocity buffer is RENDERED INTO once per frame, and RTVBINDS is that. THE EXTENT TO MATCH IS THE DISPLAY EXTENT 2560x1440, not the render extent: the game's own DLSS telemetry says ColorExtentHeight=936 with MVExtentWidth=2560 MVExtentHeight=1440, so this title feeds HIGH-RESOLUTION motion vectors. A single candidate marked <-DISPLAY-EXTENT with RTVBINDS close to the frame count is the velocity buffer. RTV BINDS SEEN = 0 with candidates present means THIS EVENT did not see it, and says nothing whatever about the other two. R81 retracted the sentence that used to sit here - it named optical flow and NGX hooking as the routes left, before anyone had read the
23:46:33:704 [20812] | INFO  | [MGPU Bridge] [MGPU][R82] ACQUISITION SIGNALS - three of them, one run. || RTV VIEW TABLE: 5 of 128 entries. THAT IS THE DENOMINATOR R80 COULD NOT SEE - a bind count of zero against an empty table means nothing at all. || OMSetRenderTargets: fired=0 rtvs=0 | matched via OUR TABLE=0 | matched via get_resource_from_view=0 || BeginRenderPass: fired=0 targets=0 matched=0 || Barrier: fired=1396039 resources=3103779 matched=34871, costing 15190 ns/frame || #0 2560x1440 rtv=0 rp=0 bar=23249(0x800->0xC0) | #5 1280x720 rtv=0 rp=0 bar=1(0x4->0xC0) | #6 2560x1440 rtv=0 rp=0 bar=11621(0xC0->0x8) | || HOW TO READ IT. via TABLE=0 while via get_resource_from_view is non-zero: the table was the whole bug and R76 through R81 were spent on a cache we never needed. BeginRenderPass fired while OMSetRenderTargets did not: this engine uses render passes and we were subscribed to the wrong event. Barrier matched with a per-frame count near the frame count: use THAT permanently - it needs no view, no table and no binding-path assumption, and 0x4->0xC0 (render_target -> shader_resource) is the moment AFTER the pass wrote, which is the correct moment to copy and is one the bind events cannot offer. NOTE THE STALENESS R78 DID NOT STATE: both bind events fire BEFORE the pass runs, so a copy taken there carries the PREVIOUS frame's vectors. All three silent with candidates present is the only reading that makes optical flow or NGX hooking the honest next step. Two of the barriers per frame on the published source are OURS.
23:46:33:993 [ 1584] | INFO  | [MGPU Bridge] [MGPU][SEAL] new f=5612 slot=1 gap=1 lat=39.14ms pitch=10240 fmt=28 bytes=14745600 bc=0(unimplemented) OK
23:46:35:088 [ 1584] | INFO  | [MGPU Bridge] [MGPU][SEAL] new f=5673 slot=2 gap=1 lat=41.43ms pitch=10240 fmt=28 bytes=14745600 bc=0(unimplemented) OK
23:46:35:601 [ 1584] | INFO  | [MGPU Bridge] [MGPU][R63] DEPTH TRANSPORT f=5701 mode=1 (TRANSPORTED AND BOUND) | producer: valid=5703 invalid=0 size-rejected=0, arm held 253 frame(s) | consumer: seals seen valid=5692 invalid=0 contract mismatches=0 | region 2560x1440 fmt=41 pitch=10240 bytes=14745600 at slot offset 14746112 of 44237312. INVALID IS NOT AN ERROR: ReShade unbinds depth in menus and scene changes, and R61 established that shipping the zeros it leaves behind would hand the model a false flat plane. An invalid frame carries the colour and says so. WHAT WOULD BE AN ERROR is contract mismatches above zero, or valid staying at zero once you are in gameplay - that means the tap is not feeding us. 100.0% of sealed frames carried depth. | GPU 1: unpacked=5688 bound=5644 skipped=0, DepthInverted=1, flag disagreements=0 (the seal crossed the adapter and the slot flag did not, so any disagreement between them is real). BOUND vs SKIPPED IS THE R61 TEST: skipped counts frames where ReShade had no depth and the model was given NONE rather than the previous frame's - open a menu mid-stream and this must move.
23:46:35:601 [ 1584] | INFO  | [MGPU Bridge] [MGPU][R78] MVEC TRANSPORT f=5701 mode=3 REAL | producer: copies=5678 missing=25 size-rejected=0 lock-skipped=0, arm held 1004 frame(s) | consumer: seals seen valid=5676 invalid=16 contract mismatches=0 flag disagreements=0 | region 2560x1440 fmt=34 pitch=10240 bytes=14745600 at slot offset 29491712 of 44237312 | GPU 1: unpacked=5676 bound=5636 skipped=8, scale=(2560.000, 1440.000). 99.7% of sealed frames carried vectors. COPIES IS THE ONE TO WATCH: it counts frames where the bind hook fired and a copy was recorded. If it stays at zero the probe published a handle nobody binds, and MVec never reaches the model whatever the rest of this line says. SKIPPED IS NOT AN ERROR - it counts frames with no vectors, which is what a menu looks like, and those frames are handed NONE rather than the last frame's motion.
23:46:35:601 [ 1584] | INFO  | [MGPU Bridge] [MGPU][R87] MVEC FRAME ALIGNMENT f=5701 | evaluates=5644 | elapsed 1=5601 2=38 3=2 4=1 5=0 6=0 7=2 8+=0 | worst=7 | 99.24% at 1. A motion vector describes ONE game frame; NR reprojects by whatever it is handed. When the frame NR blends against is older than one, history lands SHORT by this factor - zero error at rest, growing with speed, and no constant MVecScale can fix it. The scale is multiplied by this per evaluate. IF THIS LINE IS FLAT AT 1 AND THE ARTEFACT IS UNCHANGED, PACING IS ELIMINATED and what remains is units or sign. P4.1's skipped-frame counter predicts about 99.5% at 1, so a materially lower figure here is a desync no counter has shown us.
23:46:36:165 [ 1584] | INFO  | [MGPU Bridge] [MGPU][SEAL] new f=5734 slot=3 gap=1 lat=39.41ms pitch=10240 fmt=28 bytes=14745600 bc=0(unimplemented) OK
23:46:36:719 [20812] | INFO  | [MGPU Bridge] [MGPU][P9.1] META SRC mvec lane: 7 candidate(s), 46 ns/frame over 7075 frames. R72: RANKED AND SORTED BY RTV BINDS - how often each is RENDERED INTO, which is a per-frame usage signal. srvs is kept alongside as the old created over the resource. THIS DOES NOT IDENTIFY MOTION VECTORS - nothing in ReShade says which one they are - it says whether an MVec-shaped resource is visible from a subscriber at all. An empty list with a non-zero examined count is the result that says the NGX hook has to be earned or abandoned. root-descriptor SRV pushes=0 (zero here with a non-zero SRV count above means this engine binds through descriptor TABLES and push_descriptors is blind in it - a fact about the engine, not a fault). | #0 2560x1440 R16G16_FLOAT srvs=2 RTVBINDS=0 (0.00/frame) <-DISPLAY-EXTENT | #1 1280x720 R16G16_FLOAT srvs=1 RTVBINDS=0 (0.00/frame) | #2 1280x720 R16G16_FLOAT srvs=1 RTVBINDS=0 (0.00/frame) | #3 2560x1440 R16G16_FLOAT srvs=1 RTVBINDS=0 (0.00/frame) <-DISPLAY-EXTENT | #4 2560x1440 R16G16_UNORM srvs=1 RTVBINDS=0 (0.00/frame) <-DISPLAY-EXTENT | #5 1280x720 R16G16_FLOAT srvs=1 RTVBINDS=0 (0.00/frame) | #6 2560x1440 R16G16_UNORM srvs=1 RTVBINDS=0 (0.00/frame) <-DISPLAY-EXTENT
23:46:36:719 [20812] | INFO  | [MGPU Bridge] [MGPU][R71] MVEC SIZES over ALL 7 candidate(s): 2560x1440 x4 | 1280x720 x3 | || TRANSPORT SOURCE res=0x1f0ee694100 (0 means not identified yet - it needs a display-extent candidate with render-target binds), handed to the transport 5983 times, 0 second-binds-in-a-frame skipped. || EVICTIONS: 0 resources destroyed and removed from the tables (R76 - a resolution change destroys every render target, and a stale entry is a copy from freed memory). RTV BINDS SEEN IN TOTAL: 0. THE RANK ABOVE IS NOW RENDER TARGET BINDS, NOT SRV CREATIONS. R25 ranked by SRVs created, got 6/5/3/3, and called it "a candidate, not an identification" - that flatness was the SIGNAL being wrong, not the game. An SRV creation count is a LIFETIME number; a velocity buffer is RENDERED INTO once per frame, and RTVBINDS is that. THE EXTENT TO MATCH IS THE DISPLAY EXTENT 2560x1440, not the render extent: the game's own DLSS telemetry says ColorExtentHeight=936 with MVExtentWidth=2560 MVExtentHeight=1440, so this title feeds HIGH-RESOLUTION motion vectors. A single candidate marked <-DISPLAY-EXTENT with RTVBINDS close to the frame count is the velocity buffer. RTV BINDS SEEN = 0 with candidates present means THIS EVENT did not see it, and says nothing whatever about the other two. R81 retracted the sentence that used to sit here - it named optical flow and NGX hooking as the routes left, before anyone had read the
23:46:36:719 [20812] | INFO  | [MGPU Bridge] [MGPU][R82] ACQUISITION SIGNALS - three of them, one run. || RTV VIEW TABLE: 5 of 128 entries. THAT IS THE DENOMINATOR R80 COULD NOT SEE - a bind count of zero against an empty table means nothing at all. || OMSetRenderTargets: fired=0 rtvs=0 | matched via OUR TABLE=0 | matched via get_resource_from_view=0 || BeginRenderPass: fired=0 targets=0 matched=0 || Barrier: fired=1437442 resources=3202741 matched=35897, costing 15266 ns/frame || #0 2560x1440 rtv=0 rp=0 bar=23933(0x800->0xC0) | #5 1280x720 rtv=0 rp=0 bar=1(0x4->0xC0) | #6 2560x1440 rtv=0 rp=0 bar=11963(0xC0->0x8) | || HOW TO READ IT. via TABLE=0 while via get_resource_from_view is non-zero: the table was the whole bug and R76 through R81 were spent on a cache we never needed. BeginRenderPass fired while OMSetRenderTargets did not: this engine uses render passes and we were subscribed to the wrong event. Barrier matched with a per-frame count near the frame count: use THAT permanently - it needs no view, no table and no binding-path assumption, and 0x4->0xC0 (render_target -> shader_resource) is the moment AFTER the pass wrote, which is the correct moment to copy and is one the bind events cannot offer. NOTE THE STALENESS R78 DID NOT STATE: both bind events fire BEFORE the pass runs, so a copy taken there carries the PREVIOUS frame's vectors. All three silent with candidates present is the only reading that makes optical flow or NGX hooking the honest next step. Two of the barriers per frame on the published source are OURS.
23:46:37:197 [ 1584] | INFO  | [MGPU Bridge] [MGPU][SEAL] new f=5795 slot=4 gap=1 lat=38.57ms pitch=10240 fmt=28 bytes=14745600 bc=0(unimplemented) OK
23:46:37:346 [ 1584] | INFO  | [MGPU Bridge] [MGPU][T5] present loop alive: frame 9600 thread id 0x630
23:46:38:182 [ 1584] | INFO  | [MGPU Bridge] [MGPU][SEAL] new f=5856 slot=5 gap=1 lat=37.13ms pitch=10240 fmt=28 bytes=14745600 bc=0(unimplemented) OK
23:46:38:762 [20812] | INFO  | [MGPU Bridge] [MGPU][R101] CALIBRATOR mode=2 site=data-scan | slots=43 data-slots=2 modules=149 gpa-calls=227 | resolved=1 creates=1 sr-handle=known | evaluates=6108 captured=6108 | cost 3690 ns/frame | eval-copies=6108 eval-skips=0. || THE GAME'S OWN TABLE: color=0x1f0ee6913b0 depth=0x1f0ee5373f0 MVEC=0x1f0ee694100 output=0x1f0ee538900 | MVecScale 2560.0000,1440.0000 | jitter 0.0165,-0.2404 | Reset=0 | CreateFlags=0x4b -> DepthInverted=1 MVLowRes=1 MVJittered=0 IsHDR=1 AutoExposure=1 | quality=5 | render 2560x1440 -> display 2560x1440 | dynamic 2534x1426..2560x1440 | subrect 2560x1440 at color(0,0) depth(0,0) MV(0,0) out(0,0) | have=0x1fff. || HOW TO READ IT. resolved=0 with evaluates=0 means no module asked for the entry point after we installed - either the title does not use DLSS, or it resolved before the addon loaded; the barrier path is untouched either way and is still what drives. sr-handle=UNFILTERED means we were not present for CreateFeature, so the table may be from frame generation rather than super sampling - check that render/display extents look like a supersampling pair before trusting it. MVEC here is the GAME'S answer to the question every round from R70 to R100 tried to infer; if it does not equal the handle the barrier probe armed on Dragon Sword, the probe was wrong on a title we believed, and THAT is the finding. have=0 bits name the keys this producer does not populate - Streamline and the raw SDK do not set the same subset, and the difference is a fact about the route, not a bug. MVLowRes IS DEFERRED OPTION 11 ANSWERED: 1 means the game's motion vectors are at RENDER resolution, 0 means display resolution, and we have been inferring that from buffer sizes since R83. Read it together with MVecScale - a low-res field with a display-sized scale is the shape that makes reprojection look almost right.
23:46:39:184 [ 1584] | INFO  | [MGPU Bridge] [MGPU][SEAL] new f=5917 slot=0 gap=1 lat=38.82ms pitch=10240 fmt=28 bytes=14745600 bc=0(unimplemented) OK
23:46:39:727 [20812] | INFO  | [MGPU Bridge] [MGPU][P9.1] META SRC mvec lane: 7 candidate(s), 45 ns/frame over 7258 frames. R72: RANKED AND SORTED BY RTV BINDS - how often each is RENDERED INTO, which is a per-frame usage signal. srvs is kept alongside as the old created over the resource. THIS DOES NOT IDENTIFY MOTION VECTORS - nothing in ReShade says which one they are - it says whether an MVec-shaped resource is visible from a subscriber at all. An empty list with a non-zero examined count is the result that says the NGX hook has to be earned or abandoned. root-descriptor SRV pushes=0 (zero here with a non-zero SRV count above means this engine binds through descriptor TABLES and push_descriptors is blind in it - a fact about the engine, not a fault). | #0 2560x1440 R16G16_FLOAT srvs=2 RTVBINDS=0 (0.00/frame) <-DISPLAY-EXTENT | #1 1280x720 R16G16_FLOAT srvs=1 RTVBINDS=0 (0.00/frame) | #2 1280x720 R16G16_FLOAT srvs=1 RTVBINDS=0 (0.00/frame) | #3 2560x1440 R16G16_FLOAT srvs=1 RTVBINDS=0 (0.00/frame) <-DISPLAY-EXTENT | #4 2560x1440 R16G16_UNORM srvs=1 RTVBINDS=0 (0.00/frame) <-DISPLAY-EXTENT | #5 1280x720 R16G16_FLOAT srvs=1 RTVBINDS=0 (0.00/frame) | #6 2560x1440 R16G16_UNORM srvs=1 RTVBINDS=0 (0.00/frame) <-DISPLAY-EXTENT
23:46:39:728 [20812] | INFO  | [MGPU Bridge] [MGPU][R71] MVEC SIZES over ALL 7 candidate(s): 2560x1440 x4 | 1280x720 x3 | || TRANSPORT SOURCE res=0x1f0ee694100 (0 means not identified yet - it needs a display-extent candidate with render-target binds), handed to the transport 6166 times, 0 second-binds-in-a-frame skipped. || EVICTIONS: 0 resources destroyed and removed from the tables (R76 - a resolution change destroys every render target, and a stale entry is a copy from freed memory). RTV BINDS SEEN IN TOTAL: 0. THE RANK ABOVE IS NOW RENDER TARGET BINDS, NOT SRV CREATIONS. R25 ranked by SRVs created, got 6/5/3/3, and called it "a candidate, not an identification" - that flatness was the SIGNAL being wrong, not the game. An SRV creation count is a LIFETIME number; a velocity buffer is RENDERED INTO once per frame, and RTVBINDS is that. THE EXTENT TO MATCH IS THE DISPLAY EXTENT 2560x1440, not the render extent: the game's own DLSS telemetry says ColorExtentHeight=936 with MVExtentWidth=2560 MVExtentHeight=1440, so this title feeds HIGH-RESOLUTION motion vectors. A single candidate marked <-DISPLAY-EXTENT with RTVBINDS close to the frame count is the velocity buffer. RTV BINDS SEEN = 0 with candidates present means THIS EVENT did not see it, and says nothing whatever about the other two. R81 retracted the sentence that used to sit here - it named optical flow and NGX hooking as the routes left, before anyone had read the
23:46:39:728 [20812] | INFO  | [MGPU Bridge] [MGPU][R82] ACQUISITION SIGNALS - three of them, one run. || RTV VIEW TABLE: 5 of 128 entries. THAT IS THE DENOMINATOR R80 COULD NOT SEE - a bind count of zero against an empty table means nothing at all. || OMSetRenderTargets: fired=0 rtvs=0 | matched via OUR TABLE=0 | matched via get_resource_from_view=0 || BeginRenderPass: fired=0 targets=0 matched=0 || Barrier: fired=1481938 resources=3308451 matched=36995, costing 15412 ns/frame || #0 2560x1440 rtv=0 rp=0 bar=24665(0x800->0xC0) | #5 1280x720 rtv=0 rp=0 bar=1(0x4->0xC0) | #6 2560x1440 rtv=0 rp=0 bar=12329(0xC0->0x8) | || HOW TO READ IT. via TABLE=0 while via get_resource_from_view is non-zero: the table was the whole bug and R76 through R81 were spent on a cache we never needed. BeginRenderPass fired while OMSetRenderTargets did not: this engine uses render passes and we were subscribed to the wrong event. Barrier matched with a per-frame count near the frame count: use THAT permanently - it needs no view, no table and no binding-path assumption, and 0x4->0xC0 (render_target -> shader_resource) is the moment AFTER the pass wrote, which is the correct moment to copy and is one the bind events cannot offer. NOTE THE STALENESS R78 DID NOT STATE: both bind events fire BEFORE the pass runs, so a copy taken there carries the PREVIOUS frame's vectors. All three silent with candidates present is the only reading that makes optical flow or NGX hooking the honest next step. Two of the barriers per frame on the published source are OURS.
23:46:40:232 [ 1584] | INFO  | [MGPU Bridge] [MGPU][SEAL] new f=5978 slot=1 gap=1 lat=41.06ms pitch=10240 fmt=28 bytes=14745600 bc=0(unimplemented) OK
23:46:40:639 [ 1584] | INFO  | [MGPU Bridge] [MGPU][R89] FINAL COUNTERS at 6000 consumed frames. | DEPTH mode=1 valid=6000 invalid=0 bound=5943 skipped=0 mismatches=0 disagreements=0 | MVEC mode=3 copies=5976 missing=25 lock-skipped=0 size-rejected=0 bound=5935 skipped=8 mismatches=0 disagreements=0 | ALIGNMENT 1=5900 2=38 3+=5 worst=7. EVERY MISMATCH AND EVERY DISAGREEMENT SHOULD BE 0; lock-skipped above a handful means the consumer is holding its mutex too long; ALIGNMENT well below 100% at 1 means GPU 1 is not keeping up with the frame interval, which is a throughput fact and not a vsync bug.
23:46:40:639 [ 1584] | INFO  | [MGPU Bridge] [MGPU][SEAL] summary: produced=6000 consumed=6000 new=5991 dropped=0 reordered=0 overrun=0 bad_magic=0 contract=0 alias=0 resync=0 fault="none" seal_version=3
23:46:40:639 [ 1584] | INFO  | [MGPU Bridge] [MGPU][SEAL] pacing: polls=8762 idle=2819 busy=5943 -> the consumer ran 1.46x the producer's rate (polls per new frame). slot hits: 0:999 1:1000 2:999 3:998 4:997 5:998 - all 6 slots must appear and should be within one of each other.
23:46:40:639 [ 1584] | WARN  | [MGPU Bridge] [MGPU][SEAL] PACING MARGIN GONE (1.46x) - the consumer is not keeping up with the producer. Read `idle` on the line above FIRST, because it says which of two different problems this is. idle near ZERO means the consumer is SATURATED: it found work on almost every poll and its service time is the limit, so the question is what that time is spent on - see the P2.2 breakdown, and compare the GPU total there against the wall-clock interval per consumed frame; the difference is CPU. idle HIGH with a low ratio means the opposite, that the consumer is being woken too rarely rather than running too slowly. Ring depth 6 is absorbing this for now and overrun is still 0, but one hitch or a faster scene spends that margin.
23:46:40:639 [ 1584] | INFO  | [MGPU Bridge] [MGPU][SEAL] latency ms: min=7.11 mean=40.63 max=778.70 (at f=1) n=5991 | first sample 778.70 (arm-to-first-poll, NOT transit); mean excluding it 40.51. SUBMIT-TO-CONSUME only - it excludes the game's render before it and GPU 1's present after it, and it is wall-clock around a CPU-visible completion rather than a GPU timestamp. Perishable: one cabling, one link width.
23:46:40:639 [ 1584] | INFO  | [MGPU Bridge] [MGPU][L1] GPU 0 BACKLOG AT COPY-RECORD TIME, n=6000 mean=1.01 max=2 | frames behind: 0=0 1=5935 2=65 3=0 4=0 5=0 6=0 7+=0. THIS IS WHERE THE SUBMIT-TO-CONSUME LATENCY LIVES, and two explanations have already been ruled out by measurement: ring depth (the consumer idles on three quarters of its polls, so the ring is nearly empty) and the game's queue depth (ReflexMode made no difference, 62.68 -> 64.14 ms). A BACKLOG OF 1 IS THE FLOOR AND IS STRUCTURAL: the signal for frame N is issued on frame N+1's event because ReShade executes our list after the handler returns. Mass at 1 means that fence lag IS the latency and the only lever is where the signal is issued. Mass at 3-4 means GPU 0 is genuinely that far behind. Mass at 0 with the latency unchanged would mean the copy itself is slow, which would be the most interesting answer of the three.
23:46:40:639 [ 1584] | INFO  | [MGPU Bridge] [MGPU][RW] RING WINDOW ended at 2 of 6 slots, skipped 9 frame(s) to stay inside it | held: 2=38 3=3 4=3 5=3 6=2. ALL SIX SLOTS STAY ALLOCATED - only the usable depth moves, because reallocating mid-stream is how P1.0's teardown crash comes back. Skipped frames are NOT drops and NOT overruns: the consumer chose the newest frame on purpose. Settling at 2 with zero skips means the depth was never needed; growing back to 6 means it was.
23:46:40:641 [ 1584] | INFO  | [MGPU Bridge] [MGPU][L6] The game's queue is shallow (backlog under 1.6 frames), which is what a working low-latency mode looks like. The latency left is the bridge's own and it is small.
23:46:40:641 [ 1584] | INFO  | [MGPU Bridge] [MGPU][L2] READY-TO-CONSUME ms: min=0.26 mean=17.40 max=749.86 n=5991. THIS IS THE LATENCY A PLAYER EXPERIENCES. It starts at the first poll that saw the produced fence reach the frame - the earliest instant the data existed and we could have known - rather than at the copy-record timestamp the line above uses. L1 showed GPU 0 is 3 frames behind when we record, because the CPU runs 3 frames ahead and THE FRAME HAS NOT BEEN RENDERED YET at that point. The copy is appended to that frame's own list, so it executes the moment that frame's graphics finish and is not queued behind anything. If this figure is near 10 ms, the 3-frame floor was an artifact of where a timestamp was taken, three proposed fixes were all aimed at nothing, and the GPU 0 copy queue is unnecessary. If it is near 60, that reasoning is wrong.
23:46:40:641 [ 1584] | INFO  | [MGPU Bridge] [MGPU][P4.1] neural stage: UP | passes=1 | evaluates=5943 (=5943 frames x 1 passes) failures=0 | output sample identical to the previous frame 212 times (3.6%) | 48 frames had their NEURAL WORK SKIPPED because a newer frame was already waiting - those are not drops, their seals were checked and they are counted here so the evaluate count and the frame count are not expected to agree. ONE FEATURE HANDLE PER PASS, DLSSNR.Reset=1 on the first frame only, so each pass's temporal history is its OWN output a frame ago rather than the previous pass of this frame. NOTE evaluates COUNTS PASSES, not frames - divide by 1 before comparing it with the frame count above. The identical-rate is NOT a verdict: a static scene produces identical output legitimately, so read it against what was on screen. A rate near 100% with a moving scene is the signal that NR stopped writing.
23:46:40:641 [ 1584] | INFO  | [MGPU Bridge] [MGPU][P6.3] intensity AT THE END of this run: p1=2.00 | 0 hotkey edits during the run. Unchanged from the ini for the whole run, so the summary above describes a single configuration.
23:46:40:641 [ 1584] | INFO  | [MGPU Bridge] [MGPU][P5.1] present gate: presents=9795 idle=2819 fence waits=2819. The bridge presented once per NEW neural frame instead of once per vsync, so the full-frame backbuffer copy and the DWM cross-adapter copy of this window happen at the producer's rate rather than the display's. The idle path blocks on the shared fence, so the consumer's cadence no longer depends on which display GPU 1 is attached to.
23:46:40:641 [ 1584] | INFO  | [MGPU Bridge] [MGPU][P2.2] GPU TIME on GPU 1, per consumed frame, n=5943 | seal copy mean=0.002 | unpack (cross-adapter buffer -> NR input) mean=0.001 min=0.000 max=0.172 | EVALUATE(1 pass) mean=14.170 min=12.812 max=21.400 -> per pass mean=14.170 min=12.812 | output sample mean=0.027 ms. These are GPU 1's own timestamps on GPU 1's own queue - execution, not wall-clock, and no cross-adapter clock is involved. THE EVALUATE BRACKET SPANS EVERY PASS, so the per-pass figure is the one to compare against the reference tool's 14.2 ms evaluateGPU and against earlier single-pass runs; the total is what GPU 1 actually spends. Transport is paid ONCE per frame whatever the pass count is - that asymmetry is the whole point of the run. STILL PERISHABLE: one rig, one link, one resolution, one scene. The on-screen output is enabled in this run. That costs consumer-thread CPU but does NOT inflate these brackets: measured 15.049 mean with the output off against 14.959 with it on, so the min-to-mean spread here is the model's own variance rather than contention from the present.
23:46:40:641 [ 1584] | INFO  | [MGPU Bridge] [MGPU][D5] EVALUATE DISTRIBUTION over the floor (12.812 ms), n=5943 | <5%=192 5-10%=3540 10-20%=2078 20-30%=118 30-40%=10 40-50%=3 50-75%=2 75%+=0. HOW TO READ IT: mass piled at <5% with a thin tail is occasional interference and the floor is the real cost. TWO humps is two code paths or two clock states. A broad even spread is content-dependent work. A run that starts left and ends right is thermal or power, and no code change will touch it. Buckets are percent over the floor, so this reads the same at any subrect and on any card.
23:46:40:641 [ 1584] | INFO  | [MGPU Bridge] [MGPU][D5b] EVALUATE OVER TIME, 4 segments | q1: min=12.839 mean=13.948 max=21.400 n=1462 | q2: min=12.812 mean=14.273 max=17.698 n=1494 | q3: min=12.848 mean=14.386 max=16.918 n=1486 | q4: min=12.982 mean=14.071 max=16.405 n=1501 | READ THE MIN ACROSS THE QUARTERS FIRST. Content-dependent work does NOT move the floor - the cheapest frame in a scene stays cheap however hard the others get. A floor that CLIMBS is the card: clocks, power or temperature, and no change to this code touches it. A flat floor with a climbing mean is the scene getting harder, which is a fact about where you walked and not about the pipeline. Both flat means the D5 spread above is genuinely content and is the honest description of it.
23:46:40:641 [ 1584] | INFO  | [MGPU Bridge] [MGPU][R26] COPY QUEUE mode 2, n=5943 | unpack on the COPY queue's own clock (1000000000 ticks/s, NOT the direct queue's 1000000000) mean=3.655 min=1.514 max=12.506 ms | armed AHEAD of the previous frame's evaluate: 5943 | armed BEFORE THE FRAME ARRIVED (the GPU gate, mode 2 only): 5943 | fell back to the inline unpack: 0.
23:46:40:641 [ 1584] | INFO  | [MGPU Bridge] [MGPU][R28] THE GPU GATE FIRED on 5943 frames - each armed on the copy queue before it existed and released by the GAME's own fence signal rather than by the bridge thread noticing. Those unpacks ran on the DMA engine while the 3D engine was inside the previous frame's EvaluateFeature, which is the overlap P2.1 named and did not test. THE ACCEPTANCE TEST IS THE COMPARISON, NOT THIS LINE: per-frame GPU 1 time down by roughly the unpack against the CopyQueue=0 control, with overrun, dropped and the identical-rate ALL unmoved. Check OVERRUN first - this mode arms a copy one frame earlier, so a producer that laps the ring has a wider window to rewrite a slot under an armed copy. It is not silent when it happens: the seal is read by the DIRECT queue from the same slot, so a rewritten slot shows up as DROPPED or REORDERED above rather than as a quietly wrong picture.
23:46:40:641 [ 1584] | INFO  | [MGPU Bridge] [MGPU][P4.0] STREAM PASSED - 6000 game frames sealed, transited and checked with no drop, no reorder, no alias and no contract mismatch. Identity, ordering and age hold across a continuous stream, which is the first thing in this project that a one-shot probe could not have shown. NOTE THE SCOPE: pixels are NOT verified per frame (P1.5 established the payload crosses byte-exact) and the barcode is unimplemented, so seal-to-pixel identity is UNCHECKED. A green run here is not evidence until the fault-injection runs in P1_INSTRUMENT section 04 have been seen to trip this same checker.
23:46:42:627 [ 1584] | INFO  | [MGPU Bridge] [MGPU][T5] present loop alive: frame 10200 thread id 0x630
23:46:42:730 [20812] | INFO  | [MGPU Bridge] [MGPU][P9.1] META SRC mvec lane: 7 candidate(s), 44 ns/frame over 7428 frames. R72: RANKED AND SORTED BY RTV BINDS - how often each is RENDERED INTO, which is a per-frame usage signal. srvs is kept alongside as the old created over the resource. THIS DOES NOT IDENTIFY MOTION VECTORS - nothing in ReShade says which one they are - it says whether an MVec-shaped resource is visible from a subscriber at all. An empty list with a non-zero examined count is the result that says the NGX hook has to be earned or abandoned. root-descriptor SRV pushes=0 (zero here with a non-zero SRV count above means this engine binds through descriptor TABLES and push_descriptors is blind in it - a fact about the engine, not a fault). | #0 2560x1440 R16G16_FLOAT srvs=2 RTVBINDS=0 (0.00/frame) <-DISPLAY-EXTENT | #1 1280x720 R16G16_FLOAT srvs=1 RTVBINDS=0 (0.00/frame) | #2 1280x720 R16G16_FLOAT srvs=1 RTVBINDS=0 (0.00/frame) | #3 2560x1440 R16G16_FLOAT srvs=1 RTVBINDS=0 (0.00/frame) <-DISPLAY-EXTENT | #4 2560x1440 R16G16_UNORM srvs=1 RTVBINDS=0 (0.00/frame) <-DISPLAY-EXTENT | #5 1280x720 R16G16_FLOAT srvs=1 RTVBINDS=0 (0.00/frame) | #6 2560x1440 R16G16_UNORM srvs=1 RTVBINDS=0 (0.00/frame) <-DISPLAY-EXTENT
23:46:42:731 [20812] | INFO  | [MGPU Bridge] [MGPU][R71] MVEC SIZES over ALL 7 candidate(s): 2560x1440 x4 | 1280x720 x3 | || TRANSPORT SOURCE res=0x1f0ee694100 (0 means not identified yet - it needs a display-extent candidate with render-target binds), handed to the transport 6336 times, 0 second-binds-in-a-frame skipped. || EVICTIONS: 0 resources destroyed and removed from the tables (R76 - a resolution change destroys every render target, and a stale entry is a copy from freed memory). RTV BINDS SEEN IN TOTAL: 0. THE RANK ABOVE IS NOW RENDER TARGET BINDS, NOT SRV CREATIONS. R25 ranked by SRVs created, got 6/5/3/3, and called it "a candidate, not an identification" - that flatness was the SIGNAL being wrong, not the game. An SRV creation count is a LIFETIME number; a velocity buffer is RENDERED INTO once per frame, and RTVBINDS is that. THE EXTENT TO MATCH IS THE DISPLAY EXTENT 2560x1440, not the render extent: the game's own DLSS telemetry says ColorExtentHeight=936 with MVExtentWidth=2560 MVExtentHeight=1440, so this title feeds HIGH-RESOLUTION motion vectors. A single candidate marked <-DISPLAY-EXTENT with RTVBINDS close to the frame count is the velocity buffer. RTV BINDS SEEN = 0 with candidates present means THIS EVENT did not see it, and says nothing whatever about the other two. R81 retracted the sentence that used to sit here - it named optical flow and NGX hooking as the routes left, before anyone had read the
23:46:42:731 [20812] | INFO  | [MGPU Bridge] [MGPU][R82] ACQUISITION SIGNALS - three of them, one run. || RTV VIEW TABLE: 5 of 128 entries. THAT IS THE DENOMINATOR R80 COULD NOT SEE - a bind count of zero against an empty table means nothing at all. || OMSetRenderTargets: fired=0 rtvs=0 | matched via OUR TABLE=0 | matched via get_resource_from_view=0 || BeginRenderPass: fired=0 targets=0 matched=0 || Barrier: fired=1520414 resources=3405859 matched=38015, costing 15378 ns/frame || #0 2560x1440 rtv=0 rp=0 bar=25345(0x800->0xC0) | #5 1280x720 rtv=0 rp=0 bar=1(0x4->0xC0) | #6 2560x1440 rtv=0 rp=0 bar=12669(0xC0->0x8) | || HOW TO READ IT. via TABLE=0 while via get_resource_from_view is non-zero: the table was the whole bug and R76 through R81 were spent on a cache we never needed. BeginRenderPass fired while OMSetRenderTargets did not: this engine uses render passes and we were subscribed to the wrong event. Barrier matched with a per-frame count near the frame count: use THAT permanently - it needs no view, no table and no binding-path assumption, and 0x4->0xC0 (render_target -> shader_resource) is the moment AFTER the pass wrote, which is the correct moment to copy and is one the bind events cannot offer. NOTE THE STALENESS R78 DID NOT STATE: both bind events fire BEFORE the pass runs, so a copy taken there carries the PREVIOUS frame's vectors. All three silent with candidates present is the only reading that makes optical flow or NGX hooking the honest next step. Two of the barriers per frame on the published source are OURS.
23:46:44:016 [20812] | INFO  | [MGPU Bridge] [MGPU][R101] CALIBRATOR mode=2 site=data-scan | slots=43 data-slots=2 modules=149 gpa-calls=227 | resolved=1 creates=1 sr-handle=known | evaluates=6408 captured=6408 | cost 3720 ns/frame | eval-copies=6408 eval-skips=0. || THE GAME'S OWN TABLE: color=0x1f0ee6913b0 depth=0x1f0ee5373f0 MVEC=0x1f0ee694100 output=0x1f0ee538900 | MVecScale 2560.0000,1440.0000 | jitter 0.2311,-0.3133 | Reset=0 | CreateFlags=0x4b -> DepthInverted=1 MVLowRes=1 MVJittered=0 IsHDR=1 AutoExposure=1 | quality=5 | render 2560x1440 -> display 2560x1440 | dynamic 2534x1426..2560x1440 | subrect 2560x1440 at color(0,0) depth(0,0) MV(0,0) out(0,0) | have=0x1fff. || HOW TO READ IT. resolved=0 with evaluates=0 means no module asked for the entry point after we installed - either the title does not use DLSS, or it resolved before the addon loaded; the barrier path is untouched either way and is still what drives. sr-handle=UNFILTERED means we were not present for CreateFeature, so the table may be from frame generation rather than super sampling - check that render/display extents look like a supersampling pair before trusting it. MVEC here is the GAME'S answer to the question every round from R70 to R100 tried to infer; if it does not equal the handle the barrier probe armed on Dragon Sword, the probe was wrong on a title we believed, and THAT is the finding. have=0 bits name the keys this producer does not populate - Streamline and the raw SDK do not set the same subset, and the difference is a fact about the route, not a bug. MVLowRes IS DEFERRED OPTION 11 ANSWERED: 1 means the game's motion vectors are at RENDER resolution, 0 means display resolution, and we have been inferring that from buffer sizes since R83. Read it together with MVecScale - a low-res field with a display-sized scale is the shape that makes reprojection look almost right.
23:46:45:486 [ 1584] | INFO  | [MGPU Bridge] [MGPU][T5] present loop alive: frame 10800 thread id 0x630
23:46:45:745 [20812] | INFO  | [MGPU Bridge] [MGPU][P9.1] META SRC mvec lane: 7 candidate(s), 44 ns/frame over 7591 frames. R72: RANKED AND SORTED BY RTV BINDS - how often each is RENDERED INTO, which is a per-frame usage signal. srvs is kept alongside as the old created over the resource. THIS DOES NOT IDENTIFY MOTION VECTORS - nothing in ReShade says which one they are - it says whether an MVec-shaped resource is visible from a subscriber at all. An empty list with a non-zero examined count is the result that says the NGX hook has to be earned or abandoned. root-descriptor SRV pushes=0 (zero here with a non-zero SRV count above means this engine binds through descriptor TABLES and push_descriptors is blind in it - a fact about the engine, not a fault). | #0 2560x1440 R16G16_FLOAT srvs=2 RTVBINDS=0 (0.00/frame) <-DISPLAY-EXTENT | #1 1280x720 R16G16_FLOAT srvs=1 RTVBINDS=0 (0.00/frame) | #2 1280x720 R16G16_FLOAT srvs=1 RTVBINDS=0 (0.00/frame) | #3 2560x1440 R16G16_FLOAT srvs=1 RTVBINDS=0 (0.00/frame) <-DISPLAY-EXTENT | #4 2560x1440 R16G16_UNORM srvs=1 RTVBINDS=0 (0.00/frame) <-DISPLAY-EXTENT | #5 1280x720 R16G16_FLOAT srvs=1 RTVBINDS=0 (0.00/frame) | #6 2560x1440 R16G16_UNORM srvs=1 RTVBINDS=0 (0.00/frame) <-DISPLAY-EXTENT
23:46:45:745 [20812] | INFO  | [MGPU Bridge] [MGPU][R71] MVEC SIZES over ALL 7 candidate(s): 2560x1440 x4 | 1280x720 x3 | || TRANSPORT SOURCE res=0x1f0ee694100 (0 means not identified yet - it needs a display-extent candidate with render-target binds), handed to the transport 6499 times, 0 second-binds-in-a-frame skipped. || EVICTIONS: 0 resources destroyed and removed from the tables (R76 - a resolution change destroys every render target, and a stale entry is a copy from freed memory). RTV BINDS SEEN IN TOTAL: 0. THE RANK ABOVE IS NOW RENDER TARGET BINDS, NOT SRV CREATIONS. R25 ranked by SRVs created, got 6/5/3/3, and called it "a candidate, not an identification" - that flatness was the SIGNAL being wrong, not the game. An SRV creation count is a LIFETIME number; a velocity buffer is RENDERED INTO once per frame, and RTVBINDS is that. THE EXTENT TO MATCH IS THE DISPLAY EXTENT 2560x1440, not the render extent: the game's own DLSS telemetry says ColorExtentHeight=936 with MVExtentWidth=2560 MVExtentHeight=1440, so this title feeds HIGH-RESOLUTION motion vectors. A single candidate marked <-DISPLAY-EXTENT with RTVBINDS close to the frame count is the velocity buffer. RTV BINDS SEEN = 0 with candidates present means THIS EVENT did not see it, and says nothing whatever about the other two. R81 retracted the sentence that used to sit here - it named optical flow and NGX hooking as the routes left, before anyone had read the
23:46:45:745 [20812] | INFO  | [MGPU Bridge] [MGPU][R82] ACQUISITION SIGNALS - three of them, one run. || RTV VIEW TABLE: 5 of 128 entries. THAT IS THE DENOMINATOR R80 COULD NOT SEE - a bind count of zero against an empty table means nothing at all. || OMSetRenderTargets: fired=0 rtvs=0 | matched via OUR TABLE=0 | matched via get_resource_from_view=0 || BeginRenderPass: fired=0 targets=0 matched=0 || Barrier: fired=1557184 resources=3500654 matched=38993, costing 15315 ns/frame || #0 2560x1440 rtv=0 rp=0 bar=25997(0x800->0xC0) | #5 1280x720 rtv=0 rp=0 bar=1(0x4->0xC0) | #6 2560x1440 rtv=0 rp=0 bar=12995(0xC0->0x8) | || HOW TO READ IT. via TABLE=0 while via get_resource_from_view is non-zero: the table was the whole bug and R76 through R81 were spent on a cache we never needed. BeginRenderPass fired while OMSetRenderTargets did not: this engine uses render passes and we were subscribed to the wrong event. Barrier matched with a per-frame count near the frame count: use THAT permanently - it needs no view, no table and no binding-path assumption, and 0x4->0xC0 (render_target -> shader_resource) is the moment AFTER the pass wrote, which is the correct moment to copy and is one the bind events cannot offer. NOTE THE STALENESS R78 DID NOT STATE: both bind events fire BEFORE the pass runs, so a copy taken there carries the PREVIOUS frame's vectors. All three silent with candidates present is the only reading that makes optical flow or NGX hooking the honest next step. Two of the barriers per frame on the published source are OURS.
23:46:46:316 [20812] | INFO  | [MGPU Bridge] [MGPU][T3] destroy_device luid=unknown (not a d3d12 device, or get_native failed)
23:46:46:603 [20812] | INFO  | Redirecting IDXGISwapChain::SetFullscreenState(this = 000001ECF0AA22D0, Fullscreen = FALSE, pTarget = 0000000000000000) ...
